Year;Owner;Player;Pos;FirstWeek;RosterWeeks;WeeksScored;PointsAfterPickup;AvgPoints;MaxWeekPoints;SeasonTTL;SeasonAVG;SeasonGP;SeasonVORP;PickupShare;Reliability;EarlyFactor;PickupScore;PickupScorePos
2025;Kessi;Drake Maye;QB;3;14;13;261,70;20,13;27,24;310,80;20,70;15.0;26,10;0,842;0,929;0,875;94,47;89,77
2025;Benni;Emeka Egbuka;WR;1;16;15;129,90;8,66;24,30;129,90;8,70;15.0;11,50;1,000;0,938;1,000;88,39;95,69
2025;Benni;Dak Prescott;QB;3;8;8;148,98;18,62;27,06;300,40;20,00;15.0;15,70;0,496;1,000;0,875;87,81;76,19
2025;Simi;Matthew Stafford;QB;8;9;8;176,52;22,06;30,88;316,00;21,10;15.0;31,30;0,559;0,889;0,562;86,50;80,33
2025;Ritz;Daniel Jones;QB;3;5;5;92,24;18,45;23,18;234,40;18,00;13.0;0,00;0,394;1,000;0,875;84,72;70,29
2025;Ritz;Jordan Love;QB;3;6;5;83,38;16,68;26,28;241,10;16,10;15.0;0,00;0,346;0,833;0,875;81,22;59,35
2025;Ritz;Kimani Vidal;RB;7;10;9;79,20;8,80;19,70;100,90;8,40;12.0;0,00;0,785;0,900;0,625;80,06;85,86
2025;Benni;Jacory CroskeyMerritt;RB;1;10;10;73,30;7,33;25,00;105,90;7,10;15.0;0,00;0,692;1,000;1,000;79,15;82,46
2025;Erik;Woody Marks;RB;8;9;8;70,00;8,75;14,10;114,80;8,20;14.0;0,00;0,610;0,889;0,562;74,93;77,55
2025;Juschka;Parker Washington;WR;10;7;6;58,40;9,73;20,50;101,00;7,20;14.0;0,00;0,578;0,857;0,438;72,40;78,00
2025;Marv;Dallas Goedert;TE;8;9;8;62,20;7,78;19,00;118,30;8,50;14.0;16,70;0,526;0,889;0,562;71,72;81,64
2025;Erik;Dak Prescott;QB;6;3;3;52,22;17,41;23,26;300,40;20,00;15.0;15,70;0,174;1,000;0,688;71,63;51,99
2025;Erik;Michael Wilson;WR;13;4;4;52,40;13,10;26,20;111,80;7,50;15.0;0,00;0,469;1,000;0,250;70,77;71,20
2025;Tommy;Jared Goff;QB;12;3;3;53,96;17,99;20,64;284,70;19,00;15.0;0,00;0,190;1,000;0,312;70,58;54,10
2025;Tommy;Keenan Allen;WR;4;13;12;59,00;4,92;17,90;96,40;6,40;15.0;0,00;0,612;0,923;0,812;69,84;76,58
2025;Ritz;Brock Purdy;QB;12;4;3;50,64;16,88;26,20;143,30;20,50;7.0;0,00;0,353;0,750;0,312;68,40;45,29
2025;Benni;Stefon Diggs;WR;6;8;8;52,60;6,58;10,60;104,90;7,00;15.0;0,00;0,501;1,000;0,688;68,23;71,40
2025;Erik;Sean Tucker;RB;10;4;3;41,70;13,90;32,00;83,00;5,50;15.0;0,00;0,502;0,750;0,438;67,61;75,66
2025;Benni;Nick Chubb;RB;1;7;6;42,60;7,10;13,20;75,20;5,40;14.0;0,00;0,566;0,857;1,000;67,58;74,86
2025;Kessi;Dalton Kincaid;TE;5;12;6;46,40;7,73;16,10;82,30;7,50;11.0;0,00;0,564;0,500;0,750;66,12;78,46
2025;Juschka;Joe Flacco;QB;9;8;4;50,34;12,58;30,70;155,30;14,10;11.0;0,00;0,324;0,500;0,500;65,61;39,86
2025;Benni;Jake Ferguson;TE;4;3;3;36,20;12,07;16,90;99,00;6,60;15.0;0,00;0,366;1,000;0,812;65,49;73,35
2025;Erik;Justin Fields;QB;5;1;1;25,92;25,92;25,92;143,70;16,00;9.0;0,00;0,180;1,000;0,750;63,51;46,45
2025;Benni;Jaxson Dart;QB;10;4;2;39,84;19,92;26,28;201,10;16,80;12.0;0,00;0,198;0,500;0,438;63,10;44,23
2025;Simi;Tucker Kraft;TE;8;2;2;28,30;14,15;26,30;85,20;10,70;8.0;0,00;0,332;1,000;0,562;61,31;69,81
2025;Ritz;Caleb Williams;QB;10;2;2;35,42;17,71;25,10;282,60;18,80;15.0;0,00;0,125;1,000;0,438;60,87;37,51
2025;Simi;Harold Fannin Jr,;TE;14;3;3;37,90;12,63;17,40;105,40;7,00;15.0;3,80;0,360;1,000;0,188;60,85;70,70
2025;Benni;Brock Purdy;QB;16;1;1;30,90;30,90;30,90;143,30;20,50;7.0;0,00;0,216;1,000;0,062;60,68;44,48
2025;Marv;Devin Neal;RB;13;4;3;30,50;10,17;14,40;43,00;4,80;9.0;0,00;0,709;0,750;0,250;60,52;71,47
2025;Benni;Kyle Monangai;RB;9;2;2;28,60;14,30;19,80;119,10;7,90;15.0;0,00;0,240;1,000;0,500;60,22;70,27
2025;Juschka;Jake Ferguson;TE;7;10;8;44,50;5,56;14,90;99,00;6,60;15.0;0,00;0,449;0,800;0,625;59,58;66,98
2025;Simi;Michael Pittman Jr,;WR;8;6;5;38,90;7,78;15,50;119,70;8,00;15.0;1,30;0,325;0,833;0,562;58,95;61,33
2025;Simi;Hunter Henry;TE;10;7;6;41,50;6,92;17,50;102,30;6,80;15.0;0,70;0,406;0,857;0,438;58,00;66,33
2025;Erik;Emanuel Wilson;RB;12;2;2;25,90;12,95;24,50;72,30;4,80;15.0;0,00;0,358;1,000;0,312;56,48;64,32
2025;Benni;Blake Corum;RB;14;1;1;25,10;25,10;25,10;105,50;7,00;15.0;0,00;0,238;1,000;0,188;55,90;61,70
2025;Marv;Aaron Rodgers;QB;7;1;1;22,56;22,56;22,56;208,00;14,90;14.0;0,00;0,108;1,000;0,625;55,86;35,37
2025;Benni;Bo Nix;QB;8;1;1;23,78;23,78;23,78;284,80;19,00;15.0;0,10;0,083;1,000;0,562;55,76;38,74
2025;Ritz;Kayshon Boutte;WR;7;3;2;25,00;12,50;13,50;88,70;6,80;13.0;0,00;0,282;0,667;0,625;53,17;59,15
2025;Erik;Chris Rodriguez Jr,;RB;12;5;3;28,20;9,40;12,90;74,70;6,20;12.0;0,00;0,378;0,600;0,312;52,70;61,37
2025;Ritz;Dylan Sampson;RB;1;2;2;17,20;8,60;9,30;47,50;3,70;13.0;0,00;0,362;1,000;1,000;51,60;59,18
2025;Marv;Brenton Strange;TE;13;4;4;25,70;6,42;10,50;55,40;5,50;10.0;0,00;0,464;1,000;0,250;48,49;54,46
2025;Erik;Christian Watson;WR;14;3;3;25,50;8,50;20,90;80,10;8,90;9.0;0,00;0,318;1,000;0,188;48,40;56,32
2025;Simi;Dallas Goedert;TE;6;2;2;18,80;9,40;17,00;118,30;8,50;14.0;16,70;0,159;1,000;0,688;48,29;59,00
2025;Erik;Bam Knight;RB;6;4;3;22,50;7,50;11,40;70,90;5,90;12.0;0,00;0,317;0,750;0,688;47,33;54,55
2025;Erik;Trey Benson;RB;2;15;3;14,90;4,97;5,40;22,40;4,50;5.0;0,00;0,665;0,200;0,938;44,51;50,35
2025;Benni;Tucker Kraft;TE;3;4;3;18,80;6,27;10,30;85,20;10,70;8.0;0,00;0,221;0,750;0,875;43,48;48,45
2025;Tommy;Jaxson Dart;QB;15;2;2;22,16;11,08;22,14;201,10;16,80;12.0;0,00;0,110;1,000;0,125;43,35;11,03
2025;Benni;Caleb Williams;QB;4;1;1;11,78;11,78;11,78;282,60;18,80;15.0;0,00;0,042;1,000;0,812;42,19;15,00
2025;Benni;Kyle Pitts Sr,;TE;2;2;2;12,70;6,35;9,00;115,40;7,70;15.0;13,80;0,110;1,000;0,938;40,71;41,82
2025;Ritz;Kenneth Gainwell;RB;15;1;1;12,60;12,60;12,60;131,10;8,70;15.0;0,00;0,096;1,000;0,125;39,77;47,27
2025;Ritz;Dalton Kincaid;TE;4;1;1;8,80;8,80;8,80;82,30;7,50;11.0;0,00;0,107;1,000;0,812;38,23;42,62
2025;Erik;Kareem Hunt;RB;9;1;1;11,50;11,50;11,50;120,10;8,00;15.0;0,00;0,096;1,000;0,500;38,06;46,02
2025;Erik;Kyle Pitts Sr,;TE;7;3;3;14,60;4,87;6,20;115,40;7,70;15.0;13,80;0,127;1,000;0,625;35,88;38,42
2025;Erik;Oronde Gadsden II;TE;9;6;5;15,60;3,12;6,80;70,90;5,50;13.0;0,00;0,220;0,833;0,500;34,93;37,20
2025;Ritz;Michael Pittman Jr,;WR;5;2;2;11,90;5,95;9,90;119,70;8,00;15.0;1,30;0,099;1,000;0,750;34,76;43,32
2025;Ritz;Kyle Pitts Sr,;TE;16;1;1;11,70;11,70;11,70;115,40;7,70;15.0;13,80;0,101;1,000;0,062;34,67;39,77
2025;Erik;Jaylen Wright;RB;15;2;2;12,40;6,20;11,30;35,60;4,00;9.0;0,00;0,348;1,000;0,125;34,33;38,97
2025;Simi;Quentin Johnston;WR;5;3;2;11,90;5,95;9,00;110,40;8,50;13.0;0,00;0,108;0,667;0,750;34,14;46,45
2025;Ritz;Theo Johnson;TE;10;1;1;7,50;7,50;7,50;82,80;5,50;15.0;0,00;0,091;1,000;0,438;29,97;30,22
2025;Erik;Juwan Johnson;TE;3;2;2;7,90;3,95;5,10;89,30;6,00;15.0;0,00;0,088;1,000;0,875;29,88;27,70
2025;Ritz;Darren Waller;TE;6;2;1;7,20;7,20;7,20;64,70;8,10;8.0;0,00;0,111;0,500;0,688;28,84;26,83
2025;Erik;Emari Demercado;RB;5;1;1;6,10;6,10;6,10;37,60;3,40;11.0;0,00;0,162;1,000;0,750;28,44;33,26
2025;Erik;Kyle Monangai;RB;14;1;1;7,70;7,70;7,70;119,10;7,90;15.0;0,00;0,065;1,000;0,188;27,98;35,35
2025;Erik;Wan'Dale Robinson;WR;10;2;2;9,80;4,90;6,20;114,60;7,60;15.0;0,00;0,086;1,000;0,438;27,81;34,00
2025;Erik;Marquise Brown;WR;2;2;2;7,20;3,60;4,20;81,60;5,80;14.0;0,00;0,088;1,000;0,938;27,39;33,03
2025;Erik;Hunter Henry;TE;5;1;1;4,60;4,60;4,60;102,30;6,80;15.0;0,70;0,045;1,000;0,750;23,95;18,96
2025;Benni;Michael Carter;RB;16;1;1;6,50;6,50;6,50;57,80;5,30;11.0;0,00;0,112;1,000;0,062;22,75;29,38
2025;Tommy;Keon Coleman;WR;2;1;1;2,60;2,60;2,60;57,50;4,80;12.0;0,00;0,045;1,000;0,938;21,68;24,39
2025;Juschka;Tez Johnson;WR;8;1;1;4,30;4,30;4,30;60,50;4,30;14.0;0,00;0,071;1,000;0,562;21,56;27,02
2025;Marv;Hassan Haskins;RB;6;8;2;2,80;1,40;2,30;5,70;0,50;11.0;0,00;0,491;0,250;0,688;21,21;24,66
2025;Erik;Audric Estime;RB;16;1;1;3,60;3,60;3,60;9,70;1,90;5.0;0,00;0,371;1,000;0,062;19,89;25,77
2025;Ritz;Tre Tucker;WR;4;1;1;2,20;2,20;2,20;96,40;6,40;15.0;0,00;0,023;1,000;0,812;18,27;18,13
2025;Benni;Bhayshul Tuten;RB;4;1;1;2,20;2,20;2,20;70,30;5,00;14.0;0,00;0,031;1,000;0,812;17,48;20,25
2025;Benni;Woody Marks;RB;5;2;1;2,40;2,40;2,40;114,80;8,20;14.0;0,00;0,021;0,500;0,750;16,03;19,90
2025;Benni;Emanuel Wilson;RB;7;1;1;1,50;1,50;1,50;72,30;4,80;15.0;0,00;0,021;1,000;0,625;13,64;15,32
2025;Benni;Romeo Doubs;WR;10;1;1;0,50;0,50;0,50;104,20;6,90;15.0;0,00;0,005;1,000;0,438;9,46;9,46
2025;Erik;Colby Parkinson;TE;16;1;1;2,10;2,10;2,10;65,90;5,10;13.0;0,00;0,032;1,000;0,062;9,09;6,10
2025;Erik;Devin Singletary;RB;14;2;1;1,40;1,40;1,40;67,20;4,50;15.0;0,00;0,021;0,500;0,188;5,60;4,70
2024;Benni;Jayden Daniels;QB;2;14;13;263,60;20,28;34,42;327,80;21,90;15.0;56,00;0,804;0,929;0,938;95,13;90,63
2024;Simi;Chuba Hubbard;RB;4;13;12;166,70;13,89;28,50;198,60;13,20;15.0;49,70;0,839;0,923;0,812;91,03;93,99
2024;Marv;J.K. Dobbins;RB;2;12;10;118,10;11,81;22,50;138,00;12,50;11.0;0,00;0,856;0,833;0,938;89,72;89,72
2024;Ritz;Jordan Addison;WR;1;12;10;116,70;11,67;31,30;136,60;10,50;13.0;11,10;0,854;0,833;1,000;89,47;95,31
2024;Ritz;Bucky Irving;RB;5;12;11;134,30;12,21;24,50;164,00;10,90;15.0;15,10;0,819;0,917;0,750;88,54;90,04
2024;Erik;Baker Mayfield;QB;7;10;9;174,44;19,38;28,02;324,60;21,60;15.0;52,80;0,537;0,900;0,625;87,02;76,99
2024;Marv;Kareem Hunt;RB;3;13;11;110,50;10,05;20,30;124,40;10,40;12.0;0,00;0,888;0,846;0,875;86,54;84,63
2024;Erik;Jordan Mason;RB;1;10;9;93,60;10,40;22,00;104,00;8,70;12.0;0,00;0,900;0,900;1,000;86,10;82,00
2024;Benni;Tyrone Tracy;RB;6;11;10;110,40;11,04;21,00;130,40;8,70;15.0;0,00;0,847;0,909;0,688;84,96;82,80
2024;Tommy;Rico Dowdle;RB;5;12;10;108,80;10,88;18,30;135,60;9,70;14.0;0,00;0,802;0,833;0,750;83,69;80,03
2024;Simi;Justin Herbert;QB;11;6;6;99,66;16,61;24,38;235,90;15,70;15.0;0,00;0,422;1,000;0,375;78,29;66,90
2024;Benni;David Njoku;TE;8;9;7;62,00;8,86;17,20;84,50;7,70;11.0;0,00;0,734;0,778;0,562;74,81;89,27
2024;Benni;Tucker Kraft;TE;5;7;7;58,90;8,41;20,80;104,40;7,00;15.0;19,90;0,564;1,000;0,750;74,41;85,34
2024;Benni;Brian Thomas Jr.;WR;5;7;7;64,00;9,14;18,20;169,80;11,30;15.0;44,30;0,377;1,000;0,750;73,51;79,82
2024;Ritz;Ladd McConkey;WR;9;8;7;64,40;9,20;12,30;126,00;9,00;14.0;0,50;0,511;0,875;0,500;73,23;81,62
2024;Tommy;Zach Charbonnet;RB;2;7;7;56,80;8,11;22,70;128,20;8,50;15.0;0,00;0,443;1,000;0,938;73,17;71,36
2024;Simi;Jared Goff;QB;15;2;2;66,40;33,20;41,06;298,40;19,90;15.0;26,60;0,223;1,000;0,125;72,81;64,14
2024;Kessi;Jordan Love;QB;6;3;3;48,16;16,05;25,62;228,10;17,50;13.0;0,00;0,211;1,000;0,688;72,19;54,14
2024;Simi;Jonnu Smith;TE;12;5;5;53,40;10,68;14,70;116,10;7,70;15.0;31,60;0,460;1,000;0,312;69,42;78,77
2024;Erik;Jared Goff;QB;11;2;2;45,34;22,67;34,58;298,40;19,90;15.0;26,60;0,152;1,000;0,375;69,24;54,67
2024;Erik;Zach Charbonnet;RB;14;3;3;45,20;15,07;31,30;128,20;8,50;15.0;0,00;0,353;1,000;0,188;67,89;68,18
2024;Ritz;Tank Bigsby;RB;6;3;3;34,80;11,60;23,80;108,50;7,80;14.0;0,00;0,321;1,000;0,688;67,05;67,70
2024;Ritz;Isaac Guerendo;RB;9;4;2;32,30;16,15;24,80;68,80;4,90;14.0;0,00;0,469;0,500;0,500;66,56;67,87
2024;Tommy;Brian Thomas Jr.;WR;15;2;2;41,70;20,85;22,50;169,80;11,30;15.0;44,30;0,246;1,000;0,125;66,13;73,69
2024;Kessi;Marquez Valdes-Scantling;WR;11;6;4;36,20;9,05;14,70;62,20;5,20;12.0;0,00;0,582;0,667;0,375;64,39;70,40
2024;Kessi;Jake Ferguson;TE;3;6;6;30,00;5,00;9,50;44,40;3,70;12.0;0,00;0,676;1,000;0,875;64,37;71,39
2024;Marv;Bo Nix;QB;12;4;3;45,08;15,03;19,42;271,80;18,10;15.0;0,00;0,166;0,750;0,312;64,24;37,54
2024;Juschka;Sam Darnold;QB;14;1;1;34,58;34,58;34,58;286,50;19,10;15.0;14,70;0,121;1,000;0,188;63,22;46,88
2024;Juschka;Nick Westbrook-Ikhine;WR;12;5;5;39,40;7,88;18,10;95,00;6,30;15.0;0,00;0,415;1,000;0,312;62,08;69,35
2024;Ritz;Cam Akers;RB;3;3;3;24,90;8,30;10,70;63,00;4,50;14.0;0,00;0,395;1,000;0,875;61,34;64,01
2024;Simi;Kirk Cousins;QB;9;2;2;28,02;14,01;17,78;192,30;13,70;14.0;0,00;0,146;1,000;0,500;60,88;29,46
2024;Benni;Jordan Love;QB;1;1;1;16,40;16,40;16,40;228,10;17,50;13.0;0,00;0,072;1,000;1,000;60,60;25,17
2024;Ritz;Justin Herbert;QB;1;2;2;21,36;10,68;11,00;235,90;15,70;15.0;0,00;0,091;1,000;1,000;58,63;20,91
2024;Juschka;Cade Otton;TE;9;7;6;31,60;5,27;13,70;81,60;5,80;14.0;0,00;0,387;0,857;0,500;56,99;66,97
2024;Juschka;Isaiah Likely;TE;2;7;7;28,00;4,00;13,30;71,00;5,10;14.0;0,00;0,394;1,000;0,938;56,96;60,92
2024;Erik;Josh Downs;WR;9;6;4;30,30;7,58;14,40;99,90;8,30;12.0;0,00;0,303;0,667;0,500;56,33;61,21
2024;Benni;Trey Sermon;RB;5;1;1;12,30;12,30;12,30;36,30;2,40;15.0;0,00;0,339;1,000;0,750;55,80;63,92
2024;Juschka;Geno Smith;QB;12;2;2;24,80;12,40;12,44;246,40;16,40;15.0;0,00;0,101;1,000;0,312;55,23;20,54
2024;Erik;Cedric Tillman;WR;9;2;1;13,50;13,50;13,50;51,40;4,70;11.0;0,00;0,263;0,500;0,500;52,52;57,70
2024;Erik;Alexander Mattison;RB;7;3;3;20,30;6,77;12,30;94,50;7,90;12.0;0,00;0,215;1,000;0,625;52,33;55,81
2024;Benni;Jerry Jeudy;WR;14;3;3;25,20;8,40;12,40;135,20;9,00;15.0;9,70;0,186;1,000;0,188;52,17;59,25
2024;Benni;Jauan Jennings;WR;11;2;2;19,10;9,55;15,10;121,60;9,40;13.0;0,00;0,157;1,000;0,375;51,46;61,94
2024;Kessi;Zach Ertz;TE;12;5;4;23,00;5,75;9,80;81,80;5,50;15.0;0,00;0,281;0,800;0,312;49,19;56,34
2024;Marv;Quentin Johnston;WR;3;4;3;13,90;4,63;10,40;96,30;7,40;13.0;0,00;0,144;0,750;0,875;47,52;51,33
2024;Ritz;Devontez Walker;WR;2;6;1;5,90;5,90;5,90;8,10;1,60;5.0;0,00;0,728;0,167;0,938;45,54;42,80
2024;Ritz;Khalil Shakir;WR;10;2;2;12,80;6,40;7,00;104,00;7,40;14.0;0,00;0,123;1,000;0,438;45,27;46,23
2024;Juschka;Jauan Jennings;WR;4;3;3;12,80;4,27;8,80;121,60;9,40;13.0;0,00;0,105;1,000;0,812;44,81;43,44
2024;Benni;Darnell Mooney;WR;10;4;3;14,30;4,77;9,60;125,50;8,40;15.0;0,00;0,114;0,750;0,438;43,53;49,42
2024;Ritz;Chuba Hubbard;RB;1;2;2;9,00;4,50;7,60;198,60;13,20;15.0;49,70;0,045;1,000;1,000;43,53;50,68
2024;Erik;Ricky Pearsall;WR;8;1;1;7,70;7,70;7,70;28,90;3,20;9.0;0,00;0,266;1,000;0,562;42,82;40,86
2024;Erik;Braelon Allen;RB;5;3;3;11,70;3,90;8,10;61,30;4,10;15.0;0,00;0,191;1,000;0,750;42,27;50,70
2024;Ritz;Rashid Shaheed;WR;3;2;1;7,70;7,70;7,70;59,80;10,00;6.0;0,00;0,129;0,500;0,875;42,23;42,35
2024;Marv;T.J. Hockenson;TE;14;3;3;12,40;4,13;5,20;37,80;4,70;8.0;0,00;0,328;1,000;0,188;41,09;47,42
2024;Marv;Dallas Goedert;TE;12;2;2;11,40;5,70;9,50;56,10;6,20;9.0;0,00;0,203;1,000;0,312;41,05;48,66
2024;Benni;Dallas Goedert;TE;4;1;1;6,20;6,20;6,20;56,10;6,20;9.0;0,00;0,111;1,000;0,812;40,86;49,78
2024;Erik;Carson Steele;RB;3;3;3;7,20;2,40;7,40;14,20;0,90;15.0;0,00;0,507;1,000;0,875;40,16;46,69
2024;Erik;Jordan Addison;WR;7;2;2;8,80;4,40;6,60;136,60;10,50;13.0;11,10;0,064;1,000;0,625;38,40;39,71
2024;Juschka;Dallas Goedert;TE;11;1;1;6,10;6,10;6,10;56,10;6,20;9.0;0,00;0,109;1,000;0,375;35,62;41,01
2024;Ritz;Cade Otton;TE;5;1;1;4,40;4,40;4,40;81,60;5,80;14.0;0,00;0,054;1,000;0,750;34,38;34,56
2024;Marv;Cole Kmet;TE;7;5;3;8,90;2,97;4,20;73,10;4,90;15.0;0,00;0,122;0,600;0,625;34,06;36,70
2024;Ritz;Samaje Perine;RB;3;1;1;4,00;4,00;4,00;49,10;3,30;15.0;0,00;0,081;1,000;0,875;33,42;44,30
2024;Erik;Jauan Jennings;WR;15;2;2;8,20;4,10;5,10;121,60;9,40;13.0;0,00;0,067;1,000;0,125;31,90;30,17
2024;Erik;Ameer Abdullah;RB;13;1;1;5,30;5,30;5,30;70,50;4,70;15.0;0,00;0,075;1,000;0,250;31,72;40,96
2024;Tommy;Keon Coleman;WR;9;1;1;4,10;4,10;4,10;69,80;6,30;11.0;0,00;0,059;1,000;0,500;30,41;26,30
2024;Ritz;Darnell Mooney;WR;6;1;1;3,80;3,80;3,80;125,50;8,40;15.0;0,00;0,030;1,000;0,688;29,47;24,00
2024;Kessi;Bub Means;WR;7;1;1;3,70;3,70;3,70;17,80;2,50;7.0;0,00;0,208;1,000;0,625;29,25;23,12
2024;Benni;Sean Tucker;RB;7;1;1;3,80;3,80;3,80;53,70;3,60;15.0;0,00;0,071;1,000;0,625;28,03;36,98
2024;Marv;Rico Dowdle;RB;1;1;1;3,20;3,20;3,20;135,60;9,70;14.0;0,00;0,024;1,000;1,000;27,74;35,36
2024;Benni;Tyjae Spears;RB;1;1;1;3,20;3,20;3,20;73,30;6,70;11.0;0,00;0,044;1,000;1,000;27,21;33,33
2024;Erik;Cole Kmet;TE;4;1;1;3,40;3,40;3,40;73,10;4,90;15.0;0,00;0,047;1,000;0,812;27,04;28,20
2024;Marv;Ty Johnson;RB;6;1;1;3,40;3,40;3,40;69,90;4,70;15.0;0,00;0,049;1,000;0,688;26,66;34,95
2024;Juschka;Isaiah Davis;RB;15;2;2;3,80;1,90;2,60;28,50;2,40;12.0;0,00;0,133;1,000;0,125;21,46;27,91
2024;Kessi;Justice Hill;RB;5;2;2;2,90;1,45;2,50;85,10;5,70;15.0;0,00;0,034;1,000;0,750;20,51;22,01
2024;Erik;Dontayvion Wicks;WR;5;2;2;2,90;1,45;2,00;62,30;4,20;15.0;0,00;0,047;1,000;0,750;19,87;18,20
2024;Tommy;Joshua Palmer;WR;1;1;1;1,50;1,50;1,50;64,30;4,60;14.0;0,00;0,023;1,000;1,000;19,15;19,10
2024;Juschka;Jake Ferguson;TE;1;1;1;1,50;1,50;1,50;44,40;3,70;12.0;0,00;0,034;1,000;1,000;18,49;19,89
2024;Erik;Kendre Miller;RB;16;1;1;3,10;3,10;3,10;22,20;3,70;6.0;0,00;0,140;1,000;0,062;18,43;23,05
2024;Marv;Jeffery Wilson;RB;2;1;1;1,20;1,20;1,20;7,50;1,10;7.0;0,00;0,160;1,000;0,938;17,61;16,78
2024;Juschka;Audric Estime;RB;11;1;1;2,50;2,50;2,50;30,60;2,80;11.0;0,00;0,082;1,000;0,375;17,60;18,98
2024;Benni;Braelon Allen;RB;13;1;1;2,70;2,70;2,70;61,30;4,10;15.0;0,00;0,044;1,000;0,250;16,61;19,49
2024;Erik;Sincere McCormick;RB;15;1;1;2,50;2,50;2,50;21,20;5,30;4.0;0,00;0,118;1,000;0,125;14,81;14,69
2024;Erik;Allen Lazard;WR;2;1;1;1,10;1,10;1,10;75,00;7,50;10.0;0,00;0,015;1,000;0,938;14,61;14,61
2024;Benni;Patrick Taylor;RB;16;1;1;2,50;2,50;2,50;14,70;2,10;7.0;0,00;0,170;1,000;0,062;14,12;12,50
2024;Erik;T.J. Hockenson;TE;11;1;1;1,30;1,30;1,30;37,80;4,70;8.0;0,00;0,034;1,000;0,375;10,93;9,26
2024;Benni;Pat Freiermuth;TE;16;1;1;1,60;1,60;1,60;84,80;5,70;15.0;0,30;0,019;1,000;0,062;10,55;14,66
2023;Ritz;Kyren Williams;RB;2;15;10;177,50;17,75;32,40;194,90;17,70;11.0;50,80;0,911;0,667;0,938;94,51;96,38
2023;Benni;Puka Nacua;WR;2;15;14;157,80;11,27;24,00;169,70;11,30;15.0;38,70;0,930;0,933;0,938;90,74;95,49
2023;Simi;Dak Prescott;QB;9;8;8;185,50;23,19;37,86;304,40;20,30;15.0;39,50;0,609;1,000;0,500;89,14;89,14
2023;Benni;Raheem Mostert;RB;2;9;8;140,60;17,57;38,20;242,70;16,20;15.0;98,60;0,579;0,889;0,938;89,13;90,32
2023;Marv;Kirk Cousins;QB;3;6;6;104,72;17,45;25,68;154,70;19,30;8.0;0,00;0,677;1,000;0,875;88,41;82,79
2023;Ritz;Tua Tagovailoa;QB;3;7;7;126,26;18,04;28,36;257,90;17,20;15.0;0,00;0,490;1,000;0,875;87,60;83,88
2023;Juschka;Sam LaPorta;TE;4;13;12;111,40;9,28;23,60;136,00;9,10;15.0;42,90;0,819;0,923;0,812;83,90;93,20
2023;Marv;Gus Edwards;RB;8;9;8;103,50;12,94;27,40;161,40;10,80;15.0;17,30;0,641;0,889;0,562;80,55;84,06
2023;Benni;P.J. Walker;QB;1;9;6;55,30;9,22;18,70;25,00;4,20;6.0;0,00;1,000;0,667;1,000;78,21;61,11
2023;Tommy;D'Onta Foreman;RB;7;4;4;57,10;14,28;30,00;80,20;8,90;9.0;0,00;0,712;1,000;0,625;77,18;80,68
2023;Benni;Jerome Ford;RB;3;8;7;68,60;9,80;17,10;139,90;9,30;15.0;0,00;0,490;0,875;0,875;76,97;79,85
2023;Ritz;Raheem Mostert;RB;11;6;6;91,10;15,18;22,00;242,70;16,20;15.0;98,60;0,375;1,000;0,375;76,63;78,44
2023;Erik;Kyler Murray;QB;12;5;4;65,98;16,49;20,44;108,90;18,20;6.0;0,00;0,606;0,800;0,312;76,46;67,32
2023;Marv;Tua Tagovailoa;QB;11;6;6;82,20;13,70;19,20;257,90;17,20;15.0;0,00;0,319;1,000;0,375;73,66;61,87
2023;Benni;Zack Moss;RB;3;7;7;63,80;9,11;20,50;139,60;10,70;13.0;0,00;0,457;1,000;0,875;73,36;77,17
2023;Ritz;Adam Thielen;WR;5;10;9;66,00;7,33;17,50;123,00;8,20;15.0;0,00;0,537;0,900;0,750;72,43;76,93
2023;Benni;C.J. Stroud;QB;11;4;4;65,90;16,48;30,86;246,50;19,00;13.0;0,00;0,267;1,000;0,375;72,13;59,98
2023;Tommy;Nico Collins;WR;3;8;6;58,50;9,75;28,80;146,20;11,20;13.0;15,20;0,400;0,750;0,875;70,38;72,88
2023;Erik;Jared Goff;QB;5;2;2;41,18;20,59;27,44;267,50;17,80;15.0;2,60;0,154;1,000;0,750;69,56;58,70
2023;Ritz;Nico Collins;WR;11;6;5;59,10;11,82;25,10;146,20;11,20;13.0;15,20;0,404;0,833;0,375;68,47;76,47
2023;Juschka;Sam Howell;QB;11;6;5;60,74;12,15;19,18;260,50;17,40;15.0;0,00;0,233;0,833;0,375;66,78;50,30
2023;Marv;Tank Dell;WR;4;5;4;41,30;10,32;20,90;118,00;10,70;11.0;0,00;0,350;0,800;0,812;66,00;69,87
2023;Juschka;Jordan Love;QB;14;3;3;50,34;16,78;23,96;283,10;18,90;15.0;18,20;0,178;1,000;0,188;65,05;50,66
2023;Ritz;Jerome Ford;RB;11;6;6;48,60;8,10;11,20;139,90;9,30;15.0;0,00;0,347;1,000;0,375;61,33;65,52
2023;Erik;Matthew Stafford;QB;15;2;2;39,24;19,62;20,72;239,50;17,10;14.0;0,00;0,164;1,000;0,125;61,08;47,60
2023;Erik;Dalton Kincaid;TE;8;9;7;40,90;5,84;12,50;60,20;4,30;14.0;0,00;0,679;0,778;0,562;61,07;76,06
2023;Kessi;Jaylen Warren;RB;11;6;6;46,40;7,73;20,50;116,60;7,80;15.0;0,00;0,398;1,000;0,375;60,97;63,47
2023;Juschka;Dak Prescott;QB;3;2;2;28,70;14,35;14,36;304,40;20,30;15.0;39,50;0,094;1,000;0,875;60,04;44,60
2023;Ritz;Kareem Hunt;RB;8;5;5;37,60;7,52;12,70;93,90;7,20;13.0;0,00;0,400;1,000;0,562;58,87;63,18
2023;Juschka;C.J. Stroud;QB;5;2;2;28,32;14,16;14,16;246,50;19,00;13.0;0,00;0,115;1,000;0,750;57,98;39,78
2023;Erik;Trey McBride;TE;9;7;6;40,70;6,78;14,90;86,30;5,80;15.0;0,00;0,472;0,857;0,500;57,87;71,82
2023;Kessi;Joshua Palmer;WR;4;5;4;29,40;7,35;13,30;63,70;6,40;10.0;0,00;0,462;0,800;0,812;57,30;58,43
2023;Ritz;Marquise Brown;WR;5;7;7;36,10;5,16;12,10;83,70;6,00;14.0;0,00;0,431;1,000;0,750;55,84;56,47
2023;Juschka;Kenneth Gainwell;RB;2;9;7;29,50;4,21;8,30;58,50;4,20;14.0;0,00;0,504;0,778;0,938;54,45;58,02
2023;Juschka;Jayden Reed;WR;12;5;4;36,30;9,07;12,50;121,10;8,70;14.0;0,00;0,300;0,800;0,312;54,12;58,50
2023;Tommy;Jake Ferguson;TE;11;6;6;36,50;6,08;13,70;95,90;6,40;15.0;2,80;0,381;1,000;0,375;53,84;63,56
2023;Benni;Chuba Hubbard;RB;14;3;3;31,00;10,33;11,10;127,20;8,50;15.0;0,00;0,244;1,000;0,188;53,79;61,17
2023;Juschka;Matt Breida;RB;3;2;2;15,60;7,80;7,80;29,90;2,00;15.0;0,00;0,522;1,000;0,875;53,08;58,45
2023;Benni;Jaleel McLaughlin;RB;5;2;2;19,10;9,55;14,90;68,20;4,50;15.0;0,00;0,280;1,000;0,750;51,45;59,83
2023;Marv;Derek Carr;QB;9;2;2;22,14;11,07;16,74;206,40;13,80;15.0;0,00;0,107;1,000;0,500;50,98;28,83
2023;Benni;Tutu Atwell;WR;3;1;1;13,20;13,20;13,20;71,10;5,10;14.0;0,00;0,186;1,000;0,875;50,79;52,17
2023;Kessi;Jake Ferguson;TE;9;1;1;15,10;15,10;15,10;95,90;6,40;15.0;2,80;0,157;1,000;0,500;49,98;64,17
2023;Ritz;Joshua Palmer;WR;15;2;2;22,00;11,00;17,30;63,70;6,40;10.0;0,00;0,345;1,000;0,125;49,93;49,55
2023;Juschka;Baker Mayfield;QB;16;1;1;19,82;19,82;19,82;259,60;17,30;15.0;0,00;0,076;1,000;0,062;49,38;35,65
2023;Marv;Keaton Mitchell;RB;11;6;4;28,00;7,00;8,90;60,90;8,70;7.0;0,00;0,460;0,667;0,375;49,36;54,61
2023;Kessi;Deshaun Watson;QB;2;1;1;11,60;11,60;11,60;90,80;15,10;6.0;0,00;0,128;1,000;0,938;48,05;26,30
2023;Marv;Geno Smith;QB;7;1;1;13,76;13,76;13,76;198,00;15,20;13.0;0,00;0,069;1,000;0,625;47,66;28,40
2023;Marv;K.J. Osborn;WR;6;4;4;21,10;5,27;9,90;71,10;5,10;14.0;0,00;0,297;1,000;0,688;47,21;42,59
2023;Erik;Keaton Mitchell;RB;10;1;1;12,60;12,60;12,60;60,90;8,70;7.0;0,00;0,207;1,000;0,438;45,61;51,24
2023;Juschka;Josh Downs;WR;8;8;7;23,00;3,29;7,20;79,00;5,30;15.0;0,00;0,291;0,875;0,562;43,61;43,11
2023;Benni;Ezekiel Elliott;RB;15;2;2;16,60;8,30;12,00;104,90;7,00;15.0;0,00;0,158;1,000;0,125;41,24;48,31
2023;Benni;Jaylen Warren;RB;2;1;1;8,60;8,60;8,60;116,60;7,80;15.0;0,00;0,074;1,000;0,938;40,87;44,87
2023;Erik;Zack Moss;RB;13;4;3;20,60;6,87;9,30;139,60;10,70;13.0;0,00;0,148;0,750;0,250;40,47;46,91
2023;Juschka;Michael Wilson;WR;5;3;3;10,60;3,53;6,20;55,50;5,00;11.0;0,00;0,191;1,000;0,750;35,99;32,87
2023;Tommy;Gus Edwards;RB;3;2;2;10,00;5,00;5,10;161,40;10,80;15.0;17,30;0,062;1,000;0,875;35,80;39,68
2023;Erik;Gus Edwards;RB;5;2;2;10,10;5,05;5,30;161,40;10,80;15.0;17,30;0,063;1,000;0,750;35,45;40,63
2023;Erik;Justice Hill;RB;2;3;2;8,60;4,30;5,30;61,50;4,40;14.0;0,00;0,140;0,667;0,938;34,31;37,00
2023;Ritz;D'Onta Foreman;RB;11;6;3;14,00;4,67;7,40;80,20;8,90;9.0;0,00;0,175;0,500;0,375;34,13;37,94
2023;Marv;Royce Freeman;RB;11;1;1;7,30;7,30;7,30;43,70;4,40;10.0;0,00;0,167;1,000;0,375;33,38;33,75
2023;Tommy;Tyler Allgeier;RB;2;2;2;7,70;3,85;4,80;101,40;6,80;15.0;0,00;0,076;1,000;0,938;33,27;33,33
2023;Marv;Keaontay Ingram;RB;6;1;1;5,10;5,10;5,10;10,00;1,40;7.0;0,00;0,510;1,000;0,688;32,41;31,72
2023;Benni;Dalton Schultz;TE;10;1;1;7,10;7,10;7,10;85,40;6,60;13.0;0,00;0,083;1,000;0,438;31,88;54,26
2023;Tommy;Deon Jackson;RB;1;1;1;-1,20;-1,20;-1,20;-1,00;-0,50;2.0;0,00;1,000;1,000;1,000;30,00;30,00
2023;Benni;Jahan Dotson;WR;1;2;2;6,20;3,10;4,00;74,10;4,90;15.0;0,00;0,084;1,000;1,000;29,64;28,13
2023;Tommy;Joshua Kelley;RB;4;3;2;6,90;3,45;6,50;53,40;3,60;15.0;0,00;0,129;0,667;0,812;28,52;26,83
2023;Erik;Tyler Higbee;TE;1;2;2;6,10;3,05;4,90;55,30;4,00;14.0;0,00;0,110;1,000;1,000;28,52;46,65
2023;Ritz;Clyde Edwards-Helaire;RB;14;1;1;6,80;6,80;6,80;52,10;3,70;14.0;0,00;0,131;1,000;0,188;28,10;26,35
2023;Kessi;Will Levis;QB;10;1;1;5,96;5,96;5,96;107,40;13,40;8.0;0,00;0,055;1,000;0,438;26,21;14,09
2023;Simi;Joshua Kelley;RB;2;2;2;5,60;2,80;3,90;53,40;3,60;15.0;0,00;0,105;1,000;0,938;25,70;24,08
2023;Marv;Juwan Johnson;TE;1;2;2;4,90;2,45;3,60;41,80;3,80;11.0;0,00;0,117;1,000;1,000;25,00;40,39
2023;Erik;Roschon Johnson;RB;4;5;3;6,10;2,03;3,10;54,20;4,20;13.0;0,00;0,113;0,600;0,812;23,82;21,25
2023;Benni;Anthony Richardson;QB;5;1;1;4,42;4,42;4,42;73,70;18,40;4.0;0,00;0,060;1,000;0,750;23,15;13,40
2023;Erik;Van Jefferson;WR;1;1;1;2,40;2,40;2,40;18,10;1,20;15.0;0,00;0,133;1,000;1,000;22,49;21,37
2023;Erik;Kareem Hunt;RB;3;1;1;3,50;3,50;3,50;93,90;7,20;13.0;0,00;0,037;1,000;0,875;22,18;20,55
2023;Tommy;Rashee Rice;WR;16;1;1;5,70;5,70;5,70;120,80;8,10;15.0;0,00;0,047;1,000;0,062;21,20;21,33
2023;Ritz;Cole Kmet;TE;10;1;1;4,60;4,60;4,60;104,00;6,90;15.0;10,90;0,044;1,000;0,438;20,66;32,77
2023;Simi;Ezekiel Elliott;RB;1;1;1;2,30;2,30;2,30;104,90;7,00;15.0;0,00;0,022;1,000;1,000;19,96;18,14
2023;Kessi;Isaiah Likely;TE;1;1;1;0,40;0,40;0,40;45,80;3,10;15.0;0,00;0,009;1,000;1,000;16,01;15,14
2023;Erik;Cole Kmet;TE;6;1;1;0,90;0,90;0,90;104,00;6,90;15.0;10,90;0,009;1,000;0,688;13,76;18,38
2023;Ritz;Tyler Boyd;WR;11;1;1;2,20;2,20;2,20;75,50;5,00;15.0;0,00;0,029;1,000;0,375;12,94;9,19
2023;Simi;Logan Thomas;TE;13;1;1;2,00;2,00;2,00;68,90;4,90;14.0;0,00;0,029;1,000;0,250;10,56;20,66
2022;Benni;Dameon Pierce;RB;1;14;13;136,40;10,49;19,90;136,40;10,50;13.0;0,00;1,000;0,929;1,000;93,64;93,89
2022;Benni;Tony Pollard;RB;4;13;12;179,40;14,95;32,70;207,90;13,90;15.0;69,90;0,863;0,923;0,812;93,18;94,47
2022;Juschka;Jeffery Wilson;RB;2;14;12;115,00;9,58;20,30;121,50;8,70;14.0;0,00;0,947;0,857;0,938;91,00;89,99
2022;Kessi;Brian Robinson;RB;5;12;11;95,00;8,64;18,50;95,00;8,60;11.0;0,00;1,000;0,917;0,750;87,83;85,27
2022;Erik;Tua Tagovailoa;QB;8;9;8;147,48;18,43;29,18;238,90;18,40;13.0;0,00;0,617;0,889;0,562;87,20;80,99
2022;Benni;D'Onta Foreman;RB;7;4;4;67,40;16,85;31,80;115,70;7,70;15.0;0,00;0,583;1,000;0,625;81,50;83,33
2022;Marv;Christian Kirk;WR;6;11;10;87,80;8,78;22,50;139,90;9,30;15.0;22,50;0,628;0,909;0,688;80,84;89,59
2022;Marv;Geno Smith;QB;12;5;5;90,38;18,08;22,98;282,10;18,80;15.0;23,60;0,320;1,000;0,312;77,80;67,09
2022;Kessi;Derek Carr;QB;10;4;4;75,00;18,75;20,80;233,10;15,50;15.0;0,00;0,322;1,000;0,438;77,33;60,88
2022;Benni;Christian Watson;WR;11;6;5;65,00;13,00;21,40;110,40;9,20;12.0;0,00;0,589;0,833;0,375;76,62;83,62
2022;Ritz;Kirk Cousins;QB;14;3;3;81,56;27,19;32,40;281,70;18,80;15.0;23,20;0,290;1,000;0,188;76,61;71,23
2022;Kessi;Jerick McKinnon;RB;14;3;3;61,40;20,47;26,20;116,10;7,70;15.0;0,00;0,529;1,000;0,188;76,57;77,24
2022;Ritz;Zach Ertz;TE;3;8;8;51,70;6,46;10,70;68,60;6,90;10.0;0,00;0,754;1,000;0,875;75,19;88,81
2022;Tommy;Justin Fields;QB;11;6;4;75,32;18,83;23,58;289,80;20,70;14.0;31,30;0,260;0,667;0,375;74,98;63,48
2022;Ritz;Isiah Pacheco;RB;12;5;5;54,80;10,96;14,60;98,70;6,60;15.0;0,00;0,555;1,000;0,312;73,20;73,72
2022;Marv;Kirk Cousins;QB;8;4;4;57,56;14,39;23,48;281,70;18,80;15.0;23,20;0,204;1,000;0,562;72,81;49,51
2022;Kessi;Kenyan Drake;RB;7;10;7;46,40;6,63;22,90;73,20;6,70;11.0;0,00;0,634;0,700;0,625;69,26;68,35
2022;Simi;Latavius Murray;RB;12;5;5;45,20;9,04;20,20;102,20;8,50;12.0;0,00;0,442;1,000;0,312;68,62;66,57
2022;Benni;Justin Fields;QB;10;1;1;39,38;39,38;39,38;289,80;20,70;14.0;31,30;0,136;1,000;0,438;68,30;56,42
2022;Kessi;Tyler Higbee;TE;6;8;7;45,10;6,44;21,40;75,60;5,40;14.0;0,00;0,597;0,875;0,688;68,21;79,58
2022;Marv;Deshaun Watson;QB;13;3;3;34,32;11,44;16,34;49,10;12,30;4.0;0,00;0,699;1,000;0,250;67,48;42,15
2022;Tommy;Samaje Perine;RB;12;3;3;39,20;13,07;15,50;101,90;6,80;15.0;0,00;0,385;1,000;0,312;67,14;65,41
2022;Erik;Rachaad White;RB;11;6;5;43,10;8,62;11,30;82,80;5,50;15.0;0,00;0,521;0,833;0,375;66,23;62,70
2022;Tommy;Tyler Allgeier;RB;7;4;4;38,10;9,52;14,50;114,40;8,20;14.0;0,00;0,333;1,000;0,625;66,00;61,09
2022;Ritz;D'Onta Foreman;RB;11;6;5;44,60;8,92;22,50;115,70;7,70;15.0;0,00;0,385;0,833;0,375;65,81;63,39
2022;Benni;Eno Benjamin;RB;6;2;2;25,80;12,90;19,30;62,40;5,70;11.0;0,00;0,413;1,000;0,688;65,20;61,41
2022;Juschka;Gus Edwards;RB;8;9;6;38,90;6,48;9,90;57,50;8,20;7.0;0,00;0,677;0,667;0,562;64,48;60,02
2022;Juschka;Zonovan Knight;RB;13;4;4;29,10;7,28;13,70;39,40;7,90;5.0;0,00;0,739;1,000;0,250;62,34;58,89
2022;Juschka;Van Jefferson;WR;11;6;6;32,40;5,40;10,40;41,10;5,10;8.0;0,00;0,788;1,000;0,375;61,95;73,69
2022;Erik;Darrell Henderson;RB;2;5;4;26,60;6,65;11,20;56,50;5,70;10.0;0,00;0,471;0,800;0,938;61,95;58,02
2022;Benni;Garrett Wilson;WR;13;4;4;34,80;8,70;16,20;122,00;8,10;15.0;4,60;0,285;1,000;0,250;59,65;73,03
2022;Juschka;Geno Smith;QB;6;2;2;25,78;12,89;13,10;282,10;18,80;15.0;23,60;0,091;1,000;0,688;59,50;34,91
2022;Juschka;Romeo Doubs;WR;4;7;5;27,70;5,54;12,20;57,60;5,20;11.0;0,00;0,481;0,714;0,812;59,28;70,15
2022;Erik;Daniel Jones;QB;11;1;1;24,64;24,64;24,64;257,80;17,20;15.0;0,00;0,096;1,000;0,375;58,44;39,36
2022;Ritz;Michael Carter;RB;1;4;4;25,70;6,43;10,00;84,00;6,00;14.0;0,00;0,306;1,000;1,000;57,97;52,32
2022;Erik;Christian Kirk;WR;3;3;3;20,60;6,87;13,20;139,90;9,30;15.0;22,50;0,147;1,000;0,875;54,58;65,33
2022;Juschka;Wan'Dale Robinson;WR;7;5;4;18,40;4,60;10,40;28,60;4,80;6.0;0,00;0,643;0,800;0,625;53,27;61,15
2022;Simi;Trevor Lawrence;QB;16;1;1;18,26;18,26;18,26;288,00;19,20;15.0;29,50;0,063;1,000;0,062;51,07;24,90
2022;Marv;Gerald Everett;TE;4;3;3;15,20;5,07;12,10;67,20;5,20;13.0;0,00;0,226;1,000;0,812;47,76;56,51
2022;Juschka;Mike Boone;RB;5;3;3;11,20;3,73;8,50;19,80;2,20;9.0;0,00;0,566;1,000;0,750;45,74;45,54
2022;Tommy;Pat Freiermuth;TE;14;3;2;15,90;7,95;9,30;81,60;6,30;13.0;1,20;0,195;0,667;0,188;45,39;64,39
2022;Benni;Tyler Allgeier;RB;16;1;1;11,70;11,70;11,70;114,40;8,20;14.0;0,00;0,102;1,000;0,062;44,40;46,85
2022;Kessi;Gerald Everett;TE;7;6;4;16,90;4,22;6,30;67,20;5,20;13.0;0,00;0,251;0,667;0,625;44,22;60,22
2022;Ritz;Khalil Herbert;RB;4;2;2;11,20;5,60;10,10;100,80;9,20;11.0;0,00;0,111;1,000;0,812;44,16;43,88
2022;Juschka;Cole Kmet;TE;11;6;5;18,60;3,72;7,20;76,90;5,10;15.0;0,00;0,242;0,833;0,375;43,55;60,30
2022;Benni;Daniel Jones;QB;8;1;1;9,04;9,04;9,04;257,80;17,20;15.0;0,00;0,035;1,000;0,562;43,52;16,98
2022;Juschka;Hayden Hurst;TE;6;4;4;14,60;3,65;4,80;52,00;4,30;12.0;0,00;0,281;1,000;0,688;43,47;47,97
2022;Erik;Zach Ertz;TE;2;1;1;7,50;7,50;7,50;68,60;6,90;10.0;0,00;0,109;1,000;0,938;43,39;55,39
2022;Erik;Pat Freiermuth;TE;1;1;1;7,50;7,50;7,50;81,60;6,30;13.0;1,20;0,092;1,000;1,000;42,88;51,38
2022;Juschka;Garrett Wilson;WR;3;3;3;12,80;4,27;6,00;122,00;8,10;15.0;4,60;0,105;1,000;0,875;42,70;47,83
2022;Erik;Isaiah Likely;TE;9;1;1;8,40;8,40;8,40;37,80;2,90;13.0;0,00;0,222;1,000;0,500;42,70;58,33
2022;Juschka;David Njoku;TE;14;3;3;15,90;5,30;11,70;71,70;6,00;12.0;0,00;0,222;1,000;0,188;42,58;55,84
2022;Ritz;Tyler Allgeier;RB;5;2;2;9,60;4,80;5,10;114,40;8,20;14.0;0,00;0,084;1,000;0,750;39,76;39,21
2022;Simi;Michael Gallup;WR;14;3;3;13,80;4,60;9,60;61,50;5,10;12.0;0,00;0,224;1,000;0,188;39,49;49,61
2022;Benni;Treylon Burks;WR;13;2;1;8,50;8,50;8,50;44,60;5,00;9.0;0,00;0,191;0,500;0,250;38,12;42,87
2022;Marv;David Njoku;TE;7;1;1;7,10;7,10;7,10;71,70;6,00;12.0;0,00;0,099;1,000;0,625;38,11;43,36
2022;Simi;P.J. Walker;QB;11;3;1;7,90;7,90;7,90;42,10;7,00;6.0;0,00;0,188;0,333;0,375;36,48;8,24
2022;Simi;Zack Moss;RB;16;1;1;7,00;7,00;7,00;28,00;2,50;11.0;0,00;0,250;1,000;0,062;33,87;36,95
2022;Ritz;Tyler Boyd;WR;9;4;3;10,20;3,40;4,40;104,00;6,90;15.0;0,00;0,098;0,750;0,500;33,34;37,09
2022;Tommy;Tyler Higbee;TE;5;1;1;4,60;4,60;4,60;75,60;5,40;14.0;0,00;0,061;1,000;0,750;32,91;30,29
2022;Juschka;Tyler Conklin;TE;4;2;1;5,20;5,20;5,20;64,20;4,30;15.0;0,00;0,081;0,500;0,812;32,71;34,34
2022;Ritz;Eno Benjamin;RB;8;1;1;4,50;4,50;4,50;62,40;5,70;11.0;0,00;0,072;1,000;0,562;29,83;33,52
2022;Simi;Alexander Mattison;RB;5;1;1;4,00;4,00;4,00;50,90;3,40;15.0;0,00;0,079;1,000;0,750;28,69;31,26
2022;Benni;Isiah Pacheco;RB;7;1;1;4,30;4,30;4,30;98,70;6,60;15.0;0,00;0,044;1,000;0,625;28,29;31,61
2022;Benni;Joshua Palmer;WR;10;1;1;4,40;4,40;4,40;91,40;6,50;14.0;0,00;0,048;1,000;0,438;27,35;34,48
2022;Erik;DeSean Jackson;WR;9;1;1;3,60;3,60;3,60;14,40;2,40;6.0;0,00;0,250;1,000;0,500;26,50;32,50
2022;Juschka;Mike Gesicki;TE;1;2;2;3,20;1,60;3,10;53,80;3,60;15.0;0,00;0,059;1,000;1,000;25,14;22,13
2022;Juschka;Gerald Everett;TE;3;1;1;2,50;2,50;2,50;67,20;5,20;13.0;0,00;0,037;1,000;0,875;23,55;15,56
2022;Juschka;Marquise Goodwin;WR;8;1;1;3,30;3,30;3,30;63,20;4,90;13.0;0,00;0,052;1,000;0,562;23,03;24,53
2022;Juschka;Tony Pollard;RB;1;1;1;2,20;2,20;2,20;207,90;13,90;15.0;69,90;0,011;1,000;1,000;22,67;26,38
2022;Marv;Irv Smith;TE;8;1;1;2,80;2,80;2,80;28,80;4,10;7.0;0,00;0,097;1,000;0,562;22,20;17,70
2022;Tommy;Kyren Williams;RB;13;2;2;3,80;1,90;2,90;20,90;3,00;7.0;0,00;0,182;1,000;0,250;21,86;23,87
2022;Benni;Rachaad White;RB;6;1;1;2,30;2,30;2,30;82,80;5,50;15.0;0,00;0,028;1,000;0,688;20,67;25,63
2022;Juschka;Jaylen Warren;RB;2;1;1;1,50;1,50;1,50;51,20;3,70;14.0;0,00;0,029;1,000;0,938;20,06;21,18
2022;Ritz;Jahan Dotson;WR;3;1;1;1,00;1,00;1,00;84,70;8,50;10.0;0,00;0,012;1,000;0,875;18,30;22,68
2022;Simi;Nyheim Hines;RB;5;1;1;0,80;0,80;0,80;39,40;2,60;15.0;0,00;0,020;1,000;0,750;16,30;17,04
2022;Erik;Curtis Samuel;WR;6;1;1;0,60;0,60;0,60;112,30;7,50;15.0;0,00;0,005;1,000;0,688;13,71;16,33
2022;Simi;Michael Carter;RB;10;2;1;1,70;1,70;1,70;84,00;6,00;14.0;0,00;0,020;0,500;0,438;13,55;15,66
2022;Benni;Alexander Mattison;RB;11;1;1;0,80;0,80;0,80;50,90;3,40;15.0;0,00;0,016;1,000;0,375;11,62;11,11
2022;Benni;Devin Duvernay;WR;9;1;1;0,50;0,50;0,50;79,10;5,70;14.0;0,00;0,006;1,000;0,500;10,96;10,09
2022;Simi;Tony Jones;RB;14;2;1;0,20;0,20;0,20;5,40;1,80;3.0;0,00;0,037;0,500;0,188;4,94;4,94
2021;Erik;Jalen Hurts;QB;1;16;14;299,20;21,37;30,78;308,20;22,00;14.0;0,00;0,971;0,875;1,000;98,29;95,30
2021;Benni;Darrell Henderson;RB;1;15;11;132,70;12,06;22,70;134,40;11,20;12.0;0,00;0,987;0,733;1,000;93,31;94,52
2021;Simi;Cordarrelle Patterson;RB;3;14;12;150,60;12,55;29,60;176,20;12,60;14.0;31,00;0,855;0,857;0,875;91,67;93,53
2021;Juschka;Marquise Brown;WR;1;16;14;131,80;9,41;24,50;131,80;9,40;14.0;0,00;1,000;0,875;1,000;91,10;96,52
2021;Juschka;Dallas Goedert;TE;1;15;13;101,90;7,84;22,50;101,90;7,30;14.0;0,40;1,000;0,867;1,000;87,29;91,33
2021;Kessi;Mac Jones;QB;1;7;7;99,66;14,24;22,18;203,80;13,60;15.0;0,00;0,489;1,000;1,000;87,28;75,06
2021;Benni;Elijah Mitchell;RB;7;9;6;90,60;15,10;22,80;118,50;11,90;10.0;0,00;0,765;0,667;0,625;85,90;88,27
2021;Benni;Alexander Mattison;RB;3;14;11;87,10;7,92;19,30;90,50;6,50;14.0;0,00;0,962;0,786;0,875;84,31;83,85
2021;Juschka;Darrel Williams;RB;6;10;9;86,70;9,63;20,90;121,60;8,10;15.0;0,00;0,713;0,900;0,688;81,54;81,84
2021;Ritz;Chuba Hubbard;RB;4;5;5;51,70;10,34;13,40;88,20;6,30;14.0;0,00;0,586;1,000;0,812;78,68;80,28
2021;Ritz;Michael Carter;RB;8;4;4;52,50;13,12;23,20;110,20;9,20;12.0;0,00;0,476;1,000;0,562;77,54;80,55
2021;Tommy;Joe Burrow;QB;7;3;3;54,28;18,09;26,64;293,40;19,60;15.0;7,00;0,185;1,000;0,625;76,71;69,48
2021;Marv;Matt Ryan;QB;7;3;3;52,10;17,37;28,52;216,50;14,40;15.0;0,00;0,241;1,000;0,625;76,26;63,96
2021;Juschka;Zach Ertz;TE;6;9;8;59,40;7,43;20,80;94,20;6,30;15.0;0,00;0,631;0,889;0,688;75,20;75,46
2021;Marv;Mike Gesicki;TE;6;11;9;56,00;6,22;14,50;84,70;5,60;15.0;0,00;0,661;0,818;0,688;72,50;64,89
2021;Juschka;D.J. Chark;WR;1;5;3;27,40;9,13;14,60;27,40;9,10;3.0;0,00;1,000;0,600;1,000;72,19;82,29
2021;Simi;Rhamondre Stevenson;RB;10;7;5;47,30;9,46;23,40;74,60;7,50;10.0;0,00;0,634;0,714;0,438;71,33;72,11
2021;Tommy;Devontae Booker;RB;6;7;6;48,90;8,15;12,60;96,90;6,90;14.0;0,00;0,505;0,857;0,688;70,78;71,30
2021;Simi;Dalton Schultz;TE;8;9;9;57,40;6,38;14,20;111,30;7,40;15.0;22,20;0,516;1,000;0,562;70,73;67,03
2021;Ritz;Dawson Knox;TE;4;4;4;40,60;10,15;15,70;109,80;8,40;13.0;6,50;0,370;1,000;0,812;70,71;74,00
2021;Juschka;Joe Burrow;QB;15;2;2;50,88;25,44;38,10;293,40;19,60;15.0;7,00;0,173;1,000;0,125;70,03;60,66
2021;Juschka;Ty'Son Williams;RB;1;4;3;26,90;8,97;15,40;32,50;4,60;7.0;0,00;0,828;0,750;1,000;69,40;67,33
2021;Juschka;Tim Patrick;WR;4;7;7;46,90;6,70;14,50;93,90;6,30;15.0;0,00;0,499;1,000;0,812;68,99;82,51
2021;Kessi;Jeffery Wilson;RB;14;3;3;35,20;11,73;17,90;44,50;6,40;7.0;0,00;0,791;1,000;0,188;68,64;68,75
2021;Juschka;Khalil Herbert;RB;6;10;8;45,90;5,74;17,20;62,90;4,50;14.0;0,00;0,730;0,800;0,688;66,88;66,48
2021;Kessi;J.D. McKissic;RB;7;10;5;41,40;8,28;17,60;84,90;7,70;11.0;0,00;0,488;0,500;0,625;66,18;65,60
2021;Juschka;AJ Dillon;RB;11;5;4;41,30;10,32;15,00;124,60;8,30;15.0;0,00;0,331;0,800;0,375;65,51;64,81
2021;Kessi;Sony Michel;RB;14;3;3;38,90;12,97;19,50;104,50;7,00;15.0;0,00;0,372;1,000;0,188;65,04;65,48
2021;Benni;Cooper Rush;QB;8;1;1;17,20;17,20;17,20;25,10;8,40;3.0;0,00;0,685;1,000;0,562;64,87;45,44
2021;Kessi;D'Onta Foreman;RB;13;4;3;33,40;11,13;13,50;57,30;8,20;7.0;0,00;0,583;0,750;0,250;64,13;63,37
2021;Kessi;Derek Carr;QB;8;4;3;37,18;12,39;18,24;243,40;16,20;15.0;0,00;0,153;0,750;0,562;62,74;40,76
2021;Juschka;Justin Jackson;RB;16;1;1;26,20;26,20;26,20;56,10;4,70;12.0;0,00;0,467;1,000;0,062;62,73;60,53
2021;Simi;Hunter Renfrow;WR;13;4;4;39,10;9,77;15,70;129,60;8,60;15.0;14,30;0,302;1,000;0,250;62,57;75,36
2021;Kessi;Jarvis Landry;WR;9;8;6;38,60;6,43;10,20;62,60;6,30;10.0;0,00;0,617;0,750;0,500;61,66;74,20
2021;Erik;Devonta Freeman;RB;12;5;5;39,30;7,86;15,70;102,20;7,30;14.0;0,00;0,385;1,000;0,312;61,31;59,71
2021;Ritz;Carson Wentz;QB;9;1;1;24,18;24,18;24,18;242,00;16,10;15.0;0,00;0,100;1,000;0,500;60,64;47,86
2021;Simi;Alex Collins;RB;6;5;4;29,50;7,38;15,80;59,80;5,40;11.0;0,00;0,493;0,800;0,688;60,10;58,51
2021;Simi;Stephen Anderson;TE;1;2;2;15,50;7,75;11,70;21,70;1,70;13.0;0,00;0,714;1,000;1,000;58,18;59,71
2021;Benni;Latavius Murray;RB;1;2;2;18,40;9,20;9,60;69,50;5,80;12.0;0,00;0,265;1,000;1,000;58,01;54,79
2021;Tommy;Dawson Knox;TE;5;2;2;22,20;11,10;17,70;109,80;8,40;13.0;6,50;0,202;1,000;0,750;58,00;65,53
2021;Juschka;Rashaad Penny;RB;15;2;2;23,90;11,95;19,50;60,20;7,50;8.0;0,00;0,397;1,000;0,125;56,94;55,69
2021;Marv;Kirk Cousins;QB;15;2;2;26,78;13,39;16,30;285,40;19,00;15.0;0,00;0,094;1,000;0,125;55,51;35,84
2021;Juschka;Nyheim Hines;RB;1;4;4;23,40;5,85;13,90;68,90;4,60;15.0;0,00;0,340;1,000;1,000;55,48;52,66
2021;Simi;Marvin Jones;WR;6;2;1;16,00;16,00;16,00;87,80;5,90;15.0;0,00;0,182;0,500;0,688;54,80;65,44
2021;Juschka;Kenneth Gainwell;RB;8;7;5;28,30;5,66;14,70;75,30;5,40;14.0;0,00;0,376;0,714;0,562;52,68;49,71
2021;Tommy;Darnell Mooney;WR;12;5;5;29,60;5,92;12,50;113,20;7,50;15.0;0,00;0,261;1,000;0,312;52,47;64,89
2021;Juschka;Kenyan Drake;RB;1;3;3;18,20;6,07;7,00;72,50;6,00;12.0;0,00;0,251;1,000;1,000;51,88;48,30
2021;Kessi;Kirk Cousins;QB;12;1;1;15,52;15,52;15,52;285,40;19,00;15.0;0,00;0,054;1,000;0,312;50,33;27,11
2021;Ritz;Dalton Schultz;TE;5;2;2;15,80;7,90;7,90;111,30;7,40;15.0;22,20;0,142;1,000;0,750;49,04;55,96
2021;Juschka;Damien Williams;RB;5;3;2;15,20;7,60;14,40;35,40;3,50;10.0;0,00;0,429;0,667;0,750;48,78;47,50
2021;Erik;Dawson Knox;TE;14;3;3;22,90;7,63;12,00;109,80;8,40;13.0;6,50;0,209;1,000;0,188;47,65;52,68
2021;Ritz;K.J. Osborn;WR;14;1;1;14,30;14,30;14,30;89,40;6,00;15.0;0,00;0,160;1,000;0,188;47,56;59,28
2021;Juschka;Rondale Moore;WR;3;4;4;16,40;4,10;9,70;55,10;3,90;14.0;0,00;0,298;1,000;0,875;47,25;62,51
2021;Juschka;Kirk Cousins;QB;8;1;1;13,16;13,16;13,16;285,40;19,00;15.0;0,00;0,046;1,000;0,562;46,58;19,49
2021;Juschka;Devin Singletary;RB;16;1;1;13,80;13,80;13,80;111,60;7,40;15.0;6,20;0,124;1,000;0,062;44,79;43,99
2021;Kessi;Kenyan Drake;RB;9;8;5;19,80;3,96;10,00;72,50;6,00;12.0;0,00;0,273;0,625;0,500;42,97;39,89
2021;Tommy;Mark Ingram;RB;2;6;5;15,10;3,02;4,10;81,60;5,80;14.0;0,00;0,185;0,833;0,938;39,98;38,41
2021;Simi;Devin Singletary;RB;3;3;3;13,50;4,50;8,60;111,60;7,40;15.0;6,20;0,121;1,000;0,875;39,87;36,03
2021;Marv;D'Onta Foreman;RB;11;2;2;13,20;6,60;9,20;57,30;8,20;7.0;0,00;0,230;1,000;0,375;39,40;35,22
2021;Benni;Pat Freiermuth;TE;12;1;1;10,00;10,00;10,00;84,20;6,00;14.0;0,00;0,119;1,000;0,312;38,61;43,90
2021;Erik;Michael Carter;RB;15;2;2;14,40;7,20;12,40;110,20;9,20;12.0;0,00;0,131;1,000;0,125;38,00;35,19
2021;Kessi;Mo Alie-Cox;TE;7;1;1;8,50;8,50;8,50;50,10;3,30;15.0;0,00;0,170;1,000;0,625;37,99;43,13
2021;Benni;Mark Ingram;RB;11;1;1;9,30;9,30;9,30;81,60;5,80;14.0;0,00;0,114;1,000;0,375;36,80;33,95
2021;Marv;Sony Michel;RB;1;4;4;11,80;2,95;7,90;104,50;7,00;15.0;0,00;0,113;1,000;1,000;36,37;32,51
2021;Tommy;Hunter Henry;TE;7;2;2;11,60;5,80;8,30;102,00;7,30;14.0;5,70;0,114;1,000;0,625;36,29;35,63
2021;Marv;Sterling Shepard;WR;3;9;3;11,70;3,90;7,60;41,70;6,00;7.0;0,00;0,281;0,333;0,875;35,49;50,82
2021;Simi;Emmanuel Sanders;WR;6;3;1;9,10;9,10;9,10;89,70;6,40;14.0;0,00;0,101;0,333;0,688;35,22;46,73
2021;Kessi;Elijah Mitchell;RB;2;5;2;11,50;5,75;6,20;118,50;11,90;10.0;0,00;0,097;0,400;0,938;34,99;31,21
2021;Simi;Jordan Howard;RB;10;1;1;8,30;8,30;8,30;57,90;9,70;6.0;0,00;0,143;1,000;0,438;34,97;32,46
2021;Tommy;Marvin Jones;WR;3;3;3;11,10;3,70;6,20;87,80;5,90;15.0;0,00;0,126;1,000;0,875;34,67;48,50
2021;Erik;Chuba Hubbard;RB;13;2;1;9,30;9,30;9,30;88,20;6,30;14.0;0,00;0,105;0,500;0,250;33,67;31,69
2021;Erik;Hunter Henry;TE;9;1;1;7,90;7,90;7,90;102,00;7,30;14.0;5,70;0,077;1,000;0,500;32,98;34,49
2021;Marv;Emmanuel Sanders;WR;10;3;3;10,50;3,50;5,10;89,70;6,40;14.0;0,00;0,117;1,000;0,438;29,20;40,66
2021;Benni;Kadarius Toney;WR;6;2;2;6,96;3,48;3,60;43,40;4,80;9.0;0,00;0,160;1,000;0,688;27,29;35,71
2021;Erik;Trey Lance;QB;1;1;1;4,40;4,40;4,40;46,90;9,40;5.0;0,00;0,094;1,000;1,000;26,30;16,41
2021;Marv;Hunter Renfrow;WR;5;1;1;5,60;5,60;5,60;129,60;8,60;15.0;14,30;0,043;1,000;0,750;25,51;36,48
2021;Marv;Devonta Freeman;RB;10;1;1;5,80;5,80;5,80;102,20;7,30;14.0;0,00;0,057;1,000;0,438;25,29;24,89
2021;Erik;Jeffery Wilson;RB;11;1;1;5,80;5,80;5,80;44,50;6,40;7.0;0,00;0,130;1,000;0,375;25,00;23,72
2021;Juschka;Jamison Crowder;WR;5;1;1;4,40;4,40;4,40;57,10;5,20;11.0;0,00;0,077;1,000;0,750;24,30;30,32
2021;Benni;Jared Cook;TE;16;1;1;6,40;6,40;6,40;76,40;5,10;15.0;0,00;0,084;1,000;0,062;23,98;20,21
2021;Kessi;Cole Beasley;WR;9;3;3;7,10;2,37;3,30;70,00;5,00;14.0;0,00;0,101;1,000;0,500;23,56;33,42
2021;Ritz;C.J. Uzomah;TE;8;2;2;5,70;2,85;3,30;76,10;5,10;15.0;0,00;0,075;1,000;0,562;20,78;15,08
2021;Ritz;Elijah Moore;WR;12;1;1;5,30;5,30;5,30;95,20;8,70;11.0;0,00;0,056;1,000;0,312;20,57;28,96
2021;Simi;Boston Scott;RB;9;1;1;4,00;4,00;4,00;65,00;6,50;10.0;0,00;0,062;1,000;0,500;19,85;20,46
2021;Simi;Marlon Mack;RB;2;1;1;1,60;1,60;1,60;10,90;1,80;6.0;0,00;0,147;1,000;0,938;19,06;18,68
2021;Marv;Kendrick Bourne;WR;13;3;2;6,60;3,30;6,30;113,00;7,50;15.0;0,00;0,058;0,667;0,250;18,96;24,80
2021;Simi;Jeremy McNichols;RB;9;1;1;3,50;3,50;3,50;44,20;3,70;12.0;0,00;0,079;1,000;0,500;18,17;18,63
2021;Marv;Kenneth Gainwell;RB;5;2;2;2,50;1,25;2,40;75,30;5,40;14.0;0,00;0,033;1,000;0,750;15,58;15,79
2021;Benni;Logan Thomas;TE;12;1;1;3,10;3,10;3,10;35,60;7,10;5.0;0,00;0,087;1,000;0,312;15,02;10,76
2021;Tommy;Nyheim Hines;RB;10;1;1;2,90;2,90;2,90;68,90;4,60;15.0;0,00;0,042;1,000;0,438;14,42;14,89
2021;Juschka;Van Jefferson;WR;15;2;2;3,90;1,95;3,30;108,80;7,30;15.0;0,00;0,036;1,000;0,125;12,17;13,46
2021;Tommy;Jarvis Landry;WR;2;3;1;0,90;0,90;0,90;62,60;6,30;10.0;0,00;0,014;0,333;0,938;12,01;11,25
2021;Kessi;T.Y. Hilton;WR;7;2;1;1,60;1,60;1,60;36,70;4,60;8.0;0,00;0,044;0,500;0,625;11,13;12,74
2021;Kessi;Matt Breida;RB;13;1;1;0,80;0,80;0,80;35,70;5,10;7.0;0,00;0,022;1,000;0,250;7,83;7,83
2020;Ritz;Aaron Rodgers;QB;2;15;14;325,50;23,25;30,90;361,30;24,10;15.0;44,70;0,901;0,933;0,938;97,16;96,45
2020;Marv;James Robinson;RB;2;15;13;192,40;14,80;27,70;201,40;14,40;14.0;70,60;0,955;0,867;0,938;94,20;96,96
2020;Benni;Antonio Gibson;RB;1;15;12;151,20;12,60;31,60;158,10;12,20;13.0;27,30;0,956;0,800;1,000;92,08;94,83
2020;Marv;Justin Herbert;QB;6;11;10;212,56;21,26;38,48;309,90;22,10;14.0;0,00;0,686;0,909;0,688;90,60;86,72
2020;Juschka;Mike Davis;RB;3;13;13;140,00;10,77;21,30;147,50;9,80;15.0;16,70;0,949;1,000;0,875;89,50;91,50
2020;Juschka;Justin Jefferson;WR;4;13;12;142,40;11,87;30,60;172,90;11,50;15.0;45,30;0,824;0,923;0,812;87,72;95,09
2020;Tommy;Tom Brady;QB;5;8;8;153,00;19,12;36,86;318,70;21,20;15.0;2,10;0,480;1,000;0,750;86,37;76,37
2020;Tommy;Stephen Anderson;TE;3;14;13;96,80;7,45;15,40;5,40;0,40;15.0;0,00;1,000;0,929;0,875;86,17;92,94
2020;Marv;Myles Gaskin;RB;4;13;6;85,20;14,20;28,90;109,50;12,20;9.0;0,00;0,778;0,462;0,812;84,63;86,42
2020;Ritz;Darrell Henderson;RB;3;10;9;75,20;8,36;18,80;114,30;7,60;15.0;0,00;0,658;0,900;0,875;80,80;81,23
2020;Marv;Ryan Tannehill;QB;6;4;4;77,88;19,47;28,64;321,90;21,50;15.0;5,30;0,242;1,000;0,688;79,55;71,62
2020;Tommy;Drew Brees;QB;1;4;4;59,34;14,84;23,52;195,40;17,80;11.0;0,00;0,304;1,000;1,000;78,85;63,45
2020;Erik;Hunter Henry;TE;1;11;10;67,40;6,74;12,50;85,30;6,10;14.0;0,00;0,790;0,909;1,000;78,31;86,85
2020;Kessi;J.D. McKissic;RB;10;7;7;68,80;9,83;16,70;108,40;7,20;15.0;0,00;0,635;1,000;0,438;76,99;77,28
2020;Kessi;Ryan Tannehill;QB;14;3;3;69,84;23,28;37,02;321,90;21,50;15.0;5,30;0,217;1,000;0,188;74,38;69,02
2020;Marv;Deebo Samuel;WR;4;11;7;47,70;6,81;13,30;47,70;6,80;7.0;0,00;1,000;0,636;0,812;73,88;79,98
2020;Tommy;Tee Higgins;WR;8;9;8;66,40;8,30;15,90;127,60;8,50;15.0;0,00;0,520;0,889;0,562;73,32;83,13
2020;Juschka;Adrian Peterson;RB;1;12;11;60,20;5,47;11,80;100,20;6,70;15.0;0,00;0,601;0,917;1,000;72,69;71,98
2020;Erik;Devonta Freeman;RB;2;5;4;28,20;7,05;14,70;29,00;5,80;5.0;0,00;0,972;0,800;0,938;70,99;70,66
2020;Marv;Baker Mayfield;QB;14;3;3;59,00;19,67;30,02;239,40;16,00;15.0;0,00;0,246;1,000;0,188;70,77;59,46
2020;Tommy;Chase Claypool;WR;9;8;8;57,20;7,15;17,30;136,80;9,10;15.0;9,20;0,418;1,000;0,500;67,48;73,64
2020;Kessi;Robert Tonyan;TE;9;8;8;55,90;6,99;12,70;116,80;7,80;15.0;21,90;0,479;1,000;0,500;67,08;76,28
2020;Simi;Giovani Bernard;RB;11;6;6;48,40;8,07;21,70;110,40;7,40;15.0;0,00;0,438;1,000;0,375;66,84;67,48
2020;Marv;Chase Edmonds;RB;8;9;8;54,70;6,84;12,60;112,50;7,50;15.0;0,00;0,486;0,889;0,562;66,14;66,54
2020;Ritz;Tom Brady;QB;1;1;1;20,46;20,46;20,46;318,70;21,20;15.0;2,10;0,064;1,000;1,000;65,96;52,07
2020;Simi;Wayne Gallman;RB;12;5;5;44,10;8,82;15,10;109,10;7,80;14.0;0,00;0,404;1,000;0,312;65,90;66,07
2020;Tommy;Ben Roethlisberger;QB;11;3;3;42,70;14,23;16,68;277,20;18,50;15.0;0,00;0,154;1,000;0,375;65,20;47,17
2020;Simi;Mike Gesicki;TE;13;4;3;38,70;12,90;18,50;101,60;7,30;14.0;6,70;0,381;0,750;0,250;64,79;73,33
2020;Tommy;Kirk Cousins;QB;13;2;2;38,50;19,25;21,40;284,90;19,00;15.0;0,00;0,135;1,000;0,250;64,27;50,64
2020;Juschka;Jared Goff;QB;10;2;2;33,52;16,76;23,04;253,00;16,90;15.0;0,00;0,132;1,000;0,438;63,99;46,36
2020;Ritz;Cam Newton;QB;3;4;2;28,66;14,33;17,48;231,50;16,50;14.0;0,00;0,124;0,500;0,875;63,92;42,00
2020;Simi;Jerick McKinnon;RB;3;6;6;37,20;6,20;15,70;92,60;6,20;15.0;0,00;0,402;1,000;0,875;62,81;61,67
2020;Benni;Giovani Bernard;RB;8;1;1;19,80;19,80;19,80;110,40;7,40;15.0;0,00;0,179;1,000;0,562;62,60;61,14
2020;Ritz;Nyheim Hines;RB;11;6;6;43,30;7,22;9,50;123,50;8,20;15.0;0,00;0,351;1,000;0,375;62,40;62,39
2020;Simi;Boston Scott;RB;7;3;2;23,10;11,55;15,20;62,70;4,20;15.0;0,00;0,368;0,667;0,625;61,67;61,59
2020;Simi;Jeffery Wilson;RB;16;1;1;26,40;26,40;26,40;108,50;9,90;11.0;0,00;0,243;1,000;0,062;61,59;60,35
2020;Simi;Frank Gore;RB;6;7;7;38,40;5,49;12,50;84,20;5,60;15.0;0,00;0,456;1,000;0,688;61,45;60,88
2020;Kessi;Jamison Crowder;WR;5;7;4;31,70;7,92;17,60;109,90;10,00;11.0;0,00;0,288;0,571;0,750;60,94;70,99
2020;Simi;Ryan Fitzpatrick;QB;6;1;1;16,04;16,04;16,04;160,70;16,10;10.0;0,00;0,100;1,000;0,688;57,72;36,16
2020;Erik;Chase Edmonds;RB;5;2;2;18,10;9,05;15,20;112,50;7,50;15.0;0,00;0,161;1,000;0,750;57,24;56,54
2020;Erik;Chase Claypool;WR;6;3;3;22,10;7,37;14,10;136,80;9,10;15.0;9,20;0,162;1,000;0,688;56,53;65,89
2020;Erik;Jonnu Smith;TE;3;6;5;27,20;5,44;16,00;98,40;7,00;14.0;3,50;0,276;0,833;0,875;56,35;67,05
2020;Benni;Jalen Hurts;QB;16;1;1;18,58;18,58;18,58;94,90;6,80;14.0;0,00;0,196;1,000;0,062;56,34;36,34
2020;Ritz;Dalton Schultz;TE;4;1;1;13,20;13,20;13,20;76,50;5,10;15.0;0,00;0,173;1,000;0,812;55,61;64,35
2020;Ritz;Jared Cook;TE;7;2;2;17,40;8,70;9,20;80,10;5,70;14.0;0,00;0,217;1,000;0,625;55,41;70,41
2020;Tommy;Sammy Watkins;WR;2;4;4;18,00;4,50;8,40;51,40;5,10;10.0;0,00;0,350;1,000;0,938;53,77;58,58
2020;Benni;Dallas Goedert;TE;12;1;1;13,50;13,50;13,50;70,40;6,40;11.0;0,00;0,192;1,000;0,312;51,61;62,82
2020;Kessi;Corey Davis;WR;14;3;2;18,40;9,20;17,00;122,50;9,40;13.0;0,00;0,150;0,667;0,188;50,50;60,62
2020;Ritz;Jamaal Williams;RB;8;1;1;12,20;12,20;12,20;93,50;7,20;13.0;0,00;0,130;1,000;0,562;49,64;52,84
2020;Kessi;Derek Carr;QB;8;1;1;12,54;12,54;12,54;258,20;17,20;15.0;0,00;0,049;1,000;0,562;49,13;26,91
2020;Tommy;Jared Goff;QB;4;1;1;11,70;11,70;11,70;253,00;16,90;15.0;0,00;0,046;1,000;0,812;48,96;25,48
2020;Erik;Logan Thomas;TE;15;2;2;16,40;8,20;10,10;94,90;6,30;15.0;0,00;0,173;1,000;0,125;48,44;61,57
2020;Simi;Travis Fulgham;WR;8;3;2;14,60;7,30;13,80;76,40;6,40;12.0;0,00;0,191;0,667;0,562;48,28;54,45
2020;Marv;Jonnu Smith;TE;10;4;2;15,50;7,75;8,00;98,40;7,00;14.0;3,50;0,158;0,500;0,438;47,23;58,80
2020;Tommy;Damien Harris;RB;12;2;2;14,20;7,10;9,50;86,30;8,60;10.0;0,00;0,165;1,000;0,312;45,95;47,62
2020;Marv;Jimmy Graham;TE;4;2;2;12,60;6,30;9,30;93,10;6,20;15.0;0,00;0,135;1,000;0,812;45,75;54,24
2020;Erik;DeeJay Dallas;RB;9;1;1;9,90;9,90;9,90;39,90;3,30;12.0;0,00;0,248;1,000;0,500;45,74;49,67
2020;Tommy;Gardner Minshew;QB;3;1;1;9,20;9,20;9,20;164,70;18,30;9.0;0,00;0,056;1,000;0,875;45,70;22,37
2020;Juschka;James White;RB;12;2;2;13,80;6,90;13,70;58,50;4,50;13.0;0,00;0,236;1,000;0,312;45,50;45,17
2020;Simi;Jared Cook;TE;8;2;2;12,10;6,05;11,10;80,10;5,70;14.0;0,00;0,151;1,000;0,562;41,57;48,79
2020;Erik;Carson Wentz;QB;8;1;1;8,62;8,62;8,62;213,40;17,80;12.0;0,00;0,040;1,000;0,562;40,82;15,11
2020;Marv;Cole Beasley;WR;15;2;2;12,90;6,45;11,20;125,50;8,40;15.0;0,00;0,103;1,000;0,125;39,11;43,58
2020;Juschka;Dalton Schultz;TE;6;3;3;11,00;3,67;5,30;76,50;5,10;15.0;0,00;0,144;1,000;0,688;37,47;39,95
2020;Tommy;Salvon Ahmed;RB;11;1;1;7,40;7,40;7,40;47,20;9,40;5.0;0,00;0,157;1,000;0,375;36,86;41,11
2020;Kessi;Allen Lazard;WR;4;9;2;10,10;5,05;8,30;63,10;7,00;9.0;0,00;0,160;0,222;0,812;36,38;41,10
2020;Tommy;Noah Fant;TE;3;2;2;8,10;4,05;4,60;82,50;5,90;14.0;0,00;0,098;1,000;0,875;36,33;40,67
2020;Ritz;Eric Ebron;TE;13;3;2;11,80;5,90;6,80;85,80;5,70;15.0;0,00;0,138;0,667;0,250;35,88;40,63
2020;Erik;Kalen Ballage;RB;11;1;1;7,10;7,10;7,10;55,30;5,50;10.0;0,00;0,128;1,000;0,375;34,21;37,70
2020;Benni;Joshua Kelley;RB;3;4;3;8,30;2,77;3,80;58,20;4,50;13.0;0,00;0,143;0,750;0,875;34,04;37,89
2020;Kessi;Curtis Samuel;WR;12;2;1;7,70;7,70;7,70;123,00;8,80;14.0;0,00;0,063;0,500;0,312;33,23;40,78
2020;Simi;Christian Kirk;WR;10;5;5;11,20;2,24;5,00;98,40;7,00;14.0;0,00;0,114;1,000;0,438;33,01;37,93
2020;Juschka;Devontae Booker;RB;13;4;4;10,10;2,52;5,10;67,10;4,50;15.0;0,00;0,151;1,000;0,250;30,98;35,17
2020;Erik;Dallas Goedert;TE;2;3;2;6,30;3,15;3,30;70,40;6,40;11.0;0,00;0,089;0,667;0,938;29,50;31,32
2020;Juschka;Corey Davis;WR;9;2;1;6,70;6,70;6,70;122,50;9,40;13.0;0,00;0,055;0,500;0,500;29,23;32,01
2020;Tommy;Jimmy Graham;TE;6;2;2;6,50;3,25;3,40;93,10;6,20;15.0;0,00;0,070;1,000;0,688;29,09;33,38
2020;Tommy;Antonio Gibson;RB;16;1;1;6,90;6,90;6,90;158,10;12,20;13.0;27,30;0,044;1,000;0,062;28,70;30,87
2020;Juschka;Michael Pittman;WR;12;2;2;7,40;3,70;4,60;55,90;4,70;12.0;0,00;0,132;1,000;0,312;28,69;30,10
2020;Erik;Brian Hill;RB;12;1;1;5,50;5,50;5,50;56,80;3,80;15.0;0,00;0,097;1,000;0,312;27,25;29,30
2020;Tommy;DeAndre Washington;RB;14;2;1;5,20;5,20;5,20;12,10;3,00;4.0;0,00;0,430;0,500;0,188;27,19;27,59
2020;Erik;Noah Fant;TE;9;1;1;4,50;4,50;4,50;82,50;5,90;14.0;0,00;0,055;1,000;0,500;26,08;30,37
2020;Benni;Alexander Mattison;RB;6;1;1;3,00;3,00;3,00;47,40;4,00;12.0;0,00;0,063;1,000;0,688;23,53;27,69
2020;Tommy;Jakobi Meyers;WR;11;1;1;3,80;3,80;3,80;71,30;5,50;13.0;0,00;0,053;1,000;0,375;23,18;26,39
2020;Simi;Eric Ebron;TE;10;1;1;3,80;3,80;3,80;85,80;5,70;15.0;0,00;0,044;1,000;0,438;22,97;25,49
2020;Tommy;Cam Newton;QB;12;1;1;3,96;3,96;3,96;231,50;16,50;14.0;0,00;0,017;1,000;0,312;22,72;8,38
2020;Tommy;Eric Ebron;TE;5;1;1;2,30;2,30;2,30;85,80;5,70;15.0;0,00;0,027;1,000;0,750;21,59;19,27
2020;Juschka;Sammy Watkins;WR;12;1;1;3,80;3,80;3,80;51,40;5,10;10.0;0,00;0,074;1,000;0,312;21,45;22,39
2020;Juschka;Jamaal Williams;RB;14;3;2;5,80;2,90;3,80;93,50;7,20;13.0;0,00;0,062;0,667;0,188;20,69;24,52
2020;Erik;Russell Gage;WR;4;1;1;2,00;2,00;2,00;92,90;6,20;15.0;0,00;0,022;1,000;0,812;19,81;20,82
2020;Simi;Hunter Henry;TE;7;1;1;2,30;2,30;2,30;85,30;6,10;14.0;0,00;0,027;1,000;0,625;19,63;14,84
2020;Simi;Dalton Schultz;TE;12;1;1;2,40;2,40;2,40;76,50;5,10;15.0;0,00;0,031;1,000;0,312;17,98;18,13
2020;Marv;Peyton Barber;RB;2;2;2;0,70;0,35;0,60;50,00;3,30;15.0;0,00;0,014;1,000;0,938;15,30;16,48
2020;Simi;Adrian Peterson;RB;11;1;1;1,80;1,80;1,80;100,20;6,70;15.0;0,00;0,018;1,000;0,375;13,97;18,48
2020;Benni;Noah Fant;TE;10;1;1;1,80;1,80;1,80;82,50;5,90;14.0;0,00;0,022;1,000;0,438;13,95;9,71
2020;Simi;JaMycal Hasty;RB;9;1;1;1,30;1,30;1,30;24,10;3,00;8.0;0,00;0,054;1,000;0,500;13,64;16,49
2020;Kessi;Tony Pollard;RB;16;1;1;2,00;2,00;2,00;89,40;6,00;15.0;0,00;0,022;1,000;0,062;13,02;17,30
2020;Tommy;Curtis Samuel;WR;10;1;1;1,20;1,20;1,20;123,00;8,80;14.0;0,00;0,010;1,000;0,438;11,65;9,53
2020;Simi;Marvin Jones;WR;16;1;1;1,90;1,90;1,90;121,80;8,10;15.0;0,00;0,016;1,000;0,062;11,52;9,54
2020;Erik;Latavius Murray;RB;13;1;1;1,70;1,70;1,70;113,20;7,50;15.0;0,00;0,015;1,000;0,250;11,26;15,29
2020;Tommy;Benny Snell;RB;13;1;1;1,00;1,00;1,00;63,90;4,30;15.0;0,00;0,016;1,000;0,250;9,15;11,52
2020;Simi;Salvon Ahmed;RB;16;1;1;0,30;0,30;0,30;47,20;9,40;5.0;0,00;0,006;1,000;0,062;5,71;5,71
2019;Erik;Lamar Jackson;QB;2;15;14;382,12;27,29;37,08;421,70;28,10;15.0;154,90;0,906;0,933;0,938;97,39;96,39
2019;Ritz;Dak Prescott;QB;2;15;14;274,76;19,63;31,56;319,20;21,30;15.0;52,40;0,861;0,933;0,938;94,89;86,33
2019;Simi;Tom Brady;QB;1;15;14;231,60;16,54;25,64;255,80;17,10;15.0;0,00;0,905;0,933;1,000;93,61;78,24
2019;Kessi;Carson Wentz;QB;1;9;9;152,80;16,98;25,02;265,80;17,70;15.0;0,00;0,575;1,000;1,000;88,87;71,75
2019;Marv;Carlos Hyde;RB;3;14;13;124,40;9,57;17,00;141,90;9,50;15.0;0,60;0,877;0,929;0,875;87,04;92,00
2019;Benni;Mark Andrews;TE;2;14;13;109,10;8,39;21,30;143,20;9,50;15.0;63,00;0,762;0,929;0,938;82,53;89,74
2019;Juschka;D.J. Chark;WR;4;13;11;103,70;9,43;28,40;149,40;10,70;14.0;15,40;0,694;0,846;0,812;81,17;89,76
2019;Juschka;Josh Allen;QB;11;6;6;124,10;20,68;33,84;297,40;19,80;15.0;30,60;0,417;1,000;0,375;80,74;66,25
2019;Tommy;Devin Singletary;RB;9;8;8;83,90;10,49;20,00;118,90;9,90;12.0;0,00;0,706;1,000;0,500;79,49;85,59
2019;Erik;Golden Tate;WR;4;11;8;75,00;9,38;19,50;90,40;9,00;10.0;0,00;0,830;0,727;0,812;79,33;82,70
2019;Benni;Ryan Tannehill;QB;13;4;4;89,16;22,29;27,54;212,30;19,30;11.0;0,00;0,420;1,000;0,250;78,19;64,43
2019;Benni;Matt Breida;RB;2;7;6;61,80;10,30;24,90;82,70;6,90;12.0;0,00;0,747;0,857;0,938;77,80;86,69
2019;Juschka;Michael Gallup;WR;6;11;10;79,00;7,90;14,80;118,90;9,10;13.0;0,00;0,664;0,909;0,688;75,53;80,88
2019;Benni;DeVante Parker;WR;12;5;5;76,10;15,22;27,90;160,50;10,70;15.0;26,50;0,474;1,000;0,312;74,38;80,23
2019;Erik;John Brown;WR;7;7;7;73,22;10,46;25,70;147,80;9,90;15.0;13,80;0,495;1,000;0,625;74,28;77,68
2019;Benni;Josh Allen;QB;3;3;3;56,86;18,95;21,28;297,40;19,80;15.0;30,60;0,191;1,000;0,875;72,71;55,99
2019;Erik;Darren Waller;TE;2;7;6;59,40;9,90;24,60;120,30;8,00;15.0;40,10;0,494;0,857;0,938;72,66;83,46
2019;Ritz;Carson Wentz;QB;12;4;4;74,78;18,70;24,40;265,80;17,70;15.0;0,00;0,281;1,000;0,312;72,46;53,59
2019;Marv;Marquise Brown;WR;2;15;12;72,20;6,02;16,20;98,90;7,60;13.0;0,00;0,730;0,800;0,938;72,26;67,83
2019;Ritz;Austin Hooper;TE;5;12;8;69,50;8,69;17,70;112,20;9,40;12.0;32,00;0,619;0,667;0,750;71,58;82,98
2019;Ritz;Emmanuel Sanders;WR;1;5;5;44,70;8,94;17,80;121,80;7,60;16.0;0,00;0,367;1,000;1,000;67,58;64,50
2019;Kessi;Emmanuel Sanders;WR;9;8;8;62,60;7,83;27,10;121,80;7,60;16.0;0,00;0,514;1,000;0,500;67,34;63,71
2019;Benni;Josh Gordon;WR;1;6;5;34,10;6,82;13,30;47,70;4,30;11.0;0,00;0,715;0,833;1,000;66,11;57,89
2019;Simi;Kyle Rudolph;TE;10;6;5;45,00;9,00;15,40;74,70;5,00;15.0;0,00;0,602;0,833;0,438;65,50;76,62
2019;Kessi;Tyrell Williams;WR;5;12;9;55,50;6,17;15,10;101,10;7,80;13.0;0,00;0,549;0,750;0,750;64,24;58,99
2019;Simi;Kirk Cousins;QB;13;4;4;49,18;12,29;17,04;250,40;16,70;15.0;0,00;0,196;1,000;0,250;62,15;36,69
2019;Benni;Jameis Winston;QB;15;2;2;43,72;21,86;32,72;318,80;21,30;15.0;52,00;0,137;1,000;0,125;62,09;45,18
2019;Ritz;Kirk Cousins;QB;8;2;2;30,90;15,45;19,30;250,40;16,70;15.0;0,00;0,123;1,000;0,562;59,66;33,09
2019;Simi;Ryan Fitzpatrick;QB;16;1;1;31,66;31,66;31,66;230,20;16,40;14.0;0,00;0,138;1,000;0,062;59,40;46,44
2019;Benni;Raheem Mostert;RB;14;2;2;32,80;16,40;22,90;131,90;8,80;15.0;0,00;0,249;1,000;0,188;59,27;71,98
2019;Erik;Terry McLaurin;WR;4;6;5;36,00;7,20;22,00;133,90;9,60;14.0;0,00;0,269;0,833;0,812;59,12;52,82
2019;Erik;Jonathan Williams;RB;12;1;1;18,10;18,10;18,10;35,40;4,40;8.0;0,00;0,511;1,000;0,312;58,96;72,15
2019;Simi;Will Dissly;TE;4;3;2;20,50;10,25;11,70;50,90;8,50;6.0;0,00;0,403;0,667;0,812;58,60;68,93
2019;Tommy;Matthew Stafford;QB;9;3;1;24,84;24,84;24,84;171,60;21,40;8.0;0,00;0,145;0,333;0,500;57,62;38,84
2019;Simi;Frank Gore;RB;4;4;4;27,80;6,95;10,90;77,70;5,20;15.0;0,00;0,358;1,000;0,812;57,51;71,22
2019;Ritz;Darren Waller;TE;11;6;6;42,80;7,13;12,20;120,30;8,00;15.0;40,10;0,356;1,000;0,375;57,02;66,95
2019;Simi;Jameis Winston;QB;10;1;1;18,32;18,32;18,32;318,80;21,30;15.0;52,00;0,057;1,000;0,438;54,26;25,24
2019;Erik;Mark Andrews;TE;10;1;1;17,30;17,30;17,30;143,20;9,50;15.0;63,00;0,121;1,000;0,438;53,51;62,15
2019;Tommy;Jimmy Garoppolo;QB;15;2;2;23,02;11,51;12,60;248,50;16,60;15.0;0,00;0,093;1,000;0,125;51,18;17,02
2019;Juschka;Gerald Everett;TE;6;6;5;22,20;4,44;11,00;52,80;4,40;12.0;0,00;0,420;0,833;0,688;50,27;59,73
2019;Simi;DeAndre Washington;RB;16;1;1;16,60;16,60;16,60;72,70;4,80;15.0;0,00;0,228;1,000;0,062;50,26;62,22
2019;Benni;Daniel Jones;QB;4;1;1;12,30;12,30;12,30;211,30;17,60;12.0;0,00;0,058;1,000;0,812;50,09;16,49
2019;Kessi;Greg Olsen;TE;10;7;5;25,40;5,08;9,80;70,50;5,40;13.0;0,00;0,360;0,714;0,438;49,33;59,06
2019;Tommy;Jacoby Brissett;QB;12;1;1;13,16;13,16;13,16;218,50;15,60;14.0;0,00;0,060;1,000;0,312;45,97;15,90
2019;Benni;Alexander Mattison;RB;10;6;4;19,60;4,90;7,30;58,40;4,50;13.0;0,00;0,336;0,667;0,438;44,95;59,57
2019;Tommy;Randall Cobb;WR;2;4;4;15,20;3,80;5,30;91,80;6,60;14.0;0,00;0,166;1,000;0,938;44,80;43,37
2019;Benni;Devin Singletary;RB;2;6;2;14,30;7,15;11,70;118,90;9,90;12.0;0,00;0,120;0,333;0,938;43,82;55,12
2019;Benni;Tyler Higbee;TE;15;1;1;11,10;11,10;11,10;77,00;5,50;14.0;0,00;0,144;1,000;0,125;43,17;56,03
2019;Marv;Benny Snell;RB;13;3;3;14,90;4,97;12,70;39,80;3,30;12.0;0,00;0,374;1,000;0,250;41,28;54,02
2019;Simi;Terry McLaurin;WR;11;3;3;14,90;4,97;7,20;133,90;9,60;14.0;0,00;0,111;1,000;0,375;39,44;35,41
2019;Tommy;Breshad Perriman;WR;16;1;1;10,20;10,20;10,20;82,70;6,40;13.0;0,00;0,123;1,000;0,062;39,17;42,96
2019;Benni;Darren Waller;TE;8;2;2;11,10;5,55;7,10;120,30;8,00;15.0;40,10;0,092;1,000;0,562;38,10;46,76
2019;Benni;Jaylen Samuels;RB;9;2;2;10,30;5,15;6,30;56,80;4,40;13.0;0,00;0,181;1,000;0,500;37,96;49,99
2019;Benni;Justin Jackson;RB;1;1;1;6,10;6,10;6,10;21,10;3,50;6.0;0,00;0,289;1,000;1,000;37,63;50,70
2019;Ritz;T.J. Hockenson;TE;2;3;3;9,50;3,17;8,70;48,70;4,10;12.0;0,00;0,195;1,000;0,938;37,06;42,54
2019;Ritz;Delanie Walker;TE;3;1;1;6,40;6,40;6,40;33,50;4,80;7.0;0,00;0,191;1,000;0,875;36,86;42,33
2019;Simi;Dion Lewis;RB;16;1;1;8,70;8,70;8,70;40,70;2,70;15.0;0,00;0,214;1,000;0,062;35,54;48,38
2019;Ritz;Darius Slayton;WR;15;2;1;9,10;9,10;9,10;117,00;9,00;13.0;0,00;0,078;0,500;0,125;33,58;34,92
2019;Benni;John Brown;WR;10;1;1;7,70;7,70;7,70;147,80;9,90;15.0;13,80;0,052;1,000;0,438;33,33;30,16
2019;Tommy;Jacob Hollister;TE;12;3;3;10,00;3,33;4,40;50,40;5,00;10.0;0,00;0,198;1,000;0,312;32,19;40,61
2019;Ritz;Terry McLaurin;WR;16;1;1;8,60;8,60;8,60;133,90;9,60;14.0;0,00;0,064;1,000;0,062;32,19;32,08
2019;Simi;Ryan Griffin;TE;12;1;1;7,30;7,30;7,30;64,00;4,90;13.0;0,00;0,114;1,000;0,312;32,15;39,83
2019;Ritz;Jamaal Williams;RB;11;2;1;8,00;8,00;8,00;106,90;7,60;14.0;0,00;0,075;0,500;0,375;31,89;43,74
2019;Ritz;Malcolm Brown;RB;2;1;1;4,70;4,70;4,70;47,90;3,70;13.0;0,00;0,098;1,000;0,938;30,12;41,30
2019;Simi;T.J. Hockenson;TE;9;1;1;5,60;5,60;5,60;48,70;4,10;12.0;0,00;0,115;1,000;0,500;28,31;28,39
2019;Juschka;Jimmy Graham;TE;12;5;4;8,80;2,20;4,90;57,80;3,90;15.0;0,00;0,152;0,800;0,312;26,96;30,35
2019;Benni;Jacob Hollister;TE;16;1;1;6,40;6,40;6,40;50,40;5,00;10.0;0,00;0,127;1,000;0,062;26,92;29,91
2019;Erik;Malcolm Brown;RB;6;1;1;4,00;4,00;4,00;47,90;3,70;13.0;0,00;0,084;1,000;0,688;25,46;32,23
2019;Tommy;Mark Walton;RB;9;1;1;4,10;4,10;4,10;27,00;3,90;7.0;0,00;0,152;1,000;0,500;25,45;34,55
2019;Ritz;Greg Olsen;TE;4;4;2;5,70;2,85;5,20;70,50;5,40;13.0;0,00;0,081;0,500;0,812;24,64;24,22
2019;Marv;Ty Johnson;RB;8;1;1;3,80;3,80;3,80;29,70;2,00;15.0;0,00;0,128;1,000;0,562;23,76;28,45
2019;Juschka;John Ross;WR;3;3;2;3,80;1,90;3,60;63,00;9,00;7.0;0,00;0,060;0,667;0,875;20,67;21,48
2019;Simi;Jason Witten;TE;7;1;1;3,30;3,30;3,30;74,50;5,00;15.0;0,00;0,044;1,000;0,625;20,57;21,43
2019;Ritz;Deebo Samuel;WR;15;1;1;3,70;3,70;3,70;112,60;8,00;14.0;0,00;0,033;1,000;0,125;16,50;14,74
2019;Benni;Mike Boone;RB;16;1;1;3,30;3,30;3,30;25,00;1,70;15.0;0,00;0,132;1,000;0,062;15,40;20,33
2019;Benni;Jonathan Williams;RB;13;1;1;2,50;2,50;2,50;35,40;4,40;8.0;0,00;0,071;1,000;0,250;15,03;18,11
2019;Erik;Jimmy Graham;TE;6;1;1;1,70;1,70;1,70;57,80;3,90;15.0;0,00;0,029;1,000;0,688;14,88;12,31
2019;Simi;Jimmy Graham;TE;8;1;1;2,00;2,00;2,00;57,80;3,90;15.0;0,00;0,035;1,000;0,562;14,80;14,48
2019;Benni;Wayne Gallman;RB;5;1;1;1,40;1,40;1,40;37,20;3,70;10.0;0,00;0,038;1,000;0,750;14,78;16,25
2019;Benni;Curtis Samuel;WR;11;1;1;2,50;2,50;2,50;116,40;7,80;15.0;0,00;0,021;1,000;0,375;14,67;13,56
2019;Ritz;Chase Edmonds;RB;8;1;1;1,30;1,30;1,30;70,90;5,90;12.0;0,00;0,018;1,000;0,562;11,74;10,89
2019;Benni;DeAndre Washington;RB;15;1;1;2,20;2,20;2,20;72,70;4,80;15.0;0,00;0,030;1,000;0,125;11,21;13,06
2019;Marv;Josh Gordon;WR;11;2;1;1,00;1,00;1,00;47,70;4,30;11.0;0,00;0,021;0,500;0,375;6,57;6,57
2018;Tommy;Patrick Mahomes;QB;2;15;14;371,40;26,53;38,84;399,70;26,60;15.0;113,30;0,929;0,933;0,938;97,76;96,55
2018;Kessi;Jared Goff;QB;1;16;15;286,36;19,09;39,30;286,40;19,10;15.0;0,00;1,000;0,938;1,000;97,13;88,98
2018;Benni;James Conner;RB;1;15;12;215,60;17,97;33,20;215,30;17,90;12.0;71,60;1,000;0,800;1,000;94,89;97,82
2018;Simi;Matt Ryan;QB;4;13;12;245,96;20,50;29,26;325,60;21,70;15.0;39,20;0,755;0,923;0,812;91,62;82,63
2018;Juschka;Adrian Peterson;RB;1;16;15;169,00;11,27;25,60;169,00;11,30;15.0;25,30;1,000;0,938;1,000;90,58;90,87
2018;Erik;Phillip Lindsay;RB;2;15;14;171,60;12,26;27,90;187,80;12,50;15.0;44,10;0,914;0,933;0,938;89,64;91,58
2018;Marv;Philip Rivers;QB;4;13;12;209,24;17,44;23,96;278,00;18,50;15.0;0,00;0,753;0,923;0,812;89,14;73,32
2018;Marv;James White;RB;1;9;9;136,60;15,18;23,20;176,70;11,80;15.0;33,00;0,773;1,000;1,000;88,93;89,83
2018;Kessi;Chris Carson;RB;4;13;10;135,80;13,58;23,60;162,50;12,50;13.0;18,80;0,836;0,769;0,812;85,39;85,68
2018;Marv;Tyler Lockett;WR;4;13;12;114,40;9,53;16,50;152,50;10,20;15.0;25,30;0,750;0,923;0,812;81,65;92,17
2018;Marv;Matt Breida;RB;3;14;12;108,50;9,04;25,20;135,50;9,70;14.0;0,00;0,801;0,857;0,875;81,27;78,87
2018;Erik;Tyler Boyd;WR;4;13;11;107,70;9,79;19,60;145,10;10,40;14.0;17,90;0,742;0,846;0,812;80,26;90,30
2018;Juschka;Jared Cook;TE;2;15;14;104,80;7,49;23,00;122,80;8,20;15.0;37,50;0,853;0,933;0,938;80,17;90,96
2018;Tommy;T.J. Yeldon;RB;2;10;9;92,60;10,29;20,00;118,10;8,40;14.0;0,00;0,784;0,900;0,938;79,75;76,82
2018;Benni;George Kittle;TE;6;11;10;101,90;10,19;27,00;149,80;10,00;15.0;64,50;0,680;0,909;0,688;77,74;86,33
2018;Simi;Aaron Jones;RB;10;7;6;95,40;15,90;29,20;145,40;12,10;12.0;1,70;0,656;0,857;0,438;76,84;76,45
2018;Simi;Tarik Cohen;RB;7;10;10;100,84;10,08;22,64;153,70;10,20;15.0;10,00;0,656;1,000;0,625;76,42;74,62
2018;Simi;Kirk Cousins;QB;1;3;3;63,90;21,30;33,50;272,10;18,10;15.0;0,00;0,235;1,000;1,000;75,97;64,24
2018;Marv;Jameis Winston;QB;6;3;3;59,64;19,88;30,70;165,70;16,60;10.0;0,00;0,360;1,000;0,688;73,28;56,57
2018;Ritz;Kirk Cousins;QB;5;5;5;75,82;15,16;20,66;272,10;18,10;15.0;0,00;0,279;1,000;0,750;72,13;53,11
2018;Marv;Mitchell Trubisky;QB;9;8;6;94,74;15,79;36,00;252,90;19,50;13.0;0,00;0,375;0,750;0,500;71,93;55,80
2018;Juschka;Calvin Ridley;WR;4;13;12;87,40;7,28;17,50;133,60;8,90;15.0;6,40;0,654;0,923;0,812;71,88;82,55
2018;Juschka;Eric Ebron;TE;7;10;8;75,70;9,46;25,10;144,20;9,60;15.0;58,90;0,525;0,800;0,625;69,46;78,71
2018;Simi;Latavius Murray;RB;3;7;6;53,90;8,98;20,30;108,10;7,20;15.0;0,00;0,499;0,857;0,875;69,30;67,87
2018;Tommy;Gus Edwards;RB;12;5;5;53,60;10,72;16,40;80,20;8,00;10.0;0,00;0,668;1,000;0,312;68,58;66,96
2018;Tommy;Damien Williams;RB;15;2;2;42,30;21,15;24,30;63,70;4,20;15.0;0,00;0,664;1,000;0,125;67,88;66,50
2018;Simi;O.J. Howard;TE;7;5;5;46,10;9,22;17,30;86,50;8,70;10.0;1,20;0,533;1,000;0,625;65,91;75,72
2018;Juschka;Will Fuller;WR;4;5;5;40,90;8,18;18,40;74,30;10,60;7.0;0,00;0,550;1,000;0,812;64,48;76,37
2018;Marv;Javorius Allen;RB;2;4;4;35,50;8,88;14,60;58,60;4,20;14.0;0,00;0,606;1,000;0,938;64,25;58,47
2018;Benni;Josh Allen;QB;14;3;3;49,78;16,59;19,76;167,60;15,20;11.0;0,00;0,297;1,000;0,188;64,00;41,33
2018;Ritz;Jaylen Samuels;RB;14;3;3;38,80;12,93;17,20;59,30;4,60;13.0;0,00;0,654;1,000;0,188;62,91;61,10
2018;Benni;Baker Mayfield;QB;6;2;2;37,28;18,64;24,96;219,10;16,90;13.0;0,00;0,170;1,000;0,688;62,21;43,72
2018;Erik;Kenny Golladay;WR;11;6;6;52,20;8,70;17,30;137,10;9,10;15.0;9,90;0,381;1,000;0,375;61,69;74,92
2018;Benni;Giovani Bernard;RB;4;1;1;21,60;21,60;21,60;59,40;5,40;11.0;0,00;0,364;1,000;0,812;61,25;57,70
2018;Simi;DeSean Jackson;WR;6;6;6;44,60;7,43;13,20;110,30;9,20;12.0;0,00;0,404;1,000;0,688;60,83;74,30
2018;Juschka;Austin Ekeler;RB;9;8;6;48,20;8,03;16,30;118,00;9,10;13.0;0,00;0,408;0,750;0,500;60,54;58,11
2018;Tommy;Peyton Barber;RB;12;5;5;45,70;9,14;14,90;123,50;8,20;15.0;0,00;0,370;1,000;0,312;59,56;57,79
2018;Tommy;Eric Ebron;TE;5;1;1;22,50;22,50;22,50;144,20;9,60;15.0;58,90;0,156;1,000;0,750;58,84;67,19
2018;Juschka;Andy Dalton;QB;5;2;2;30,08;15,04;17,16;174,50;15,90;11.0;0,00;0,172;1,000;0,750;58,64;32,22
2018;Juschka;Ryan Fitzpatrick;QB;3;2;2;28,18;14,09;25,14;165,80;20,70;8.0;0,00;0,170;1,000;0,875;58,52;28,44
2018;Simi;Josh Adams;RB;12;5;5;37,40;7,48;16,40;66,60;4,40;15.0;0,00;0,562;1,000;0,312;56,88;50,67
2018;Benni;Kirk Cousins;QB;12;1;1;27,38;27,38;27,38;272,10;18,10;15.0;0,00;0,101;1,000;0,312;55,75;36,78
2018;Erik;Aaron Jones;RB;3;4;4;28,90;7,22;14,20;145,40;12,10;12.0;1,70;0,199;1,000;0,875;53,07;47,32
2018;Kessi;James White;RB;10;7;6;40,10;6,68;11,80;176,70;11,80;15.0;33,00;0,227;0,857;0,438;52,18;47,36
2018;Benni;Spencer Ware;RB;13;4;2;24,10;12,05;12,90;59,00;4,50;13.0;0,00;0,408;0,500;0,250;51,12;47,88
2018;Erik;David Njoku;TE;12;5;5;32,90;6,58;13,30;81,70;5,40;15.0;0,00;0,403;1,000;0,312;50,72;61,22
2018;Kessi;Austin Hooper;TE;10;7;6;35,10;5,85;11,60;85,30;5,70;15.0;0,00;0,411;0,857;0,438;49,94;62,48
2018;Marv;Justin Jackson;RB;14;3;3;22,60;7,53;14,50;45,10;3,80;12.0;0,00;0,501;1,000;0,188;49,84;43,81
2018;Benni;Robbie Chosen;WR;16;1;1;20,00;20,00;20,00;104,00;8,00;13.0;0,00;0,192;1,000;0,062;49,17;64,86
2018;Benni;Corey Clement;RB;6;1;1;12,90;12,90;12,90;59,10;5,40;11.0;0,00;0,218;1,000;0,688;48,93;45,74
2018;Benni;Lamar Jackson;QB;13;1;1;16,50;16,50;16,50;131,40;8,80;15.0;0,00;0,126;1,000;0,250;46,83;20,10
2018;Kessi;Wendell Smallwood;RB;6;4;3;21,40;7,13;12,60;81,70;5,40;15.0;0,00;0,262;0,750;0,688;46,00;38,68
2018;Marv;Kyle Rudolph;TE;4;6;6;21,80;3,63;5,70;85,50;5,70;15.0;0,20;0,255;1,000;0,812;44,39;51,06
2018;Kessi;Kenny Stills;WR;2;4;4;19,50;4,87;12,10;90,60;6,50;14.0;0,00;0,215;1,000;0,938;43,94;59,88
2018;Simi;Will Dissly;TE;2;2;2;10,60;5,30;10,20;27,60;6,90;4.0;0,00;0,384;1,000;0,938;43,14;48,96
2018;Benni;David Njoku;TE;7;2;1;11,20;11,20;11,20;81,70;5,40;15.0;0,00;0,137;0,500;0,625;42,58;53,16
2018;Benni;Peyton Barber;RB;1;3;3;13,10;4,37;6,90;123,50;8,20;15.0;0,00;0,106;1,000;1,000;41,03;36,30
2018;Tommy;Corey Clement;RB;3;1;1;7,50;7,50;7,50;59,10;5,40;11.0;0,00;0,127;1,000;0,875;39,77;35,66
2018;Benni;Jack Doyle;TE;11;2;2;11,90;5,95;7,60;34,50;5,80;6.0;0,00;0,345;1,000;0,375;38,70;50,98
2018;Benni;Tyrell Williams;WR;8;3;2;12,90;6,45;8,30;94,50;6,30;15.0;0,00;0,137;0,667;0,562;38,23;54,19
2018;Marv;Jeremy Hill;RB;1;1;1;3,10;3,10;3,10;3,10;3,10;1.0;0,00;1,000;1,000;1,000;38,22;36,18
2018;Ritz;Courtland Sutton;WR;14;3;3;18,00;6,00;12,50;91,80;6,10;15.0;0,00;0,196;1,000;0,188;37,60;52,55
2018;Erik;Geronimo Allison;WR;2;1;1;6,40;6,40;6,40;42,30;8,50;5.0;0,00;0,151;1,000;0,938;36,42;49,83
2018;Tommy;John Ross;WR;1;1;1;6,30;6,30;6,30;63,80;5,30;12.0;0,00;0,099;1,000;1,000;35,48;46,49
2018;Ritz;Jordan Reed;TE;2;3;2;10,00;5,00;6,50;65,80;5,10;13.0;0,00;0,152;0,667;0,938;35,44;38,52
2018;Tommy;O.J. Howard;TE;3;2;1;7,20;7,20;7,20;86,50;8,70;10.0;1,20;0,083;0,500;0,875;34,72;40,14
2018;Benni;Chris Carson;RB;1;2;2;8,30;4,15;5,90;162,50;12,50;13.0;18,80;0,051;1,000;1,000;34,43;31,94
2018;Tommy;Kenny Golladay;WR;7;3;3;10,30;3,43;5,40;137,10;9,10;15.0;9,90;0,075;1,000;0,625;31,93;44,19
2018;Simi;Austin Ekeler;RB;6;1;1;6,00;6,00;6,00;118,00;9,10;13.0;0,00;0,051;1,000;0,688;30,09;26,17
2018;Erik;Matt Breida;RB;1;1;1;5,10;5,10;5,10;135,50;9,70;14.0;0,00;0,038;1,000;1,000;29,57;27,04
2018;Marv;John Brown;WR;5;1;1;5,80;5,80;5,80;101,20;6,70;15.0;0,00;0,057;1,000;0,750;29,36;39,26
2018;Simi;Adam Humphries;WR;15;2;2;10,20;5,10;7,90;106,10;7,10;15.0;0,00;0,096;1,000;0,125;29,13;41,78
2018;Benni;T.J. Yeldon;RB;13;1;1;6,50;6,50;6,50;118,10;8,40;14.0;0,00;0,055;1,000;0,250;29,10;23,91
2018;Tommy;John Brown;WR;8;5;4;9,10;2,27;2,80;101,20;6,70;15.0;0,00;0,090;0,800;0,562;27,53;36,42
2018;Erik;Keelan Cole;WR;3;1;1;4,00;4,00;4,00;46,60;3,10;15.0;0,00;0,086;1,000;0,875;26,82;33,68
2018;Ritz;David Njoku;TE;9;1;1;5,30;5,30;5,30;81,70;5,40;15.0;0,00;0,065;1,000;0,500;25,97;29,80
2018;Ritz;DeSean Jackson;WR;3;1;1;3,70;3,70;3,70;110,30;9,20;12.0;0,00;0,034;1,000;0,875;25,26;29,71
2018;Benni;Dak Prescott;QB;15;1;1;6,24;6,24;6,24;252,40;16,80;15.0;0,00;0,025;1,000;0,125;24,85;6,62
2018;Benni;Nelson Agholor;WR;3;2;2;4,60;2,30;2,40;85,40;5,70;15.0;0,00;0,054;1,000;0,875;24,67;31,83
2018;Tommy;Albert Wilson;WR;7;1;1;3,60;3,60;3,60;70,80;10,10;7.0;0,00;0,051;1,000;0,625;22,02;24,29
2018;Tommy;Nyheim Hines;RB;6;1;1;3,50;3,50;3,50;95,00;6,30;15.0;0,00;0,037;1,000;0,688;21,66;20,67
2018;Tommy;George Kittle;TE;2;1;1;2,20;2,20;2,20;149,80;10,00;15.0;64,50;0,015;1,000;0,938;18,72;22,84
2018;Ritz;Alfred Morris;RB;1;1;1;1,80;1,80;1,80;42,60;3,90;11.0;0,00;0,042;1,000;1,000;17,41;15,63
2018;Kessi;Mike Davis;RB;6;2;1;2,60;2,60;2,60;91,20;6,50;14.0;0,00;0,029;0,500;0,688;16,48;13,93
2018;Simi;Vance McDonald;TE;12;1;1;2,70;2,70;2,70;79,10;5,70;14.0;0,00;0,034;1,000;0,312;16,07;20,98
2018;Benni;Jordan Reed;TE;5;1;1;2,10;2,10;2,10;65,80;5,10;13.0;0,00;0,032;1,000;0,750;15,54;12,98
2018;Ritz;Mike Williams;WR;4;1;1;1,50;1,50;1,50;125,80;8,40;15.0;0,00;0,012;1,000;0,812;14,30;17,39
2018;Benni;Jeffery Wilson;RB;15;1;1;2,60;2,60;2,60;31,50;6,30;5.0;0,00;0,083;1,000;0,125;12,83;9,55
2018;Juschka;Tre'Quan Smith;WR;12;5;2;2,60;1,30;1,50;63,70;4,60;14.0;0,00;0,041;0,400;0,312;9,85;11,19
2018;Simi;Jordan Reed;TE;13;2;1;2,10;2,10;2,10;65,80;5,10;13.0;0,00;0,032;0,500;0,250;8,81;9,60
2018;Tommy;Mike Williams;WR;16;1;1;1,10;1,10;1,10;125,80;8,40;15.0;0,00;0,009;1,000;0,062;5,76;5,76
2017;Kessi;Deshaun Watson;QB;4;5;4;125,34;31,33;35,54;168,90;24,10;7.0;0,00;0,742;0,800;0,812;91,48;86,11
2017;Tommy;Dak Prescott;QB;4;13;12;191,94;16,00;29,96;247,90;16,50;15.0;0,00;0,774;0,923;0,812;91,25;79,58
2017;Juschka;Alex Smith;QB;5;12;11;205,60;18,69;37,64;295,20;19,70;15.0;46,60;0,696;0,917;0,750;91,11;85,86
2017;Tommy;Chris Thompson;RB;2;10;9;100,80;11,20;24,80;112,40;11,20;10.0;0,00;0,897;0,900;0,938;88,22;91,66
2017;Erik;Carson Wentz;QB;7;8;7;161,08;23,01;31,02;281,70;21,70;13.0;33,10;0,572;0,875;0,625;87,61;80,63
2017;Marv;Alvin Kamara;RB;9;7;7;137,60;19,66;30,80;214,60;14,30;15.0;82,30;0,641;1,000;0,500;87,23;89,61
2017;Marv;Adam Thielen;WR;4;13;12;114,70;9,56;22,60;142,60;9,50;15.0;25,40;0,804;0,923;0,812;85,68;91,05
2017;Kessi;Kenyan Drake;RB;10;6;6;82,00;13,67;20,10;101,30;6,80;15.0;0,00;0,809;1,000;0,438;81,87;87,19
2017;Tommy;Jimmy Garoppolo;QB;13;4;4;66,20;16,55;21,98;71,30;14,30;5.0;0,00;0,928;1,000;0,250;80,27;60,94
2017;Kessi;Kirk Cousins;QB;11;6;6;102,14;17,02;25,98;270,10;18,00;15.0;21,50;0,378;1,000;0,375;79,64;64,42
2017;Benni;Ben Roethlisberger;QB;12;4;4;94,46;23,61;30,54;260,70;17,40;15.0;12,10;0,362;1,000;0,312;79,48;68,79
2017;Marv;Marvin Jones;WR;9;8;8;91,20;11,40;22,90;150,00;10,00;15.0;32,80;0,608;1,000;0,500;79,47;85,68
2017;Tommy;Nelson Agholor;WR;6;11;10;85,10;8,51;20,10;123,70;8,20;15.0;6,50;0,688;0,909;0,688;78,47;82,99
2017;Benni;Zach Ertz;TE;3;6;6;67,80;11,30;14,90;126,00;9,70;13.0;43,70;0,538;1,000;0,875;78,01;89,82
2017;Marv;Philip Rivers;QB;12;5;5;89,86;17,97;28,86;242,40;16,20;15.0;0,00;0,371;1,000;0,312;77,49;60,83
2017;Benni;Dion Lewis;RB;8;6;6;73,90;12,32;27,30;139,70;9,30;15.0;7,40;0,529;1,000;0,562;76,43;79,37
2017;Juschka;Jerick McKinnon;RB;7;10;9;77,60;8,62;20,20;122,70;8,20;15.0;0,00;0,632;0,900;0,625;76,42;79,69
2017;Kessi;Matthew Stafford;QB;11;6;6;87,58;14,60;18,26;246,50;16,40;15.0;0,00;0,355;1,000;0,375;76,02;52,17
2017;Kessi;Tarik Cohen;RB;2;14;13;69,04;5,31;11,90;88,40;5,90;15.0;0,00;0,781;0,929;0,938;75,03;76,01
2017;Erik;Alex Collins;RB;12;5;5;67,90;13,58;22,60;132,40;9,50;14.0;0,10;0,513;1,000;0,312;74,22;75,54
2017;Erik;Matthew Stafford;QB;3;4;4;56,56;14,14;16,46;246,50;16,40;15.0;0,00;0,229;1,000;0,875;74,09;49,57
2017;Erik;Devin Funchess;WR;9;8;7;67,50;9,64;21,20;121,20;8,10;15.0;4,00;0,557;0,875;0,500;72,60;79,92
2017;Erik;Alfred Morris;RB;6;10;9;56,40;6,27;18,70;65,10;5,00;13.0;0,00;0,866;0,900;0,688;72,07;74,64
2017;Juschka;Cameron Brate;TE;5;12;12;65,70;5,48;15,90;91,40;6,10;15.0;9,10;0,719;1,000;0,750;70,90;79,78
2017;Benni;Robbie Chosen;WR;10;5;4;55,20;13,80;26,60;136,70;9,10;15.0;19,50;0,404;0,800;0,438;69,84;78,19
2017;Benni;DeVante Parker;WR;1;9;8;46,90;5,86;13,60;66,60;5,60;12.0;0,00;0,704;0,889;1,000;69,78;74,38
2017;Ritz;Will Fuller;WR;6;4;3;39,90;13,30;24,50;83,50;9,30;9.0;0,00;0,478;0,750;0,688;69,39;74,67
2017;Benni;Jared Goff;QB;10;3;3;51,30;17,10;26,50;255,30;17,00;15.0;6,70;0,201;1,000;0,438;68,94;49,06
2017;Erik;Evan Engram;TE;7;8;8;56,40;7,05;15,90;109,60;7,30;15.0;27,30;0,515;1,000;0,625;68,89;76,98
2017;Tommy;Jamaal Williams;RB;13;4;4;50,90;12,72;23,80;106,50;7,10;15.0;0,00;0,478;1,000;0,250;67,94;71,16
2017;Benni;Rex Burkhead;RB;13;3;3;41,30;13,77;22,30;99,80;10,00;10.0;0,00;0,414;1,000;0,250;66,72;70,47
2017;Benni;Chris Hogan;WR;4;10;5;40,40;8,08;13,40;75,60;8,40;9.0;0,00;0,534;0,500;0,812;66,24;70,82
2017;Marv;Terrance West;RB;1;4;4;24,40;6,10;14,00;26,10;5,20;5.0;0,00;0,935;1,000;1,000;65,31;66,05
2017;Kessi;Damien Williams;RB;9;5;4;31,40;7,85;12,10;39,60;3,60;11.0;0,00;0,793;0,800;0,500;64,79;65,22
2017;Juschka;JuJu Smith-Schuster;WR;10;7;5;47,00;9,40;15,70;113,40;8,70;13.0;0,00;0,414;0,714;0,438;64,69;71,97
2017;Marv;Kirk Cousins;QB;6;1;1;27,80;27,80;27,80;270,10;18,00;15.0;21,50;0,103;1,000;0,688;63,34;53,90
2017;Erik;Orleans Darkwa;RB;10;4;4;38,80;9,70;15,00;97,30;7,00;14.0;0,00;0,399;1,000;0,438;63,33;66,45
2017;Marv;Carson Wentz;QB;5;1;1;27,26;27,26;27,26;281,70;21,70;13.0;33,10;0,097;1,000;0,750;62,80;51,10
2017;Erik;Giovani Bernard;RB;15;2;2;33,10;16,55;22,80;101,70;6,80;15.0;0,00;0,325;1,000;0,125;62,72;65,72
2017;Benni;Josh Gordon;WR;12;5;4;28,00;7,00;12,90;28,00;7,00;4.0;0,00;1,000;0,800;0,312;62,56;65,25
2017;Benni;Alvin Kamara;RB;6;3;3;33,00;11,00;13,60;214,60;14,30;15.0;82,30;0,154;1,000;0,688;61,62;63,11
2017;Tommy;Rishard Matthews;WR;1;6;4;31,00;7,75;14,70;102,50;7,90;13.0;0,00;0,302;0,667;1,000;60,52;63,18
2017;Kessi;Tyrod Taylor;QB;9;2;2;29,84;14,92;26,90;207,00;14,80;14.0;0,00;0,144;1,000;0,500;60,12;41,68
2017;Erik;Chris Carson;RB;3;2;2;17,80;8,90;11,20;32,70;8,20;4.0;0,00;0,544;1,000;0,875;59,26;62,99
2017;Marv;Zach Ertz;TE;9;8;5;39,20;7,84;16,30;126,00;9,70;13.0;43,70;0,311;0,625;0,500;59,16;72,29
2017;Ritz;Matthew Stafford;QB;9;1;1;22,44;22,44;22,44;246,50;16,40;15.0;0,00;0,091;1,000;0,500;57,91;43,27
2017;Benni;Jameis Winston;QB;5;1;1;18,46;18,46;18,46;177,90;14,80;12.0;0,00;0,104;1,000;0,750;57,69;38,35
2017;Marv;Andy Dalton;QB;8;1;1;18,72;18,72;18,72;190,00;12,70;15.0;0,00;0,099;1,000;0,562;56,97;40,68
2017;Simi;Paul Richardson;WR;9;8;8;38,90;4,86;13,20;106,30;7,10;15.0;0,00;0,366;1,000;0,500;56,64;58,93
2017;Benni;Sterling Shepard;WR;8;8;5;32,00;6,40;14,20;85,50;7,80;11.0;0,00;0,374;0,625;0,562;56,57;58,73
2017;Erik;Ben Roethlisberger;QB;1;1;1;15,72;15,72;15,72;260,70;17,40;15.0;12,10;0,060;1,000;1,000;56,52;32,09
2017;Ritz;Hunter Henry;TE;7;5;5;30,30;6,06;11,00;81,90;5,90;14.0;0,00;0,370;1,000;0,625;56,00;67,80
2017;Benni;Jacquizz Rodgers;RB;2;1;1;12,70;12,70;12,70;35,80;2,40;15.0;0,00;0,355;1,000;0,938;55,99;59,43
2017;Kessi;Javorius Allen;RB;6;6;5;31,40;6,28;12,50;116,40;7,80;15.0;0,00;0,270;0,833;0,688;55,89;56,45
2017;Tommy;Andre Ellington;RB;4;3;2;16,70;8,35;10,40;48,40;4,40;11.0;0,00;0,345;0,667;0,812;52,82;55,28
2017;Erik;Ted Ginn Jr.;WR;8;2;2;18,70;9,35;11,90;103,10;7,40;14.0;0,00;0,181;1,000;0,562;51,74;53,34
2017;Kessi;Austin Ekeler;RB;11;5;5;27,60;5,52;11,80;79,90;5,30;15.0;0,00;0,345;1,000;0,375;50,83;51,76
2017;Erik;Jameis Winston;QB;2;1;1;12,46;12,46;12,46;177,90;14,80;12.0;0,00;0,070;1,000;0,938;50,47;25,43
2017;Tommy;Cooper Kupp;WR;5;3;3;19,00;6,33;12,50;114,90;7,70;15.0;0,00;0,165;1,000;0,750;50,37;50,91
2017;Ritz;Vernon Davis;TE;9;4;3;21,50;7,17;7,60;76,80;5,10;15.0;0,00;0,280;0,750;0,500;50,21;64,45
2017;Tommy;Danny Amendola;WR;6;6;5;23,30;4,66;12,60;73,60;5,30;14.0;0,00;0,317;0,833;0,688;49,69;50,80
2017;Tommy;Marqise Lee;WR;11;6;4;26,90;6,72;14,60;91,90;6,60;14.0;0,00;0,293;0,667;0,375;49,62;51,79
2017;Tommy;Jared Cook;TE;9;1;1;12,60;12,60;12,60;75,30;5,00;15.0;0,00;0,167;1,000;0,500;48,17;61,51
2017;Simi;Evan Engram;TE;8;2;1;13,00;13,00;13,00;109,60;7,30;15.0;27,30;0,119;0,500;0,562;48,05;62,41
2017;Erik;Marvin Jones;WR;7;2;1;12,80;12,80;12,80;150,00;10,00;15.0;32,80;0,085;0,500;0,625;47,10;50,65
2017;Marv;Jacquizz Rodgers;RB;3;2;2;12,30;6,15;10,80;35,80;2,40;15.0;0,00;0,344;1,000;0,875;46,96;49,72
2017;Benni;Chris Ivory;RB;7;2;2;12,90;6,45;8,70;63,70;4,60;14.0;0,00;0,203;1,000;0,625;45,62;49,97
2017;Ritz;Ryan Griffin;TE;6;1;1;7,20;7,20;7,20;23,80;3,40;7.0;0,00;0,303;1,000;0,688;42,97;57,43
2017;Marv;Jason Witten;TE;14;3;3;16,60;5,53;8,00;82,30;5,50;15.0;0,00;0,202;1,000;0,188;41,24;54,91
2017;Erik;Robert Woods;WR;15;2;2;13,80;6,90;10,50;107,30;8,90;12.0;0,00;0,129;1,000;0,125;40,93;42,87
2017;Kessi;Rex Burkhead;RB;8;1;1;8,30;8,30;8,30;99,80;10,00;10.0;0,00;0,083;1,000;0,562;40,80;43,22
2017;Marv;Austin Seferian-Jenkins;TE;7;2;2;10,90;5,45;8,10;51,70;4,00;13.0;0,00;0,211;1,000;0,625;40,61;49,92
2017;Benni;Keelan Cole;WR;16;1;1;10,80;10,80;10,80;89,50;6,00;15.0;0,00;0,121;1,000;0,062;39,65;43,69
2017;Marv;Blake Bortles;QB;11;1;1;8,56;8,56;8,56;246,50;16,40;15.0;0,00;0,035;1,000;0,375;39,19;15,94
2017;Erik;Rishard Matthews;WR;6;2;2;10,90;5,45;6,90;102,50;7,90;13.0;0,00;0,106;1,000;0,688;39,05;41,91
2017;Benni;Robert Woods;WR;11;1;1;8,10;8,10;8,10;107,30;8,90;12.0;0,00;0,075;1,000;0,375;38,19;40,81
2017;Kessi;Jamaal Charles;RB;4;4;3;9,00;3,00;4,70;44,50;3,20;14.0;0,00;0,202;0,750;0,812;36,58;38,41
2017;Benni;Tyler Kroft;TE;11;1;1;7,20;7,20;7,20;65,10;4,30;15.0;0,00;0,111;1,000;0,375;35,90;47,91
2017;Marv;Julius Thomas;TE;10;1;1;6,80;6,80;6,80;56,80;4,10;14.0;0,00;0,120;1,000;0,438;34,90;40,68
2017;Ritz;Javorius Allen;RB;3;2;2;7,20;3,60;4,40;116,40;7,80;15.0;0,00;0,062;1,000;0,875;34,77;36,57
2017;Marv;Devin Funchess;WR;6;2;2;7,70;3,85;4,10;121,20;8,10;15.0;4,00;0,064;1,000;0,688;34,34;34,72
2017;Kessi;Alex Collins;RB;5;1;1;5,50;5,50;5,50;132,40;9,50;14.0;0,10;0,042;1,000;0,750;33,48;35,56
2017;Erik;Peyton Barber;RB;14;1;1;6,30;6,30;6,30;54,80;3,70;15.0;0,00;0,115;1,000;0,188;30,99;35,63
2017;Benni;Jack Doyle;TE;9;2;2;7,20;3,60;6,30;79,20;5,70;14.0;0,00;0,091;1,000;0,500;30,39;36,36
2017;Marv;Coby Fleener;TE;9;1;1;4,60;4,60;4,60;41,50;3,80;11.0;0,00;0,111;1,000;0,500;29,90;31,16
2017;Simi;Jason Witten;TE;3;3;3;5,30;1,77;4,10;82,30;5,50;15.0;0,00;0,064;1,000;0,875;29,49;31,71
2017;Benni;Aaron Jones;RB;6;1;1;4,20;4,20;4,20;71,00;5,90;12.0;0,00;0,059;1,000;0,688;29,31;30,87
2017;Benni;Alex Collins;RB;9;1;1;4,60;4,60;4,60;132,40;9,50;14.0;0,10;0,035;1,000;0,500;28,14;30,53
2017;Tommy;John Ross;WR;1;2;1;-0,80;-0,80;-0,80;-0,80;-0,30;3.0;0,00;1,000;0,500;1,000;27,50;27,50
2017;Erik;Cooper Kupp;WR;2;1;1;3,30;3,30;3,30;114,90;7,70;15.0;0,00;0,029;1,000;0,938;27,29;34,50
2017;Juschka;Coby Fleener;TE;3;4;2;4,20;2,10;2,10;41,50;3,80;11.0;0,00;0,101;0,500;0,875;26,57;25,77
2017;Simi;Jalen Richard;RB;3;2;2;3,50;1,75;2,70;58,50;3,90;15.0;0,00;0,060;1,000;0,875;25,71;24,92
2017;Ritz;Charles Clay;TE;5;1;1;3,10;3,10;3,10;61,40;5,10;12.0;0,00;0,050;1,000;0,750;24,49;22,25
2017;Erik;Rex Burkhead;RB;11;1;1;3,70;3,70;3,70;99,80;10,00;10.0;0,00;0,037;1,000;0,375;24,44;23,63
2017;Benni;Mike Davis;RB;15;1;1;3,90;3,90;3,90;30,70;6,10;5.0;0,00;0,127;1,000;0,125;24,08;24,37
2017;Simi;Jared Cook;TE;11;1;1;3,60;3,60;3,60;75,30;5,00;15.0;0,00;0,048;1,000;0,375;23,98;22,97
2017;Erik;Randall Cobb;WR;5;1;1;2,90;2,90;2,90;80,10;5,70;14.0;0,00;0,036;1,000;0,750;23,48;30,54
2017;Kessi;Jameis Winston;QB;9;1;1;3,48;3,48;3,48;177,90;14,80;12.0;0,00;0,020;1,000;0,500;23,40;13,63
2017;Benni;T.J. Yeldon;RB;9;1;1;3,20;3,20;3,20;57,40;6,40;9.0;0,00;0,056;1,000;0,500;22,70;21,38
2017;Ritz;Adam Thielen;WR;2;1;1;2,40;2,40;2,40;142,60;9,50;15.0;25,40;0,017;1,000;0,938;22,60;25,57
2017;Erik;Kerwynn Williams;RB;2;1;1;2,20;2,20;2,20;49,80;3,30;15.0;0,00;0,044;1,000;0,938;22,39;23,15
2017;Kessi;Carson Palmer;QB;7;1;1;2,88;2,88;2,88;102,30;14,60;7.0;0,00;0,028;1,000;0,625;21,49;11,67
2017;Erik;Marqise Lee;WR;4;1;1;1,80;1,80;1,80;91,90;6,60;14.0;0,00;0,020;1,000;0,812;19,97;22,17
2017;Kessi;Kenny Stills;WR;9;1;1;2,80;2,80;2,80;113,30;7,60;15.0;0,00;0,025;1,000;0,500;19,58;25,69
2017;Simi;Austin Hooper;TE;2;1;1;0,70;0,70;0,70;67,10;4,50;15.0;0,00;0,010;1,000;0,938;16,39;14,53
2017;Benni;Mike Williams;WR;6;2;1;1,50;1,50;1,50;8,70;1,00;9.0;0,00;0,172;0,500;0,688;16,30;16,34
2017;Marv;Thomas Rawls;RB;2;1;1;0,40;0,40;0,40;20,30;1,80;11.0;0,00;0,020;1,000;0,938;15,92;16,57
2017;Erik;Mohamed Sanu;WR;15;1;1;2,60;2,60;2,60;100,20;7,20;14.0;0,00;0,026;1,000;0,125;15,22;19,77
2017;Tommy;Will Fuller;WR;10;1;1;1,50;1,50;1,50;83,50;9,30;9.0;0,00;0,018;1,000;0,438;14,61;16,21
2017;Kessi;DeAndre Washington;RB;9;1;1;1,40;1,40;1,40;50,70;3,60;14.0;0,00;0,028;1,000;0,500;14,14;16,10
2017;Kessi;Jermaine Kearse;WR;8;1;1;1,40;1,40;1,40;105,10;7,00;15.0;0,00;0,013;1,000;0,562;13,91;13,00
2017;Kessi;Jamaal Williams;RB;5;1;1;0,10;0,10;0,10;106,50;7,10;15.0;0,00;0,001;1,000;0,750;13,13;12,52
2017;Erik;Aaron Jones;RB;8;2;1;1,10;1,10;1,10;71,00;5,90;12.0;0,00;0,015;0,500;0,562;10,82;12,13
2017;Tommy;Stephen Anderson;TE;14;3;1;1,60;1,60;1,60;39,80;2,80;14.0;0,00;0,040;0,333;0,188;9,72;7,65
2016;Tommy;Matt Ryan;QB;3;14;13;265,82;20,45;35,52;318,00;21,20;15.0;58,10;0,836;0,929;0,875;95,53;93,71
2016;Kessi;Jordan Howard;RB;5;12;11;162,10;14,74;29,70;187,60;13,40;14.0;40,10;0,864;0,917;0,750;91,58;92,82
2016;Marv;Marcus Mariota;QB;6;11;10;183,22;18,32;27,80;259,90;17,30;15.0;0,00;0,705;0,909;0,688;90,47;77,56
2016;Kessi;Spencer Ware;RB;3;14;12;126,40;10,53;22,30;160,80;11,50;14.0;13,30;0,786;0,857;0,875;86,87;86,49
2016;Simi;Dak Prescott;QB;9;8;8;151,08;18,89;25,64;284,50;19,00;15.0;24,60;0,531;1,000;0,500;85,82;72,41
2016;Marv;LeGarrette Blount;RB;7;10;9;134,50;14,94;25,40;214,80;14,30;15.0;67,30;0,626;0,900;0,625;85,34;87,08
2016;Juschka;Matthew Stafford;QB;7;10;9;136,58;15,18;23,84;259,90;17,30;15.0;0,00;0,526;0,900;0,625;84,97;58,64
2016;Marv;Michael Thomas;WR;6;11;9;107,20;11,91;22,80;142,10;10,20;14.0;15,10;0,754;0,818;0,688;84,93;92,28
2016;Tommy;Isaiah Crowell;RB;3;14;13;115,70;8,90;20,20;150,30;10,00;15.0;2,80;0,770;0,929;0,875;84,84;81,89
2016;Tommy;Tevin Coleman;RB;4;13;9;96,50;10,72;22,30;148,20;12,40;12.0;0,70;0,651;0,692;0,812;81,75;80,79
2016;Erik;LeGarrette Blount;RB;1;6;6;80,30;13,38;22,50;214,80;14,30;15.0;67,30;0,374;1,000;1,000;80,61;80,33
2016;Simi;Theo Riddick;RB;3;14;8;79,50;9,94;20,20;108,80;10,90;10.0;0,00;0,731;0,571;0,875;79,41;77,57
2016;Ritz;Mike Wallace;WR;3;14;13;95,20;7,32;18,40;127,50;8,50;15.0;0,50;0,747;0,929;0,875;79,19;86,07
2016;Tommy;Tyrod Taylor;QB;11;6;6;103,96;17,33;31,16;270,90;18,10;15.0;11,00;0,384;1,000;0,375;78,69;51,18
2016;Benni;Terrelle Pryor;WR;4;12;11;89,54;8,14;19,84;127,00;8,50;15.0;0,00;0,705;0,917;0,812;78,48;84,75
2016;Ritz;Davante Adams;WR;8;9;9;91,60;10,18;23,30;154,60;10,30;15.0;27,60;0,592;1,000;0,562;78,28;83,62
2016;Juschka;Tim Hightower;RB;9;8;8;76,40;9,55;16,80;95,90;6,40;15.0;0,00;0,797;1,000;0,500;77,57;73,62
2016;Ritz;Christine Michael;RB;4;12;11;76,60;6,96;20,30;113,40;8,10;14.0;0,00;0,675;0,917;0,812;74,05;69,77
2016;Marv;Stefon Diggs;WR;1;5;4;43,00;10,75;24,20;109,30;8,40;13.0;0,00;0,393;0,800;1,000;72,34;74,90
2016;Erik;Stefon Diggs;WR;8;9;8;64,50;8,06;16,40;109,30;8,40;13.0;0,00;0,590;0,889;0,562;71,36;78,33
2016;Erik;Tyrell Williams;WR;10;7;6;63,40;10,57;18,50;140,90;9,40;15.0;13,90;0,450;0,857;0,438;71,03;75,71
2016;Erik;Spencer Ware;RB;1;2;2;34,40;17,20;25,90;160,80;11,50;14.0;13,30;0,214;1,000;1,000;70,45;70,99
2016;Erik;Philip Rivers;QB;5;2;2;41,00;20,50;26,36;244,10;16,30;15.0;0,00;0,168;1,000;0,750;70,02;51,69
2016;Marv;Kirk Cousins;QB;14;3;3;55,46;18,49;29,80;288,80;19,30;15.0;28,90;0,192;1,000;0,188;68,74;45,32
2016;Kessi;Tyreek Hill;WR;13;4;4;46,30;11,57;15,50;131,90;8,80;15.0;4,90;0,351;1,000;0,250;67,36;70,41
2016;Marv;Rishard Matthews;WR;10;7;6;52,10;8,68;12,40;129,10;8,60;15.0;2,10;0,404;0,857;0,438;66,87;72,37
2016;Simi;Robert Kelley;RB;12;5;5;45,00;9,00;14,80;117,30;8,40;14.0;0,00;0,384;1,000;0,312;65,51;63,60
2016;Erik;Robert Kelley;RB;11;1;1;31,70;31,70;31,70;117,30;8,40;14.0;0,00;0,270;1,000;0,375;64,43;63,36
2016;Erik;Julius Thomas;TE;1;5;4;30,30;7,58;12,40;52,10;5,80;9.0;0,00;0,582;0,800;1,000;64,36;88,35
2016;Simi;Jacquizz Rodgers;RB;7;3;2;30,10;15,05;16,30;69,90;7,80;9.0;0,00;0,431;0,667;0,625;64,32;62,72
2016;Ritz;Jamison Crowder;WR;10;7;7;50,00;7,14;16,20;122,90;8,20;15.0;0,00;0,407;1,000;0,438;63,85;66,96
2016;Ritz;Kyle Rudolph;TE;9;6;6;44,00;7,33;12,00;108,30;7,20;15.0;24,80;0,406;1,000;0,500;63,74;83,59
2016;Erik;Terrance West;RB;6;6;5;42,10;8,42;24,30;133,50;8,90;15.0;0,00;0,315;0,833;0,688;63,73;60,21
2016;Ritz;Philip Rivers;QB;3;2;2;30,08;15,04;18,84;244,10;16,30;15.0;0,00;0,123;1,000;0,875;63,15;31,15
2016;Erik;Charles Sims;RB;3;2;2;19,90;9,95;18,40;43,90;6,30;7.0;0,00;0,453;1,000;0,875;60,24;56,66
2016;Simi;James Starks;RB;10;5;5;30,70;6,14;13,10;39,90;4,40;9.0;0,00;0,769;1,000;0,438;60,20;56,19
2016;Juschka;Jerick McKinnon;RB;3;4;3;26,80;8,93;15,50;82,40;5,90;14.0;0,00;0,325;0,750;0,875;60,13;55,43
2016;Erik;Devontae Booker;RB;8;6;5;36,30;7,26;12,40;88,80;5,90;15.0;0,00;0,409;0,833;0,562;60,10;57,86
2016;Juschka;Mike Gillislee;RB;7;6;4;34,20;8,55;15,40;105,70;7,60;14.0;0,00;0,324;0,667;0,625;60,06;55,28
2016;Juschka;Kenny Britt;WR;11;6;6;42,90;7,15;12,70;128,20;8,50;15.0;1,20;0,335;1,000;0,375;59,80;61,42
2016;Tommy;Steve Smith;WR;12;5;5;38,90;7,78;15,90;110,50;8,50;13.0;0,00;0,352;1,000;0,312;59,32;61,34
2016;Tommy;Markus Wheaton;WR;4;2;2;12,90;6,45;11,00;13,10;4,40;3.0;0,00;0,985;1,000;0,812;56,16;54,95
2016;Simi;Taylor Gabriel;WR;13;4;4;32,10;8,03;14,20;105,00;8,10;13.0;0,00;0,306;1,000;0,250;55,66;57,68
2016;Tommy;DeVante Parker;WR;12;5;5;33,40;6,68;14,50;93,90;6,70;14.0;0,00;0,356;1,000;0,312;54,89;55,81
2016;Erik;Joe Flacco;QB;15;2;2;26,62;13,31;14,48;233,80;15,60;15.0;0,00;0,114;1,000;0,125;53,47;15,74
2016;Benni;Bilal Powell;RB;15;2;2;23,60;11,80;16,20;119,30;8,00;15.0;0,00;0,198;1,000;0,125;52,79;48,94
2016;Marv;Zach Miller;TE;5;4;4;23,70;5,93;8,80;72,60;7,30;10.0;0,00;0,326;1,000;0,750;52,70;76,14
2016;Ritz;C.J. Prosise;RB;11;1;1;14,10;14,10;14,10;44,00;7,30;6.0;0,00;0,320;1,000;0,375;52,33;50,22
2016;Ritz;Derrick Henry;RB;13;4;3;26,00;8,67;17,80;79,90;5,70;14.0;0,00;0,325;0,750;0,250;51,84;45,57
2016;Juschka;Rishard Matthews;WR;2;2;2;15,00;7,50;7,90;129,10;8,60;15.0;2,10;0,116;1,000;0,938;49,39;51,71
2016;Kessi;Cole Beasley;WR;8;3;3;20,20;6,73;11,60;109,10;7,30;15.0;0,00;0,185;1,000;0,562;47,88;50,45
2016;Erik;Will Fuller;WR;3;7;5;22,10;4,42;14,10;72,80;5,60;13.0;0,00;0,304;0,714;0,875;47,39;49,53
2016;Ritz;Phillip Dorsett;WR;4;4;3;16,50;5,50;12,70;60,20;4,30;14.0;0,00;0,274;0,750;0,812;46,90;46,57
2016;Benni;Malcolm Mitchell;WR;13;4;4;22,60;5,65;10,10;64,10;4,60;14.0;0,00;0,353;1,000;0,250;46,67;50,44
2016;Ritz;Travis Benjamin;WR;4;4;4;19,60;4,90;11,70;85,40;6,10;14.0;0,00;0,230;1,000;0,812;46,37;47,45
2016;Simi;Terrance West;RB;11;1;1;11,30;11,30;11,30;133,50;8,90;15.0;0,00;0,085;1,000;0,375;44,51;42,25
2016;Kessi;Shane Vereen;RB;1;2;2;10,70;5,35;6,10;27,20;5,40;5.0;0,00;0,393;1,000;1,000;44,26;41,17
2016;Simi;Victor Cruz;WR;3;2;2;12,00;6,00;7,00;61,90;4,40;14.0;0,00;0,194;1,000;0,875;44,01;41,66
2016;Ritz;Kenny Britt;WR;10;1;1;10,90;10,90;10,90;128,20;8,50;15.0;1,20;0,085;1,000;0,438;43,92;42,71
2016;Tommy;Kyle Rudolph;TE;4;2;2;13,00;6,50;11,50;108,30;7,20;15.0;24,80;0,120;1,000;0,812;43,90;68,67
2016;Ritz;Willie Snead;WR;2;4;2;13,70;6,85;11,40;111,30;8,00;14.0;0,00;0,123;0,500;0,938;43,83;44,02
2016;Tommy;Justin Forsett;RB;1;2;2;10,20;5,10;5,60;32,60;4,10;8.0;0,00;0,313;1,000;1,000;42,14;38,03
2016;Benni;Rashad Jennings;RB;1;3;2;11,80;5,90;7,80;91,70;7,60;12.0;0,00;0,129;0,667;1,000;41,70;38,88
2016;Tommy;Cameron Meredith;WR;6;3;3;14,90;4,97;11,30;103,30;7,90;13.0;0,00;0,144;1,000;0,688;41,49;41,10
2016;Benni;Terrance West;RB;5;1;1;8,90;8,90;8,90;133,50;8,90;15.0;0,00;0,067;1,000;0,750;41,06;33,78
2016;Simi;Darren Sproles;RB;10;3;3;15,10;5,03;7,60;106,90;7,60;14.0;0,00;0,141;1,000;0,438;40,88;36,22
2016;Benni;Matthew Stafford;QB;4;1;1;8,22;8,22;8,22;259,90;17,30;15.0;0,00;0,032;1,000;0,812;38,91;13,60
2016;Simi;Devontae Booker;RB;10;1;1;8,80;8,80;8,80;88,80;5,90;15.0;0,00;0,099;1,000;0,438;37,70;29,20
2016;Juschka;Jason Witten;TE;13;4;3;15,00;5,00;9,30;82,30;5,50;15.0;0,00;0,182;0,750;0,250;37,65;60,86
2016;Tommy;Derrick Henry;RB;1;2;2;9,30;4,65;4,90;79,90;5,70;14.0;0,00;0,116;1,000;1,000;37,45;32,57
2016;Marv;Eric Ebron;TE;16;1;1;9,30;9,30;9,30;77,10;6,40;12.0;0,00;0,121;1,000;0,062;36,82;61,81
2016;Marv;Charcandrick West;RB;9;1;1;7,40;7,40;7,40;42,50;3,00;14.0;0,00;0,174;1,000;0,500;35,98;27,33
2016;Ritz;Dontrelle Inman;WR;15;2;2;11,20;5,60;6,80;99,90;6,70;15.0;0,00;0,112;1,000;0,125;32,93;30,28
2016;Ritz;Eric Ebron;TE;2;1;1;5,30;5,30;5,30;77,10;6,40;12.0;0,00;0,069;1,000;0,938;32,46;52,91
2016;Erik;Kenneth Farrow;RB;15;2;2;9,00;4,50;5,70;24,20;1,90;13.0;0,00;0,372;1,000;0,125;31,32;25,72
2016;Marv;Dennis Pitta;TE;3;2;2;5,90;2,95;4,20;73,80;4,90;15.0;0,00;0,080;1,000;0,875;29,95;53,70
2016;Marv;Zach Ertz;TE;10;1;1;5,50;5,50;5,50;79,70;6,10;13.0;0,00;0,069;1,000;0,438;28,37;52,29
2016;Tommy;Brian Quick;WR;9;1;1;4,80;4,80;4,80;72,90;4,90;15.0;0,00;0,066;1,000;0,500;26,30;28,05
2016;Benni;Wendell Smallwood;RB;12;2;2;6,60;3,30;4,70;40,70;3,10;13.0;0,00;0,162;1,000;0,312;26,26;17,22
2016;Benni;Zach Ertz;TE;5;1;1;3,70;3,70;3,70;79,70;6,10;13.0;0,00;0,046;1,000;0,750;25,95;45,06
2016;Ritz;Chris Hogan;WR;6;2;2;4,40;2,20;3,90;88,20;6,30;14.0;0,00;0,050;1,000;0,688;24,36;25,28
2016;Erik;Jack Doyle;TE;8;1;1;3,60;3,60;3,60;79,40;5,30;15.0;0,00;0,045;1,000;0,562;23,34;38,80
2016;Simi;Tyrell Williams;WR;6;1;1;2,80;2,80;2,80;140,90;9,40;15.0;13,90;0,020;1,000;0,688;21,67;23,06
2016;Ritz;Mohamed Sanu;WR;2;1;1;1,90;1,90;1,90;80,60;5,80;14.0;0,00;0,024;1,000;0,938;21,17;20,92
2016;Ritz;Zach Miller;TE;1;1;1;1,40;1,40;1,40;72,60;7,30;10.0;0,00;0,019;1,000;1,000;20,28;32,78
2016;Kessi;Steve Smith;WR;5;3;1;2,90;2,90;2,90;110,50;8,50;13.0;0,00;0,026;0,333;0,750;19,76;22,50
2016;Benni;Ty Montgomery;RB;16;1;1;4,00;4,00;4,00;90,40;6,50;14.0;0,00;0,044;1,000;0,062;19,75;12,67
2016;Erik;Mike Gillislee;RB;14;1;1;3,40;3,40;3,40;105,70;7,60;14.0;0,00;0,032;1,000;0,188;18,69;11,80
2016;Ritz;Terrance West;RB;14;1;1;2,60;2,60;2,60;133,50;8,90;15.0;0,00;0,019;1,000;0,188;15,94;9,11
2016;Kessi;Julius Thomas;TE;3;2;1;1,30;1,30;1,30;52,10;5,80;9.0;0,00;0,025;0,500;0,875;15,91;24,75
2016;Ritz;James White;RB;12;1;1;2,20;2,20;2,20;98,70;6,60;15.0;0,00;0,022;1,000;0,312;15,80;8,45
2016;Erik;Ted Ginn Jr.;WR;14;1;1;2,60;2,60;2,60;95,70;6,40;15.0;0,00;0,027;1,000;0,188;15,35;16,11
2016;Ritz;Martellus Bennett;TE;11;1;1;1,40;1,40;1,40;103,80;6,90;15.0;20,30;0,013;1,000;0,375;14,66;30,82
2016;Marv;Jeremy Kerley;WR;6;1;1;1,20;1,20;1,20;76,60;5,10;15.0;0,00;0,016;1,000;0,688;14,26;16,24
2016;Simi;Martellus Bennett;TE;7;1;1;0,50;0,50;0,50;103,80;6,90;15.0;20,30;0,005;1,000;0,625;12,75;11,33
2016;Ritz;Tyrell Williams;WR;8;1;1;0,40;0,40;0,40;140,90;9,40;15.0;13,90;0,003;1,000;0,562;11,38;12,72
2016;Erik;Vernon Davis;TE;16;1;1;1,30;1,30;1,30;65,40;4,40;15.0;0,00;0,020;1,000;0,062;9,49;14,67
2016;Ritz;Sammie Coates;WR;6;2;1;0,40;0,40;0,40;56,90;4,10;14.0;0,00;0,007;0,500;0,688;9,48;9,48
2016;Marv;Julius Thomas;TE;11;3;1;1,20;1,20;1,20;52,10;5,80;9.0;0,00;0,023;0,333;0,375;8,62;10,13
2015;Benni;Carson Palmer;QB;2;15;14;276,40;19,74;29,56;302,10;20,10;15.0;27,70;0,915;0,933;0,938;97,02;94,69
2015;Simi;Allen Robinson;WR;1;16;15;213,20;14,21;33,30;213,20;14,20;15.0;75,20;1,000;0,938;1,000;96,05;98,61
2015;Simi;Doug Martin;RB;1;16;15;188,50;12,57;33,80;188,50;12,60;15.0;68,40;1,000;0,938;1,000;94,83;95,91
2015;Juschka;Devonta Freeman;RB;4;13;11;176,10;16,01;32,90;230,00;16,40;14.0;109,90;0,766;0,846;0,812;89,54;90,33
2015;Kessi;Eric Decker;WR;3;14;12;136,30;11,36;14,50;161,70;11,60;14.0;23,70;0,843;0,857;0,875;87,92;92,17
2015;Juschka;Blake Bortles;QB;7;9;8;178,44;22,31;32,78;312,60;20,80;15.0;38,20;0,571;0,889;0,625;87,48;83,88
2015;Benni;DeAngelo Williams;RB;9;8;7;133,60;19,09;36,50;189,30;12,60;15.0;69,20;0,706;0,875;0,500;86,23;86,72
2015;Ritz;Michael Floyd;WR;5;12;10;110,40;11,04;23,30;119,30;8,50;14.0;0,00;0,925;0,833;0,750;86,01;88,24
2015;Marv;Larry Fitzgerald;WR;3;14;13;122,10;9,39;25,40;160,00;10,70;15.0;22,00;0,763;0,929;0,875;83,34;85,65
2015;Ritz;Jeremy Langford;RB;9;8;8;101,10;12,64;30,20;124,20;8,30;15.0;4,10;0,814;1,000;0,500;82,86;83,56
2015;Erik;Jordan Reed;TE;4;10;9;103,40;11,49;24,90;152,70;11,70;13.0;62,50;0,677;0,900;0,812;82,78;91,44
2015;Kessi;Tyler Eifert;TE;2;14;9;99,10;11,01;23,30;128,40;10,70;12.0;38,20;0,772;0,643;0,938;82,12;88,17
2015;Simi;Danny Woodhead;RB;5;12;11;110,20;10,02;30,00;156,90;10,50;15.0;36,80;0,702;0,917;0,750;81,31;80,99
2015;Tommy;Andy Dalton;QB;7;8;7;106,46;15,21;23,90;244,20;18,80;13.0;0,00;0,436;0,875;0,625;79,69;65,63
2015;Erik;David Johnson;RB;13;4;4;89,90;22,48;40,90;167,90;11,20;15.0;47,80;0,535;1,000;0,250;78,05;78,77
2015;Benni;Charcandrick West;RB;6;10;8;85,00;10,62;28,10;109,60;7,80;14.0;0,00;0,776;0,800;0,688;77,85;77,38
2015;Kessi;Andy Dalton;QB;4;3;3;67,00;22,33;27,04;244,20;18,80;13.0;0,00;0,274;1,000;0,812;76,76;75,69
2015;Juschka;Gary Barnidge;TE;6;11;10;96,30;9,63;15,90;151,70;10,10;15.0;61,50;0,635;0,909;0,688;76,74;80,28
2015;Juschka;Allen Hurns;WR;7;10;8;91,40;11,43;22,70;159,40;11,40;14.0;21,40;0,573;0,800;0,625;76,60;81,82
2015;Benni;Tim Hightower;RB;14;3;3;52,90;17,63;28,90;57,70;8,20;7.0;0,00;0,917;1,000;0,188;75,78;74,69
2015;Tommy;Charles Clay;TE;1;16;13;70,80;5,45;14,20;70,80;5,40;13.0;0,00;1,000;0,812;1,000;75,23;79,73
2015;Benni;Doug Baldwin;WR;13;4;4;81,90;20,47;26,20;186,30;12,40;15.0;48,30;0,440;1,000;0,250;75,13;77,34
2015;Benni;Dion Lewis;RB;3;7;5;54,40;10,88;17,20;84,20;12,00;7.0;0,00;0,646;0,714;0,875;73,22;73,90
2015;Benni;Ronnie Hillman;RB;5;11;10;79,60;7,96;17,50;118,70;7,90;15.0;0,00;0,671;0,909;0,750;73,04;72,38
2015;Benni;Donte Moncrief;WR;2;6;6;57,50;9,58;18,20;109,50;7,30;15.0;0,00;0,525;1,000;0,938;72,72;77,39
2015;Ritz;Javorius Allen;RB;12;5;5;58,20;11,64;23,00;93,70;6,20;15.0;0,00;0,621;1,000;0,312;72,20;72,30
2015;Simi;Travis Benjamin;WR;3;14;12;80,10;6,67;16,00;118,50;7,90;15.0;0,00;0,676;0,857;0,875;71,77;74,26
2015;Juschka;Tavon Austin;WR;5;5;4;45,20;11,30;21,90;134,50;9,00;15.0;0,00;0,336;0,800;0,750;65,98;70,32
2015;Juschka;Tyrod Taylor;QB;4;3;2;36,82;18,41;22,36;252,20;19,40;13.0;0,00;0,146;0,667;0,812;65,70;59,80
2015;Simi;Eli Manning;QB;9;4;3;48,70;16,23;21,44;269,30;18,00;15.0;0,00;0,181;0,750;0,500;64,92;56,85
2015;Erik;Jason Witten;TE;1;2;2;23,60;11,80;18,00;75,50;5,00;15.0;0,00;0,313;1,000;1,000;64,84;73,03
2015;Ritz;Michael Crabtree;WR;9;5;5;51,70;10,34;22,80;136,80;9,10;15.0;0,00;0,378;1,000;0,500;64,74;69,18
2015;Juschka;Stefon Diggs;WR;8;9;9;57,20;6,36;17,50;96,50;8,00;12.0;0,00;0,593;1,000;0,562;64,66;67,35
2015;Kessi;James Starks;RB;10;7;7;53,00;7,57;22,30;119,10;7,90;15.0;0,00;0,445;1,000;0,438;62,69;61,19
2015;Ritz;Ameer Abdullah;RB;1;7;7;39,40;5,63;15,40;86,90;5,80;15.0;0,00;0,453;1,000;1,000;62,17;61,52
2015;Tommy;Jameis Winston;QB;12;2;2;33,30;16,65;18,80;258,60;17,20;15.0;0,00;0,129;1,000;0,312;60,43;49,29
2015;Simi;Jason Witten;TE;3;11;10;41,80;4,18;7,30;75,50;5,00;15.0;0,00;0,554;0,909;0,875;59,27;66,27
2015;Simi;Thomas Rawls;RB;12;5;3;34,80;11,60;16,30;118,60;9,10;13.0;0,00;0,293;0,600;0,312;58,55;58,08
2015;Marv;Ben Watson;;7;9;8;58,20;7,27;20,70;0,00;0,00;0.0;0,00;0,000;0,889;0,625;58,45;80,69
2015;Ritz;Davante Adams;WR;8;6;6;33,10;5,52;11,30;50,90;4,20;12.0;0,00;0,650;1,000;0,562;58,31;61,72
2015;Tommy;Alfred Blue;RB;1;4;4;27,50;6,87;19,90;86,30;5,80;15.0;0,00;0,319;1,000;1,000;57,82;56,00
2015;Kessi;Nate Washington;WR;8;9;8;43,50;5,44;13,40;89,20;6,90;13.0;0,00;0,488;0,889;0,562;57,76;59,55
2015;Erik;Spencer Ware;RB;12;1;1;17,50;17,50;17,50;63,20;6,30;10.0;0,00;0,277;1,000;0,312;56,48;56,33
2015;Ritz;Charles Sims;RB;14;3;3;32,30;10,77;17,70;120,10;8,00;15.0;0,00;0,269;1,000;0,188;55,87;55,51
2015;Benni;Steve Johnson;WR;9;5;3;27,40;9,13;15,20;67,70;6,80;10.0;0,00;0,405;0,600;0,500;55,38;57,59
2015;Juschka;Kendall Wright;WR;2;4;3;21,50;7,17;16,80;60,50;6,10;10.0;0,00;0,355;0,750;0,938;54,90;58,45
2015;Juschka;James White;RB;15;2;2;22,90;11,45;13,70;75,80;5,80;13.0;0,00;0,302;1,000;0,125;54,71;53,75
2015;Simi;Tevin Coleman;RB;1;4;2;17,20;8,60;9,20;40,60;3,40;12.0;0,00;0,424;0,500;1,000;54,28;53,45
2015;Benni;Derek Carr;QB;10;1;1;17,28;17,28;17,28;260,30;17,40;15.0;0,00;0,066;1,000;0,438;53,92;47,29
2015;Erik;Blake Bortles;QB;10;1;1;16,02;16,02;16,02;312,60;20,80;15.0;38,20;0,051;1,000;0,438;52,20;38,61
2015;Benni;Terrance Williams;WR;2;2;1;14,40;14,40;14,40;84,70;5,60;15.0;0,00;0,170;0,500;0,938;51,53;55,51
2015;Tommy;Danny Amendola;WR;11;6;4;28,24;7,06;13,64;81,60;6,30;13.0;0,00;0,346;0,667;0,375;51,15;54,44
2015;Ritz;James White;RB;10;2;2;17,70;8,85;16,60;75,80;5,80;13.0;0,00;0,234;1,000;0,438;50,09;50,73
2015;Benni;Tyrod Taylor;QB;8;2;1;15,64;15,64;15,64;252,20;19,40;13.0;0,00;0,062;0,500;0,562;49,80;32,13
2015;Erik;Kamar Aiken;WR;12;2;2;18,80;9,40;14,00;114,80;7,70;15.0;0,00;0,164;1,000;0,312;49,65;51,66
2015;Juschka;Ted Ginn Jr.;WR;15;2;2;21,40;10,70;20,50;139,90;9,30;15.0;1,90;0,153;1,000;0,125;49,57;53,14
2015;Benni;Karlos Williams;RB;4;2;1;13,00;13,00;13,00;104,60;10,50;10.0;0,00;0,124;0,500;0,812;48,09;47,34
2015;Benni;Markus Wheaton;WR;14;2;2;18,70;9,35;12,20;95,20;6,30;15.0;0,00;0,196;1,000;0,188;48,04;48,47
2015;Benni;Ladarius Green;TE;7;2;2;15,50;7,75;14,50;70,90;5,50;13.0;0,00;0,219;1,000;0,625;47,34;55,87
2015;Ritz;Eric Ebron;TE;13;4;4;22,40;5,60;7,90;75,20;5,80;13.0;0,00;0,298;1,000;0,250;47,02;53,97
2015;Kessi;Danny Woodhead;RB;2;2;2;14,70;7,35;10,40;156,90;10,50;15.0;36,80;0,094;1,000;0,938;46,44;44,17
2015;Erik;Denard Robinson;RB;15;2;2;15,70;7,85;8,70;48,10;4,00;12.0;0,00;0,326;1,000;0,125;45,07;43,30
2015;Ritz;Blaine Gabbert;QB;14;1;1;13,66;13,66;13,66;112,90;16,10;7.0;0,00;0,121;1,000;0,188;44,96;24,85
2015;Tommy;A.J. McCarron;QB;15;1;1;11,88;11,88;11,88;40,70;6,80;6.0;0,00;0,292;1,000;0,125;44,74;21,40
2015;Juschka;Bishop Sankey;RB;2;5;4;14,60;3,65;4,30;41,60;3,50;12.0;0,00;0,351;0,800;0,938;42,85;39,19
2015;Simi;Mike Wallace;WR;1;2;2;10,10;5,05;6,30;57,70;3,80;15.0;0,00;0,175;1,000;1,000;40,15;44,38
2015;Ritz;Tyler Lockett;WR;15;2;2;14,80;7,40;11,50;98,10;6,50;15.0;0,00;0,151;1,000;0,125;39,82;44,19
2015;Erik;Roddy White;WR;1;2;1;8,40;8,40;8,40;55,60;3,70;15.0;0,00;0,151;0,500;1,000;38,78;42,87
2015;Erik;James White;RB;14;1;1;10,00;10,00;10,00;75,80;5,80;13.0;0,00;0,132;1,000;0,188;38,39;35,62
2015;Juschka;Willie Snead;WR;9;5;2;14,50;7,25;9,50;110,90;7,90;14.0;0,00;0,131;0,400;0,500;38,31;42,75
2015;Tommy;Spencer Ware;RB;13;4;3;15,20;5,07;8,50;63,20;6,30;10.0;0,00;0,241;0,750;0,250;37,72;35,81
2015;Benni;Tevin Coleman;RB;12;1;1;9,00;9,00;9,00;40,60;3,40;12.0;0,00;0,222;1,000;0,312;37,62;34,96
2015;Benni;Eli Manning;QB;6;1;1;8,76;8,76;8,76;269,30;18,00;15.0;0,00;0,033;1,000;0,688;37,23;17,76
2015;Juschka;Davante Adams;WR;1;3;2;9,20;4,60;5,90;50,90;4,20;12.0;0,00;0,181;0,667;1,000;35,96;39,02
2015;Ritz;Marques Colston;WR;15;2;1;9,90;9,90;9,90;76,00;5,80;13.0;0,00;0,130;0,500;0,125;34,58;39,75
2015;Ritz;Tyler Eifert;TE;4;1;1;6,90;6,90;6,90;128,40;10,70;12.0;38,20;0,054;1,000;0,812;32,53;43,93
2015;Juschka;Karlos Williams;RB;10;5;3;12,60;4,20;11,00;104,60;10,50;10.0;0,00;0,120;0,600;0,438;31,61;27,56
2015;Tommy;Derek Carr;QB;11;1;1;7,56;7,56;7,56;260,30;17,40;15.0;0,00;0,029;1,000;0,375;31,33;9,19
2015;Tommy;Duke Johnson;RB;8;1;1;7,10;7,10;7,10;98,80;6,60;15.0;0,00;0,072;1,000;0,562;31,14;26,84
2015;Juschka;Brandon Bolden;;15;2;2;11,40;5,70;6,00;0,00;0,00;0.0;0,00;0,000;1,000;0,125;30,92;6,25
2015;Erik;Shaun Draughn;RB;14;2;2;9,30;4,65;5,10;50,90;4,60;11.0;0,00;0,183;1,000;0,188;30,19;26,92
2015;Marv;Alfred Blue;RB;8;2;1;7,20;7,20;7,20;86,30;5,80;15.0;0,00;0,083;0,500;0,562;29,65;26,39
2015;Benni;Bryce Brown;RB;15;1;1;4,30;4,30;4,30;5,20;2,60;2.0;0,00;0,827;1,000;0,125;29,59;24,06
2015;Simi;David Johnson;RB;6;3;3;8,90;2,97;4,80;167,90;11,20;15.0;47,80;0,053;1,000;0,688;29,40;24,03
2015;Marv;James Starks;RB;3;1;1;5,10;5,10;5,10;119,10;7,90;15.0;0,00;0,043;1,000;0,875;29,35;24,67
2015;Tommy;Mike Wallace;WR;3;1;1;4,90;4,90;4,90;57,70;3,80;15.0;0,00;0,085;1,000;0,875;28,95;34,48
2015;Juschka;Richard Rodgers;TE;5;3;3;8,20;2,73;4,50;90,20;6,00;15.0;0,00;0,091;1,000;0,750;28,82;39,87
2015;Kessi;Ladarius Green;TE;2;1;1;4,70;4,70;4,70;70,90;5,50;13.0;0,00;0,066;1,000;0,938;28,64;38,04
2015;Erik;Steve Johnson;WR;3;1;1;4,60;4,60;4,60;67,70;6,80;10.0;0,00;0,068;1,000;0,875;27,01;31,80
2015;Erik;Cameron Artis-Payne;RB;16;1;1;5,60;5,60;5,60;18,00;3,00;6.0;0,00;0,311;1,000;0,062;26,45;22,45
2015;Kessi;Ameer Abdullah;RB;4;1;1;4,40;4,40;4,40;86,90;5,80;15.0;0,00;0,051;1,000;0,812;25,47;21,18
2015;Ritz;Tavon Austin;WR;14;1;1;5,90;5,90;5,90;134,50;9,00;15.0;0,00;0,044;1,000;0,188;24,92;30,51
2015;Simi;Richard Rodgers;TE;14;3;3;7,20;2,40;6,30;90,20;6,00;15.0;0,00;0,080;1,000;0,188;21,91;29,41
2015;Marv;Richard Rodgers;TE;6;1;1;3,40;3,40;3,40;90,20;6,00;15.0;0,00;0,038;1,000;0,688;21,52;29,12
2015;Marv;Vincent Jackson;WR;5;2;1;3,40;3,40;3,40;74,30;7,40;10.0;0,00;0,046;0,500;0,750;19,10;23,93
2015;Juschka;Austin Seferian-Jenkins;TE;2;2;1;2,90;2,90;2,90;53,00;8,80;6.0;0,00;0,055;0,500;0,938;18,97;20,04
2015;Tommy;Tyler Lockett;WR;2;1;1;1,70;1,70;1,70;98,10;6,50;15.0;0,00;0,017;1,000;0,938;18,56;24,09
2015;Benni;Tavon Austin;WR;13;1;1;3,80;3,80;3,80;134,50;9,00;15.0;0,00;0,028;1,000;0,250;17,83;23,06
2015;Juschka;Mike Wallace;WR;6;1;1;2,30;2,30;2,30;57,70;3,80;15.0;0,00;0,040;1,000;0,688;17,71;23,83
2015;Erik;Rishard Matthews;WR;4;1;1;1,60;1,60;1,60;90,60;8,20;11.0;0,00;0,018;1,000;0,812;16,66;20,96
2015;Tommy;Larry Donnell;TE;8;1;1;2,20;2,20;2,20;34,30;4,30;8.0;0,00;0,064;1,000;0,562;16,16;11,58
2015;Ritz;Duke Johnson;RB;13;1;1;3,20;3,20;3,20;98,80;6,60;15.0;0,00;0,032;1,000;0,250;15,74;10,41
2015;Benni;Austin Seferian-Jenkins;TE;14;1;1;3,10;3,10;3,10;53,00;8,80;6.0;0,00;0,058;1,000;0,188;14,85;19,75
2015;Juschka;DeAngelo Williams;RB;3;2;2;0,70;0,35;0,50;189,30;12,60;15.0;69,20;0,004;1,000;0,875;14,46;13,81
2015;Benni;Marvin Jones;WR;8;1;1;1,40;1,40;1,40;105,10;7,00;15.0;0,00;0,013;1,000;0,562;12,78;14,60
2015;Ritz;Danny Amendola;WR;8;1;1;1,10;1,10;1,10;81,60;6,30;13.0;0,00;0,013;1,000;0,562;12,12;12,71
2015;Benni;DeVante Parker;WR;14;1;1;1,60;1,60;1,60;50,80;3,90;13.0;0,00;0,031;1,000;0,188;9,96;13,02
2015;Erik;Tavon Austin;WR;11;1;1;0,10;0,10;0,10;134,50;9,00;15.0;0,00;0,001;1,000;0,375;8,77;8,77
