Season,Week,Owner,Rank,QB,Points,RB,Points,RB,Points,WR,Points,WR,Points,TE,Points,W/R,Points,K,Points,DEF,Points,BN,Points,BN,Points,BN,Points,BN,Points,BN,Points,BN,Points,BN,Points,Total,Opponent,Opponent Total
2015,1,Benni,5,P. Manning QB - DEN ,4.90,L. McCoy RB - BUF ,8.70,C. Anderson RB - DEN ,4.80,D. Hopkins WR - HOU ,23.80,O. Beckham WR - NYG ,4.40,J. Cameron TE - MIA ,7.30,K. Allen WR - LAC ,16.60,J. Tucker K - BAL ,9.00,Rams DEF ,14.00,D. Jackson WR - WAS ,0.00,M. Stafford QB - DET ,13.74,J. Bell RB - DET ,4.10,A. Gates TE - LAC ,0.00,V. Cruz WR - NYG ,0.00,J. Randle RB ,10.70,,,93.50,Erik,118.14
2015,1,Erik,1,T. Romo QB - DAL ,22.14,J. Charles RB - KC ,16.30,D. Murray RB - PHI ,14.00,D. Thomas WR - DEN ,6.00,A. Brown WR - PIT ,19.30,T. Kelce TE - KC ,22.60,T. Hilton WR - IND ,8.80,S. Gostkowski K - NE ,4.00,Eagles DEF ,5.00,J. Witten TE - DAL ,18.00,P. Rivers QB - LAC ,19.92,R. White WR - ATL ,8.40,G. Bernard RB - CIN ,8.80,L. Murray RB - LV ,8.00,Ravens DEF ,16.00,,,118.14,Benni,93.50
2015,1,Ritz,7,R. Tannehill QB - MIA ,11.74,J. Forsett RB - BAL ,5.60,M. Gordon RB - LAC ,4.70,J. Maclin WR - KC ,5.20,R. Cobb WR - GB ,9.80,R. Gronkowski TE - NE ,27.40,N. Agholor WR - PHI ,0.50,M. Crosby K - GB ,7.00,Texans DEF ,2.00,J. Stewart RB - CAR ,8.10,A. Foster RB - HOU ,0.00,G. Tate WR - DET ,2.40,C. Kaepernick QB - SF ,10.70,A. Johnson WR - IND ,2.40,A. Abdullah RB - DET ,15.40,,,73.94,Kessi,114.14
2015,1,Marv,4,A. Rodgers QB - GB ,23.06,A. Morris RB - WAS ,12.10,E. Lacy RB - GB ,15.90,C. Johnson WR - DET ,3.90,B. Cooks WR - NO ,5.30,J. Graham TE - SEA ,11.10,J. Landry WR - MIA ,6.70,D. Bailey K - DAL ,9.00,Packers DEF ,4.00,C. Spiller RB - NO ,0.00,C. Newton QB - CAR ,12.50,B. Marshall WR - NYJ ,12.20,F. Gore RB - IND ,3.10,J. Brown WR - ARI ,10.60,Jets DEF ,17.00,,,91.06,Juschka,75.70
2015,1,Simi,3,R. Wilson QB - SEA ,15.14,M. Forte RB - CHI ,22.60,L. Miller RB - MIA ,7.50,A. Green WR - CIN ,6.30,A. Cooper WR - LV ,4.70,M. Bennett TE - CHI ,11.50,M. Wallace WR - MIN ,6.30,C. Parkey K - PHI ,6.00,Seahawks DEF ,19.00,M. Ryan QB - ATL ,16.62,D. Martin RB - TB ,5.40,A. Robinson WR - JAC ,2.70,T. Coleman RB - ATL ,8.00,D. Green-Beckham WR - TEN ,0.00,Patriots DEF ,5.00,,,99.04,Tommy,64.72
2015,1,Tommy,8,A. Luck QB - IND ,17.72,A. Peterson RB - MIN ,5.20,A. Blue RB - HOU ,4.90,D. Bryant WR - DAL ,4.80,A. Jeffery WR - CHI ,7.80,C. Clay TE - BUF ,4.30,S. Watkins WR - BUF ,0.00,S. Hauschka K - SEA ,11.00,Bills DEF ,9.00,J. Edelman WR - NE ,10.60,J. Thomas TE - JAC ,0.00,M. Bryant WR - PIT ,0.00,C. Hyde RB - SF ,30.20,T. Yeldon RB - JAC ,6.70,Cardinals DEF ,5.00,,,64.72,Simi,99.04
2015,1,Juschka,6,D. Brees QB - NO ,16.50,M. Ingram RB - NO ,12.20,M. Lynch RB - SEA ,12.40,M. Evans WR - TB ,0.00,D. Adams WR - GB ,5.90,C. Fleener TE - IND ,2.50,J. Matthews WR - PHI ,10.20,R. Bullock K - NYJ ,6.00,Bengals DEF ,10.00,R. Mathews RB - PHI ,8.80,T. Smith WR - SF ,1.10,V. Davis TE - DEN ,4.70,S. Smith WR - BAL ,1.30,C. Ivory RB - NYJ ,22.00,-,-,,,75.70,Marv,91.06
2015,1,Kessi,2,B. Roethlisberger QB - PIT ,18.04,A. Ellington RB - ARI ,11.60,J. Hill RB - CIN ,18.30,E. Sanders WR - DEN ,6.50,J. Jones WR - ATL ,26.10,G. Olsen TE - CAR ,1.10,D. McFadden RB - DAL ,3.50,M. Bryant K - ATL ,14.00,Dolphins DEF ,15.00,B. LaFell WR - NE ,0.00,T. Brady QB - NE ,27.62,Z. Ertz TE - PHI ,4.60,L. Bell RB - PIT ,0.00,T. Gurley RB - STL ,0.00,J. Hayne RB - SF ,0.00,,,114.14,Ritz,73.94
2015,2,Benni,7,C. Palmer QB - ARI ,21.20,L. McCoy RB - BUF ,11.60,C. Anderson RB - DEN ,2.90,D. Hopkins WR - HOU ,5.30,O. Beckham WR - NYG ,20.60,J. Cameron TE - MIA ,6.20,K. Allen WR - LAC ,-0.40,J. Tucker K - BAL ,15.00,Rams DEF ,4.00,J. Bell RB - DET ,1.80,P. Manning QB - DEN ,20.24,A. Gates TE - LAC ,0.00,T. Williams WR - DAL ,14.40,J. Randle RB ,6.50,D. Moncrief WR - IND ,18.20,,,86.40,Ritz,90.96
2015,2,Erik,1,T. Romo QB - DAL ,7.00,J. Charles RB - KC ,14.70,D. Murray RB - PHI ,5.50,D. Thomas WR - DEN ,11.60,A. Brown WR - PIT ,27.50,T. Kelce TE - KC ,5.80,L. Murray RB - LV ,14.70,S. Gostkowski K - NE ,18.00,Ravens DEF ,-1.00,L. Blount RB - NE ,0.40,J. Witten TE - DAL ,5.60,P. Rivers QB - LAC ,14.14,R. White WR - ATL ,0.00,T. Hilton WR - IND ,4.50,Eagles DEF ,8.00,,,103.80,Marv,67.96
2015,2,Ritz,4,R. Tannehill QB - MIA ,24.06,J. Forsett RB - BAL ,8.00,A. Abdullah RB - DET ,1.80,R. Cobb WR - GB ,11.60,N. Agholor WR - PHI ,3.10,R. Gronkowski TE - NE ,17.30,C. Hyde RB - SF ,6.10,M. Crosby K - GB ,15.00,Texans DEF ,4.00,J. Stewart RB - CAR ,5.90,A. Foster RB - HOU ,0.00,J. Maclin WR - KC ,5.50,C. Kaepernick QB - SF ,26.50,A. Johnson WR - IND ,2.70,M. Gordon RB - LAC ,9.80,,,90.96,Benni,86.40
2015,2,Marv,5,A. Rodgers QB - GB ,22.26,F. Gore RB - IND ,4.10,E. Lacy RB - GB ,0.90,C. Johnson WR - DET ,14.30,B. Cooks WR - NO ,5.80,J. Graham TE - SEA ,1.10,J. Brown WR - ARI ,4.50,D. Bailey K - DAL ,8.00,Saints DEF ,7.00,C. Spiller RB - NO ,2.60,C. Newton QB - CAR ,27.40,B. Marshall WR - NYJ ,16.10,A. Morris RB - WAS ,7.20,J. Landry WR - MIA ,11.60,Jets DEF ,14.00,,,67.96,Erik,103.80
2015,2,Simi,3,R. Wilson QB - SEA ,22.04,M. Forte RB - CHI ,10.50,L. Miller RB - MIA ,4.20,A. Green WR - CIN ,10.50,A. Cooper WR - LV ,16.90,M. Bennett TE - CHI ,4.80,M. Wallace WR - MIN ,3.80,C. Parkey K - PHI ,4.00,Seahawks DEF ,4.00,M. Ryan QB - ATL ,18.42,D. Martin RB - TB ,7.80,A. Robinson WR - JAC ,27.50,T. Coleman RB - ATL ,9.20,D. Green-Beckham WR - TEN ,7.30,Patriots DEF ,13.00,,,80.74,Kessi,98.74
2015,2,Tommy,6,A. Luck QB - IND ,8.40,A. Peterson RB - MIN ,17.20,T. Yeldon RB - JAC ,8.30,J. Edelman WR - NE ,22.90,M. Evans WR - TB ,0.00,C. Clay TE - BUF ,7.90,S. Watkins WR - BUF ,12.00,S. Hauschka K - SEA ,7.00,Bills DEF ,2.00,D. Bryant WR - DAL ,0.00,J. Thomas TE - JAC ,0.00,A. Jeffery WR - CHI ,0.00,A. Blue RB - HOU ,1.00,T. Lockett WR - SEA ,1.70,Cardinals DEF ,18.00,,,85.70,Juschka,63.10
2015,2,Juschka,8,D. Brees QB - NO ,12.10,M. Lynch RB - SEA ,6.20,B. Sankey RB - TEN ,4.20,K. Wright WR - TEN ,1.70,J. Matthews WR - PHI ,14.00,A. Seferian-Jenkins TE - TB ,2.90,C. Ivory RB - NYJ ,6.00,R. Bullock K - NYJ ,5.00,Bengals DEF ,11.00,R. Mathews RB - PHI ,0.00,M. Ingram RB - NO ,9.80,V. Davis TE - DEN ,6.20,S. Smith WR - BAL ,15.00,C. Fleener TE - IND ,0.00,D. Adams WR - GB ,3.30,,,63.10,Tommy,85.70
2015,2,Kessi,2,T. Brady QB - NE ,28.24,D. Woodhead RB - LAC ,10.40,J. Hill RB - CIN ,0.10,E. Sanders WR - DEN ,20.70,J. Jones WR - ATL ,13.50,T. Eifert TE - CIN ,10.90,J. Jones WR - GB ,8.90,M. Bryant K - ATL ,6.00,Dolphins DEF ,0.00,D. McFadden RB - DAL ,5.20,B. Roethlisberger QB - PIT ,30.66,L. Green TE - LAC ,4.70,A. Ellington RB - ARI ,0.00,L. Bell RB - PIT ,0.00,T. Gurley RB - STL ,0.00,,,98.74,Simi,80.74
2015,3,Benni,7,C. Palmer QB - ARI ,18.54,L. McCoy RB - BUF ,8.60,C. Anderson RB - DEN ,2.70,D. Hopkins WR - HOU ,16.10,O. Beckham WR - NYG ,13.90,J. Cameron TE - MIA ,1.60,J. Randle RB ,28.50,J. Tucker K - BAL ,6.00,Rams DEF ,11.00,D. Lewis RB - NE ,12.70,P. Manning QB - DEN ,18.86,A. Gates TE - LAC ,0.00,T. Williams WR - DAL ,0.00,K. Allen WR - LAC ,25.30,D. Moncrief WR - IND ,9.20,,,106.94,Marv,134.32
2015,3,Erik,1,M. Ryan QB - ATL ,23.10,J. Charles RB - KC ,26.20,L. Murray RB - LV ,20.90,D. Thomas WR - DEN ,13.20,A. Brown WR - PIT ,10.80,T. Kelce TE - KC ,10.00,T. Hilton WR - IND ,9.40,S. Gostkowski K - NE ,15.00,Eagles DEF ,16.00,S. Johnson WR - LAC ,4.60,L. Blount RB - NE ,27.20,D. Murray RB - PHI ,0.00,T. Romo QB - DAL ,0.00,P. Rivers QB - LAC ,9.84,Dolphins DEF ,-4.00,,,144.60,Tommy,124.00
2015,3,Ritz,6,C. Kaepernick QB - SF ,5.28,J. Forsett RB - BAL ,2.90,M. Gordon RB - LAC ,5.10,J. Maclin WR - KC ,20.10,R. Cobb WR - GB ,28.30,R. Gronkowski TE - NE ,10.10,C. Hyde RB - SF ,6.10,M. Crosby K - GB ,8.00,Texans DEF ,6.00,J. Stewart RB - CAR ,5.20,A. Foster RB - HOU ,0.00,A. Johnson WR - IND ,0.00,R. Tannehill QB - MIA ,15.78,A. Abdullah RB - DET ,10.20,N. Agholor WR - PHI ,0.00,,,91.88,Simi,108.30
2015,3,Marv,3,A. Rodgers QB - GB ,34.92,F. Gore RB - IND ,21.40,E. Lacy RB - GB ,8.70,C. Johnson WR - DET ,7.70,L. Fitzgerald WR - ARI ,25.40,J. Graham TE - SEA ,14.30,B. Marshall WR - NYJ ,14.90,D. Bailey K - DAL ,4.00,Jets DEF ,3.00,J. Starks RB - GB ,5.10,C. Newton QB - CAR ,29.90,A. Morris RB - WAS ,1.90,J. Landry WR - MIA ,8.60,B. Cooks WR - NO ,7.90,I. Crowell RB - CLE ,3.60,,,134.32,Benni,106.94
2015,3,Simi,4,R. Wilson QB - SEA ,16.20,M. Forte RB - CHI ,7.40,D. Martin RB - TB ,4.60,A. Green WR - CIN ,34.70,A. Cooper WR - LV ,11.40,M. Bennett TE - CHI ,1.50,T. Benjamin WR - CLE ,8.50,C. Parkey K - PHI ,6.00,Seahawks DEF ,18.00,J. Witten TE - DAL ,6.50,L. Miller RB - MIA ,6.50,A. Robinson WR - JAC ,6.80,T. Coleman RB - ATL ,0.00,D. Green-Beckham WR - TEN ,8.20,Patriots DEF ,5.00,,,108.30,Ritz,91.88
2015,3,Tommy,5,A. Luck QB - IND ,16.50,A. Peterson RB - MIN ,24.60,T. Yeldon RB - JAC ,4.20,J. Edelman WR - NE ,8.50,M. Evans WR - TB ,10.10,C. Clay TE - BUF ,14.20,S. Watkins WR - BUF ,3.90,S. Hauschka K - SEA ,14.00,Cardinals DEF ,28.00,D. Bryant WR - DAL ,0.00,J. Thomas TE - JAC ,0.00,M. Wallace WR - MIN ,4.90,A. Jeffery WR - CHI ,0.00,A. Blue RB - HOU ,19.90,Bills DEF ,15.00,,,124.00,Erik,144.60
2015,3,Juschka,8,D. Brees QB - NO ,0.00,M. Lynch RB - SEA ,2.30,B. Sankey RB - TEN ,4.10,K. Wright WR - TEN ,16.80,J. Matthews WR - PHI ,4.90,A. Seferian-Jenkins TE - TB ,0.00,C. Ivory RB - NYJ ,0.00,R. Bullock K - NYJ ,7.00,Bengals DEF ,3.00,R. Mathews RB - PHI ,16.80,M. Ingram RB - NO ,15.90,V. Davis TE - DEN ,0.00,D. Williams RB - PIT ,0.20,S. Smith WR - BAL ,30.60,D. Adams WR - GB ,0.00,,,38.10,Kessi,122.02
2015,3,Kessi,2,T. Brady QB - NE ,22.72,L. Bell RB - PIT ,19.20,J. Hill RB - CIN ,2.10,E. Sanders WR - DEN ,8.70,J. Jones WR - ATL ,28.40,T. Eifert TE - CIN ,0.00,J. Jones WR - GB ,19.90,M. Bryant K - ATL ,7.00,Broncos DEF ,14.00,D. Woodhead RB - LAC ,4.30,E. Decker WR - NYJ ,0.00,G. Olsen TE - CAR ,25.40,B. Roethlisberger QB - PIT ,5.68,A. Ellington RB - ARI ,0.00,T. Gurley RB - STL ,1.40,,,122.02,Juschka,38.10
2015,4,Benni,8,P. Manning QB - DEN ,8.32,J. Randle RB ,8.60,K. Williams RB - BUF ,13.00,D. Hopkins WR - HOU ,15.70,O. Beckham WR - NYG ,3.80,J. Cameron TE - MIA ,1.90,K. Allen WR - LAC ,13.20,J. Tucker K - BAL ,13.00,Packers DEF ,15.00,L. McCoy RB - BUF ,0.00,D. Lewis RB - NE ,0.00,C. Palmer QB - ARI ,15.98,A. Gates TE - LAC ,0.00,C. Anderson RB - DEN ,7.00,D. Moncrief WR - IND ,7.50,,,92.52,Simi,84.88
2015,4,Erik,2,M. Ryan QB - ATL ,14.14,J. Charles RB - KC ,14.50,L. Murray RB - LV ,6.10,D. Thomas WR - DEN ,9.30,A. Brown WR - PIT ,4.20,T. Kelce TE - KC ,2.90,T. Hilton WR - IND ,6.70,D. Carpenter K - BUF ,6.00,Eagles DEF ,3.00,L. Blount RB - NE ,0.00,D. Murray RB - PHI ,4.80,R. Matthews WR - MIA ,1.60,J. Reed TE - WAS ,1.70,S. Gostkowski K - NE ,0.00,Rams DEF ,10.00,,,66.84,Kessi,102.64
2015,4,Ritz,6,R. Tannehill QB - MIA ,12.32,J. Forsett RB - BAL ,15.00,M. Gordon RB - LAC ,4.60,J. Maclin WR - KC ,14.80,R. Cobb WR - GB ,4.40,T. Eifert TE - CIN ,6.90,C. Hyde RB - SF ,2.20,M. Crosby K - GB ,5.00,Panthers DEF ,18.00,A. Foster RB - HOU ,1.50,R. Gronkowski TE - NE ,0.00,C. Kaepernick QB - SF ,10.10,A. Johnson WR - IND ,0.00,N. Agholor WR - PHI ,4.40,Texans DEF ,-2.00,,,83.22,Juschka,108.16
2015,4,Marv,3,A. Rodgers QB - GB ,16.26,F. Gore RB - IND ,6.70,E. Lacy RB - GB ,9.30,C. Johnson WR - DET ,3.60,L. Fitzgerald WR - ARI ,7.90,J. Graham TE - SEA ,2.90,B. Marshall WR - NYJ ,12.80,D. Bailey K - DAL ,8.00,Jets DEF ,8.00,C. Newton QB - CAR ,16.06,A. Morris RB - WAS ,6.50,J. Landry WR - MIA ,6.90,B. Cooks WR - NO ,2.50,I. Crowell RB - CLE ,12.50,Titans DEF ,0.00,,,75.46,Tommy,61.40
2015,4,Simi,4,R. Wilson QB - SEA ,15.48,M. Forte RB - CHI ,13.50,L. Miller RB - MIA ,3.60,A. Green WR - CIN ,8.20,A. Cooper WR - LV ,10.90,M. Bennett TE - CHI ,14.30,T. Benjamin WR - CLE ,7.90,J. Brown K - NYG ,4.00,Seahawks DEF ,7.00,J. Witten TE - DAL ,5.70,D. Martin RB - TB ,20.30,A. Robinson WR - JAC ,8.00,T. Coleman RB - ATL ,0.00,D. Green-Beckham WR - TEN ,0.00,Patriots DEF ,0.00,,,84.88,Benni,92.52
2015,4,Tommy,5,A. Luck QB - IND ,0.00,A. Peterson RB - MIN ,15.40,T. Yeldon RB - JAC ,10.90,A. Jeffery WR - CHI ,0.00,M. Evans WR - TB ,3.20,C. Clay TE - BUF ,11.10,J. Brown WR - ARI ,8.80,S. Hauschka K - SEA ,11.00,Cardinals DEF ,1.00,J. Edelman WR - NE ,0.00,D. Bryant WR - DAL ,0.00,J. Thomas TE - JAC ,0.00,S. Watkins WR - BUF ,0.00,A. Blue RB - HOU ,1.70,Bills DEF ,3.00,,,61.40,Marv,75.46
2015,4,Juschka,7,T. Taylor QB - BUF ,14.46,M. Ingram RB - NO ,12.80,D. Freeman RB - ATL ,32.90,S. Smith WR - BAL ,2.40,J. Matthews WR - PHI ,5.00,V. Davis TE - DEN ,0.00,C. Ivory RB - NYJ ,22.60,B. McManus K - DEN ,11.00,Bengals DEF ,7.00,R. Mathews RB - PHI ,0.00,M. Lynch RB - SEA ,0.00,D. Williams RB - PIT ,0.50,D. Brees QB - NO ,22.36,K. Wright WR - TEN ,0.00,B. Sankey RB - TEN ,0.00,,,108.16,Ritz,83.22
2015,4,Kessi,1,A. Dalton QB - CIN ,18.44,L. Bell RB - PIT ,21.00,J. Hill RB - CIN ,24.00,E. Sanders WR - DEN ,6.80,J. Jones WR - ATL ,3.80,G. Olsen TE - CAR ,2.80,J. Jones WR - GB ,9.80,M. Bryant K - ATL ,6.00,Broncos DEF ,10.00,E. Decker WR - NYJ ,10.60,G. Tate WR - DET ,3.50,T. Brady QB - NE ,0.00,A. Ellington RB - ARI ,0.00,A. Abdullah RB - DET ,4.40,T. Gurley RB - STL ,16.10,,,102.64,Erik,66.84
2015,5,Benni,6,P. Manning QB - DEN ,6.64,D. Lewis RB - NE ,15.30,J. Randle RB ,7.40,D. Hopkins WR - HOU ,16.90,O. Beckham WR - NYG ,18.40,A. Gates TE - LAC ,21.20,K. Allen WR - LAC ,5.70,J. Tucker K - BAL ,6.00,Packers DEF ,21.00,L. McCoy RB - BUF ,0.00,D. Walker TE - TEN ,3.60,C. Palmer QB - ARI ,18.34,R. Hillman RB - DEN ,2.60,D. Moncrief WR - IND ,0.30,K. Williams RB - BUF ,0.00,,,118.44,Tommy,83.68
2015,5,Erik,2,M. Ryan QB - ATL ,6.16,J. Charles RB - KC ,8.40,L. Murray RB - LV ,5.70,D. Thomas WR - DEN ,5.50,A. Brown WR - PIT ,4.50,T. Kelce TE - KC ,3.50,J. Edelman WR - NE ,18.00,S. Gostkowski K - NE ,14.00,Eagles DEF ,14.00,D. McFadden RB - DAL ,7.80,L. Blount RB - NE ,7.40,J. Thomas TE - JAC ,2.00,B. Roethlisberger QB - PIT ,0.00,T. Hilton WR - IND ,8.80,Rams DEF ,9.00,,,79.76,Ritz,106.60
2015,5,Ritz,5,P. Rivers QB - LAC ,20.60,J. Forsett RB - BAL ,23.00,A. Foster RB - HOU ,11.80,J. Maclin WR - KC ,8.50,R. Cobb WR - GB ,2.30,R. Gronkowski TE - NE ,6.70,C. Hyde RB - SF ,15.70,M. Crosby K - GB ,6.00,Falcons DEF ,12.00,M. Floyd WR - ARI ,1.50,R. Tannehill QB - MIA ,0.00,C. Anderson RB - DEN ,4.00,A. Abdullah RB - DET ,0.50,M. Gordon RB - LAC ,7.40,Panthers DEF ,0.00,,,106.60,Erik,79.76
2015,5,Marv,4,A. Rodgers QB - GB ,15.54,F. Gore RB - IND ,15.80,E. Lacy RB - GB ,3.50,C. Johnson WR - DET ,6.70,L. Fitzgerald WR - ARI ,11.80,J. Graham TE - SEA ,3.00,B. Cooks WR - NO ,16.70,D. Bailey K - DAL ,8.00,Ravens DEF ,3.00,C. Johnson RB - ARI ,10.30,C. Newton QB - CAR ,0.00,B. Marshall WR - NYJ ,0.00,V. Jackson WR - TB ,3.40,J. Landry WR - MIA ,0.00,Jets DEF ,0.00,,,84.04,Kessi,132.00
2015,5,Simi,3,R. Wilson QB - SEA ,12.62,M. Forte RB - CHI ,16.90,D. Martin RB - TB ,33.80,A. Green WR - CIN ,7.80,A. Cooper WR - LV ,4.90,M. Bennett TE - CHI ,3.20,A. Robinson WR - JAC ,19.20,J. Brown K - NYG ,12.00,Seahawks DEF ,14.00,D. Woodhead RB - LAC ,7.60,J. Witten TE - DAL ,1.30,T. Benjamin WR - CLE ,8.30,L. Miller RB - MIA ,0.00,D. Green-Beckham WR - TEN ,0.00,Patriots DEF ,14.00,,,124.42,Juschka,83.60
2015,5,Tommy,7,M. Mariota QB - TEN ,10.18,D. Murray RB - PHI ,18.00,T. Yeldon RB - JAC ,12.30,P. Garcon WR - WAS ,5.10,M. Evans WR - TB ,4.10,C. Clay TE - BUF ,0.70,J. Brown WR - ARI ,13.30,S. Hauschka K - SEA ,6.00,Cardinals DEF ,14.00,D. Bryant WR - DAL ,0.00,A. Peterson RB - MIN ,0.00,R. Matthews WR - MIA ,0.00,A. Luck QB - IND ,0.00,A. Jeffery WR - CHI ,0.00,S. Watkins WR - BUF ,0.00,,,83.68,Benni,118.44
2015,5,Juschka,8,D. Brees QB - NO ,15.30,M. Ingram RB - NO ,7.40,D. Freeman RB - ATL ,25.70,K. Wright WR - TEN ,3.00,J. Matthews WR - PHI ,4.40,R. Rodgers TE - GB ,4.50,B. Sankey RB - TEN ,4.30,B. McManus K - DEN ,12.00,Bengals DEF ,7.00,R. Mathews RB - PHI ,15.60,T. Taylor QB - BUF ,22.36,M. Lynch RB - SEA ,0.00,S. Smith WR - BAL ,0.00,C. Ivory RB - NYJ ,0.00,T. Austin WR - STL ,8.80,,,83.60,Simi,124.42
2015,5,Kessi,1,T. Brady QB - NE ,25.30,L. Bell RB - PIT ,18.70,J. Hill RB - CIN ,2.50,E. Sanders WR - DEN ,11.10,J. Jones WR - ATL ,12.70,T. Eifert TE - CIN ,21.00,J. Jones WR - GB ,13.70,M. Bryant K - ATL ,7.00,Broncos DEF ,20.00,E. Decker WR - NYJ ,0.00,G. Tate WR - DET ,6.20,A. Dalton QB - CIN ,27.04,G. Olsen TE - CAR ,0.00,A. Ellington RB - ARI ,12.30,T. Gurley RB - STL ,15.90,,,132.00,Marv,84.04
2015,6,Benni,6,C. Palmer QB - ARI ,16.74,D. Lewis RB - NE ,3.90,C. West RB - KC ,1.90,K. Allen WR - LAC ,15.70,D. Hopkins WR - HOU ,26.80,A. Gates TE - LAC ,9.50,O. Beckham WR - NYG ,12.10,J. Tucker K - BAL ,8.00,Packers DEF ,6.00,L. McCoy RB - BUF ,15.40,E. Manning QB - NYG ,8.76,R. Hillman RB - DEN ,11.50,C. Michael RB - SEA ,0.00,J. Randle RB ,0.00,D. Moncrief WR - IND ,12.90,,,100.64,Juschka,127.18
2015,6,Erik,2,M. Ryan QB - ATL ,18.80,L. Blount RB - NE ,22.40,I. Crowell RB - CLE ,4.10,D. Thomas WR - DEN ,11.10,A. Brown WR - PIT ,2.40,T. Kelce TE - KC ,8.80,J. Edelman WR - NE ,11.20,S. Gostkowski K - NE ,10.00,Eagles DEF ,19.00,D. McFadden RB - DAL ,0.00,J. Thomas TE - JAC ,13.80,B. Roethlisberger QB - PIT ,0.00,T. Hilton WR - IND ,13.40,L. Murray RB - LV ,0.00,Rams DEF ,0.00,,,107.80,Simi,86.74
2015,6,Ritz,4,P. Rivers QB - LAC ,28.12,J. Forsett RB - BAL ,10.10,A. Foster RB - HOU ,17.20,J. Maclin WR - KC ,4.80,R. Cobb WR - GB ,3.80,R. Gronkowski TE - NE ,11.00,C. Hyde RB - SF ,6.00,M. Crosby K - GB ,9.00,Panthers DEF ,4.00,M. Floyd WR - ARI ,11.00,R. Tannehill QB - MIA ,16.04,G. Bernard RB - CIN ,13.30,C. Anderson RB - DEN ,6.60,A. Abdullah RB - DET ,6.90,M. Gordon RB - LAC ,0.90,,,94.02,Marv,86.50
2015,6,Marv,5,A. Rodgers QB - GB ,19.60,F. Gore RB - IND ,9.40,E. Lacy RB - GB ,2.00,B. Marshall WR - NYJ ,15.10,L. Fitzgerald WR - ARI ,9.30,J. Graham TE - SEA ,14.00,B. Cooks WR - NO ,4.10,C. Catanzaro K - ARI ,7.00,Jets DEF ,6.00,C. Johnson RB - ARI ,4.50,C. Newton QB - CAR ,19.76,C. Johnson WR - DET ,22.60,V. Jackson WR - TB ,0.00,J. Landry WR - MIA ,12.60,R. Rodgers TE - GB ,3.40,,,86.50,Ritz,94.02
2015,6,Simi,3,R. Wilson QB - SEA ,18.94,M. Forte RB - CHI ,16.90,D. Woodhead RB - LAC ,7.10,A. Green WR - CIN ,3.60,T. Benjamin WR - CLE ,11.70,M. Bennett TE - CHI ,5.90,A. Robinson WR - JAC ,14.60,J. Brown K - NYG ,1.00,Seahawks DEF ,7.00,J. Witten TE - DAL ,0.00,D. Martin RB - TB ,0.00,A. Cooper WR - LV ,0.00,D. Green-Beckham WR - TEN ,5.70,D. Johnson RB - ARI ,1.70,Patriots DEF ,3.00,,,86.74,Erik,107.80
2015,6,Tommy,7,A. Luck QB - IND ,27.98,D. Murray RB - PHI ,18.60,A. Peterson RB - MIN ,5.70,A. Jeffery WR - CHI ,20.70,J. Brown WR - ARI ,17.60,C. Clay TE - BUF ,6.20,P. Garcon WR - WAS ,8.80,S. Hauschka K - SEA ,13.00,Cardinals DEF ,1.00,D. Jackson WR - WAS ,0.00,D. Bryant WR - DAL ,0.00,S. Watkins WR - BUF ,10.80,M. Evans WR - TB ,0.00,M. Mariota QB - TEN ,4.76,T. Yeldon RB - JAC ,0.00,,,119.58,Kessi,100.88
2015,6,Juschka,8,D. Brees QB - NO ,16.68,M. Ingram RB - NO ,17.60,D. Freeman RB - ATL ,27.60,S. Smith WR - BAL ,19.70,M. Wallace WR - MIN ,2.30,G. Barnidge TE - CLE ,15.90,M. Lynch RB - SEA ,11.40,B. McManus K - DEN ,14.00,Lions DEF ,2.00,R. Mathews RB - PHI ,4.60,T. Taylor QB - BUF ,0.00,C. Ivory RB - NYJ ,25.60,T. Austin WR - STL ,0.00,J. Matthews WR - PHI ,3.90,B. Sankey RB - TEN ,2.00,,,127.18,Benni,100.64
2015,6,Kessi,1,T. Brady QB - NE ,22.48,A. Ellington RB - ARI ,5.40,L. Bell RB - PIT ,8.80,E. Sanders WR - DEN ,16.90,J. Jones WR - ATL ,9.30,T. Eifert TE - CIN ,9.00,J. Jones WR - GB ,9.00,M. Bryant K - ATL ,3.00,Broncos DEF ,17.00,E. Decker WR - NYJ ,9.90,A. Dalton QB - CIN ,21.52,G. Olsen TE - CAR ,19.10,J. Hill RB - CIN ,12.90,T. Gurley RB - STL ,0.00,Vikings DEF ,8.00,,,100.88,Tommy,119.58
2015,7,Benni,6,C. Palmer QB - ARI ,19.20,L. McCoy RB - BUF ,10.40,J. Randle RB ,2.40,D. Hopkins WR - HOU ,5.00,O. Beckham WR - NYG ,3.50,L. Green TE - LAC ,14.50,K. Allen WR - LAC ,8.90,J. Tucker K - BAL ,4.00,Bills DEF ,10.00,D. Lewis RB - NE ,0.00,A. Gates TE - LAC ,0.00,R. Hillman RB - DEN ,0.00,M. Bryant WR - PIT ,11.80,D. Moncrief WR - IND ,9.40,Packers DEF ,0.00,,,77.90,Kessi,117.30
2015,7,Erik,2,M. Ryan QB - ATL ,9.74,M. Ingram RB - NO ,20.80,C. Ivory RB - NYJ ,11.30,A. Brown WR - PIT ,13.00,T. Hilton WR - IND ,27.00,T. Kelce TE - KC ,7.30,L. Murray RB - LV ,14.60,S. Gostkowski K - NE ,12.00,Rams DEF ,25.00,J. Edelman WR - NE ,5.40,D. Thomas WR - DEN ,0.00,D. Walker TE - TEN ,5.50,B. Roethlisberger QB - PIT ,0.00,L. Miller RB - MIA ,35.60,Eagles DEF ,7.00,,,140.74,Juschka,86.90
2015,7,Ritz,4,P. Rivers QB - LAC ,25.44,J. Forsett RB - BAL ,10.40,A. Foster RB - HOU ,24.50,J. Maclin WR - KC ,0.00,M. Floyd WR - ARI ,11.90,R. Gronkowski TE - NE ,16.80,C. Hyde RB - SF ,4.00,D. Carpenter K - BUF ,11.00,Panthers DEF ,8.00,R. Cobb WR - GB ,0.00,R. Tannehill QB - MIA ,27.58,G. Bernard RB - CIN ,0.00,A. Abdullah RB - DET ,4.30,M. Gordon RB - LAC ,2.90,M. Crosby K - GB ,0.00,,,112.04,Tommy,101.02
2015,7,Marv,5,C. Newton QB - CAR ,13.88,R. Jennings RB - NYG ,1.90,F. Gore RB - IND ,7.50,B. Marshall WR - NYJ ,6.70,L. Fitzgerald WR - ARI ,3.90,J. Graham TE - SEA ,3.10,C. Johnson WR - DET ,14.60,C. Catanzaro K - ARI ,8.00,Jets DEF ,2.00,C. Johnson RB - ARI ,18.20,D. McFadden RB - DAL ,22.20,B. Watson TE - NO ,5.90,A. Rodgers QB - GB ,0.00,E. Lacy RB - GB ,0.00,B. Cooks WR - NO ,8.10,,,61.58,Simi,117.70
2015,7,Simi,3,R. Wilson QB - SEA ,11.40,D. Woodhead RB - LAC ,22.10,D. Martin RB - TB ,17.10,T. Benjamin WR - CLE ,2.70,A. Cooper WR - LV ,19.30,J. Witten TE - DAL ,7.30,A. Robinson WR - JAC ,15.80,J. Brown K - NYG ,9.00,Seahawks DEF ,13.00,M. Forte RB - CHI ,0.00,M. Bennett TE - CHI ,0.00,A. Green WR - CIN ,0.00,D. Green-Beckham WR - TEN ,0.00,D. Johnson RB - ARI ,2.40,Patriots DEF ,4.00,,,117.70,Marv,61.58
2015,7,Tommy,7,A. Luck QB - IND ,24.02,D. Murray RB - PHI ,7.00,A. Peterson RB - MIN ,11.00,M. Evans WR - TB ,22.40,J. Brown WR - ARI ,12.50,C. Clay TE - BUF ,2.60,P. Garcon WR - WAS ,5.50,S. Hauschka K - SEA ,8.00,Cardinals DEF ,8.00,D. Jackson WR - WAS ,0.00,D. Bryant WR - DAL ,0.00,A. Dalton QB - CIN ,0.00,A. Jeffery WR - CHI ,0.00,S. Watkins WR - BUF ,0.00,T. Yeldon RB - JAC ,18.40,,,101.02,Ritz,112.04
2015,7,Juschka,8,D. Brees QB - NO ,11.80,L. Blount RB - NE ,-0.30,D. Freeman RB - ATL ,13.00,S. Smith WR - BAL ,7.80,A. Hurns WR - JAC ,11.30,G. Barnidge TE - CLE ,10.10,M. Lynch RB - SEA ,18.20,T. Coons K - CLE ,6.00,Falcons DEF ,9.00,J. Stewart RB - CAR ,12.50,J. Thomas TE - JAC ,0.40,T. Austin WR - STL ,6.40,B. Bortles QB - JAC ,12.98,J. Landry WR - MIA ,20.80,B. McManus K - DEN ,0.00,,,86.90,Erik,140.74
2015,7,Kessi,1,T. Brady QB - NE ,29.70,L. Bell RB - PIT ,13.70,T. Gurley RB - STL ,28.30,E. Decker WR - NYJ ,9.40,J. Jones WR - ATL ,15.20,G. Olsen TE - CAR ,6.50,B. LaFell WR - NE ,2.50,M. Bryant K - ATL ,4.00,Vikings DEF ,8.00,E. Sanders WR - DEN ,0.00,J. Jones WR - GB ,0.00,A. Ellington RB - ARI ,4.90,T. Eifert TE - CIN ,0.00,J. Hill RB - CIN ,0.00,Broncos DEF ,0.00,,,117.30,Benni,77.90
2015,8,Benni,7,C. Palmer QB - ARI ,29.56,C. Johnson RB - ARI ,6.90,D. Lewis RB - NE ,17.20,D. Hopkins WR - HOU ,15.40,O. Beckham WR - NYG ,31.00,A. Gates TE - LAC ,5.60,K. Allen WR - LAC ,9.50,J. Tucker K - BAL ,17.00,Packers DEF ,2.00,L. McCoy RB - BUF ,0.00,T. Taylor QB - BUF ,0.00,L. Green TE - LAC ,1.00,M. Jones WR - CIN ,1.40,R. Hillman RB - DEN ,17.50,C. West RB - KC ,18.20,,,134.16,Erik,107.88
2015,8,Erik,2,M. Ryan QB - ATL ,20.08,M. Ingram RB - NO ,11.90,C. Ivory RB - NYJ ,4.10,D. Thomas WR - DEN ,16.80,A. Brown WR - PIT ,10.70,T. Kelce TE - KC ,10.90,L. Miller RB - MIA ,9.40,S. Gostkowski K - NE ,12.00,Rams DEF ,12.00,J. Edelman WR - NE ,20.10,B. Roethlisberger QB - PIT ,8.48,T. Hilton WR - IND ,1.50,J. Reed TE - WAS ,0.00,L. Murray RB - LV ,11.90,Patriots DEF ,15.00,,,107.88,Benni,134.16
2015,8,Ritz,4,P. Rivers QB - LAC ,24.04,J. Forsett RB - BAL ,7.40,G. Bernard RB - CIN ,3.40,J. Maclin WR - KC ,9.50,R. Cobb WR - GB ,3.70,R. Gronkowski TE - NE ,17.30,A. Abdullah RB - DET ,0.30,M. Crosby K - GB ,6.00,Panthers DEF ,10.00,D. Amendola WR - NE ,1.10,M. Floyd WR - ARI ,16.60,R. Tannehill QB - MIA ,7.90,D. Adams WR - GB ,0.80,C. Hyde RB - SF ,0.00,M. Gordon RB - LAC ,6.10,,,81.64,Kessi,100.24
2015,8,Marv,6,A. Rodgers QB - GB ,6.18,F. Gore RB - IND ,9.20,E. Lacy RB - GB ,10.70,B. Marshall WR - NYJ ,10.80,L. Fitzgerald WR - ARI ,12.40,J. Graham TE - SEA ,7.50,C. Johnson WR - DET ,8.50,C. Catanzaro K - ARI ,10.00,Jets DEF ,-1.00,D. McFadden RB - DAL ,11.30,C. Newton QB - CAR ,18.02,B. Watson TE - NO ,20.70,B. Cooks WR - NO ,20.50,M. Bryant WR - PIT ,4.90,A. Blue RB - HOU ,7.20,,,74.28,Juschka,121.00
2015,8,Simi,3,R. Wilson QB - SEA ,13.60,M. Forte RB - CHI ,6.90,D. Martin RB - TB ,7.80,A. Green WR - CIN ,17.80,A. Cooper WR - LV ,4.80,M. Bennett TE - CHI ,3.20,D. Woodhead RB - LAC ,4.50,J. Brown K - NYG ,7.00,Seahawks DEF ,5.00,J. Witten TE - DAL ,1.60,T. Benjamin WR - CLE ,2.60,A. Robinson WR - JAC ,0.00,D. Green-Beckham WR - TEN ,1.20,D. Johnson RB - ARI ,4.80,Eagles DEF ,0.00,,,70.60,Tommy,70.34
2015,8,Tommy,8,A. Luck QB - IND ,14.74,A. Peterson RB - MIN ,10.90,D. Johnson RB - CLE ,7.10,A. Jeffery WR - CHI ,17.60,M. Evans WR - TB ,4.80,L. Donnell TE - NYG ,2.20,J. Brown WR - ARI ,0.00,S. Hauschka K - SEA ,7.00,Cardinals DEF ,6.00,D. Bryant WR - DAL ,1.20,C. Clay TE - BUF ,0.00,A. Dalton QB - CIN ,9.64,D. Murray RB - PHI ,0.00,S. Watkins WR - BUF ,0.00,T. Yeldon RB - JAC ,0.00,,,70.34,Simi,70.60
2015,8,Juschka,5,D. Brees QB - NO ,44.30,L. Blount RB - NE ,7.40,D. Freeman RB - ATL ,13.10,S. Smith WR - BAL ,8.20,S. Diggs WR - MIN ,15.50,G. Barnidge TE - CLE ,11.30,M. Lynch RB - SEA ,8.20,B. McManus K - DEN ,11.00,Falcons DEF ,2.00,J. Stewart RB - CAR ,12.30,J. Thomas TE - JAC ,0.00,T. Austin WR - STL ,21.90,B. Bortles QB - JAC ,0.00,J. Landry WR - MIA ,7.10,A. Hurns WR - JAC ,0.00,,,121.00,Marv,74.28
2015,8,Kessi,1,T. Brady QB - NE ,30.34,L. Bell RB - PIT ,5.80,T. Gurley RB - STL ,20.60,J. Jones WR - ATL ,20.20,J. Jones WR - GB ,0.20,T. Eifert TE - CIN ,3.90,E. Sanders WR - DEN ,2.20,M. Bryant K - ATL ,8.00,Broncos DEF ,9.00,E. Decker WR - NYJ ,12.00,B. LaFell WR - NE ,4.70,G. Olsen TE - CAR ,13.90,N. Washington WR - HOU ,13.40,A. Ellington RB - ARI ,0.00,J. Hill RB - CIN ,6.80,,,100.24,Ritz,81.64
2015,9,Benni,4,T. Taylor QB - BUF ,15.64,L. McCoy RB - BUF ,17.90,D. Lewis RB - NE ,5.30,S. Johnson WR - LAC ,6.80,O. Beckham WR - NYG ,10.50,A. Gates TE - LAC ,6.90,D. Williams RB - PIT ,36.50,J. Lambo K - LAC ,7.00,Bengals DEF ,7.00,C. Johnson RB - ARI ,0.00,C. Palmer QB - ARI ,0.00,R. Hillman RB - DEN ,0.10,D. Hopkins WR - HOU ,0.00,C. West RB - KC ,0.00,J. Tucker K - BAL ,0.00,,,113.54,Ritz,108.20
2015,9,Erik,2,M. Ryan QB - ATL ,16.32,M. Ingram RB - NO ,9.60,C. Ivory RB - NYJ ,16.80,D. Thomas WR - DEN ,5.00,A. Brown WR - PIT ,28.60,J. Reed TE - WAS ,7.80,J. Edelman WR - NE ,9.50,S. Gostkowski K - NE ,9.00,Rams DEF ,3.00,B. Roethlisberger QB - PIT ,21.36,T. Hilton WR - IND ,8.20,L. Miller RB - MIA ,26.10,T. Kelce TE - KC ,0.00,L. Murray RB - LV ,7.50,Patriots DEF ,9.00,,,105.62,Marv,104.76
2015,9,Ritz,5,P. Rivers QB - LAC ,15.20,G. Bernard RB - CIN ,8.60,J. Langford RB - CHI ,22.20,M. Crabtree WR - LV ,22.80,R. Cobb WR - GB ,15.90,R. Gronkowski TE - NE ,4.70,C. Anderson RB - DEN ,3.80,D. Carpenter K - BUF ,7.00,Panthers DEF ,8.00,J. Forsett RB - BAL ,0.00,J. Maclin WR - KC ,0.00,M. Floyd WR - ARI ,0.00,D. Adams WR - GB ,11.30,C. Hyde RB - SF ,0.00,M. Gordon RB - LAC ,5.60,,,108.20,Benni,113.54
2015,9,Marv,7,A. Rodgers QB - GB ,32.96,D. McFadden RB - DAL ,12.20,E. Lacy RB - GB ,-1.00,B. Cooks WR - NO ,13.10,M. Bryant WR - PIT ,9.10,B. Watson TE - NO ,6.00,B. Marshall WR - NYJ ,10.40,D. Bailey K - DAL ,9.00,Giants DEF ,13.00,J. Graham TE - SEA ,0.00,C. Newton QB - CAR ,33.58,C. Johnson WR - DET ,0.00,L. Fitzgerald WR - ARI ,0.00,F. Gore RB - IND ,16.20,A. Blue RB - HOU ,0.00,,,104.76,Erik,105.62
2015,9,Simi,3,E. Manning QB - NYG ,12.42,D. Woodhead RB - LAC ,17.10,D. Martin RB - TB ,2.30,A. Green WR - CIN ,5.30,A. Cooper WR - LV ,14.80,M. Bennett TE - CHI ,11.70,A. Robinson WR - JAC ,12.10,J. Brown K - NYG ,16.00,Eagles DEF ,12.00,M. Forte RB - CHI ,0.00,J. Witten TE - DAL ,4.30,T. Benjamin WR - CLE ,2.20,R. Wilson QB - SEA ,0.00,D. Green-Beckham WR - TEN ,7.70,Seahawks DEF ,0.00,,,103.72,Kessi,114.66
2015,9,Tommy,6,A. Dalton QB - CIN ,21.86,D. Murray RB - PHI ,22.10,A. Peterson RB - MIN ,20.30,A. Jeffery WR - CHI ,15.10,M. Evans WR - TB ,13.00,C. Clay TE - BUF ,0.60,D. Bryant WR - DAL ,16.40,A. Vinatieri K - IND ,11.00,Bills DEF ,7.00,A. Luck QB - IND ,21.48,S. Watkins WR - BUF ,22.80,J. Brown WR - ARI ,0.00,T. Yeldon RB - JAC ,10.10,S. Hauschka K - SEA ,0.00,Cardinals DEF ,0.00,,,127.36,Juschka,110.14
2015,9,Juschka,8,D. Brees QB - NO ,31.38,L. Blount RB - NE ,18.90,D. Freeman RB - ATL ,13.90,J. Landry WR - MIA ,9.06,A. Hurns WR - JAC ,18.20,G. Barnidge TE - CLE ,3.50,S. Diggs WR - MIN ,4.20,B. McManus K - DEN ,6.00,Falcons DEF ,5.00,J. Stewart RB - CAR ,6.80,J. Thomas TE - JAC ,1.40,M. Lynch RB - SEA ,0.00,T. Austin WR - STL ,8.10,B. Bortles QB - JAC ,20.44,W. Snead WR - NO ,9.50,,,110.14,Tommy,127.36
2015,9,Kessi,1,T. Brady QB - NE ,17.86,J. Hill RB - CIN ,5.20,T. Gurley RB - STL ,16.90,E. Sanders WR - DEN ,15.00,J. Jones WR - ATL ,13.70,T. Eifert TE - CIN ,23.30,J. Jones WR - GB ,5.70,M. Bryant K - ATL ,10.00,Broncos DEF ,7.00,C. Spiller RB - NO ,1.00,E. Decker WR - NYJ ,13.90,B. LaFell WR - NE ,10.20,G. Olsen TE - CAR ,12.60,N. Washington WR - HOU ,0.00,L. Bell RB - PIT ,0.00,,,114.66,Simi,103.72
2015,10,Benni,3,D. Carr QB - LV ,17.28,L. McCoy RB - BUF ,15.90,D. Williams RB - PIT ,6.90,D. Hopkins WR - HOU ,11.70,O. Beckham WR - NYG ,16.40,D. Walker TE - TEN ,5.20,C. West RB - KC ,28.10,J. Tucker K - BAL ,2.00,Packers DEF ,3.00,C. Johnson RB - ARI ,5.80,S. Johnson WR - LAC ,0.00,C. Palmer QB - ARI ,20.32,A. Gates TE - LAC ,0.00,R. Hillman RB - DEN ,11.10,J. Matthews WR - PHI ,2.10,,,106.48,Marv,91.12
2015,10,Erik,2,B. Bortles QB - JAC ,16.02,M. Ingram RB - NO ,9.80,C. Ivory RB - NYJ ,11.50,D. Thomas WR - DEN ,7.10,A. Brown WR - PIT ,27.90,J. Reed TE - WAS ,14.90,J. Edelman WR - NE ,5.30,S. Gostkowski K - NE ,11.00,Rams DEF ,2.00,M. Forte RB - CHI ,0.00,B. Roethlisberger QB - PIT ,26.96,T. Hilton WR - IND ,0.00,L. Miller RB - MIA ,15.30,T. Kelce TE - KC ,3.60,Eagles DEF ,7.00,,,105.52,Tommy,97.08
2015,10,Ritz,4,R. Tannehill QB - MIA ,16.48,J. Forsett RB - BAL ,6.40,G. Bernard RB - CIN ,7.90,R. Cobb WR - GB ,5.00,D. Adams WR - GB ,7.90,R. Gronkowski TE - NE ,17.30,J. Langford RB - CHI ,30.20,D. Carpenter K - BUF ,10.00,Panthers DEF ,9.00,M. Crabtree WR - LV ,5.50,J. Maclin WR - KC ,1.70,P. Rivers QB - LAC ,0.00,M. Floyd WR - ARI ,23.30,C. Hyde RB - SF ,0.00,J. White RB - NE ,1.10,,,110.18,Simi,87.30
2015,10,Marv,7,A. Rodgers QB - GB ,22.12,D. McFadden RB - DAL ,5.80,R. Mathews RB - PHI ,10.00,C. Johnson WR - DET ,8.10,B. Cooks WR - NO ,22.90,B. Watson TE - NO ,1.90,B. Marshall WR - NYJ ,8.30,D. Bailey K - DAL ,8.00,Jets DEF ,4.00,J. Graham TE - SEA ,4.10,C. Newton QB - CAR ,20.98,L. Fitzgerald WR - ARI ,13.00,F. Gore RB - IND ,0.00,E. Lacy RB - GB ,0.00,M. Bryant WR - PIT ,21.80,,,91.12,Benni,106.48
2015,10,Simi,5,R. Wilson QB - SEA ,16.80,D. Martin RB - TB ,10.30,L. Murray RB - LV ,7.70,A. Green WR - CIN ,4.70,A. Cooper WR - LV ,7.90,M. Bennett TE - CHI ,1.80,A. Robinson WR - JAC ,11.10,J. Brown K - NYG ,16.00,Seahawks DEF ,11.00,D. Woodhead RB - LAC ,0.00,J. Witten TE - DAL ,4.20,E. Manning QB - NYG ,21.44,T. Benjamin WR - CLE ,10.60,D. Green-Beckham WR - TEN ,0.00,Patriots DEF ,5.00,,,87.30,Ritz,110.18
2015,10,Tommy,8,A. Dalton QB - CIN ,8.98,D. Murray RB - PHI ,11.90,A. Peterson RB - MIN ,27.60,A. Jeffery WR - CHI ,2.30,M. Evans WR - TB ,12.60,C. Clay TE - BUF ,5.20,D. Bryant WR - DAL ,4.50,S. Hauschka K - SEA ,8.00,Bills DEF ,16.00,A. Luck QB - IND ,0.00,S. Watkins WR - BUF ,1.40,J. Brown WR - ARI ,0.00,T. Yeldon RB - JAC ,6.70,A. Vinatieri K - IND ,0.00,Cardinals DEF ,6.00,,,97.08,Erik,105.52
2015,10,Juschka,6,D. Brees QB - NO ,12.36,L. Blount RB - NE ,13.70,M. Lynch RB - SEA ,11.00,A. Hurns WR - JAC ,12.20,S. Diggs WR - MIN ,5.60,G. Barnidge TE - CLE ,12.50,J. Landry WR - MIA ,11.80,B. McManus K - DEN ,1.00,Steelers DEF ,16.00,M. Ryan QB - ATL ,0.00,J. Stewart RB - CAR ,15.10,J. Thomas TE - JAC ,2.30,D. Freeman RB - ATL ,0.00,W. Snead WR - NO ,0.00,K. Williams RB - BUF ,11.00,,,96.16,Kessi,76.46
2015,10,Kessi,1,T. Brady QB - NE ,18.26,J. Starks RB - GB ,9.60,T. Gurley RB - STL ,14.90,E. Decker WR - NYJ ,14.50,E. Sanders WR - DEN ,0.00,T. Eifert TE - CIN ,2.60,B. LaFell WR - NE ,6.60,G. Gano K - CAR ,9.00,Broncos DEF ,1.00,J. Jones WR - ATL ,0.00,G. Olsen TE - CAR ,8.00,N. Washington WR - HOU ,3.20,J. Jones WR - GB ,0.00,L. Bell RB - PIT ,0.00,J. Hill RB - CIN ,2.00,,,76.46,Juschka,96.16
2015,11,Benni,3,C. Palmer QB - ARI ,24.58,L. McCoy RB - BUF ,18.30,C. West RB - KC ,6.40,S. Johnson WR - LAC ,5.40,D. Hopkins WR - HOU ,23.80,D. Walker TE - TEN ,10.90,C. Johnson RB - ARI ,6.50,J. Tucker K - BAL ,10.00,Chiefs DEF ,20.00,D. Williams RB - PIT ,0.00,A. Gates TE - LAC ,0.60,T. Romo QB - DAL ,13.28,R. Hillman RB - DEN ,10.40,O. Beckham WR - NYG ,0.00,Texans DEF ,8.00,,,125.88,Simi,87.70
2015,11,Erik,2,C. Newton QB - CAR ,31.44,C. Ivory RB - NYJ ,4.50,L. Miller RB - MIA ,5.50,D. Thomas WR - DEN ,11.90,T. Austin WR - STL ,0.10,J. Reed TE - WAS ,2.60,L. Murray RB - LV ,8.80,S. Gostkowski K - NE ,8.00,Rams DEF ,6.00,M. Ryan QB - ATL ,17.90,M. Ingram RB - NO ,0.00,B. Roethlisberger QB - PIT ,0.00,A. Brown WR - PIT ,0.00,T. Hilton WR - IND ,2.10,T. Kelce TE - KC ,4.60,,,78.84,Kessi,110.28
2015,11,Ritz,4,P. Rivers QB - LAC ,5.92,J. Forsett RB - BAL ,2.60,G. Bernard RB - CIN ,14.60,R. Cobb WR - GB ,8.40,D. Adams WR - GB ,3.60,R. Gronkowski TE - NE ,3.70,J. Langford RB - CHI ,10.20,D. Carpenter K - BUF ,9.00,Panthers DEF ,16.00,M. Crabtree WR - LV ,5.00,J. Maclin WR - KC ,2.90,M. Floyd WR - ARI ,0.00,R. Tannehill QB - MIA ,14.82,C. Hyde RB - SF ,0.00,J. White RB - NE ,16.60,,,74.02,Juschka,49.78
2015,11,Marv,8,A. Rodgers QB - GB ,19.08,D. McFadden RB - DAL ,14.90,F. Gore RB - IND ,6.00,C. Johnson WR - DET ,8.80,L. Fitzgerald WR - ARI ,9.00,J. Graham TE - SEA ,3.90,B. Marshall WR - NYJ ,10.70,D. Bailey K - DAL ,6.00,Jets DEF ,3.00,R. Mathews RB - PHI ,0.00,B. Watson TE - NO ,0.00,E. Lacy RB - GB ,10.60,B. Cooks WR - NO ,0.00,M. Bryant WR - PIT ,0.00,Eagles DEF ,-1.00,,,81.38,Tommy,85.10
2015,11,Simi,5,R. Wilson QB - SEA ,25.40,D. Woodhead RB - LAC ,1.60,D. Martin RB - TB ,23.50,A. Green WR - CIN ,7.90,A. Cooper WR - LV ,0.40,M. Bennett TE - CHI ,2.60,A. Robinson WR - JAC ,11.30,C. Santos K - KC ,9.00,Seahawks DEF ,6.00,M. Forte RB - CHI ,0.00,J. Witten TE - DAL ,2.70,E. Manning QB - NYG ,0.00,T. Benjamin WR - CLE ,0.00,D. Green-Beckham WR - TEN ,4.00,J. Brown K - NYG ,0.00,,,87.70,Benni,125.88
2015,11,Tommy,6,A. Dalton QB - CIN ,22.00,D. Murray RB - PHI ,7.10,A. Peterson RB - MIN ,10.10,D. Bryant WR - DAL ,10.50,M. Evans WR - TB ,12.30,C. Clay TE - BUF ,1.40,D. Amendola WR - NE ,11.70,S. Hauschka K - SEA ,5.00,Cardinals DEF ,5.00,A. Luck QB - IND ,0.00,A. Jeffery WR - CHI ,0.00,S. Watkins WR - BUF ,3.90,D. Carr QB - LV ,7.56,J. Brown WR - ARI ,11.20,Bills DEF ,4.00,,,85.10,Marv,81.38
2015,11,Juschka,7,B. Bortles QB - JAC ,10.58,L. Blount RB - NE ,6.10,D. Freeman RB - ATL ,4.30,J. Landry WR - MIA ,6.60,A. Hurns WR - JAC ,1.90,R. Rodgers TE - GB ,0.70,S. Diggs WR - MIN ,6.60,B. McManus K - DEN ,5.00,Patriots DEF ,8.00,J. Stewart RB - CAR ,17.40,G. Barnidge TE - CLE ,0.00,M. Lynch RB - SEA ,0.00,D. Brees QB - NO ,0.00,W. Snead WR - NO ,0.00,K. Williams RB - BUF ,1.10,,,49.78,Ritz,74.02
2015,11,Kessi,1,T. Brady QB - NE ,13.08,J. Hill RB - CIN ,16.50,T. Gurley RB - STL ,10.60,E. Sanders WR - DEN ,0.00,J. Jones WR - ATL ,16.00,T. Eifert TE - CIN ,14.20,J. Jones WR - GB ,18.90,G. Gano K - CAR ,14.00,Broncos DEF ,7.00,J. Starks RB - GB ,4.40,E. Decker WR - NYJ ,8.10,B. LaFell WR - NE ,6.60,G. Olsen TE - CAR ,11.40,N. Washington WR - HOU ,1.30,L. Bell RB - PIT ,0.00,,,110.28,Erik,78.84
2015,12,Benni,3,C. Palmer QB - ARI ,17.44,L. McCoy RB - BUF ,14.10,D. Williams RB - PIT ,17.70,D. Hopkins WR - HOU ,3.60,O. Beckham WR - NYG ,20.20,D. Walker TE - TEN ,9.10,C. Johnson RB - ARI ,1.70,M. Crosby K - GB ,9.00,Chiefs DEF ,5.00,S. Johnson WR - LAC ,15.20,A. Gates TE - LAC ,17.30,R. Hillman RB - DEN ,11.90,C. West RB - KC ,0.00,T. Coleman RB - ATL ,9.00,C. Barth K - TB ,6.00,,,97.84,Tommy,96.92
2015,12,Erik,4,C. Newton QB - CAR ,17.82,M. Ingram RB - NO ,9.70,C. Ivory RB - NYJ ,16.20,D. Thomas WR - DEN ,3.60,A. Brown WR - PIT ,5.10,J. Reed TE - WAS ,9.80,L. Miller RB - MIA ,1.30,S. Gostkowski K - NE ,6.00,Rams DEF ,2.00,D. Jackson WR - WAS ,12.60,B. Roethlisberger QB - PIT ,22.04,K. Aiken WR - BAL ,14.00,T. Hilton WR - IND ,21.50,S. Ware RB - KC ,17.50,T. Kelce TE - KC ,12.90,,,71.52,Ritz,109.90
2015,12,Ritz,2,P. Rivers QB - LAC ,28.90,G. Bernard RB - CIN ,6.70,J. Langford RB - CHI ,11.30,R. Cobb WR - GB ,7.40,M. Floyd WR - ARI ,1.40,R. Gronkowski TE - NE ,14.80,J. Allen RB - BAL ,14.40,D. Carpenter K - BUF ,4.00,Panthers DEF ,21.00,M. Crabtree WR - LV ,7.90,J. Maclin WR - KC ,22.00,R. Tannehill QB - MIA ,22.04,D. Adams WR - GB ,1.40,C. Hyde RB - SF ,0.00,-,-,,,109.90,Erik,71.52
2015,12,Marv,8,A. Rodgers QB - GB ,13.38,D. McFadden RB - DAL ,7.60,T. Yeldon RB - JAC ,8.20,L. Fitzgerald WR - ARI ,6.60,B. Cooks WR - NO ,3.50,B. Watson TE - NO ,5.30,B. Marshall WR - NYJ ,25.10,C. Catanzaro K - ARI ,7.00,Eagles DEF ,-2.00,C. Johnson WR - DET ,27.30,F. Gore RB - IND ,3.70,E. Lacy RB - GB ,17.90,L. Murray RB - LV ,8.20,J. Brown WR - ARI ,9.90,Bills DEF ,0.00,,,74.68,Kessi,77.40
2015,12,Simi,5,R. Wilson QB - SEA ,35.20,D. Martin RB - TB ,9.80,T. Rawls RB - SEA ,14.10,A. Green WR - CIN ,18.10,A. Cooper WR - LV ,11.50,J. Witten TE - DAL ,3.60,A. Robinson WR - JAC ,11.60,J. Brown K - NYG ,2.00,Seahawks DEF ,9.00,M. Forte RB - CHI ,5.30,M. Bennett TE - CHI ,0.00,D. Woodhead RB - LAC ,4.70,E. Manning QB - NYG ,14.84,T. Benjamin WR - CLE ,16.00,D. Green-Beckham WR - TEN ,4.20,,,114.90,Juschka,63.12
2015,12,Tommy,6,A. Dalton QB - CIN ,19.72,D. Murray RB - PHI ,3.00,A. Peterson RB - MIN ,30.70,D. Bryant WR - DAL ,2.60,M. Evans WR - TB ,6.40,J. Graham TE - SEA ,7.50,M. Bryant WR - PIT ,14.00,S. Hauschka K - SEA ,3.00,Cardinals DEF ,10.00,D. Amendola WR - NE ,0.00,C. Clay TE - BUF ,3.10,A. Luck QB - IND ,0.00,A. Jeffery WR - CHI ,9.00,S. Watkins WR - BUF ,27.80,J. Winston QB - TB ,14.50,,,96.92,Benni,97.84
2015,12,Juschka,7,D. Brees QB - NO ,7.12,L. Blount RB - NE ,2.70,K. Williams RB - BUF ,0.50,J. Landry WR - MIA ,22.90,S. Diggs WR - MIN ,3.10,G. Barnidge TE - CLE ,9.10,J. Stewart RB - CAR ,7.70,B. McManus K - DEN ,6.00,Patriots DEF ,4.00,M. Lynch RB - SEA ,0.00,B. Bortles QB - JAC ,22.46,D. Freeman RB - ATL ,0.00,W. Snead WR - NO ,5.00,R. Rodgers TE - GB ,3.00,A. Hurns WR - JAC ,4.20,,,63.12,Simi,114.90
2015,12,Kessi,1,T. Brady QB - NE ,23.20,J. Hill RB - CIN ,10.00,T. Gurley RB - STL ,3.00,B. LaFell WR - NE ,3.60,J. Jones WR - ATL ,5.60,T. Eifert TE - CIN ,10.00,J. Jones WR - GB ,0.00,G. Gano K - CAR ,17.00,Broncos DEF ,5.00,J. Starks RB - GB ,8.00,E. Decker WR - NYJ ,12.20,E. Sanders WR - DEN ,11.30,G. Olsen TE - CAR ,7.00,N. Washington WR - HOU ,4.30,L. Bell RB - PIT ,0.00,,,77.40,Marv,74.68
2015,13,Benni,2,C. Palmer QB - ARI ,22.24,L. McCoy RB - BUF ,11.20,D. Williams RB - PIT ,14.50,D. Hopkins WR - HOU ,14.80,O. Beckham WR - NYG ,20.90,D. Walker TE - TEN ,15.20,C. West RB - KC ,4.40,C. Santos K - KC ,2.00,Patriots DEF ,2.00,S. Johnson WR - LAC ,0.00,A. Gates TE - LAC ,5.00,D. Baldwin WR - SEA ,21.40,R. Hillman RB - DEN ,5.60,T. Austin WR - STL ,3.80,Chiefs DEF ,17.00,,,107.24,Juschka,101.18
2015,13,Erik,5,C. Newton QB - CAR ,36.14,C. Ivory RB - NYJ ,4.90,D. Johnson RB - ARI ,18.00,A. Brown WR - PIT ,23.80,T. Hilton WR - IND ,3.60,T. Kelce TE - KC ,4.20,M. Ingram RB - NO ,15.90,S. Gostkowski K - NE ,4.00,Texans DEF ,0.00,D. Thomas WR - DEN ,12.10,B. Roethlisberger QB - PIT ,33.86,K. Aiken WR - BAL ,4.80,L. Miller RB - MIA ,9.80,J. Reed TE - WAS ,3.30,Rams DEF ,2.00,,,110.54,Simi,154.16
2015,13,Ritz,3,R. Tannehill QB - MIA ,8.54,G. Bernard RB - CIN ,3.50,J. Langford RB - CHI ,6.80,J. Maclin WR - KC ,19.50,R. Cobb WR - GB ,8.80,E. Ebron TE - DET ,6.90,J. Allen RB - BAL ,23.00,D. Carpenter K - BUF ,6.00,Panthers DEF ,3.00,M. Crabtree WR - LV ,10.50,R. Gronkowski TE - NE ,0.00,P. Rivers QB - LAC ,6.08,M. Floyd WR - ARI ,10.40,D. Adams WR - GB ,8.10,D. Johnson RB - CLE ,3.20,,,86.04,Marv,97.22
2015,13,Marv,7,A. Rodgers QB - GB ,25.62,E. Lacy RB - GB ,0.10,T. Yeldon RB - JAC ,19.60,C. Johnson WR - DET ,10.40,B. Marshall WR - NYJ ,19.10,J. Thomas TE - JAC ,7.50,D. McFadden RB - DAL ,7.90,J. Myers K - JAC ,3.00,Bills DEF ,4.00,L. Fitzgerald WR - ARI ,5.50,F. Gore RB - IND ,15.40,L. Murray RB - LV ,15.70,B. Cooks WR - NO ,16.40,J. Brown WR - ARI ,11.30,Eagles DEF ,25.00,,,97.22,Ritz,86.04
2015,13,Simi,4,R. Wilson QB - SEA ,34.06,D. Martin RB - TB ,14.00,T. Rawls RB - SEA ,16.30,A. Green WR - CIN ,18.80,A. Robinson WR - JAC ,33.30,M. Bennett TE - CHI ,1.40,M. Forte RB - CHI ,18.30,J. Brown K - NYG ,8.00,Seahawks DEF ,10.00,D. Woodhead RB - LAC ,3.40,J. Witten TE - DAL ,4.60,T. Benjamin WR - CLE ,0.00,C. Anderson RB - DEN ,5.40,A. Cooper WR - LV ,6.20,D. Green-Beckham WR - TEN ,17.90,,,154.16,Erik,110.54
2015,13,Tommy,6,A. Dalton QB - CIN ,23.90,D. Murray RB - PHI ,2.40,A. Peterson RB - MIN ,2.40,D. Bryant WR - DAL ,6.20,M. Evans WR - TB ,12.10,C. Clay TE - BUF ,12.60,A. Jeffery WR - CHI ,8.50,S. Hauschka K - SEA ,8.00,Cardinals DEF ,9.00,D. Amendola WR - NE ,13.64,J. Graham TE - SEA ,0.00,A. Luck QB - IND ,0.00,S. Ware RB - KC ,8.50,S. Watkins WR - BUF ,16.90,M. Bryant WR - PIT ,17.40,,,85.10,Kessi,93.58
2015,13,Juschka,8,B. Bortles QB - JAC ,32.78,L. Blount RB - NE ,5.40,D. Freeman RB - ATL ,10.30,D. Jackson WR - WAS ,12.00,J. Landry WR - MIA ,0.50,G. Barnidge TE - CLE ,5.90,J. Stewart RB - CAR ,15.30,B. McManus K - DEN ,5.00,Bengals DEF ,14.00,M. Lynch RB - SEA ,0.00,D. Brees QB - NO ,22.48,W. Snead WR - NO ,0.00,A. Hurns WR - JAC ,0.00,K. Williams RB - BUF ,0.00,S. Diggs WR - MIN ,1.60,,,101.18,Benni,107.24
2015,13,Kessi,1,T. Brady QB - NE ,31.78,J. Hill RB - CIN ,15.80,T. Gurley RB - STL ,4.10,B. LaFell WR - NE ,2.70,J. Jones WR - ATL ,9.30,T. Eifert TE - CIN ,0.00,J. Jones WR - GB ,1.90,G. Gano K - CAR ,5.00,Broncos DEF ,23.00,J. Starks RB - GB ,6.00,E. Decker WR - NYJ ,10.10,E. Sanders WR - DEN ,2.40,G. Olsen TE - CAR ,10.90,N. Washington WR - HOU ,4.40,L. Bell RB - PIT ,0.00,,,93.58,Tommy,85.10
2015,14,Benni,2,C. Palmer QB - ARI ,20.70,L. McCoy RB - BUF ,10.90,D. Williams RB - PIT ,21.10,D. Hopkins WR - HOU ,5.20,O. Beckham WR - NYG ,28.60,D. Walker TE - TEN ,7.10,C. West RB - KC ,5.40,C. Santos K - KC ,4.00,Chiefs DEF ,14.00,T. Hightower RB - NO ,15.50,D. Baldwin WR - SEA ,26.20,R. Hillman RB - DEN ,6.10,M. Wheaton WR - PIT ,6.50,A. Seferian-Jenkins TE - TB ,3.10,D. Parker WR - MIA ,1.60,,,117.00,Kessi,88.24
2015,14,Erik,5,C. Newton QB - CAR ,23.00,S. Draughn RB - SF ,5.10,D. Johnson RB - ARI ,12.30,D. Thomas WR - DEN ,7.50,A. Brown WR - PIT ,8.70,T. Kelce TE - KC ,1.80,L. Miller RB - MIA ,20.90,S. Gostkowski K - NE ,9.00,Packers DEF ,8.00,B. Roethlisberger QB - PIT ,9.88,C. Ivory RB - NYJ ,10.70,T. Hilton WR - IND ,13.20,J. Reed TE - WAS ,18.00,J. White RB - NE ,10.00,Rams DEF ,13.00,,,96.30,Juschka,89.48
2015,14,Ritz,3,R. Tannehill QB - MIA ,15.84,G. Bernard RB - CIN ,6.70,C. Sims RB - TB ,7.40,J. Maclin WR - KC ,6.60,R. Cobb WR - GB ,9.00,E. Ebron TE - DET ,2.70,J. Langford RB - CHI ,6.40,D. Carpenter K - BUF ,8.00,Panthers DEF ,23.00,R. Gronkowski TE - NE ,14.70,B. Gabbert QB - SF ,13.66,P. Rivers QB - LAC ,8.92,M. Floyd WR - ARI ,16.20,T. Austin WR - STL ,5.90,J. Allen RB - BAL ,3.80,,,85.64,Tommy,68.86
2015,14,Marv,7,A. Rodgers QB - GB ,19.42,D. McFadden RB - DAL ,11.10,T. Yeldon RB - JAC ,6.30,C. Johnson WR - DET ,1.60,B. Marshall WR - NYJ ,18.50,J. Thomas TE - JAC ,11.40,L. Fitzgerald WR - ARI ,4.10,C. Catanzaro K - ARI ,11.00,Bills DEF ,3.00,B. Watson TE - NO ,7.00,F. Gore RB - IND ,5.90,E. Lacy RB - GB ,20.80,L. Murray RB - LV ,2.70,B. Cooks WR - NO ,2.90,Eagles DEF ,6.00,,,86.42,Simi,113.48
2015,14,Simi,4,R. Wilson QB - SEA ,32.28,D. Martin RB - TB ,14.60,T. Rawls RB - SEA ,4.40,A. Green WR - CIN ,19.20,A. Robinson WR - JAC ,6.40,R. Rodgers TE - GB ,6.30,M. Forte RB - CHI ,11.30,J. Brown K - NYG ,7.00,Seahawks DEF ,12.00,M. Bennett TE - CHI ,0.00,D. Woodhead RB - LAC ,1.30,T. Benjamin WR - CLE ,4.10,C. Anderson RB - DEN ,0.00,A. Cooper WR - LV ,0.00,D. Green-Beckham WR - TEN ,5.30,,,113.48,Marv,86.42
2015,14,Tommy,6,A. Dalton QB - CIN ,0.36,A. Peterson RB - MIN ,12.60,S. Ware RB - KC ,5.20,S. Watkins WR - BUF ,14.20,M. Evans WR - TB ,3.90,C. Clay TE - BUF ,0.90,A. Jeffery WR - CHI ,16.70,S. Hauschka K - SEA ,5.00,Cardinals DEF ,10.00,D. Amendola WR - NE ,4.60,J. Graham TE - SEA ,0.00,D. Bryant WR - DAL ,0.90,D. Murray RB - PHI ,3.70,A. Luck QB - IND ,0.00,M. Bryant WR - PIT ,5.00,,,68.86,Ritz,85.64
2015,14,Juschka,8,D. Brees QB - NO ,20.48,L. Blount RB - NE ,5.30,D. Freeman RB - ATL ,4.20,D. Jackson WR - WAS ,4.30,J. Landry WR - MIA ,9.90,G. Barnidge TE - CLE ,14.40,J. Stewart RB - CAR ,14.90,B. McManus K - DEN ,12.00,Bengals DEF ,4.00,J. Edelman WR - NE ,0.00,M. Lynch RB - SEA ,0.00,B. Bortles QB - JAC ,25.70,A. Hurns WR - JAC ,16.50,K. Williams RB - BUF ,0.00,S. Diggs WR - MIN ,1.20,,,89.48,Erik,96.30
2015,14,Kessi,1,T. Brady QB - NE ,18.04,J. Hill RB - CIN ,2.40,T. Gurley RB - STL ,26.70,E. Decker WR - NYJ ,13.40,J. Jones WR - ATL ,8.80,T. Eifert TE - CIN ,4.20,E. Sanders WR - DEN ,-0.30,G. Gano K - CAR ,8.00,Broncos DEF ,7.00,J. Starks RB - GB ,22.30,B. LaFell WR - NE ,3.20,G. Olsen TE - CAR ,5.20,N. Washington WR - HOU ,4.90,J. Jones WR - GB ,4.90,L. Bell RB - PIT ,0.00,,,88.24,Benni,117.00
2015,15,Benni,2,C. Palmer QB - ARI ,14.96,L. McCoy RB - BUF ,3.70,D. Williams RB - PIT ,11.60,D. Hopkins WR - HOU ,9.40,O. Beckham WR - NYG ,13.60,D. Walker TE - TEN ,18.40,D. Baldwin WR - SEA ,16.50,C. Santos K - KC ,12.00,Chiefs DEF ,21.00,T. Hightower RB - NO ,8.50,R. Hillman RB - DEN ,2.80,B. Brown RB - SEA ,4.30,M. Wheaton WR - PIT ,12.20,J. Brown WR - ARI ,9.80,C. West RB - KC ,14.50,,,121.16,Ritz,71.24
2015,15,Erik,5,C. Newton QB - CAR ,41.60,L. Miller RB - MIA ,2.40,D. Johnson RB - ARI ,40.90,A. Brown WR - PIT ,30.90,T. Hilton WR - IND ,2.90,J. Reed TE - WAS ,20.40,C. Ivory RB - NYJ ,4.20,S. Gostkowski K - NE ,15.00,Steelers DEF ,6.00,D. Thomas WR - DEN ,18.10,S. Draughn RB - SF ,4.20,B. Roethlisberger QB - PIT ,22.90,D. Robinson RB - JAC ,8.70,T. Kelce TE - KC ,7.30,Rams DEF ,4.00,,,164.30,Juschka,103.44
2015,15,Ritz,3,P. Rivers QB - LAC ,20.44,G. Bernard RB - CIN ,5.10,J. Allen RB - BAL ,-0.20,J. Maclin WR - KC ,11.00,T. Lockett WR - SEA ,11.50,R. Gronkowski TE - NE ,11.40,M. Floyd WR - ARI ,7.00,D. Carpenter K - BUF ,5.00,Panthers DEF ,0.00,R. Cobb WR - GB ,5.80,M. Colston WR - NO ,9.90,R. Tannehill QB - MIA ,15.04,E. Ebron TE - DET ,7.90,C. Sims RB - TB ,7.20,J. Langford RB - CHI ,5.70,,,71.24,Benni,121.16
2015,15,Marv,7,A. Rodgers QB - GB ,10.06,E. Lacy RB - GB ,2.30,L. Murray RB - LV ,8.00,C. Johnson WR - DET ,1.90,B. Marshall WR - NYJ ,7.40,J. Thomas TE - JAC ,7.90,L. Fitzgerald WR - ARI ,4.30,C. Catanzaro K - ARI ,10.00,Patriots DEF ,18.00,D. McFadden RB - DAL ,11.30,M. Stafford QB - DET ,22.06,B. Watson TE - NO ,10.90,F. Gore RB - IND ,5.90,B. Cooks WR - NO ,18.40,T. Yeldon RB - JAC ,0.00,,,69.86,Tommy,102.08
2015,15,Simi,4,R. Wilson QB - SEA ,26.56,D. Woodhead RB - LAC ,30.00,D. Martin RB - TB ,9.70,A. Green WR - CIN ,3.70,A. Robinson WR - JAC ,11.70,R. Rodgers TE - GB ,0.70,M. Forte RB - CHI ,16.40,J. Brown K - NYG ,5.00,Seahawks DEF ,9.00,M. Bennett TE - CHI ,0.00,T. Benjamin WR - CLE ,3.50,C. Anderson RB - DEN ,2.00,A. Cooper WR - LV ,24.00,D. Green-Beckham WR - TEN ,11.30,T. Rawls RB - SEA ,0.00,,,112.76,Kessi,115.48
2015,15,Tommy,6,A. McCarron QB - CIN ,11.88,D. Murray RB - PHI ,0.30,A. Peterson RB - MIN ,6.30,S. Watkins WR - BUF ,23.10,M. Evans WR - TB ,15.70,A. Gates TE - LAC ,8.80,A. Jeffery WR - CHI ,7.00,S. Hauschka K - SEA ,12.00,Cardinals DEF ,17.00,D. Amendola WR - NE ,-1.70,D. Bryant WR - DAL ,11.00,C. Clay TE - BUF ,0.00,A. Luck QB - IND ,0.00,S. Ware RB - KC ,0.00,M. Bryant WR - PIT ,8.70,,,102.08,Marv,69.86
2015,15,Juschka,8,D. Brees QB - NO ,26.74,B. Bolden RB - NE ,5.40,D. Freeman RB - ATL ,16.10,J. Landry WR - MIA ,5.40,A. Hurns WR - JAC ,4.40,G. Barnidge TE - CLE ,8.90,T. Ginn WR - CAR ,20.50,B. McManus K - DEN ,3.00,Bengals DEF ,13.00,J. Stewart RB - CAR ,0.00,D. Jackson WR - WAS ,21.30,J. Edelman WR - NE ,0.00,B. Bortles QB - JAC ,24.28,J. White RB - NE ,13.70,S. Diggs WR - MIN ,17.50,,,103.44,Erik,164.30
2015,15,Kessi,1,T. Brady QB - NE ,18.68,J. Hill RB - CIN ,13.10,T. Gurley RB - STL ,13.90,E. Decker WR - NYJ ,11.50,J. Jones WR - ATL ,17.80,T. Eifert TE - CIN ,0.00,E. Sanders WR - DEN ,26.50,G. Gano K - CAR ,8.00,Broncos DEF ,6.00,J. Starks RB - GB ,3.60,B. LaFell WR - NE ,8.80,G. Olsen TE - CAR ,13.90,N. Washington WR - HOU ,1.80,J. Jones WR - GB ,14.20,L. Bell RB - PIT ,0.00,,,115.48,Simi,112.76
2015,16,Benni,2,C. Palmer QB - ARI ,16.60,D. Williams RB - PIT ,25.30,C. West RB - KC ,6.10,D. Baldwin WR - SEA ,17.80,D. Hopkins WR - HOU ,17.70,D. Walker TE - TEN ,5.90,T. Hightower RB - NO ,28.90,C. Boswell K - PIT ,5.00,Chiefs DEF ,6.00,J. Charles RB - KC ,0.00,J. Nelson WR - GB ,0.00,A. Foster RB - HOU ,0.00,K. Benjamin WR - CAR ,0.00,O. Beckham WR - NYG ,0.00,K. White WR - CHI ,0.00,,,129.30,Kessi,95.44
2015,16,Erik,5,C. Newton QB - CAR ,14.28,C. Artis-Payne RB - CAR ,5.60,D. Johnson RB - ARI ,18.70,A. Brown WR - PIT ,6.10,T. Hilton WR - IND ,6.40,J. Reed TE - WAS ,24.90,D. Robinson RB - JAC ,7.00,S. Gostkowski K - NE ,8.00,Steelers DEF ,2.00,T. Tebow QB ,0.00,D. Thomas WR - DEN ,5.90,C. Kaepernick QB - SF ,0.00,M. Ingram RB - NO ,0.00,S. Smith WR - BAL ,0.00,B. Roethlisberger QB - PIT ,4.50,,,92.98,Tommy,102.40
2015,16,Ritz,3,P. Rivers QB - LAC ,15.08,G. Bernard RB - CIN ,4.30,J. Allen RB - BAL ,17.20,J. Maclin WR - KC ,10.90,T. Lockett WR - SEA ,3.30,R. Gronkowski TE - NE ,8.60,R. Cobb WR - GB ,1.70,D. Carpenter K - BUF ,4.00,Panthers DEF ,5.00,M. Colston WR - NO ,0.00,M. Floyd WR - ARI ,11.10,R. Tannehill QB - MIA ,13.96,E. Ebron TE - DET ,4.90,C. Sims RB - TB ,17.70,J. Langford RB - CHI ,8.30,,,70.08,Simi,84.36
2015,16,Marv,7,M. Stafford QB - DET ,21.14,D. McFadden RB - DAL ,9.80,L. Murray RB - LV ,17.70,B. Marshall WR - NYJ ,23.50,B. Cooks WR - NO ,19.30,J. Thomas TE - JAC ,1.20,F. Gore RB - IND ,21.50,C. Catanzaro K - ARI ,8.00,Texans DEF ,22.00,C. Johnson WR - DET ,13.70,L. Fitzgerald WR - ARI ,8.90,B. Watson TE - NO ,0.50,A. Rodgers QB - GB ,7.94,E. Lacy RB - GB ,14.80,T. Yeldon RB - JAC ,0.00,,,144.14,Juschka,96.58
2015,16,Simi,4,R. Wilson QB - SEA ,19.36,D. Woodhead RB - LAC ,10.80,D. Martin RB - TB ,7.50,A. Green WR - CIN ,11.70,A. Robinson WR - JAC ,21.10,R. Rodgers TE - GB ,0.20,M. Forte RB - CHI ,7.70,J. Brown K - NYG ,5.00,Seahawks DEF ,1.00,M. Bennett TE - CHI ,0.00,T. Benjamin WR - CLE ,2.00,C. Anderson RB - DEN ,12.10,A. Cooper WR - LV ,1.00,D. Green-Beckham WR - TEN ,0.00,T. Rawls RB - SEA ,0.00,,,84.36,Ritz,70.08
2015,16,Tommy,6,J. Winston QB - TB ,18.80,D. Murray RB - PHI ,11.10,A. Peterson RB - MIN ,17.90,S. Watkins WR - BUF ,8.40,M. Evans WR - TB ,6.10,A. Gates TE - LAC ,1.10,M. Bryant WR - PIT ,1.00,S. Hauschka K - SEA ,5.00,Cardinals DEF ,33.00,D. Amendola WR - NE ,0.00,D. Bryant WR - DAL ,0.00,C. Clay TE - BUF ,0.00,A. Luck QB - IND ,0.00,A. Jeffery WR - CHI ,0.00,S. Ware RB - KC ,1.50,,,102.40,Erik,92.98
2015,16,Juschka,8,D. Brees QB - NO ,28.18,D. Freeman RB - ATL ,15.00,J. White RB - NE ,9.20,T. Ginn WR - CAR ,0.90,S. Diggs WR - MIN ,1.90,G. Barnidge TE - CLE ,4.70,A. Hurns WR - JAC ,22.70,B. McManus K - DEN ,8.00,Bengals DEF ,6.00,J. Stewart RB - CAR ,0.00,D. Jackson WR - WAS ,4.00,J. Edelman WR - NE ,0.00,B. Bolden RB - NE ,6.00,B. Bortles QB - JAC ,29.22,J. Landry WR - MIA ,11.10,,,96.58,Marv,144.14
2015,16,Kessi,1,T. Brady QB - NE ,11.14,J. Hill RB - CIN ,6.10,T. Gurley RB - STL ,15.00,E. Decker WR - NYJ ,10.70,J. Jones WR - ATL ,23.80,G. Olsen TE - CAR ,4.00,E. Sanders WR - DEN ,12.70,G. Gano K - CAR ,7.00,Broncos DEF ,5.00,J. Starks RB - GB ,-0.90,B. LaFell WR - NE ,2.80,N. Washington WR - HOU ,10.20,J. Jones WR - GB ,6.60,T. Eifert TE - CIN ,0.00,L. Bell RB - PIT ,0.00,,,95.44,Benni,129.30
2016,1,Benni,3,B. Roethlisberger QB - PIT ,21.80,M. Ingram RB - NO ,8.70,D. Williams RB - PIT ,29.10,B. Marshall WR - NYJ ,3.20,O. Beckham WR - NYG ,7.30,T. Kelce TE - KC ,7.40,D. Baldwin WR - SEA ,15.20,J. Tucker K - BAL ,9.00,Broncos DEF ,6.00,M. Forte RB - NYJ ,15.50,R. Jennings RB - NYG ,7.80,T. Brady QB - NE ,0.00,J. Gordon WR - CLE ,0.00,G. Bernard RB - CIN ,3.00,S. Shepard WR - NYG ,10.30,,,107.70,Simi,73.32
2016,1,Erik,5,C. Newton QB - CAR ,21.16,T. Gurley RB - LA ,4.20,D. Johnson RB - ARI ,19.20,R. Cobb WR - GB ,6.80,M. Evans WR - TB ,15.90,J. Thomas TE - JAX ,12.40,A. Jeffery WR - CHI ,10.50,G. Gano K - CAR ,8.00,Seahawks DEF ,9.00,J. Maclin WR - KC ,12.20,L. Blount RB - NE ,11.00,G. Tate WR - DET ,4.30,T. Eifert TE - CIN ,0.00,S. Ware RB - KC ,25.90,T. Rawls RB - SEA ,5.80,,,107.16,Kessi,121.72
2016,1,Ritz,4,A. Rodgers QB - GB ,23.56,F. Gore RB - IND ,7.80,L. Miller RB - HOU ,11.70,K. Allen WR - LAC ,6.30,D. Moncrief WR - IND ,12.40,Z. Miller TE - CHI ,1.40,C. Anderson RB - DEN ,25.90,S. Gostkowski K - NE ,13.00,Bengals DEF ,3.00,J. Edelman WR - NE ,8.20,R. Gronkowski TE - NE ,0.00,D. Murray RB - TEN ,17.70,T. Austin WR - LA ,1.50,J. Langford RB - CHI ,12.30,M. Jones RB - WAS ,3.30,,,105.06,Juschka,87.64
2016,1,Marv,2,A. Luck QB - IND ,35.50,R. Mathews RB - PHI ,13.70,E. Elliott RB - DAL ,11.20,D. Hopkins WR - HOU ,11.40,A. Cooper WR - LV ,15.70,C. Fleener TE - NO ,0.60,T. Hilton WR - IND ,7.90,D. Bailey K - DAL ,17.00,Rams DEF ,1.00,L. Bell RB - PIT ,0.00,B. Bortles QB - JAX ,15.00,T. Lockett WR - SEA ,1.70,M. Gordon RB - LAC ,17.70,D. Green-Beckham WR - PHI ,1.40,S. Diggs WR - MIN ,10.20,,,114.00,Tommy,72.24
2016,1,Simi,7,R. Wilson QB - SEA ,11.92,J. Stewart RB - CAR ,6.40,E. Lacy RB - GB ,7.80,J. Jones WR - ATL ,12.60,A. Robinson WR - JAX ,7.20,G. Olsen TE - CAR ,7.30,M. Floyd WR - NE ,6.10,S. Hauschka K - SEA ,6.00,Panthers DEF ,8.00,M. Crabtree WR - LV ,10.70,E. Decker WR - NYJ ,9.70,A. Dalton QB - CIN ,17.34,A. Gates TE - LAC ,2.00,J. Hill RB - CIN ,9.10,A. Abdullah RB - DET ,18.00,,,73.32,Benni,107.70
2016,1,Tommy,8,J. Winston QB - TB ,25.54,J. Charles RB - KC ,0.00,A. Peterson RB - MIN ,3.10,D. Bryant WR - DAL ,0.80,S. Watkins WR - BUF ,4.30,J. Graham TE - SEA ,1.10,B. Cooks WR - NO ,27.40,C. Santos K - KC ,9.00,Chiefs DEF ,1.00,J. Forsett RB - DEN ,5.60,L. Fitzgerald WR - ARI ,20.10,L. Murray RB - LV ,13.20,J. Brown WR - ARI ,0.80,H. Henry TE - LAC ,2.00,D. Henry RB - TEN ,4.40,,,72.24,Marv,114.00
2016,1,Juschka,6,C. Palmer QB - ARI ,18.94,L. McCoy RB - BUF ,13.00,D. Freeman RB - ATL ,4.00,D. Thomas WR - DEN ,4.80,A. Green WR - CIN ,24.00,G. Barnidge TE - CLE ,0.00,J. Landry WR - MIA ,5.90,M. Crosby K - GB ,9.00,Texans DEF ,8.00,D. Woodhead RB - LAC ,18.00,E. Sanders WR - DEN ,4.90,D. Walker TE - TEN ,4.20,E. Manning QB - NYG ,18.28,C. Ivory RB - JAX ,0.00,J. Matthews WR - PHI ,17.40,,,87.64,Ritz,105.06
2016,1,Kessi,1,D. Brees QB - NO ,31.42,D. Martin RB - TB ,9.60,C. Hyde RB - SF ,21.30,J. Nelson WR - GB ,9.20,A. Brown WR - PIT ,24.60,J. Reed TE - WAS ,6.40,D. Jackson WR - WAS ,10.20,B. McManus K - DEN ,3.00,Cardinals DEF ,6.00,A. Foster RB - MIA ,10.00,B. LaFell WR - CIN ,9.10,D. Lewis RB - NE ,0.00,S. Vereen RB - NYG ,6.10,K. Benjamin WR - CAR ,15.10,D. Carr QB - LV ,22.36,,,121.72,Erik,107.16
2016,2,Benni,1,B. Roethlisberger QB - PIT ,19.76,M. Forte RB - NYJ ,28.90,M. Ingram RB - NO ,4.70,B. Marshall WR - NYJ ,10.10,O. Beckham WR - NYG ,8.60,T. Kelce TE - KC ,3.40,D. Williams RB - PIT ,19.20,J. Tucker K - BAL ,13.00,Broncos DEF ,22.00,R. Jennings RB - NYG ,4.00,T. Brady QB - NE ,0.00,D. Baldwin WR - SEA ,2.00,J. Gordon WR - CLE ,0.00,G. Bernard RB - CIN ,15.70,S. Shepard WR - NYG ,11.70,,,129.66,Juschka,77.12
2016,2,Erik,4,C. Newton QB - CAR ,29.82,S. Ware RB - KC ,8.50,D. Johnson RB - ARI ,14.30,A. Jeffery WR - CHI ,9.60,M. Evans WR - TB ,13.00,J. Thomas TE - JAX ,7.10,T. Gurley RB - LA ,7.00,G. Gano K - CAR ,16.00,Seahawks DEF ,7.00,J. Maclin WR - KC ,6.80,L. Blount RB - NE ,18.30,G. Tate WR - DET ,1.30,R. Cobb WR - GB ,4.30,T. Eifert TE - CIN ,0.00,T. Rawls RB - SEA ,0.80,,,112.32,Tommy,79.62
2016,2,Ritz,3,A. Rodgers QB - GB ,17.42,L. Miller RB - HOU ,9.70,J. Langford RB - CHI ,7.40,J. Edelman WR - NE ,7.60,W. Snead WR - NO ,11.40,E. Ebron TE - DET ,5.30,C. Anderson RB - DEN ,15.30,S. Gostkowski K - NE ,7.00,Eagles DEF ,10.00,R. Gronkowski TE - NE ,0.00,D. Murray RB - TEN ,14.50,F. Gore RB - IND ,12.30,M. Sanu WR - ATL ,1.90,D. Moncrief WR - IND ,0.90,M. Jones RB - WAS ,12.50,,,91.12,Simi,82.16
2016,2,Marv,5,B. Bortles QB - JAX ,18.56,R. Mathews RB - PHI ,15.50,E. Elliott RB - DAL ,12.70,D. Hopkins WR - HOU ,17.30,A. Cooper WR - LV ,7.10,C. Fleener TE - NO ,2.90,D. Green-Beckham WR - PHI ,1.80,D. Bailey K - DAL ,9.00,Jets DEF ,2.00,T. Hilton WR - IND ,4.10,A. Luck QB - IND ,10.08,L. Bell RB - PIT ,0.00,T. Lockett WR - SEA ,9.90,M. Gordon RB - LAC ,18.00,S. Diggs WR - MIN ,24.20,,,86.86,Kessi,104.02
2016,2,Simi,7,R. Wilson QB - SEA ,11.56,J. Stewart RB - CAR ,1.60,E. Lacy RB - GB ,5.00,J. Jones WR - ATL ,16.60,A. Robinson WR - JAX ,5.40,G. Olsen TE - CAR ,18.20,M. Floyd WR - NE ,6.80,S. Hauschka K - SEA ,3.00,Panthers DEF ,14.00,M. Crabtree WR - LV ,9.10,E. Decker WR - NYJ ,18.60,A. Dalton QB - CIN ,19.34,A. Gates TE - LAC ,7.50,J. Hill RB - CIN ,5.90,A. Abdullah RB - DET ,3.80,,,82.16,Ritz,91.12
2016,2,Tommy,8,J. Winston QB - TB ,4.62,A. Peterson RB - MIN ,2.60,L. Murray RB - LV ,16.10,D. Bryant WR - DAL ,10.20,L. Fitzgerald WR - ARI ,14.10,J. Graham TE - SEA ,4.20,B. Cooks WR - NO ,6.80,C. Santos K - KC ,14.00,Chiefs DEF ,7.00,J. Charles RB - KC ,0.00,J. Forsett RB - DEN ,4.60,S. Watkins WR - BUF ,2.00,J. Brown WR - ARI ,1.40,H. Henry TE - LAC ,0.00,D. Henry RB - TEN ,4.90,,,79.62,Erik,112.32
2016,2,Juschka,6,E. Manning QB - NYG ,12.32,D. Woodhead RB - LAC ,3.10,L. McCoy RB - BUF ,9.00,A. Green WR - CIN ,3.80,J. Matthews WR - PHI ,7.10,D. Walker TE - TEN ,14.30,J. Landry WR - MIA ,11.50,M. Crosby K - GB ,2.00,Texans DEF ,14.00,G. Barnidge TE - CLE ,3.70,E. Sanders WR - DEN ,3.90,D. Thomas WR - DEN ,11.00,C. Palmer QB - ARI ,24.16,C. Ivory RB - JAX ,0.00,D. Freeman RB - ATL ,9.30,,,77.12,Benni,129.66
2016,2,Kessi,2,D. Brees QB - NO ,14.52,D. Martin RB - TB ,2.30,C. Hyde RB - SF ,3.20,J. Nelson WR - GB ,13.30,A. Brown WR - PIT ,3.90,J. Reed TE - WAS ,7.00,K. Benjamin WR - CAR ,22.80,B. McManus K - DEN ,14.00,Cardinals DEF ,23.00,D. Jackson WR - WAS ,4.00,A. Foster RB - MIA ,0.90,B. LaFell WR - CIN ,3.90,D. Lewis RB - NE ,0.00,S. Vereen RB - NYG ,4.60,D. Carr QB - LV ,24.96,,,104.02,Marv,86.86
2016,3,Benni,1,B. Roethlisberger QB - PIT ,6.98,M. Forte RB - NYJ ,6.40,M. Ingram RB - NO ,18.70,D. Baldwin WR - SEA ,22.00,O. Beckham WR - NYG ,12.10,T. Kelce TE - KC ,14.90,D. Williams RB - PIT ,4.40,J. Tucker K - BAL ,15.00,Broncos DEF ,9.00,R. Jennings RB - NYG ,0.00,B. Marshall WR - NYJ ,2.70,T. Brady QB - NE ,0.00,J. Gordon WR - CLE ,0.00,G. Bernard RB - CIN ,4.40,S. Shepard WR - NYG ,13.30,,,109.48,Ritz,83.80
2016,3,Erik,3,C. Newton QB - CAR ,13.08,L. Blount RB - NE ,22.50,D. Johnson RB - ARI ,23.10,M. Evans WR - TB ,19.20,W. Fuller WR - HOU ,3.10,J. Reed TE - WAS ,5.60,T. Gurley RB - LA ,20.00,G. Gano K - CAR ,4.00,Seahawks DEF ,3.00,J. Maclin WR - KC ,3.50,R. Cobb WR - GB ,3.30,A. Jeffery WR - CHI ,7.00,T. Eifert TE - CIN ,0.00,C. Sims RB - TB ,18.40,T. Rawls RB - SEA ,0.00,,,113.58,Marv,109.14
2016,3,Ritz,4,A. Rodgers QB - GB ,26.40,D. Murray RB - TEN ,21.50,L. Miller RB - HOU ,10.70,J. Edelman WR - NE ,5.20,M. Wallace WR - BAL ,3.90,R. Gronkowski TE - NE ,0.00,C. Anderson RB - DEN ,4.10,S. Gostkowski K - NE ,9.00,Bengals DEF ,3.00,P. Rivers QB - LAC ,11.24,F. Gore RB - IND ,14.30,D. Moncrief WR - IND ,0.00,W. Snead WR - NO ,0.00,J. Langford RB - CHI ,4.60,M. Jones RB - WAS ,7.90,,,83.80,Benni,109.48
2016,3,Marv,5,A. Luck QB - IND ,13.24,M. Gordon RB - LAC ,13.80,E. Elliott RB - DAL ,16.00,D. Hopkins WR - HOU ,5.60,A. Cooper WR - LV ,6.20,C. Fleener TE - NO ,16.90,T. Hilton WR - IND ,23.40,D. Bailey K - DAL ,7.00,Dolphins DEF ,7.00,R. Mathews RB - PHI ,-0.50,D. Pitta TE - BAL ,4.20,L. Bell RB - PIT ,0.00,B. Bortles QB - JAX ,11.46,T. Lockett WR - SEA ,0.00,S. Diggs WR - MIN ,4.00,,,109.14,Erik,113.58
2016,3,Simi,8,R. Wilson QB - SEA ,14.02,E. Lacy RB - GB ,10.50,J. Hill RB - CIN ,21.70,J. Jones WR - ATL ,1.60,A. Robinson WR - JAX ,17.70,G. Olsen TE - CAR ,6.40,E. Decker WR - NYJ ,3.10,S. Hauschka K - SEA ,13.00,Panthers DEF ,3.00,J. Stewart RB - CAR ,0.00,M. Crabtree WR - LV ,10.20,A. Dalton QB - CIN ,10.24,V. Cruz WR - NYG ,7.00,M. Floyd WR - NE ,6.50,T. Riddick RB - DET ,4.80,,,91.02,Juschka,108.58
2016,3,Tommy,7,M. Ryan QB - ATL ,19.90,L. Murray RB - LV ,9.80,I. Crowell RB - CLE ,7.90,D. Bryant WR - DAL ,10.00,L. Fitzgerald WR - ARI ,6.00,J. Graham TE - SEA ,14.00,B. Cooks WR - NO ,1.90,C. Santos K - KC ,6.00,Chiefs DEF ,35.00,J. Charles RB - KC ,0.00,A. Peterson RB - MIN ,0.00,S. Watkins WR - BUF ,0.00,J. Brown WR - ARI ,7.00,-,-,-,-,,,110.50,Kessi,107.14
2016,3,Juschka,6,C. Palmer QB - ARI ,3.48,L. McCoy RB - BUF ,23.60,D. Freeman RB - ATL ,26.70,A. Green WR - CIN ,7.70,J. Matthews WR - PHI ,7.90,G. Barnidge TE - CLE ,8.60,J. Landry WR - MIA ,19.60,M. Crosby K - GB ,10.00,Texans DEF ,1.00,E. Sanders WR - DEN ,23.70,D. Thomas WR - DEN ,14.00,D. Walker TE - TEN ,0.00,E. Manning QB - NYG ,14.00,C. Ivory RB - JAX ,2.30,J. McKinnon RB - MIN ,6.70,,,108.58,Simi,91.02
2016,3,Kessi,2,D. Brees QB - NO ,25.94,S. Ware RB - KC ,6.30,C. Hyde RB - SF ,24.50,J. Nelson WR - GB ,22.10,A. Brown WR - PIT ,14.00,J. Thomas TE - JAX ,1.30,K. Benjamin WR - CAR ,0.00,B. McManus K - DEN ,5.00,Cardinals DEF ,8.00,D. Jackson WR - WAS ,15.60,A. Foster RB - MIA ,0.00,B. LaFell WR - CIN ,3.20,D. Lewis RB - NE ,0.00,D. Martin RB - TB ,0.00,D. Carr QB - LV ,11.86,,,107.14,Tommy,110.50
2016,4,Benni,2,M. Stafford QB - DET ,8.22,M. Forte RB - NYJ ,4.30,M. Ingram RB - NO ,16.50,M. Jones WR - DET ,7.40,O. Beckham WR - NYG ,2.30,T. Kelce TE - KC ,8.30,D. Baldwin WR - SEA ,5.40,J. Tucker K - BAL ,7.00,Broncos DEF ,15.00,B. Marshall WR - NYJ ,14.90,T. Brady QB - NE ,0.00,B. Roethlisberger QB - PIT ,33.90,T. Pryor WR - CLE ,10.00,G. Bernard RB - CIN ,4.20,S. Shepard WR - NYG ,3.00,,,74.42,Kessi,76.18
2016,4,Erik,3,C. Newton QB - CAR ,15.60,L. Blount RB - NE ,5.80,D. Johnson RB - ARI ,10.40,A. Jeffery WR - CHI ,4.60,A. Cooper WR - LV ,4.80,J. Reed TE - WAS ,19.30,T. Gurley RB - LA ,8.20,G. Gano K - CAR ,7.00,Seahawks DEF ,11.00,T. Eifert TE - CIN ,0.00,M. Evans WR - TB ,5.90,C. Sims RB - TB ,1.50,T. Rawls RB - SEA ,0.00,W. Fuller WR - HOU ,14.10,Vikings DEF ,8.00,,,86.70,Ritz,83.34
2016,4,Ritz,4,P. Rivers QB - LAC ,18.84,D. Murray RB - TEN ,23.90,L. Miller RB - HOU ,10.80,J. Edelman WR - NE ,1.70,T. Benjamin WR - LAC ,2.80,R. Gronkowski TE - NE ,1.10,C. Anderson RB - DEN ,11.20,S. Gostkowski K - NE ,0.00,Bengals DEF ,13.00,A. Rodgers QB - GB ,0.00,F. Gore RB - IND ,15.50,M. Wallace WR - BAL ,6.70,C. Michael RB - GB ,15.00,W. Snead WR - NO ,2.30,P. Dorsett WR - IND ,12.70,,,83.34,Erik,86.70
2016,4,Marv,6,A. Luck QB - IND ,17.66,M. Gordon RB - LAC ,17.90,E. Elliott RB - DAL ,21.70,T. Hilton WR - IND ,10.20,D. Hopkins WR - HOU ,0.40,C. Fleener TE - NO ,1.90,L. Bell RB - PIT ,17.80,D. Bailey K - DAL ,6.00,Redskins DEF ,8.00,J. Maclin WR - KC ,7.80,R. Mathews RB - PHI ,0.00,D. Pitta TE - BAL ,1.70,B. Bortles QB - JAX ,25.88,T. Lockett WR - SEA ,1.30,S. Diggs WR - MIN ,4.60,,,101.56,Juschka,107.62
2016,4,Simi,7,R. Wilson QB - SEA ,23.86,T. Riddick RB - DET ,5.80,J. Hill RB - CIN ,7.10,J. Jones WR - ATL ,36.00,A. Robinson WR - JAX ,11.50,G. Olsen TE - CAR ,15.60,E. Decker WR - NYJ ,0.00,S. Hauschka K - SEA ,11.00,Panthers DEF ,7.00,J. Stewart RB - CAR ,0.00,M. Crabtree WR - LV ,26.80,A. Dalton QB - CIN ,14.64,V. Cruz WR - NYG ,5.00,M. Floyd WR - NE ,9.60,E. Lacy RB - GB ,0.00,,,117.86,Tommy,82.32
2016,4,Tommy,8,M. Ryan QB - ATL ,35.52,L. Murray RB - LV ,2.40,I. Crowell RB - CLE ,20.20,L. Fitzgerald WR - ARI ,6.30,B. Cooks WR - NO ,3.10,K. Rudolph TE - MIN ,11.50,T. Coleman RB - ATL ,3.30,C. Santos K - KC ,2.00,Chiefs DEF ,-2.00,J. Charles RB - KC ,0.70,J. Graham TE - SEA ,11.30,D. Bryant WR - DAL ,0.00,A. Peterson RB - MIN ,0.00,M. Wheaton WR - PIT ,11.00,J. Brown WR - ARI ,14.40,,,82.32,Simi,117.86
2016,4,Juschka,5,C. Palmer QB - ARI ,11.52,L. McCoy RB - BUF ,16.80,D. Freeman RB - ATL ,12.40,A. Green WR - CIN ,23.30,J. Landry WR - MIA ,6.10,G. Barnidge TE - CLE ,5.70,E. Sanders WR - DEN ,14.80,D. Hopkins K - WAS ,7.00,Texans DEF ,10.00,D. Thomas WR - DEN ,15.40,D. Walker TE - TEN ,3.40,E. Manning QB - NYG ,8.44,C. Ivory RB - JAX ,2.90,J. Matthews WR - PHI ,0.00,J. McKinnon RB - MIN ,15.50,,,107.62,Marv,101.56
2016,4,Kessi,1,D. Brees QB - NO ,11.88,S. Ware RB - KC ,7.60,C. Hyde RB - SF ,13.90,D. Jackson WR - WAS ,0.50,A. Brown WR - PIT ,18.40,J. Thomas TE - JAX ,0.00,K. Benjamin WR - CAR ,9.90,B. McManus K - DEN ,9.00,Cardinals DEF ,5.00,J. Nelson WR - GB ,0.00,A. Foster RB - MIA ,0.00,B. LaFell WR - CIN ,4.40,D. Lewis RB - NE ,0.00,D. Martin RB - TB ,0.00,D. Carr QB - LV ,23.76,,,76.18,Benni,74.42
2016,5,Benni,3,B. Roethlisberger QB - PIT ,29.20,M. Forte RB - NYJ ,6.00,T. West RB - BAL ,8.90,B. Marshall WR - NYJ ,17.40,O. Beckham WR - NYG ,11.60,Z. Ertz TE - PHI ,3.70,M. Jones WR - DET ,9.70,J. Tucker K - BAL ,4.00,Broncos DEF ,4.00,M. Ingram RB - NO ,0.00,T. Brady QB - NE ,29.64,D. Baldwin WR - SEA ,0.00,T. Pryor WR - CLE ,5.30,G. Bernard RB - CIN ,9.60,T. Kelce TE - KC ,0.00,,,94.50,Marv,141.58
2016,5,Erik,2,P. Rivers QB - LAC ,26.36,T. Gurley RB - LA ,14.80,D. Johnson RB - ARI ,30.50,A. Jeffery WR - CHI ,7.70,M. Evans WR - TB ,14.90,J. Reed TE - WAS ,5.30,L. Blount RB - NE ,9.70,G. Gano K - CAR ,2.00,Vikings DEF ,16.00,J. Maclin WR - KC ,0.00,J. Thomas TE - JAX ,0.00,C. Newton QB - CAR ,0.00,T. Rawls RB - SEA ,0.00,W. Fuller WR - HOU ,0.40,Seahawks DEF ,0.00,,,127.26,Simi,87.46
2016,5,Ritz,4,A. Rodgers QB - GB ,15.86,D. Murray RB - TEN ,13.70,L. Miller RB - HOU ,2.40,J. Edelman WR - NE ,3.50,T. Benjamin WR - LAC ,11.70,R. Gronkowski TE - NE ,10.90,C. Anderson RB - DEN ,6.20,S. Gostkowski K - NE ,7.00,Bills DEF ,17.00,F. Gore RB - IND ,7.90,M. Wallace WR - BAL ,6.30,C. Michael RB - GB ,0.00,W. Snead WR - NO ,0.00,P. Dorsett WR - IND ,2.60,S. Shepard WR - NYG ,1.40,,,88.26,Tommy,81.78
2016,5,Marv,6,A. Luck QB - IND ,22.18,M. Gordon RB - LAC ,12.70,E. Elliott RB - DAL ,29.10,T. Hilton WR - IND ,23.10,A. Cooper WR - LV ,21.80,Z. Miller TE - CHI ,7.30,L. Bell RB - PIT ,15.40,D. Bailey K - DAL ,4.00,Eagles DEF ,6.00,R. Mathews RB - PHI ,11.50,C. Fleener TE - NO ,0.00,D. Hopkins WR - HOU ,11.60,B. Bortles QB - JAX ,0.00,T. Lockett WR - SEA ,0.00,S. Diggs WR - MIN ,0.00,,,141.58,Benni,94.50
2016,5,Simi,7,A. Dalton QB - CIN ,22.16,E. Lacy RB - GB ,8.40,J. Hill RB - CIN ,1.20,J. Jones WR - ATL ,2.90,M. Floyd WR - NE ,0.00,G. Olsen TE - CAR ,18.10,M. Crabtree WR - LV ,10.70,A. Vinatieri K - IND ,21.00,Panthers DEF ,3.00,J. Stewart RB - CAR ,0.00,E. Decker WR - NYJ ,0.00,R. Wilson QB - SEA ,0.00,T. Riddick RB - DET ,20.20,A. Robinson WR - JAX ,0.00,S. Hauschka K - SEA ,0.00,,,87.46,Erik,127.26
2016,5,Tommy,8,M. Ryan QB - ATL ,14.98,I. Crowell RB - CLE ,4.00,T. Coleman RB - ATL ,22.30,L. Fitzgerald WR - ARI ,20.10,M. Wheaton WR - PIT ,1.90,K. Rudolph TE - MIN ,1.50,D. Bryant WR - DAL ,0.00,C. Catanzaro K - ARI ,7.00,Patriots DEF ,10.00,J. Charles RB - KC ,0.00,J. Graham TE - SEA ,0.00,L. Murray RB - LV ,0.00,B. Cooks WR - NO ,0.00,J. Brown WR - ARI ,1.10,-,-,,,81.78,Ritz,88.26
2016,5,Juschka,5,E. Manning QB - NYG ,10.06,L. McCoy RB - BUF ,15.80,D. Freeman RB - ATL ,18.30,A. Green WR - CIN ,5.00,J. Landry WR - MIA ,3.00,G. Barnidge TE - CLE ,7.60,E. Sanders WR - DEN ,8.00,D. Hopkins K - WAS ,4.00,Rams DEF ,2.00,D. Thomas WR - DEN ,10.90,D. Walker TE - TEN ,12.60,C. Palmer QB - ARI ,0.00,C. Ivory RB - JAX ,0.00,J. Matthews WR - PHI ,6.50,J. McKinnon RB - MIN ,4.60,,,73.76,Kessi,113.78
2016,5,Kessi,1,D. Carr QB - LV ,21.98,C. Hyde RB - SF ,17.40,J. Howard RB - CHI ,22.30,J. Nelson WR - GB ,9.80,A. Brown WR - PIT ,13.80,T. Eifert TE - CIN ,0.00,D. Jackson WR - WAS ,3.50,B. McManus K - DEN ,10.00,Cardinals DEF ,15.00,D. Lewis RB - NE ,0.00,S. Smith WR - BAL ,2.90,D. Brees QB - NO ,0.00,D. Martin RB - TB ,0.00,S. Ware RB - KC ,0.00,K. Benjamin WR - CAR ,7.00,,,113.78,Juschka,73.76
2016,6,Benni,5,T. Brady QB - NE ,27.24,D. Murray RB - TEN ,12.50,M. Ingram RB - NO ,6.00,B. Marshall WR - NYJ ,7.00,M. Jones WR - DET ,7.30,T. Kelce TE - KC ,3.20,D. Baldwin WR - SEA ,3.10,J. Tucker K - BAL ,11.00,Broncos DEF ,7.00,M. Forte RB - NYJ ,2.20,J. Edelman WR - NE ,3.80,B. Roethlisberger QB - PIT ,9.56,T. Pryor WR - CLE ,19.84,G. Bernard RB - CIN ,9.40,M. Jones RB - WAS ,19.50,,,84.34,Erik,123.78
2016,6,Erik,1,C. Newton QB - CAR ,26.98,T. West RB - BAL ,24.30,T. Gurley RB - LA ,9.70,J. Maclin WR - KC ,4.90,A. Jeffery WR - CHI ,9.30,J. Thomas TE - JAX ,2.80,D. Johnson RB - ARI ,31.80,G. Gano K - CAR ,6.00,Seahawks DEF ,8.00,L. Blount RB - NE ,13.00,J. Reed TE - WAS ,0.00,M. Evans WR - TB ,0.00,T. Rawls RB - SEA ,0.00,W. Fuller WR - HOU ,0.00,Vikings DEF ,0.00,,,123.78,Benni,84.34
2016,6,Ritz,2,A. Rodgers QB - GB ,12.46,L. Miller RB - HOU ,29.80,C. Michael RB - GB ,20.30,O. Beckham WR - NYG ,32.20,P. Dorsett WR - IND ,1.20,R. Gronkowski TE - NE ,22.20,C. Anderson RB - DEN ,7.10,S. Gostkowski K - NE ,9.00,Bills DEF ,6.00,F. Gore RB - IND ,10.80,M. Wallace WR - BAL ,9.70,C. Hogan WR - NE ,3.90,T. Benjamin WR - LAC ,-0.30,S. Coates WR - PIT ,0.00,S. Shepard WR - NYG ,2.50,,,140.26,Kessi,81.60
2016,6,Marv,4,M. Mariota QB - TEN ,27.76,L. Bell RB - PIT ,12.80,E. Elliott RB - DAL ,17.40,D. Hopkins WR - HOU ,7.10,A. Cooper WR - LV ,12.90,C. Fleener TE - NO ,19.60,T. Hilton WR - IND ,4.90,D. Bailey K - DAL ,12.00,Steelers DEF ,-1.00,Z. Miller TE - CHI ,3.60,R. Mathews RB - PHI ,6.00,J. Kerley WR - SF ,1.20,A. Luck QB - IND ,23.38,M. Gordon RB - LAC ,9.40,M. Thomas WR - NO ,13.80,,,113.46,Simi,84.30
2016,6,Simi,8,R. Wilson QB - SEA ,11.50,J. Stewart RB - CAR ,20.50,E. Lacy RB - GB ,7.10,M. Crabtree WR - LV ,1.00,J. Jones WR - ATL ,19.90,G. Olsen TE - CAR ,9.40,A. Robinson WR - JAX ,4.90,A. Vinatieri K - IND ,11.00,Panthers DEF ,-1.00,A. Dalton QB - CIN ,21.86,M. Floyd WR - NE ,8.20,T. Riddick RB - DET ,0.00,J. Hill RB - CIN ,4.10,T. Williams WR - LAC ,2.80,S. Hauschka K - SEA ,8.00,,,84.30,Marv,113.46
2016,6,Tommy,6,C. Kaepernick QB - SF ,18.08,J. Charles RB - KC ,10.70,I. Crowell RB - CLE ,3.60,L. Fitzgerald WR - ARI ,4.90,J. Brown WR - ARI ,5.40,J. Graham TE - SEA ,8.90,C. Meredith WR - CHI ,11.30,C. Catanzaro K - ARI ,4.00,Titans DEF ,6.00,M. Ryan QB - ATL ,21.60,D. Bryant WR - DAL ,0.00,L. Murray RB - LV ,0.00,B. Cooks WR - NO ,23.50,T. Coleman RB - ATL ,1.70,-,-,,,72.88,Juschka,72.02
2016,6,Juschka,7,C. Palmer QB - ARI ,12.42,L. McCoy RB - BUF ,32.20,D. Freeman RB - ATL ,5.00,D. Thomas WR - DEN ,1.50,A. Green WR - CIN ,8.80,D. Walker TE - TEN ,2.10,E. Sanders WR - DEN ,4.00,M. Bryant K - ATL ,6.00,Rams DEF ,0.00,G. Barnidge TE - CLE ,5.90,E. Manning QB - NYG ,24.12,C. Ivory RB - JAX ,9.50,J. Landry WR - MIA ,9.10,J. Matthews WR - PHI ,7.50,J. McKinnon RB - MIN ,0.00,,,72.02,Tommy,72.88
2016,6,Kessi,3,D. Brees QB - NO ,32.60,C. Hyde RB - SF ,5.20,J. Howard RB - CHI ,10.00,J. Nelson WR - GB ,4.80,A. Brown WR - PIT ,4.50,T. Eifert TE - CIN ,0.00,D. Jackson WR - WAS ,5.50,B. McManus K - DEN ,7.00,Cardinals DEF ,12.00,D. Lewis RB - NE ,0.00,S. Smith WR - BAL ,0.00,D. Martin RB - TB ,0.00,S. Ware RB - KC ,22.30,K. Benjamin WR - CAR ,8.60,D. Carr QB - LV ,9.80,,,81.60,Ritz,140.26
2016,7,Benni,4,T. Brady QB - NE ,18.18,D. Murray RB - TEN ,18.70,M. Ingram RB - NO ,12.20,B. Marshall WR - NYJ ,3.90,M. Jones WR - DET ,9.40,T. Kelce TE - KC ,2.40,M. Jones RB - WAS ,0.70,J. Tucker K - BAL ,12.00,Broncos DEF ,9.00,M. Forte RB - NYJ ,25.40,J. Edelman WR - NE ,4.00,B. Roethlisberger QB - PIT ,0.00,D. Baldwin WR - SEA ,6.90,T. Pryor WR - CLE ,1.80,J. Ajayi RB - MIA ,27.60,,,86.48,Tommy,86.12
2016,7,Erik,1,P. Rivers QB - LAC ,14.64,T. Gurley RB - LA ,9.20,D. Johnson RB - ARI ,17.10,A. Jeffery WR - CHI ,3.30,M. Evans WR - TB ,21.60,J. Thomas TE - JAX ,8.00,M. Gordon RB - LAC ,30.10,D. Hopkins K - WAS ,5.00,Vikings DEF ,8.00,J. Maclin WR - KC ,4.00,C. Newton QB - CAR ,0.00,J. Reed TE - WAS ,0.00,T. West RB - BAL ,1.00,T. Rawls RB - SEA ,0.00,W. Fuller WR - HOU ,2.20,,,116.94,Juschka,122.04
2016,7,Ritz,5,A. Rodgers QB - GB ,23.74,L. Miller RB - HOU ,6.70,C. Michael RB - GB ,5.50,O. Beckham WR - NYG ,4.90,S. Shepard WR - NYG ,3.20,R. Gronkowski TE - NE ,15.30,C. Anderson RB - DEN ,16.70,S. Gostkowski K - NE ,3.00,Bills DEF ,0.00,F. Gore RB - IND ,14.30,M. Wallace WR - BAL ,12.00,C. Hogan WR - NE ,0.50,T. Benjamin WR - LAC ,5.40,P. Dorsett WR - IND ,0.00,S. Coates WR - PIT ,0.40,,,79.04,Marv,116.58
2016,7,Marv,2,M. Mariota QB - TEN ,16.68,L. Blount RB - NE ,25.40,L. Bell RB - PIT ,14.90,A. Cooper WR - LV ,2.90,M. Thomas WR - NO ,13.00,C. Fleener TE - NO ,4.40,T. Hilton WR - IND ,19.30,C. Santos K - KC ,9.00,Seahawks DEF ,11.00,Z. Miller TE - CHI ,4.00,R. Mathews RB - PHI ,6.30,A. Luck QB - IND ,27.82,D. Hopkins WR - HOU ,3.60,E. Elliott RB - DAL ,0.00,D. Bailey K - DAL ,0.00,,,116.58,Ritz,79.04
2016,7,Simi,7,R. Wilson QB - SEA ,8.70,J. Rodgers RB - TB ,16.30,J. Hill RB - CIN ,25.20,M. Crabtree WR - LV ,15.60,J. Jones WR - ATL ,17.40,M. Bennett TE - NE ,0.50,A. Robinson WR - JAX ,0.90,A. Vinatieri K - IND ,10.00,Texans DEF ,0.00,J. Stewart RB - CAR ,0.00,A. Dalton QB - CIN ,20.32,G. Olsen TE - CAR ,0.00,M. Floyd WR - NE ,6.50,T. Riddick RB - DET ,0.00,E. Lacy RB - GB ,0.00,,,94.60,Kessi,80.18
2016,7,Tommy,8,M. Ryan QB - ATL ,13.72,J. Charles RB - KC ,0.00,I. Crowell RB - CLE ,13.90,L. Fitzgerald WR - ARI ,7.00,B. Cooks WR - NO ,11.80,J. Graham TE - SEA ,5.30,T. Coleman RB - ATL ,13.40,S. Hauschka K - SEA ,6.00,Ravens DEF ,15.00,D. Bryant WR - DAL ,0.00,C. Kaepernick QB - SF ,14.12,L. Murray RB - LV ,18.30,J. Brown WR - ARI ,0.00,C. Meredith WR - CHI ,1.20,H. Henry TE - LAC ,1.60,,,86.12,Benni,86.48
2016,7,Juschka,6,M. Stafford QB - DET ,17.84,L. McCoy RB - BUF ,1.10,D. Freeman RB - ATL ,10.00,A. Green WR - CIN ,22.90,J. Landry WR - MIA ,9.80,D. Walker TE - TEN ,14.40,D. Thomas WR - DEN ,10.00,M. Bryant K - ATL ,12.00,Eagles DEF ,24.00,G. Barnidge TE - CLE ,6.60,E. Sanders WR - DEN ,8.60,E. Manning QB - NYG ,7.64,C. Ivory RB - JAX ,5.10,M. Gillislee RB - BUF ,2.00,J. Matthews WR - PHI ,1.00,,,122.04,Erik,116.94
2016,7,Kessi,3,D. Brees QB - NO ,24.68,S. Ware RB - KC ,19.10,J. Howard RB - CHI ,2.20,J. Nelson WR - GB ,0.90,A. Brown WR - PIT ,11.90,T. Eifert TE - CIN ,0.90,D. Jackson WR - WAS ,3.50,B. McManus K - DEN ,9.00,Cardinals DEF ,8.00,D. Lewis RB - NE ,0.00,S. Smith WR - BAL ,0.00,D. Martin RB - TB ,0.00,K. Benjamin WR - CAR ,0.00,D. Carr QB - LV ,12.40,C. Hyde RB - SF ,0.00,,,80.18,Simi,94.60
2016,8,Benni,2,T. Brady QB - NE ,30.10,M. Forte RB - NYJ ,21.80,D. Murray RB - TEN ,18.80,B. Marshall WR - NYJ ,6.80,D. Baldwin WR - SEA ,5.10,T. Kelce TE - KC ,16.10,M. Jones WR - DET ,3.30,M. Crosby K - GB ,6.00,Broncos DEF ,20.00,J. Maclin WR - KC ,10.30,M. Ingram RB - NO ,-1.50,B. Roethlisberger QB - PIT ,0.00,T. Pryor WR - CLE ,12.10,J. Ajayi RB - MIA ,0.00,J. Tucker K - BAL ,0.00,,,128.00,Marv,98.80
2016,8,Erik,1,C. Newton QB - CAR ,12.78,M. Gordon RB - LAC ,15.50,D. Johnson RB - ARI ,10.80,M. Evans WR - TB ,7.00,S. Diggs WR - MIN ,13.60,J. Reed TE - WAS ,15.90,D. Booker RB - DEN ,12.40,J. Lambo K - LAC ,1.00,Vikings DEF ,2.00,A. Jeffery WR - CHI ,12.30,J. Doyle TE - IND ,3.60,T. West RB - BAL ,0.00,T. Gurley RB - LA ,0.00,T. Rawls RB - SEA ,0.00,W. Fuller WR - HOU ,2.30,,,90.98,Simi,80.12
2016,8,Ritz,3,A. Rodgers QB - GB ,33.84,F. Gore RB - IND ,12.20,C. Michael RB - GB ,10.20,B. LaFell WR - CIN ,0.60,D. Adams WR - GB ,7.40,R. Gronkowski TE - NE ,16.90,L. Miller RB - HOU ,12.30,S. Gostkowski K - NE ,13.00,Chiefs DEF ,11.00,R. Cobb WR - GB ,0.00,M. Wallace WR - BAL ,0.00,G. Bernard RB - CIN ,12.60,O. Beckham WR - NYG ,0.00,D. Moncrief WR - IND ,10.00,T. Williams WR - LAC ,0.40,,,117.44,Tommy,94.32
2016,8,Marv,6,A. Luck QB - IND ,18.40,L. Blount RB - NE ,10.30,E. Elliott RB - DAL ,14.80,D. Hopkins WR - HOU ,4.40,A. Cooper WR - LV ,23.30,C. Fleener TE - NO ,3.60,T. Hilton WR - IND ,2.00,C. Santos K - KC ,12.00,Seahawks DEF ,10.00,Z. Miller TE - CHI ,8.80,R. Mathews RB - PHI ,7.10,L. Bell RB - PIT ,0.00,M. Mariota QB - TEN ,19.90,M. Thomas WR - NO ,6.30,D. Bailey K - DAL ,11.00,,,98.80,Benni,128.00
2016,8,Simi,7,R. Wilson QB - SEA ,9.22,J. Rodgers RB - TB ,13.80,J. Hill RB - CIN ,13.30,M. Crabtree WR - LV ,10.80,J. Jones WR - ATL ,2.90,G. Olsen TE - CAR ,1.10,J. Stewart RB - CAR ,22.00,A. Vinatieri K - IND ,2.00,Texans DEF ,5.00,J. Edelman WR - NE ,9.70,A. Dalton QB - CIN ,19.46,M. Floyd WR - NE ,0.00,T. Riddick RB - DET ,19.30,E. Lacy RB - GB ,0.00,A. Robinson WR - JAX ,7.00,,,80.12,Erik,90.98
2016,8,Tommy,8,M. Ryan QB - ATL ,24.42,L. Murray RB - LV ,7.10,I. Crowell RB - CLE ,12.30,L. Fitzgerald WR - ARI ,7.40,B. Cooks WR - NO ,10.40,J. Graham TE - SEA ,3.40,D. Bryant WR - DAL ,17.30,S. Hauschka K - SEA ,8.00,Jets DEF ,4.00,J. Charles RB - KC ,0.00,C. Kaepernick QB - SF ,0.00,J. Brown WR - ARI ,10.90,T. Coleman RB - ATL ,0.00,C. Meredith WR - CHI ,2.40,H. Henry TE - LAC ,1.40,,,94.32,Ritz,117.44
2016,8,Juschka,5,M. Stafford QB - DET ,13.60,M. Gillislee RB - BUF ,15.40,D. Freeman RB - ATL ,17.80,E. Sanders WR - DEN ,6.80,A. Green WR - CIN ,12.10,D. Walker TE - TEN ,7.80,D. Thomas WR - DEN ,7.90,M. Bryant K - ATL ,9.00,Eagles DEF ,3.00,G. Barnidge TE - CLE ,4.20,L. McCoy RB - BUF ,0.00,E. Manning QB - NYG ,0.00,C. Ivory RB - JAX ,1.20,J. Landry WR - MIA ,0.00,J. Matthews WR - PHI ,12.50,,,93.40,Kessi,81.10
2016,8,Kessi,4,D. Brees QB - NO ,20.70,D. Martin RB - TB ,0.00,S. Ware RB - KC ,4.70,J. Nelson WR - GB ,15.40,K. Benjamin WR - CAR ,7.30,T. Eifert TE - CIN ,16.20,D. Jackson WR - WAS ,4.80,B. McManus K - DEN ,9.00,Cardinals DEF ,3.00,D. Lewis RB - NE ,0.00,A. Brown WR - PIT ,0.00,C. Beasley WR - DAL ,5.30,D. Carr QB - LV ,35.82,C. Hyde RB - SF ,0.00,J. Howard RB - CHI ,26.20,,,81.10,Juschka,93.40
2016,9,Benni,4,B. Roethlisberger QB - PIT ,18.86,M. Forte RB - NYJ ,15.70,J. Ajayi RB - MIA ,19.00,B. Marshall WR - NYJ ,4.60,T. Pryor WR - CLE ,10.70,T. Kelce TE - KC ,5.80,D. Murray RB - TEN ,14.00,J. Tucker K - BAL ,7.00,Panthers DEF ,10.00,M. Ingram RB - NO ,29.10,T. Brady QB - NE ,0.00,D. Baldwin WR - SEA ,8.90,M. Jones WR - DET ,0.50,Broncos DEF ,1.00,-,-,,,105.66,Tommy,115.76
2016,9,Erik,1,C. Newton QB - CAR ,14.60,T. West RB - BAL ,2.70,M. Gordon RB - LAC ,32.10,M. Evans WR - TB ,27.00,S. Diggs WR - MIN ,9.20,A. Gates TE - LAC ,13.50,D. Booker RB - DEN ,3.00,J. Lambo K - LAC ,13.00,Vikings DEF ,3.00,A. Jeffery WR - CHI ,0.00,J. Reed TE - WAS ,0.00,T. Gurley RB - LA ,7.40,D. Johnson RB - ARI ,0.00,T. Rawls RB - SEA ,0.00,W. Fuller WR - HOU ,0.00,,,118.10,Juschka,69.76
2016,9,Ritz,2,A. Rodgers QB - GB ,26.18,F. Gore RB - IND ,19.10,C. Michael RB - GB ,6.10,O. Beckham WR - NYG ,16.60,D. Moncrief WR - IND ,11.50,K. Rudolph TE - MIN ,6.10,M. Wallace WR - BAL ,18.40,C. Sturgis K - PHI ,11.00,Chiefs DEF ,11.00,R. Gronkowski TE - NE ,0.00,R. Cobb WR - GB ,7.40,L. Miller RB - HOU ,0.00,G. Bernard RB - CIN ,0.00,D. Adams WR - GB ,10.10,S. Gostkowski K - NE ,0.00,,,125.98,Kessi,72.22
2016,9,Marv,3,A. Luck QB - IND ,12.74,L. Bell RB - PIT ,7.00,E. Elliott RB - DAL ,21.70,T. Hilton WR - IND ,8.20,M. Thomas WR - NO ,19.30,C. Fleener TE - NO ,4.20,C. West RB - KC ,7.40,C. Santos K - KC ,15.00,Seahawks DEF ,7.00,L. Blount RB - NE ,0.00,L. Green TE - PIT ,0.00,D. Hopkins WR - HOU ,0.00,M. Mariota QB - TEN ,25.92,A. Cooper WR - LV ,5.60,D. Bailey K - DAL ,5.00,,,102.54,Simi,92.28
2016,9,Simi,8,D. Prescott QB - DAL ,23.88,J. Stewart RB - CAR ,4.20,T. Riddick RB - DET ,7.60,M. Crabtree WR - LV ,2.70,J. Jones WR - ATL ,17.10,G. Olsen TE - CAR ,11.20,A. Robinson WR - JAX ,13.60,A. Vinatieri K - IND ,7.00,Steelers DEF ,5.00,J. Edelman WR - NE ,0.00,J. Rodgers RB - TB ,0.00,M. Floyd WR - NE ,0.00,R. Wilson QB - SEA ,26.28,E. Lacy RB - GB ,0.00,J. Hill RB - CIN ,0.00,,,92.28,Marv,102.54
2016,9,Tommy,7,M. Ryan QB - ATL ,27.76,L. Murray RB - LV ,30.70,I. Crowell RB - CLE ,6.70,D. Bryant WR - DAL ,1.90,B. Cooks WR - NO ,6.60,J. Graham TE - SEA ,22.30,B. Quick WR - LA ,4.80,S. Hauschka K - SEA ,7.00,Cowboys DEF ,8.00,J. Charles RB - KC ,0.00,C. Kaepernick QB - SF ,22.22,L. Fitzgerald WR - ARI ,0.00,J. Brown WR - ARI ,0.00,T. Coleman RB - ATL ,0.00,H. Henry TE - LAC ,0.00,,,115.76,Benni,105.66
2016,9,Juschka,6,M. Stafford QB - DET ,14.76,M. Gillislee RB - BUF ,9.60,D. Freeman RB - ATL ,10.50,E. Sanders WR - DEN ,4.70,J. Landry WR - MIA ,3.30,G. Barnidge TE - CLE ,2.30,D. Thomas WR - DEN ,5.60,M. Bryant K - ATL ,15.00,Eagles DEF ,4.00,T. Hightower RB - NO ,16.20,L. McCoy RB - BUF ,12.00,A. Dalton QB - CIN ,0.00,A. Green WR - CIN ,0.00,D. Walker TE - TEN ,10.20,D. Johnson RB - CLE ,4.60,,,69.76,Erik,118.10
2016,9,Kessi,5,D. Brees QB - NO ,24.72,D. Martin RB - TB ,0.00,C. Hyde RB - SF ,0.00,J. Nelson WR - GB ,15.40,K. Benjamin WR - CAR ,7.60,T. Eifert TE - CIN ,0.00,A. Brown WR - PIT ,14.50,B. McManus K - DEN ,10.00,Cardinals DEF ,0.00,D. Jackson WR - WAS ,0.00,D. Lewis RB - NE ,0.00,C. Beasley WR - DAL ,11.60,S. Ware RB - KC ,0.00,D. Carr QB - LV ,7.66,J. Howard RB - CHI ,0.00,,,72.22,Ritz,125.98
2016,10,Benni,5,T. Brady QB - NE ,11.34,D. Murray RB - TEN ,26.00,J. Ajayi RB - MIA ,8.00,B. Marshall WR - NYJ ,1.50,T. Pryor WR - CLE ,4.80,T. Kelce TE - KC ,5.10,M. Forte RB - NYJ ,10.90,J. Tucker K - BAL ,8.00,Ravens DEF ,14.00,G. Tate WR - DET ,0.00,M. Ingram RB - NO ,6.30,B. Roethlisberger QB - PIT ,28.42,D. Baldwin WR - SEA ,23.90,M. Jones WR - DET ,0.00,Broncos DEF ,9.00,,,89.64,Kessi,107.12
2016,10,Erik,1,C. Newton QB - CAR ,23.84,T. West RB - BAL ,7.70,D. Johnson RB - ARI ,22.10,A. Jeffery WR - CHI ,4.70,M. Evans WR - TB ,6.60,J. Reed TE - WAS ,4.10,M. Gordon RB - LAC ,13.20,J. Lambo K - LAC ,6.00,Vikings DEF ,3.00,M. Crabtree WR - LV ,0.00,A. Gates TE - LAC ,12.30,T. Gurley RB - LA ,7.20,S. Diggs WR - MIN ,16.40,T. Rawls RB - SEA ,0.00,T. Williams WR - LAC ,18.50,,,91.24,Tommy,113.28
2016,10,Ritz,3,A. Rodgers QB - GB ,27.54,L. Miller RB - HOU ,8.30,G. Bernard RB - CIN ,3.60,R. Cobb WR - GB ,3.10,O. Beckham WR - NYG ,15.70,R. Gronkowski TE - NE ,5.60,M. Wallace WR - BAL ,5.90,S. Gostkowski K - NE ,6.00,Chiefs DEF ,13.00,K. Britt WR - LA ,10.90,F. Gore RB - IND ,0.00,C. Michael RB - GB ,2.60,D. Adams WR - GB ,15.60,D. Moncrief WR - IND ,0.00,J. Crowder WR - WAS ,10.40,,,88.74,Marv,158.60
2016,10,Marv,2,M. Mariota QB - TEN ,27.80,L. Bell RB - PIT ,25.40,E. Elliott RB - DAL ,38.90,D. Hopkins WR - HOU ,4.80,J. Matthews WR - PHI ,7.30,Z. Ertz TE - PHI ,5.50,L. Blount RB - NE ,24.90,C. Santos K - KC ,12.00,Texans DEF ,12.00,C. Fleener TE - NO ,2.60,T. Hilton WR - IND ,0.00,A. Luck QB - IND ,0.00,A. Cooper WR - LV ,0.00,M. Thomas WR - NO ,0.00,Seahawks DEF ,6.00,,,158.60,Ritz,88.74
2016,10,Simi,8,R. Wilson QB - SEA ,26.52,D. Sproles RB - PHI ,7.60,J. Hill RB - CIN ,10.60,J. Jones WR - ATL ,13.50,A. Robinson WR - JAX ,18.70,G. Olsen TE - CAR ,3.90,D. Booker RB - DEN ,8.80,C. Catanzaro K - ARI ,11.00,Rams DEF ,10.00,J. Stewart RB - CAR ,3.90,J. Edelman WR - NE ,7.90,J. Starks RB - GB ,10.40,T. Riddick RB - DET ,0.00,D. Prescott QB - DAL ,18.76,A. Vinatieri K - IND ,0.00,,,110.62,Juschka,90.56
2016,10,Tommy,6,M. Ryan QB - ATL ,12.68,R. Mathews RB - PHI ,27.90,I. Crowell RB - CLE ,5.30,D. Bryant WR - DAL ,17.60,B. Cooks WR - NO ,15.80,J. Graham TE - SEA ,4.80,L. Fitzgerald WR - ARI ,13.20,S. Hauschka K - SEA ,13.00,Chargers DEF ,3.00,J. Charles RB - KC ,0.00,C. Kaepernick QB - SF ,23.90,L. Murray RB - LV ,0.00,J. Brown WR - ARI ,4.00,T. Coleman RB - ATL ,0.00,S. Shepard WR - NYG ,10.20,,,113.28,Erik,91.24
2016,10,Juschka,7,A. Dalton QB - CIN ,11.66,T. Hightower RB - NO ,5.50,D. Freeman RB - ATL ,8.10,E. Sanders WR - DEN ,5.40,A. Green WR - CIN ,12.80,D. Walker TE - TEN ,18.40,D. Thomas WR - DEN ,14.70,M. Bryant K - ATL ,9.00,Eagles DEF ,5.00,G. Barnidge TE - CLE ,0.80,L. McCoy RB - BUF ,0.00,M. Stafford QB - DET ,0.00,M. Gillislee RB - BUF ,0.00,J. Landry WR - MIA ,5.30,D. Johnson RB - CLE ,3.10,,,90.56,Simi,110.62
2016,10,Kessi,4,D. Brees QB - NO ,21.02,S. Ware RB - KC ,7.20,J. Howard RB - CHI ,8.00,J. Nelson WR - GB ,18.60,A. Brown WR - PIT ,20.40,T. Eifert TE - CIN ,9.60,C. Beasley WR - DAL ,3.30,B. McManus K - DEN ,13.00,Cardinals DEF ,6.00,D. Jackson WR - WAS ,0.00,D. Lewis RB - NE ,0.00,D. Martin RB - TB ,10.60,K. Benjamin WR - CAR ,6.40,D. Carr QB - LV ,0.00,C. Hyde RB - SF ,1.40,,,107.12,Benni,89.64
2016,11,Benni,3,T. Brady QB - NE ,28.40,D. Murray RB - TEN ,13.90,J. Ajayi RB - MIA ,8.40,D. Baldwin WR - SEA ,15.00,A. Cooper WR - LV ,11.70,T. Kelce TE - KC ,10.30,G. Tate WR - DET ,0.10,J. Tucker K - BAL ,5.00,Dolphins DEF ,7.00,M. Forte RB - NYJ ,0.00,M. Ingram RB - NO ,7.50,B. Marshall WR - NYJ ,0.00,T. Pryor WR - CLE ,9.70,T. Gabriel WR - ATL ,0.00,Broncos DEF ,0.00,,,99.80,Simi,87.78
2016,11,Erik,1,C. Newton QB - CAR ,12.38,T. Gurley RB - LA ,13.60,D. Johnson RB - ARI ,28.00,M. Evans WR - TB ,10.50,S. Diggs WR - MIN ,3.70,J. Reed TE - WAS ,7.90,R. Kelley RB - WAS ,31.70,D. Hopkins K - WAS ,6.00,Vikings DEF ,20.00,A. Gates TE - LAC ,0.00,M. Gordon RB - LAC ,0.00,T. Rawls RB - SEA ,8.80,T. Williams WR - LAC ,0.00,D. Booker RB - DEN ,0.00,J. Lambo K - LAC ,0.00,,,133.78,Ritz,95.14
2016,11,Ritz,4,A. Rodgers QB - GB ,29.34,F. Gore RB - IND ,12.10,L. Miller RB - HOU ,17.30,D. Adams WR - GB ,4.20,O. Beckham WR - NYG ,4.60,M. Bennett TE - NE ,1.40,J. Crowder WR - WAS ,16.20,S. Gostkowski K - NE ,6.00,Chiefs DEF ,4.00,R. Gronkowski TE - NE ,0.00,R. Cobb WR - GB ,8.40,M. Wallace WR - BAL ,7.50,D. Moncrief WR - IND ,9.70,C. Prosise RB - SEA ,14.10,-,-,,,95.14,Erik,133.78
2016,11,Marv,2,M. Mariota QB - TEN ,22.50,L. Bell RB - PIT ,26.10,E. Elliott RB - DAL ,12.70,T. Hilton WR - IND ,15.70,M. Thomas WR - NO ,6.80,C. Fleener TE - NO ,7.70,L. Blount RB - NE ,12.40,C. Santos K - KC ,5.00,Seahawks DEF ,7.00,J. Thomas TE - JAX ,1.20,B. Roethlisberger QB - PIT ,8.68,R. Matthews WR - TEN ,12.20,A. Luck QB - IND ,18.68,D. Hopkins WR - HOU ,5.80,Texans DEF ,2.00,,,115.90,Juschka,60.92
2016,11,Simi,8,R. Wilson QB - SEA ,24.28,J. Stewart RB - CAR ,9.90,J. Hill RB - CIN ,6.30,J. Edelman WR - NE ,14.90,A. Robinson WR - JAX ,7.80,G. Olsen TE - CAR ,3.30,T. Riddick RB - DET ,8.30,A. Vinatieri K - IND ,6.00,Rams DEF ,7.00,M. Crabtree WR - LV ,0.50,J. Starks RB - GB ,13.10,J. Jones WR - ATL ,0.00,D. Sproles RB - PHI ,2.10,T. West RB - BAL ,11.30,D. Prescott QB - DAL ,25.64,,,87.78,Benni,99.80
2016,11,Tommy,5,T. Taylor QB - BUF ,8.54,R. Mathews RB - PHI ,3.10,L. Murray RB - LV ,9.20,D. Bryant WR - DAL ,20.00,B. Cooks WR - NO ,4.90,J. Graham TE - SEA ,10.60,L. Fitzgerald WR - ARI ,6.30,S. Hauschka K - SEA ,8.00,Giants DEF ,7.00,M. Ryan QB - ATL ,0.00,J. Charles RB - KC ,0.00,J. Brown WR - ARI ,0.00,I. Crowell RB - CLE ,2.30,T. Coleman RB - ATL ,0.00,-,-,,,77.64,Kessi,74.40
2016,11,Juschka,7,M. Stafford QB - DET ,11.12,T. Hightower RB - NO ,12.60,L. McCoy RB - BUF ,10.50,A. Green WR - CIN ,0.00,J. Landry WR - MIA ,8.80,D. Walker TE - TEN ,3.60,K. Britt WR - LA ,4.30,D. Bailey K - DAL ,9.00,Eagles DEF ,1.00,E. Sanders WR - DEN ,0.00,D. Thomas WR - DEN ,0.00,A. Dalton QB - CIN ,15.28,M. Gillislee RB - BUF ,7.20,D. Freeman RB - ATL ,0.00,M. Bryant K - ATL ,0.00,,,60.92,Marv,115.90
2016,11,Kessi,6,D. Brees QB - NO ,15.40,S. Ware RB - KC ,8.50,J. Howard RB - CHI ,9.90,J. Nelson WR - GB ,8.80,A. Brown WR - PIT ,7.60,T. Eifert TE - CIN ,3.70,D. Martin RB - TB ,10.50,M. Crosby K - GB ,6.00,Cardinals DEF ,4.00,D. Jackson WR - WAS ,11.10,D. Lewis RB - NE ,4.90,K. Benjamin WR - CAR ,5.60,D. Carr QB - LV ,21.60,C. Hyde RB - SF ,11.00,B. McManus K - DEN ,0.00,,,74.40,Tommy,77.64
2016,12,Benni,5,T. Brady QB - NE ,19.04,D. Murray RB - TEN ,8.40,J. Ajayi RB - MIA ,11.60,B. Marshall WR - NYJ ,12.70,D. Baldwin WR - SEA ,3.40,T. Kelce TE - KC ,10.10,M. Forte RB - NYJ ,5.00,J. Tucker K - BAL ,19.00,Bills DEF ,2.00,M. Ingram RB - NO ,28.70,B. Roethlisberger QB - PIT ,20.84,T. Pryor WR - CLE ,13.10,S. Watkins WR - BUF ,8.00,W. Smallwood RB - PHI ,4.70,Broncos DEF ,5.00,,,91.24,Ritz,115.82
2016,12,Erik,2,C. Newton QB - CAR ,20.44,M. Gordon RB - LAC ,8.90,D. Johnson RB - ARI ,22.10,M. Evans WR - TB ,22.40,S. Shepard WR - NYG ,2.20,J. Reed TE - WAS ,21.50,T. Rawls RB - SEA ,3.80,J. Lambo K - LAC ,3.00,Vikings DEF ,3.00,A. Gates TE - LAC ,0.00,T. West RB - BAL ,6.40,T. Gurley RB - LA ,8.90,S. Diggs WR - MIN ,0.00,T. Williams WR - LAC ,13.00,D. Booker RB - DEN ,10.10,,,107.34,Marv,124.14
2016,12,Ritz,3,A. Rodgers QB - GB ,23.12,F. Gore RB - IND ,3.10,L. Miller RB - HOU ,5.50,D. Adams WR - GB ,23.30,O. Beckham WR - NYG ,21.60,K. Rudolph TE - MIN ,6.40,J. Crowder WR - WAS ,8.80,C. Sturgis K - PHI ,9.00,Chiefs DEF ,15.00,R. Gronkowski TE - NE ,0.00,R. Cobb WR - GB ,4.10,M. Wallace WR - BAL ,5.60,C. Michael RB - GB ,0.40,D. Moncrief WR - IND ,10.50,J. White RB - NE ,2.20,,,115.82,Benni,91.24
2016,12,Marv,1,M. Mariota QB - TEN ,21.64,L. Bell RB - PIT ,20.20,E. Elliott RB - DAL ,24.00,R. Matthews WR - TEN ,12.40,A. Cooper WR - LV ,2.20,C. Fleener TE - NO ,5.90,M. Thomas WR - NO ,22.80,C. Santos K - KC ,8.00,Saints DEF ,7.00,L. Blount RB - NE ,6.70,J. Thomas TE - JAX ,0.00,T. Hilton WR - IND ,5.40,A. Luck QB - IND ,0.00,D. Hopkins WR - HOU ,7.00,Seahawks DEF ,7.00,,,124.14,Erik,107.34
2016,12,Simi,8,R. Wilson QB - SEA ,10.04,J. Hill RB - CIN ,8.20,R. Kelley RB - WAS ,4.20,J. Edelman WR - NE ,8.30,J. Jones WR - ATL ,3.50,G. Olsen TE - CAR ,4.50,M. Crabtree WR - LV ,11.00,A. Vinatieri K - IND ,1.00,Ravens DEF ,11.00,J. Stewart RB - CAR ,21.60,J. Starks RB - GB ,6.80,D. Sproles RB - PHI ,5.40,T. Riddick RB - DET ,5.80,A. Robinson WR - JAX ,2.40,D. Prescott QB - DAL ,21.70,,,61.74,Kessi,126.70
2016,12,Tommy,7,M. Ryan QB - ATL ,18.26,L. Murray RB - LV ,14.80,T. Coleman RB - ATL ,7.30,D. Bryant WR - DAL ,7.20,B. Cooks WR - NO ,0.00,J. Graham TE - SEA ,4.70,L. Fitzgerald WR - ARI ,5.30,S. Hauschka K - SEA ,3.00,Giants DEF ,23.00,R. Mathews RB - PHI ,0.00,T. Taylor QB - BUF ,20.44,S. Smith WR - BAL ,2.00,J. Brown WR - ARI ,1.90,I. Crowell RB - CLE ,7.10,D. Parker WR - MIA ,6.40,,,83.56,Juschka,114.78
2016,12,Juschka,6,M. Stafford QB - DET ,16.28,L. McCoy RB - BUF ,27.40,D. Freeman RB - ATL ,19.70,K. Britt WR - LA ,11.20,J. Landry WR - MIA ,4.70,D. Walker TE - TEN ,11.00,T. Hightower RB - NO ,16.50,M. Bryant K - ATL ,8.00,Eagles DEF ,0.00,B. LaFell WR - CIN ,3.80,E. Sanders WR - DEN ,22.20,D. Thomas WR - DEN ,6.00,A. Dalton QB - CIN ,12.72,A. Green WR - CIN ,0.00,M. Gillislee RB - BUF ,0.00,,,114.78,Tommy,83.56
2016,12,Kessi,4,D. Brees QB - NO ,32.50,C. Hyde RB - SF ,15.50,J. Howard RB - CHI ,12.70,J. Nelson WR - GB ,9.10,A. Brown WR - PIT ,27.10,T. Eifert TE - CIN ,12.80,D. Martin RB - TB ,7.00,B. McManus K - DEN ,9.00,Cardinals DEF ,1.00,D. Jackson WR - WAS ,17.80,D. Lewis RB - NE ,5.80,S. Ware RB - KC ,9.60,K. Benjamin WR - CAR ,11.30,D. Carr QB - LV ,17.40,M. Crosby K - GB ,9.00,,,126.70,Simi,61.74
2016,13,Benni,6,T. Brady QB - NE ,14.86,M. Forte RB - NYJ ,7.90,J. Ajayi RB - MIA ,8.70,B. Marshall WR - NYJ ,4.30,D. Baldwin WR - SEA ,6.50,T. Kelce TE - KC ,14.00,M. Ingram RB - NO ,5.30,J. Tucker K - BAL ,10.00,Broncos DEF ,17.00,D. Murray RB - TEN ,0.00,B. Roethlisberger QB - PIT ,17.56,T. Pryor WR - CLE ,0.00,S. Watkins WR - BUF ,3.80,M. Mitchell WR - NE ,8.20,W. Smallwood RB - PHI ,1.90,,,88.56,Erik,93.56
2016,13,Erik,2,C. Kaepernick QB - SF ,2.16,M. Gordon RB - LAC ,19.80,D. Johnson RB - ARI ,29.50,M. Evans WR - TB ,5.80,S. Diggs WR - MIN ,5.90,A. Gates TE - LAC ,3.70,D. Booker RB - DEN ,9.70,D. Bailey K - DAL ,5.00,Patriots DEF ,12.00,C. Newton QB - CAR ,12.48,J. Reed TE - WAS ,0.00,T. Gurley RB - LA ,4.70,T. Rawls RB - SEA ,23.80,T. Williams WR - LAC ,10.70,Vikings DEF ,8.00,,,93.56,Benni,88.56
2016,13,Ritz,3,A. Rodgers QB - GB ,15.96,F. Gore RB - IND ,7.90,L. Miller RB - HOU ,1.80,D. Adams WR - GB ,1.70,O. Beckham WR - NYG ,10.00,K. Rudolph TE - MIN ,4.50,D. Moncrief WR - IND ,8.60,C. Sturgis K - PHI ,2.00,Chiefs DEF ,9.00,A. Peterson RB - MIN ,0.00,M. Wallace WR - BAL ,5.90,M. Jones WR - DET ,0.00,C. Michael RB - GB ,1.90,J. Crowder WR - WAS ,10.20,D. Henry RB - TEN ,0.00,,,61.46,Juschka,90.64
2016,13,Marv,1,A. Luck QB - IND ,29.72,L. Bell RB - PIT ,16.20,E. Elliott RB - DAL ,16.50,D. Hopkins WR - HOU ,11.80,M. Thomas WR - NO ,4.20,C. Fleener TE - NO ,8.60,L. Blount RB - NE ,14.80,C. Santos K - KC ,3.00,Seahawks DEF ,8.00,J. Thomas TE - JAX ,0.00,T. Hilton WR - IND ,14.60,R. Matthews WR - TEN ,0.00,M. Mariota QB - TEN ,0.00,A. Cooper WR - LV ,11.90,Saints DEF ,1.00,,,112.82,Kessi,111.04
2016,13,Simi,8,R. Wilson QB - SEA ,15.98,T. Riddick RB - DET ,7.70,J. Hill RB - CIN ,10.50,J. Edelman WR - NE ,10.10,J. Jones WR - ATL ,11.30,G. Olsen TE - CAR ,3.00,M. Crabtree WR - LV ,13.40,A. Vinatieri K - IND ,13.00,Ravens DEF ,15.00,J. Stewart RB - CAR ,3.30,J. Starks RB - GB ,0.10,A. Robinson WR - JAX ,3.10,T. Gabriel WR - ATL ,4.40,D. Prescott QB - DAL ,11.26,R. Kelley RB - WAS ,6.30,,,99.98,Tommy,101.78
2016,13,Tommy,4,M. Ryan QB - ATL ,16.18,L. Murray RB - LV ,22.50,T. Coleman RB - ATL ,4.90,D. Bryant WR - DAL ,14.40,B. Cooks WR - NO ,7.70,J. Graham TE - SEA ,12.30,L. Fitzgerald WR - ARI ,7.80,S. Hauschka K - SEA ,16.00,Dolphins DEF ,0.00,R. Mathews RB - PHI ,0.00,T. Taylor QB - BUF ,12.64,S. Smith WR - BAL ,5.30,J. Brown WR - ARI ,0.00,I. Crowell RB - CLE ,0.00,D. Parker WR - MIA ,9.40,,,101.78,Simi,99.98
2016,13,Juschka,7,M. Stafford QB - DET ,23.84,L. McCoy RB - BUF ,19.10,D. Freeman RB - ATL ,22.50,E. Sanders WR - DEN ,3.20,D. Thomas WR - DEN ,6.10,J. Witten TE - DAL ,0.00,T. Hightower RB - NO ,0.90,M. Bryant K - ATL ,12.00,Eagles DEF ,3.00,K. Britt WR - LA ,12.70,B. LaFell WR - CIN ,15.50,A. Dalton QB - CIN ,22.18,A. Green WR - CIN ,0.00,D. Walker TE - TEN ,0.00,J. Landry WR - MIA ,8.60,,,90.64,Ritz,61.46
2016,13,Kessi,5,D. Brees QB - NO ,7.04,C. Hyde RB - SF ,9.80,J. Howard RB - CHI ,29.70,J. Nelson WR - GB ,17.80,A. Brown WR - PIT ,11.40,T. Eifert TE - CIN ,8.50,D. Martin RB - TB ,12.80,B. McManus K - DEN ,8.00,Cardinals DEF ,6.00,D. Jackson WR - WAS ,5.90,D. Lewis RB - NE ,3.80,S. Ware RB - KC ,17.20,K. Benjamin WR - CAR ,1.80,D. Carr QB - LV ,20.80,T. Hill WR - KC ,7.20,,,111.04,Marv,112.82
2016,14,Benni,5,T. Brady QB - NE ,26.14,M. Forte RB - NYJ ,0.80,D. Murray RB - TEN ,15.20,G. Tate WR - DET ,5.70,D. Baldwin WR - SEA ,4.60,T. Kelce TE - KC ,10.10,J. Ajayi RB - MIA ,6.30,J. Tucker K - BAL ,13.00,Broncos DEF ,6.00,M. Ingram RB - NO ,2.30,B. Marshall WR - NYJ ,3.30,B. Roethlisberger QB - PIT ,2.60,T. Pryor WR - CLE ,0.30,S. Watkins WR - BUF ,11.40,M. Mitchell WR - NE ,10.10,,,87.84,Juschka,77.82
2016,14,Erik,2,C. Newton QB - CAR ,11.50,M. Gordon RB - LAC ,0.50,D. Johnson RB - ARI ,12.10,M. Evans WR - TB ,4.20,T. Williams WR - LAC ,6.80,J. Reed TE - WAS ,1.00,T. Rawls RB - SEA ,7.40,D. Bailey K - DAL ,1.00,Vikings DEF ,5.00,A. Gates TE - LAC ,6.10,T. Ginn WR - CAR ,2.60,M. Gillislee RB - BUF ,3.40,T. Gurley RB - LA ,14.30,S. Diggs WR - MIN ,5.50,D. Booker RB - DEN ,1.10,,,49.50,Kessi,107.68
2016,14,Ritz,3,A. Rodgers QB - GB ,21.24,F. Gore RB - IND ,13.40,L. Miller RB - HOU ,18.20,O. Beckham WR - NYG ,15.40,J. Crowder WR - WAS ,3.70,K. Rudolph TE - MIN ,12.00,D. Moncrief WR - IND ,0.00,D. Hopkins K - WAS ,3.00,Chiefs DEF ,11.00,A. Peterson RB - MIN ,0.00,M. Wallace WR - BAL ,5.20,C. Michael RB - GB ,3.60,D. Adams WR - GB ,16.40,T. West RB - BAL ,2.60,D. Henry RB - TEN ,4.70,,,97.94,Simi,81.60
2016,14,Marv,1,K. Cousins QB - WAS ,15.96,L. Bell RB - PIT ,47.80,E. Elliott RB - DAL ,10.70,T. Hilton WR - IND ,17.50,D. Hopkins WR - HOU ,3.30,L. Green TE - PIT ,2.50,A. Cooper WR - LV ,2.90,C. Santos K - KC ,3.00,Seahawks DEF ,-3.00,L. Blount RB - NE ,13.90,C. Fleener TE - NO ,0.60,R. Matthews WR - TEN ,2.60,A. Luck QB - IND ,16.24,M. Mariota QB - TEN ,7.32,M. Thomas WR - NO ,0.00,,,100.66,Tommy,66.68
2016,14,Simi,8,R. Wilson QB - SEA ,5.50,J. Stewart RB - CAR ,12.60,J. Hill RB - CIN ,20.20,J. Edelman WR - NE ,7.30,T. Gabriel WR - ATL ,14.20,G. Olsen TE - CAR ,8.70,M. Crabtree WR - LV ,2.10,A. Vinatieri K - IND ,5.00,Ravens DEF ,6.00,J. Starks RB - GB ,0.30,J. Jones WR - ATL ,0.00,T. Riddick RB - DET ,0.00,A. Robinson WR - JAX ,1.70,D. Prescott QB - DAL ,6.70,R. Kelley RB - WAS ,14.80,,,81.60,Ritz,97.94
2016,14,Tommy,7,M. Ryan QB - ATL ,21.48,R. Mathews RB - PHI ,6.00,L. Murray RB - LV ,16.30,D. Bryant WR - DAL ,-1.00,B. Cooks WR - NO ,6.10,J. Graham TE - SEA ,1.60,L. Fitzgerald WR - ARI ,1.20,S. Hauschka K - SEA ,4.00,Dolphins DEF ,11.00,T. Taylor QB - BUF ,15.32,S. Smith WR - BAL ,5.70,J. Brown WR - ARI ,0.00,I. Crowell RB - CLE ,11.80,D. Parker WR - MIA ,1.40,T. Coleman RB - ATL ,17.50,,,66.68,Marv,100.66
2016,14,Juschka,6,M. Stafford QB - DET ,16.42,L. McCoy RB - BUF ,16.80,D. Freeman RB - ATL ,1.80,B. LaFell WR - CIN ,2.20,D. Thomas WR - DEN ,12.60,D. Walker TE - TEN ,3.80,K. Britt WR - LA ,8.20,M. Bryant K - ATL ,6.00,Eagles DEF ,10.00,T. Hightower RB - NO ,3.90,E. Sanders WR - DEN ,16.00,A. Dalton QB - CIN ,16.90,A. Green WR - CIN ,0.00,J. Witten TE - DAL ,2.60,J. Landry WR - MIA ,8.30,,,77.82,Benni,87.84
2016,14,Kessi,4,D. Brees QB - NO ,4.48,C. Hyde RB - SF ,26.00,J. Howard RB - CHI ,11.00,J. Nelson WR - GB ,16.10,A. Brown WR - PIT ,7.80,T. Eifert TE - CIN ,16.80,D. Martin RB - TB ,14.50,B. McManus K - DEN ,4.00,Cardinals DEF ,7.00,D. Jackson WR - WAS ,16.20,D. Lewis RB - NE ,1.90,S. Ware RB - KC ,6.30,K. Benjamin WR - CAR ,1.10,D. Carr QB - LV ,4.98,T. Hill WR - KC ,10.80,,,107.68,Erik,49.50
2016,15,Benni,5,T. Brady QB - NE ,7.42,B. Powell RB - NYJ ,16.20,J. Ajayi RB - MIA ,5.10,D. Baldwin WR - SEA ,9.50,S. Watkins WR - BUF ,1.00,T. Kelce TE - KC ,4.10,D. Murray RB - TEN ,14.10,J. Tucker K - BAL ,11.00,Texans DEF ,7.00,M. Forte RB - NYJ ,2.80,M. Ingram RB - NO ,9.20,B. Roethlisberger QB - PIT ,14.94,T. Pryor WR - CLE ,1.90,M. Mitchell WR - NE ,1.40,Broncos DEF ,3.00,,,75.42,Simi,105.26
2016,15,Erik,2,C. Newton QB - CAR ,20.00,D. Johnson RB - ARI ,22.80,T. Rawls RB - SEA ,3.90,M. Evans WR - TB ,5.90,T. Williams WR - LAC ,2.00,J. Reed TE - WAS ,0.60,K. Farrow RB - LAC ,3.30,K. Forbath K - MIN ,8.00,Vikings DEF ,-1.00,J. Flacco QB - BAL ,12.14,A. Gates TE - LAC ,1.10,M. Gordon RB - LAC ,0.00,T. Gurley RB - LA ,3.60,S. Diggs WR - MIN ,1.30,Patriots DEF ,17.00,,,65.50,Ritz,81.28
2016,15,Ritz,3,A. Rodgers QB - GB ,11.98,F. Gore RB - IND ,11.50,L. Miller RB - HOU ,14.90,O. Beckham WR - NYG ,13.30,J. Crowder WR - WAS ,0.40,K. Rudolph TE - MIN ,9.70,D. Adams WR - GB ,2.50,D. Hopkins K - WAS ,9.00,Chiefs DEF ,8.00,A. Peterson RB - MIN ,0.30,M. Wallace WR - BAL ,6.00,D. Inman WR - LAC ,6.80,C. Michael RB - GB ,10.50,D. Moncrief WR - IND ,0.00,D. Henry RB - TEN ,17.80,,,81.28,Erik,65.50
2016,15,Marv,1,M. Mariota QB - TEN ,5.44,L. Bell RB - PIT ,13.10,E. Elliott RB - DAL ,24.80,T. Hilton WR - IND ,4.50,A. Cooper WR - LV ,2.80,L. Green TE - PIT ,7.20,L. Blount RB - NE ,9.10,C. Santos K - KC ,5.00,Seahawks DEF ,11.00,K. Cousins QB - WAS ,9.70,C. Fleener TE - NO ,1.00,R. Matthews WR - TEN ,8.50,A. Luck QB - IND ,18.80,D. Hopkins WR - HOU ,8.70,M. Thomas WR - NO ,11.20,,,82.94,Kessi,85.66
2016,15,Simi,8,D. Prescott QB - DAL ,19.16,J. Stewart RB - CAR ,14.00,J. Hill RB - CIN ,11.10,J. Edelman WR - NE ,7.50,T. Gabriel WR - ATL ,12.00,G. Olsen TE - CAR ,8.50,M. Crabtree WR - LV ,12.00,A. Vinatieri K - IND ,12.00,Bills DEF ,9.00,J. Jones WR - ATL ,0.00,R. Wilson QB - SEA ,20.36,T. Riddick RB - DET ,0.00,A. Robinson WR - JAX ,1.50,R. Kelley RB - WAS ,11.50,Ravens DEF ,3.00,,,105.26,Benni,75.42
2016,15,Tommy,7,M. Ryan QB - ATL ,19.34,L. Murray RB - LV ,7.20,T. Coleman RB - ATL ,6.60,D. Bryant WR - DAL ,8.20,B. Cooks WR - NO ,30.60,J. Graham TE - SEA ,3.10,L. Fitzgerald WR - ARI ,3.70,S. Hauschka K - SEA ,6.00,Dolphins DEF ,21.00,R. Mathews RB - PHI ,21.30,T. Taylor QB - BUF ,15.86,S. Smith WR - BAL ,10.00,J. Brown WR - ARI ,14.10,I. Crowell RB - CLE ,2.80,D. Parker WR - MIA ,1.70,,,105.74,Juschka,115.02
2016,15,Juschka,6,M. Stafford QB - DET ,10.22,L. McCoy RB - BUF ,28.90,D. Freeman RB - ATL ,31.50,K. Britt WR - LA ,5.00,B. LaFell WR - CIN ,9.10,D. Walker TE - TEN ,5.50,E. Sanders WR - DEN ,4.80,M. Bryant K - ATL ,13.00,Eagles DEF ,7.00,T. Hightower RB - NO ,16.80,D. Thomas WR - DEN ,9.10,A. Dalton QB - CIN ,10.38,A. Green WR - CIN ,0.00,J. Witten TE - DAL ,3.10,J. Landry WR - MIA ,16.80,,,115.02,Tommy,105.74
2016,15,Kessi,4,D. Brees QB - NO ,29.36,C. Hyde RB - SF ,5.70,J. Howard RB - CHI ,17.30,J. Nelson WR - GB ,12.40,A. Brown WR - PIT ,5.80,T. Eifert TE - CIN ,0.90,D. Martin RB - TB ,4.20,B. McManus K - DEN ,3.00,Cardinals DEF ,7.00,D. Jackson WR - WAS ,11.10,M. Floyd WR - NE ,0.00,S. Ware RB - KC ,9.40,K. Benjamin WR - CAR ,2.00,D. Carr QB - LV ,11.02,T. Hill WR - KC ,12.80,,,85.66,Marv,82.94
2016,16,Benni,5,T. Brady QB - NE ,20.56,D. Murray RB - TEN ,6.00,J. Ajayi RB - MIA ,26.90,D. Baldwin WR - SEA ,23.70,A. Jeffery WR - CHI ,9.20,T. Kelce TE - KC ,22.00,B. Powell RB - NYJ ,7.40,J. Tucker K - BAL ,13.00,Chargers DEF ,10.00,M. Ingram RB - NO ,23.30,B. Roethlisberger QB - PIT ,19.06,S. Watkins WR - BUF ,21.40,T. Montgomery RB - GB ,4.00,M. Mitchell WR - NE ,2.90,Broncos DEF ,1.00,,,138.76,Tommy,100.28
2016,16,Erik,2,C. Newton QB - CAR ,11.52,T. Gurley RB - LA ,14.70,D. Johnson RB - ARI ,29.60,M. Evans WR - TB ,15.70,T. Williams WR - LAC ,12.40,V. Davis TE - WAS ,1.30,K. Farrow RB - LAC ,5.70,S. Janikowski K - LV ,3.00,Patriots DEF ,17.00,J. Flacco QB - BAL ,14.48,A. Gates TE - LAC ,15.40,J. Reed TE - WAS ,0.00,M. Gordon RB - LAC ,0.00,S. Diggs WR - MIN ,8.90,T. Rawls RB - SEA ,0.80,,,110.92,Marv,112.56
2016,16,Ritz,3,A. Rodgers QB - GB ,37.18,F. Gore RB - IND ,6.40,D. Henry RB - TEN ,3.50,D. Inman WR - LAC ,4.40,O. Beckham WR - NYG ,15.00,K. Rudolph TE - MIN ,5.30,D. Adams WR - GB ,10.40,D. Hopkins K - WAS ,11.00,Chiefs DEF ,10.00,A. Peterson RB - MIN ,0.00,M. Wallace WR - BAL ,2.10,L. Miller RB - HOU ,0.00,C. Michael RB - GB ,0.50,D. Moncrief WR - IND ,9.00,J. Crowder WR - WAS ,0.30,,,103.18,Kessi,95.66
2016,16,Marv,1,M. Mariota QB - TEN ,8.26,L. Bell RB - PIT ,25.70,E. Elliott RB - DAL ,21.20,T. Hilton WR - IND ,12.50,A. Cooper WR - LV ,7.60,E. Ebron TE - DET ,9.30,L. Blount RB - NE ,17.00,C. Santos K - KC ,9.00,Seahawks DEF ,2.00,K. Cousins QB - WAS ,29.80,C. Fleener TE - NO ,3.00,R. Matthews WR - TEN ,9.10,A. Luck QB - IND ,24.72,D. Hopkins WR - HOU ,4.30,M. Thomas WR - NO ,9.80,,,112.56,Erik,110.92
2016,16,Simi,8,D. Prescott QB - DAL ,23.98,J. Stewart RB - CAR ,5.20,J. Hill RB - CIN ,0.80,J. Edelman WR - NE ,8.90,J. Jones WR - ATL ,6.00,G. Olsen TE - CAR ,5.90,M. Crabtree WR - LV ,9.00,A. Vinatieri K - IND ,5.00,Bills DEF ,1.00,R. Wilson QB - SEA ,33.60,T. Riddick RB - DET ,0.00,A. Robinson WR - JAX ,14.70,T. Gabriel WR - ATL ,1.50,R. Kelley RB - WAS ,8.20,Ravens DEF ,3.00,,,65.78,Juschka,105.20
2016,16,Tommy,7,M. Ryan QB - ATL ,19.98,L. Murray RB - LV ,5.10,T. Coleman RB - ATL ,19.50,D. Bryant WR - DAL ,23.40,B. Cooks WR - NO ,9.80,J. Graham TE - SEA ,10.30,R. Mathews RB - PHI ,6.20,S. Hauschka K - SEA ,5.00,Dolphins DEF ,1.00,T. Taylor QB - BUF ,31.16,S. Smith WR - BAL ,15.90,L. Fitzgerald WR - ARI ,3.10,J. Brown WR - ARI ,1.20,I. Crowell RB - CLE ,17.80,D. Parker WR - MIA ,14.50,,,100.28,Benni,138.76
2016,16,Juschka,6,M. Stafford QB - DET ,12.50,L. McCoy RB - BUF ,20.50,D. Freeman RB - ATL ,8.80,K. Britt WR - LA ,1.50,E. Sanders WR - DEN ,2.60,D. Walker TE - TEN ,8.30,B. LaFell WR - CIN ,19.00,M. Bryant K - ATL ,19.00,Eagles DEF ,13.00,T. Hightower RB - NO ,4.00,D. Thomas WR - DEN ,2.00,A. Dalton QB - CIN ,12.72,A. Green WR - CIN ,0.00,J. Witten TE - DAL ,9.30,J. Landry WR - MIA ,2.90,,,105.20,Simi,65.78
2016,16,Kessi,4,D. Brees QB - NO ,16.06,C. Hyde RB - SF ,10.20,J. Howard RB - CHI ,12.80,J. Nelson WR - GB ,27.40,A. Brown WR - PIT ,15.60,T. Eifert TE - CIN ,0.00,D. Martin RB - TB ,0.00,B. McManus K - DEN ,6.60,Cardinals DEF ,7.00,D. Jackson WR - WAS ,11.40,M. Floyd WR - NE ,0.60,S. Ware RB - KC ,8.20,K. Benjamin WR - CAR ,12.30,D. Carr QB - LV ,22.08,T. Hill WR - KC ,15.50,,,95.66,Ritz,103.18
2017,1,Benni,5,D. Brees QB - NO ,15.64,D. Johnson RB - ARI ,7.00,C. McCaffrey RB - CAR ,6.50,J. Nelson WR - GB ,13.90,B. Cooks WR - NE ,8.80,J. Reed TE - WAS ,3.60,D. Cook RB - MIN ,13.70,D. Bailey K - DAL ,13.00,Steelers DEF ,16.00,A. Peterson RB - ARI ,1.80,T. Hilton WR - IND ,3.70,D. Martin RB - TB ,0.00,S. Watkins WR - LA ,5.80,M. Bryant WR - PIT ,1.40,D. Parker WR - MIA ,0.00,,,98.14,Marv,112.84
2017,1,Erik,6,B. Roethlisberger QB - PIT ,15.72,L. Bell RB - PIT ,4.70,E. Elliott RB - DAL ,14.00,T. Pryor WR - WAS ,6.60,A. Cooper WR - LV ,12.20,T. Kelce TE - KC ,4.40,C. Anderson RB - DEN ,8.80,S. Gostkowski K - NE ,9.00,Broncos DEF ,3.00,D. McFadden RB ,0.00,J. Rodgers RB - TB ,0.00,A. Luck QB - IND ,0.00,J. Crowder WR - WAS ,-0.60,T. Montgomery RB - GB ,15.30,S. Diggs WR - MIN ,20.70,,,78.42,Simi,83.32
2017,1,Ritz,7,T. Brady QB - NE ,10.68,L. McCoy RB - BUF ,15.90,L. Miller RB - HOU ,9.60,M. Crabtree WR - LV ,8.30,A. Green WR - CIN ,7.40,T. Eifert TE - CIN ,0.40,C. Hyde RB - SF ,7.70,C. Boswell K - PIT ,3.00,Bills DEF ,9.00,P. Garcon WR - SF ,8.10,D. Woodhead RB - BAL ,3.70,E. Sanders WR - DEN ,2.60,F. Gore RB - IND ,5.20,K. Allen WR - LAC ,9.50,A. Abdullah RB - DET ,4.10,,,71.98,Juschka,72.24
2017,1,Marv,1,M. Mariota QB - TEN ,18.84,L. Blount RB - PHI ,10.70,L. Fournette RB - JAX ,18.40,D. Baldwin WR - SEA ,6.00,M. Thomas WR - NO ,4.50,D. Walker TE - TEN ,7.60,A. Jeffery WR - PHI ,5.80,W. Lutz K - NO ,13.00,Rams DEF ,28.00,E. Lacy RB - SEA ,0.30,T. West RB - BAL ,14.00,J. Ajayi RB - PHI ,0.00,C. Davis WR - TEN ,6.90,J. Mixon RB - CIN ,2.40,Vikings DEF ,2.00,,,112.84,Benni,98.14
2017,1,Simi,2,R. Wilson QB - SEA ,8.32,I. Crowell RB - CLE ,8.60,J. Howard RB - CHI ,12.60,D. Bryant WR - DAL ,4.30,A. Brown WR - PIT ,18.20,G. Olsen TE - CAR ,1.80,D. Hopkins WR - HOU ,11.50,M. Bryant K - ATL ,11.00,Seahawks DEF ,7.00,E. Decker WR - TEN ,1.00,M. Ingram RB - NO ,7.10,B. Marshall WR - NYG ,1.00,L. Murray RB - MIN ,0.60,D. Moncrief WR - IND ,5.00,K. Hunt RB - KC ,40.60,,,83.32,Erik,78.42
2017,1,Tommy,8,D. Carr QB - LV ,18.68,B. Powell RB - NYJ ,3.90,T. Gurley RB - LA ,15.60,R. Matthews WR - TEN ,7.10,A. Robinson WR - JAX ,1.70,R. Gronkowski TE - NE ,3.30,R. Kelley RB - WAS ,3.00,M. Crosby K - GB ,5.00,Texans DEF ,0.00,M. Forte RB - NYJ ,3.60,D. Jackson WR - TB ,0.00,M. Evans WR - TB ,0.00,O. Beckham WR - NYG ,0.00,T. Coleman RB - ATL ,5.80,J. Ross WR - CIN ,0.00,,,58.28,Kessi,68.54
2017,1,Juschka,3,M. Ryan QB - ATL ,17.94,D. Freeman RB - ATL ,9.90,M. Gordon RB - LAC ,13.90,D. Thomas WR - DEN ,6.70,D. Adams WR - GB ,4.70,K. Rudolph TE - MIN ,8.60,P. Perkins RB - NYG ,2.50,B. McManus K - DEN ,6.00,Giants DEF ,2.00,J. Stewart RB - CAR ,14.20,G. Tate WR - DET ,11.40,M. Lynch RB - LV ,9.20,K. Benjamin WR - BUF ,2.50,J. Landry WR - MIA ,0.00,W. Snead WR - NO ,0.00,,,72.24,Ritz,71.98
2017,1,Kessi,4,A. Rodgers QB - GB ,16.54,D. Murray RB - TEN ,6.00,J. Hill RB - CIN ,2.40,J. Jones WR - ATL ,6.60,T. Williams WR - LAC ,5.40,J. Graham TE - SEA ,0.80,T. Hill WR - KC ,19.80,J. Tucker K - BAL ,8.00,Chiefs DEF ,3.00,M. Bennett TE - NE ,4.30,L. Fitzgerald WR - ARI ,7.40,M. Wallace WR - BAL ,0.80,M. Gillislee RB - NE ,22.50,S. Ware RB - KC ,0.00,J. White RB - NE ,6.80,,,68.54,Tommy,58.28
2017,2,Benni,8,D. Brees QB - NO ,22.24,D. Cook RB - MIN ,6.40,C. McCaffrey RB - CAR ,4.40,J. Nelson WR - GB ,0.00,B. Cooks WR - NE ,4.30,J. Reed TE - WAS ,4.80,J. Rodgers RB - TB ,12.70,D. Bailey K - DAL ,7.00,Cardinals DEF ,10.00,T. Hilton WR - IND ,4.90,D. Martin RB - TB ,0.00,S. Watkins WR - LA ,3.00,M. Bryant WR - PIT ,15.80,D. Parker WR - MIA ,8.50,D. Johnson RB - ARI ,0.00,,,71.84,Tommy,121.80
2017,2,Erik,2,J. Winston QB - TB ,12.46,L. Bell RB - PIT ,9.10,E. Elliott RB - DAL ,2.20,T. Pryor WR - WAS ,3.10,A. Cooper WR - LV ,3.30,T. Kelce TE - KC ,16.30,T. Montgomery RB - GB ,23.00,S. Gostkowski K - NE ,12.00,Ravens DEF ,17.00,A. Luck QB - IND ,0.00,K. Williams RB - ARI ,2.20,C. Anderson RB - DEN ,27.40,S. Diggs WR - MIN ,3.10,C. Kupp WR - LA ,3.30,Broncos DEF ,13.00,,,98.46,Juschka,89.68
2017,2,Ritz,3,T. Brady QB - NE ,30.78,L. McCoy RB - BUF ,4.30,L. Miller RB - HOU ,8.70,M. Crabtree WR - LV ,26.00,A. Green WR - CIN ,6.70,T. Eifert TE - CIN ,4.20,K. Allen WR - LAC ,10.00,B. Walsh K - SEA ,6.00,Panthers DEF ,10.00,P. Garcon WR - SF ,2.60,E. Sanders WR - DEN ,18.20,F. Gore RB - IND ,10.60,A. Thielen WR - MIN ,2.40,C. Hyde RB - SF ,14.30,A. Abdullah RB - DET ,8.60,,,106.68,Kessi,61.02
2017,2,Marv,6,M. Mariota QB - TEN ,13.00,J. Ajayi RB - PHI ,12.60,L. Fournette RB - JAX ,12.10,D. Baldwin WR - SEA ,4.40,M. Thomas WR - NO ,8.90,D. Walker TE - TEN ,12.20,T. West RB - BAL ,10.50,W. Lutz K - NO ,8.00,Rams DEF ,2.00,L. Blount RB - PHI ,0.00,A. Jeffery WR - PHI ,15.20,T. Rawls RB - SEA ,0.40,C. Davis WR - TEN ,0.40,J. Mixon RB - CIN ,4.10,Vikings DEF ,2.00,,,83.70,Simi,83.72
2017,2,Simi,1,R. Wilson QB - SEA ,15.32,J. Howard RB - CHI ,0.70,K. Hunt RB - KC ,22.90,D. Bryant WR - DAL ,11.90,A. Brown WR - PIT ,6.20,G. Olsen TE - CAR ,1.00,I. Crowell RB - CLE ,3.70,M. Bryant K - ATL ,14.00,Seahawks DEF ,8.00,M. Ingram RB - NO ,7.60,B. Marshall WR - NYG ,1.70,D. Hopkins WR - HOU ,7.30,L. Murray RB - MIN ,0.60,D. Moncrief WR - IND ,1.80,A. Hooper TE - ATL ,0.70,,,83.72,Marv,83.70
2017,2,Tommy,7,D. Carr QB - LV ,21.20,C. Thompson RB - WAS ,22.60,T. Gurley RB - LA ,23.60,M. Evans WR - TB ,15.30,O. Beckham WR - NYG ,3.60,R. Gronkowski TE - NE ,17.60,D. Jackson WR - TB ,3.90,M. Crosby K - GB ,5.00,Texans DEF ,9.00,M. Forte RB - NYJ ,9.10,B. Powell RB - NYJ ,1.30,R. Matthews WR - TEN ,4.30,T. Coleman RB - ATL ,10.50,J. Ross WR - CIN ,-0.80,-,-,,,121.80,Benni,71.84
2017,2,Juschka,4,M. Ryan QB - ATL ,14.88,D. Freeman RB - ATL ,22.00,M. Gordon RB - LAC ,13.80,G. Tate WR - DET ,2.50,J. Landry WR - MIA ,7.10,K. Rudolph TE - MIN ,4.50,M. Lynch RB - LV ,10.90,B. McManus K - DEN ,6.00,Steelers DEF ,8.00,J. Stewart RB - CAR ,4.00,D. Thomas WR - DEN ,7.10,K. Benjamin WR - BUF ,7.70,D. Adams WR - GB ,15.90,W. Snead WR - NO ,0.00,P. Perkins RB - NYG ,2.20,,,89.68,Erik,98.46
2017,2,Kessi,5,A. Rodgers QB - GB ,18.52,D. Murray RB - TEN ,2.80,T. Cohen RB - CHI ,4.80,J. Jones WR - ATL ,10.80,T. Hill WR - KC ,4.90,J. Graham TE - SEA ,0.10,L. Fitzgerald WR - ARI ,2.10,J. Tucker K - BAL ,6.00,Chiefs DEF ,11.00,M. Bennett TE - NE ,4.70,M. Wallace WR - BAL ,0.70,M. Gillislee RB - NE ,12.90,J. Hill RB - CIN ,1.90,J. White RB - NE ,9.60,T. Williams WR - LAC ,5.40,,,61.02,Ritz,106.68
2017,3,Benni,5,D. Brees QB - NO ,20.80,D. Cook RB - MIN ,22.90,C. McCaffrey RB - CAR ,11.70,J. Nelson WR - GB ,17.20,B. Cooks WR - NE ,27.10,Z. Ertz TE - PHI ,9.50,D. Parker WR - MIA ,13.60,D. Bailey K - DAL ,4.00,Eagles DEF ,4.00,T. Hilton WR - IND ,21.30,D. Martin RB - TB ,0.00,M. Bryant WR - PIT ,3.00,D. Johnson RB - ARI ,0.00,D. Henry RB - TEN ,6.40,S. Perine RB - WAS ,3.50,,,130.80,Kessi,112.22
2017,3,Erik,6,M. Stafford QB - DET ,16.46,L. Bell RB - PIT ,15.80,E. Elliott RB - DAL ,15.40,T. Pryor WR - WAS ,1.90,A. Cooper WR - LV ,0.60,T. Kelce TE - KC ,0.10,T. Montgomery RB - GB ,5.00,S. Gostkowski K - NE ,4.00,Broncos DEF ,4.00,A. Luck QB - IND ,0.00,J. Reed TE - WAS ,0.00,C. Anderson RB - DEN ,4.30,S. Diggs WR - MIN ,29.30,C. Carson RB - SEA ,11.20,Ravens DEF ,-4.00,,,63.26,Tommy,136.82
2017,3,Ritz,1,T. Brady QB - NE ,35.72,L. McCoy RB - BUF ,6.90,C. Hyde RB - SF ,21.40,M. Crabtree WR - LV ,0.70,A. Green WR - CIN ,17.10,K. Rudolph TE - MIN ,0.40,K. Allen WR - LAC ,6.10,C. Santos K - CHI ,6.00,Patriots DEF ,6.00,P. Garcon WR - SF ,14.20,E. Sanders WR - DEN ,7.50,F. Gore RB - IND ,11.70,L. Miller RB - HOU ,6.30,A. Abdullah RB - DET ,8.60,J. Allen RB - BAL ,2.80,,,100.32,Simi,100.08
2017,3,Marv,4,M. Mariota QB - TEN ,19.70,J. Ajayi RB - PHI ,2.50,L. Fournette RB - JAX ,14.00,A. Jeffery WR - PHI ,5.60,M. Thomas WR - NO ,14.70,D. Walker TE - TEN ,3.10,J. Rodgers RB - TB ,1.50,W. Lutz K - NO ,12.00,Rams DEF ,4.00,L. Blount RB - PHI ,12.70,D. Baldwin WR - SEA ,16.50,T. West RB - BAL ,0.60,C. Davis WR - TEN ,0.00,J. Mixon RB - CIN ,10.10,Vikings DEF ,9.00,,,77.10,Juschka,72.86
2017,3,Simi,2,C. Newton QB - CAR ,8.28,J. Howard RB - CHI ,26.60,K. Hunt RB - KC ,24.30,D. Bryant WR - DAL ,7.20,A. Brown WR - PIT ,17.00,J. Witten TE - DAL ,0.30,I. Crowell RB - CLE ,5.40,M. Bryant K - ATL ,12.00,Seahawks DEF ,-1.00,M. Ingram RB - NO ,8.60,B. Marshall WR - NYG ,6.60,R. Wilson QB - SEA ,33.52,D. Hopkins WR - HOU ,7.60,D. Moncrief WR - IND ,4.40,J. Richard RB - LV ,0.80,,,100.08,Ritz,100.32
2017,3,Tommy,3,D. Carr QB - LV ,5.22,C. Thompson RB - WAS ,24.80,T. Gurley RB - LA ,32.90,M. Evans WR - TB ,6.70,O. Beckham WR - NYG ,19.90,R. Gronkowski TE - NE ,14.90,D. Jackson WR - TB ,14.40,M. Crosby K - GB ,9.00,Texans DEF ,9.00,M. Forte RB - NYJ ,2.50,B. Powell RB - NYJ ,9.70,R. Matthews WR - TEN ,14.70,T. Coleman RB - ATL ,8.90,J. Nelson WR - ARI ,0.00,Packers DEF ,6.00,,,136.82,Erik,63.26
2017,3,Juschka,8,M. Ryan QB - ATL ,13.66,D. Freeman RB - ATL ,19.80,M. Gordon RB - LAC ,13.90,J. Landry WR - MIA ,4.80,D. Adams WR - GB ,6.00,C. Fleener TE - NO ,2.10,M. Lynch RB - LV ,2.60,G. Tavecchio K - LV ,4.00,Steelers DEF ,6.00,J. Stewart RB - CAR ,6.10,G. Tate WR - DET ,11.80,D. Thomas WR - DEN ,9.80,K. Benjamin WR - BUF ,0.80,W. Snead WR - NO ,0.00,P. Perkins RB - NYG ,3.00,,,72.86,Marv,77.10
2017,3,Kessi,7,A. Rodgers QB - GB ,24.82,D. Murray RB - TEN ,18.00,T. Cohen RB - CHI ,10.20,J. Jones WR - ATL ,9.10,T. Hill WR - KC ,15.00,M. Bennett TE - NE ,1.20,L. Fitzgerald WR - ARI ,20.90,J. Tucker K - BAL ,1.00,Chiefs DEF ,12.00,J. Graham TE - SEA ,7.20,M. Wallace WR - BAL ,1.00,M. Gillislee RB - NE ,3.10,J. Hill RB - CIN ,2.90,J. White RB - NE ,2.80,T. Williams WR - LAC ,1.50,,,112.22,Benni,130.80
2017,4,Benni,7,D. Brees QB - NO ,19.02,D. Cook RB - MIN ,11.40,C. McCaffrey RB - CAR ,4.90,J. Nelson WR - GB ,19.50,D. Parker WR - MIA ,6.90,Z. Ertz TE - PHI ,8.10,B. Cooks WR - NE ,4.20,R. Succop K - TEN ,2.00,Jaguars DEF ,15.00,C. Hogan WR - NE ,12.00,T. Hilton WR - IND ,3.00,D. Martin RB - TB ,0.00,M. Bryant WR - PIT ,4.80,D. Johnson RB - ARI ,0.00,D. Henry RB - TEN ,0.70,,,91.02,Simi,93.80
2017,4,Erik,3,M. Stafford QB - DET ,10.06,L. Bell RB - PIT ,30.60,E. Elliott RB - DAL ,25.90,M. Lee WR - JAX ,1.80,S. Diggs WR - MIN ,9.80,T. Kelce TE - KC ,17.40,C. Carson RB - SEA ,6.60,S. Gostkowski K - NE ,14.00,Broncos DEF ,9.00,T. Pryor WR - WAS ,13.00,A. Luck QB - IND ,0.00,J. Reed TE - WAS ,2.10,C. Anderson RB - DEN ,11.20,T. Montgomery RB - GB ,2.80,A. Cooper WR - LV ,0.90,,,125.16,Ritz,86.98
2017,4,Ritz,4,T. Brady QB - NE ,20.48,L. McCoy RB - BUF ,10.80,C. Hyde RB - SF ,9.50,A. Green WR - CIN ,12.30,K. Allen WR - LAC ,13.80,K. Rudolph TE - MIN ,3.40,E. Sanders WR - DEN ,2.70,M. Prater K - DET ,6.00,Bengals DEF ,8.00,P. Garcon WR - SF ,3.60,M. Crabtree WR - LV ,0.00,F. Gore RB - IND ,8.00,L. Miller RB - HOU ,25.10,A. Abdullah RB - DET ,16.90,J. Allen RB - BAL ,4.40,,,86.98,Erik,125.16
2017,4,Marv,5,M. Mariota QB - TEN ,15.74,J. Ajayi RB - PHI ,5.40,L. Fournette RB - JAX ,20.50,A. Jeffery WR - PHI ,8.90,M. Thomas WR - NO ,14.90,D. Walker TE - TEN ,5.10,D. Baldwin WR - SEA ,5.50,W. Lutz K - NO ,8.00,Vikings DEF ,7.00,L. Blount RB - PHI ,15.60,J. Rodgers RB - TB ,10.80,A. Thielen WR - MIN ,3.90,T. West RB - BAL ,-0.70,C. Davis WR - TEN ,0.00,J. Mixon RB - CIN ,4.80,,,91.04,Tommy,97.48
2017,4,Simi,2,R. Wilson QB - SEA ,27.60,J. Howard RB - CHI ,12.30,K. Hunt RB - KC ,12.10,D. Bryant WR - DAL ,9.80,A. Brown WR - PIT ,3.40,J. Witten TE - DAL ,0.90,I. Crowell RB - CLE ,2.70,M. Bryant K - ATL ,5.00,Seahawks DEF ,20.00,C. Newton QB - CAR ,33.04,M. Ingram RB - NO ,6.20,B. Marshall WR - NYG ,4.60,D. Hopkins WR - HOU ,16.70,D. Moncrief WR - IND ,9.00,J. Richard RB - LV ,2.70,,,93.80,Benni,91.02
2017,4,Tommy,1,D. Prescott QB - DAL ,22.58,C. Thompson RB - WAS ,0.70,T. Gurley RB - LA ,27.50,M. Evans WR - TB ,12.70,O. Beckham WR - NYG ,9.00,R. Gronkowski TE - NE ,8.00,D. Jackson WR - TB ,2.00,M. Crosby K - GB ,5.00,Packers DEF ,10.00,R. Matthews WR - TEN ,4.90,A. Ellington RB - HOU ,10.40,D. Carr QB - LV ,9.72,T. Coleman RB - ATL ,14.20,J. Nelson WR - ARI ,3.40,Texans DEF ,19.00,,,97.48,Marv,91.04
2017,4,Juschka,8,M. Ryan QB - ATL ,8.48,D. Freeman RB - ATL ,13.80,M. Gordon RB - LAC ,2.90,J. Landry WR - MIA ,4.00,D. Adams WR - GB ,7.30,C. Fleener TE - NO ,2.10,M. Lynch RB - LV ,1.20,G. Tavecchio K - LV ,4.00,Steelers DEF ,14.00,J. Stewart RB - CAR ,4.80,G. Tate WR - DET ,3.10,D. Thomas WR - DEN ,1.10,K. Benjamin WR - BUF ,10.40,W. Snead WR - NO ,0.00,P. Perkins RB - NYG ,1.90,,,57.78,Kessi,62.96
2017,4,Kessi,6,A. Rodgers QB - GB ,23.06,D. Murray RB - TEN ,3.50,T. Cohen RB - CHI ,4.80,J. Jones WR - ATL ,3.00,T. Hill WR - KC ,3.50,M. Bennett TE - NE ,3.90,L. Fitzgerald WR - ARI ,9.20,J. Tucker K - BAL ,3.00,Chiefs DEF ,9.00,J. Charles RB - DEN ,4.70,J. Graham TE - SEA ,6.10,M. Gillislee RB - NE ,4.90,S. Watkins WR - LA ,1.70,T. Williams WR - LAC ,17.50,D. Watson QB - HOU ,33.72,,,62.96,Juschka,57.78
2017,5,Benni,5,J. Winston QB - TB ,18.46,B. Powell RB - NYJ ,3.30,D. Martin RB - TB ,14.20,C. Hogan WR - NE ,13.40,B. Cooks WR - NE ,8.50,Z. Ertz TE - PHI ,12.10,J. Nelson WR - GB ,8.40,J. Elliott K - PHI ,10.00,Bills DEF ,8.00,D. Brees QB - NO ,0.00,T. Hilton WR - IND ,17.70,D. Parker WR - MIA ,0.60,D. Johnson RB - ARI ,0.00,C. McCaffrey RB - CAR ,9.80,Jaguars DEF ,28.00,,,96.36,Erik,81.06
2017,5,Erik,6,M. Stafford QB - DET ,15.16,L. Bell RB - PIT ,9.30,D. Johnson RB - CLE ,14.30,R. Cobb WR - GB ,2.90,S. Diggs WR - MIN ,0.40,T. Kelce TE - KC ,9.80,E. Elliott RB - DAL ,13.20,S. Gostkowski K - NE ,13.00,Lions DEF ,3.00,T. Pryor WR - WAS ,0.00,A. Luck QB - IND ,0.00,C. Anderson RB - DEN ,0.00,T. Montgomery RB - GB ,0.00,A. Cooper WR - LV ,0.80,Broncos DEF ,0.00,,,81.06,Benni,96.36
2017,5,Ritz,1,T. Brady QB - NE ,12.62,L. McCoy RB - BUF ,8.90,L. Miller RB - HOU ,8.90,A. Green WR - CIN ,22.90,K. Allen WR - LAC ,6.70,C. Clay TE - BUF ,3.10,C. Hyde RB - SF ,1.80,M. Prater K - DET ,6.00,Eagles DEF ,8.00,P. Garcon WR - SF ,9.40,M. Crabtree WR - LV ,14.20,E. Sanders WR - DEN ,0.00,F. Gore RB - IND ,8.60,J. Landry WR - MIA ,10.40,A. Abdullah RB - DET ,3.40,,,78.92,Tommy,72.04
2017,5,Marv,4,C. Wentz QB - PHI ,27.26,J. Ajayi RB - PHI ,5.90,L. Fournette RB - JAX ,30.40,D. Baldwin WR - SEA ,3.70,A. Thielen WR - MIN ,4.50,D. Walker TE - TEN ,2.50,J. Mixon RB - CIN ,11.10,K. Forbath K - MIN ,8.00,Vikings DEF ,6.00,L. Blount RB - PHI ,7.40,A. Jeffery WR - PHI ,3.10,M. Mariota QB - TEN ,0.00,M. Thomas WR - NO ,0.00,C. Davis WR - TEN ,0.00,W. Lutz K - NO ,0.00,,,99.36,Kessi,71.04
2017,5,Simi,3,R. Wilson QB - SEA ,11.52,J. Howard RB - CHI ,7.60,K. Hunt RB - KC ,11.60,D. Bryant WR - DAL ,11.20,A. Brown WR - PIT ,15.70,J. Witten TE - DAL ,4.10,D. Hopkins WR - HOU ,23.20,C. Catanzaro K - NYJ ,7.00,Seahawks DEF ,16.00,C. Newton QB - CAR ,26.20,M. Ingram RB - NO ,0.00,J. Reed TE - WAS ,0.00,D. Moncrief WR - IND ,3.20,I. Crowell RB - CLE ,6.70,M. Bryant K - ATL ,0.00,,,107.92,Juschka,124.46
2017,5,Tommy,2,D. Prescott QB - DAL ,29.74,A. Ellington RB - HOU ,6.30,T. Gurley RB - LA ,3.00,M. Evans WR - TB ,4.90,O. Beckham WR - NYG ,16.50,E. Engram TE - NYG ,0.00,D. Jackson WR - TB ,10.60,G. Zuerlein K - LA ,4.00,Texans DEF ,-3.00,R. Gronkowski TE - NE ,0.00,C. Thompson RB - WAS ,0.00,S. Watkins WR - LA ,0.00,D. Carr QB - LV ,0.00,T. Coleman RB - ATL ,0.00,C. Kupp WR - LA ,4.40,,,72.04,Ritz,78.92
2017,5,Juschka,8,A. Smith QB - KC ,26.86,M. Lynch RB - LV ,11.30,M. Gordon RB - LAC ,28.30,G. Tate WR - DET ,4.80,D. Adams WR - GB ,18.60,C. Brate TE - TB ,12.80,K. Benjamin WR - BUF ,11.80,G. Tavecchio K - LV ,5.00,Steelers DEF ,5.00,M. Ryan QB - ATL ,0.00,J. Stewart RB - CAR ,4.40,D. Thomas WR - DEN ,0.00,C. Fleener TE - NO ,0.00,D. Freeman RB - ATL ,0.00,W. Snead WR - NO ,0.00,,,124.46,Simi,107.92
2017,5,Kessi,7,A. Rodgers QB - GB ,24.04,D. Murray RB - TEN ,4.90,T. Cohen RB - CHI ,0.70,T. Williams WR - LAC ,2.20,T. Hill WR - KC ,6.80,M. Bennett TE - NE ,5.30,L. Fitzgerald WR - ARI ,5.10,J. Tucker K - BAL ,12.00,Chiefs DEF ,10.00,J. Charles RB - DEN ,0.00,J. Graham TE - SEA ,9.70,J. Jones WR - ATL ,0.00,A. Collins RB - BAL ,5.50,D. Watson QB - HOU ,35.54,J. Williams RB - GB ,0.10,,,71.04,Marv,99.36
2017,6,Benni,6,D. Brees QB - NO ,11.54,D. Martin RB - TB ,14.40,A. Jones RB - GB ,4.20,J. Nelson WR - GB ,6.00,C. Hogan WR - NE ,1.90,Z. Ertz TE - PHI ,13.80,T. Hilton WR - IND ,1.90,J. Elliott K - PHI ,10.00,Jaguars DEF ,5.00,D. McFadden RB ,0.00,B. Cooks WR - NE ,9.30,D. Johnson RB - ARI ,0.00,C. McCaffrey RB - CAR ,12.40,A. Kamara RB - NO ,8.70,M. Williams WR - LAC ,1.50,,,68.74,Ritz,86.08
2017,6,Erik,7,M. Stafford QB - DET ,14.88,L. Bell RB - PIT ,25.10,D. Johnson RB - CLE ,3.90,T. Pryor WR - WAS ,2.30,R. Matthews WR - TEN ,6.90,T. Kelce TE - KC ,3.70,C. Anderson RB - DEN ,1.70,S. Gostkowski K - NE ,6.00,Broncos DEF ,4.00,A. Luck QB - IND ,0.00,A. Morris RB - DAL ,0.00,T. Montgomery RB - GB ,3.10,A. Cooper WR - LV ,2.80,S. Diggs WR - MIN ,0.00,E. Elliott RB - DAL ,0.00,,,68.48,Marv,88.40
2017,6,Ritz,1,T. Brady QB - NE ,16.18,L. Miller RB - HOU ,8.10,A. Abdullah RB - DET ,5.40,M. Crabtree WR - LV ,11.20,K. Allen WR - LAC ,4.50,R. Griffin TE - HOU ,7.20,P. Garcon WR - SF ,5.50,M. Prater K - DET ,8.00,Rams DEF ,20.00,L. McCoy RB - BUF ,0.00,A. Green WR - CIN ,0.00,F. Gore RB - IND ,6.70,J. Landry WR - MIA ,12.20,C. Hyde RB - SF ,19.50,W. Fuller WR - HOU ,12.20,,,86.08,Benni,68.74
2017,6,Marv,3,K. Cousins QB - WAS ,27.80,J. Ajayi RB - PHI ,13.00,L. Fournette RB - JAX ,19.80,D. Funchess WR - CAR ,3.60,M. Thomas WR - NO ,1.10,D. Walker TE - TEN ,1.40,L. Blount RB - PHI ,8.70,W. Lutz K - NO ,10.00,Falcons DEF ,3.00,D. Baldwin WR - SEA ,0.00,A. Jeffery WR - PHI ,7.10,A. Thielen WR - MIN ,9.60,M. Mariota QB - TEN ,14.24,J. Mixon RB - CIN ,0.00,Vikings DEF ,14.00,,,88.40,Erik,68.48
2017,6,Simi,2,C. Newton QB - CAR ,20.66,J. Howard RB - CHI ,17.60,K. Hunt RB - KC ,11.00,A. Brown WR - PIT ,21.50,D. Hopkins WR - HOU ,7.90,K. Rudolph TE - MIN ,4.70,M. Ingram RB - NO ,25.00,M. Bryant K - ATL ,7.00,Ravens DEF ,20.00,D. Bryant WR - DAL ,0.00,R. Wilson QB - SEA ,0.00,J. Reed TE - WAS ,3.70,D. Moncrief WR - IND ,6.70,I. Crowell RB - CLE ,7.30,Seahawks DEF ,0.00,,,135.36,Kessi,90.30
2017,6,Tommy,5,D. Carr QB - LV ,6.84,C. Thompson RB - WAS ,13.80,T. Gurley RB - LA ,12.00,S. Watkins WR - LA ,1.10,M. Evans WR - TB ,15.50,R. Gronkowski TE - NE ,20.30,D. Jackson WR - TB ,9.80,G. Zuerlein K - LA ,11.00,Packers DEF ,4.00,D. Amendola WR - NE ,4.00,A. Ellington RB - HOU ,0.00,O. Beckham WR - NYG ,0.00,T. Coleman RB - ATL ,9.60,N. Agholor WR - PHI ,11.50,D. Prescott QB - DAL ,0.00,,,94.34,Juschka,104.24
2017,6,Juschka,4,A. Smith QB - KC ,15.14,D. Freeman RB - ATL ,7.90,M. Gordon RB - LAC ,27.00,K. Benjamin WR - BUF ,9.90,D. Adams WR - GB ,11.40,C. Brate TE - TB ,13.60,M. Lynch RB - LV ,6.30,G. Tavecchio K - LV ,4.00,Steelers DEF ,9.00,M. Ryan QB - ATL ,11.92,J. Stewart RB - CAR ,-0.40,G. Tate WR - DET ,15.60,D. Thomas WR - DEN ,11.30,C. Fleener TE - NO ,0.00,W. Snead WR - NO ,1.10,,,104.24,Tommy,94.34
2017,6,Kessi,8,D. Watson QB - HOU ,23.30,D. Murray RB - TEN ,14.70,J. Allen RB - BAL ,6.60,J. Jones WR - ATL ,7.20,T. Hill WR - KC ,2.50,M. Bennett TE - NE ,2.20,L. Fitzgerald WR - ARI ,17.80,J. Tucker K - BAL ,12.00,Chiefs DEF ,4.00,J. Charles RB - DEN ,2.10,J. Graham TE - SEA ,0.00,A. Rodgers QB - GB ,0.72,M. Wallace WR - BAL ,3.00,T. Williams WR - LAC ,0.70,T. Cohen RB - CHI ,7.44,,,90.30,Simi,135.36
2017,7,Benni,5,D. Brees QB - NO ,19.14,C. Ivory RB - JAX ,8.70,D. Martin RB - TB ,8.00,J. Nelson WR - GB ,1.30,C. Hogan WR - NE ,7.10,Z. Ertz TE - PHI ,14.90,B. Cooks WR - NE ,12.50,J. Elliott K - PHI ,12.00,Jaguars DEF ,20.00,D. McFadden RB ,0.00,T. Hilton WR - IND ,2.70,D. Johnson RB - ARI ,0.00,C. McCaffrey RB - CAR ,4.60,A. Kamara RB - NO ,10.70,M. Williams WR - LAC ,0.00,,,103.64,Juschka,79.48
2017,7,Erik,6,C. Wentz QB - PHI ,31.02,L. Bell RB - PIT ,19.20,E. Elliott RB - DAL ,39.90,R. Matthews WR - TEN ,4.00,A. Jeffery WR - PHI ,3.70,T. Kelce TE - KC ,9.30,C. Anderson RB - DEN ,6.10,S. Gostkowski K - NE ,11.00,Broncos DEF ,3.00,M. Jones WR - DET ,0.00,A. Morris RB - DAL ,2.40,T. Montgomery RB - GB ,1.50,A. Cooper WR - LV ,33.00,S. Diggs WR - MIN ,0.00,E. Engram TE - NYG ,12.00,,,127.22,Kessi,77.58
2017,7,Ritz,1,T. Brady QB - NE ,18.46,L. McCoy RB - BUF ,22.20,C. Hyde RB - SF ,8.80,M. Crabtree WR - LV ,8.40,A. Green WR - CIN ,4.10,H. Henry TE - LAC ,7.30,P. Garcon WR - SF ,4.90,G. Gano K - CAR ,3.00,Panthers DEF ,11.00,F. Gore RB - IND ,3.40,L. Miller RB - HOU ,0.00,K. Allen WR - LAC ,4.10,J. Landry WR - MIA ,15.30,W. Fuller WR - HOU ,0.00,Texans DEF ,0.00,,,88.16,Marv,73.02
2017,7,Marv,4,M. Mariota QB - TEN ,8.92,J. Ajayi RB - PHI ,7.70,J. Mixon RB - CIN ,6.80,A. Thielen WR - MIN ,4.10,M. Thomas WR - NO ,8.20,A. Seferian-Jenkins TE - NYJ ,8.10,D. Baldwin WR - SEA ,15.20,W. Lutz K - NO ,8.00,Vikings DEF ,6.00,L. Blount RB - PHI ,2.90,D. Walker TE - TEN ,4.30,D. Funchess WR - CAR ,4.10,D. Johnson RB - CLE ,7.10,L. Fournette RB - JAX ,0.00,Saints DEF ,4.00,,,73.02,Ritz,88.16
2017,7,Simi,3,C. Newton QB - CAR ,7.44,J. Howard RB - CHI ,6.50,K. Hunt RB - KC ,11.70,D. Bryant WR - DAL ,12.30,A. Brown WR - PIT ,12.50,K. Rudolph TE - MIN ,4.30,M. Ingram RB - NO ,17.00,M. Bryant K - ATL ,1.00,Seahawks DEF ,7.00,R. Wilson QB - SEA ,26.36,J. Reed TE - WAS ,18.40,D. Hopkins WR - HOU ,0.00,D. Moncrief WR - IND ,3.00,I. Crowell RB - CLE ,7.10,Ravens DEF ,2.00,,,79.74,Tommy,126.46
2017,7,Tommy,2,D. Prescott QB - DAL ,29.96,C. Thompson RB - WAS ,12.40,T. Gurley RB - LA ,21.40,M. Evans WR - TB ,14.80,N. Agholor WR - PHI ,10.50,R. Gronkowski TE - NE ,5.10,A. Peterson RB - ARI ,3.30,G. Zuerlein K - LA ,17.00,Titans DEF ,12.00,D. Jackson WR - TB ,7.30,D. Amendola WR - NE ,1.70,O. Beckham WR - NYG ,0.00,D. Carr QB - LV ,30.18,T. Coleman RB - ATL ,1.60,Packers DEF ,5.00,,,126.46,Simi,79.74
2017,7,Juschka,7,A. Smith QB - KC ,25.68,D. Freeman RB - ATL ,9.00,J. McKinnon RB - MIN ,5.70,K. Benjamin WR - BUF ,6.50,D. Adams WR - GB ,1.20,C. Brate TE - TB ,6.00,M. Gordon RB - LAC ,4.40,R. Succop K - TEN ,12.00,Steelers DEF ,9.00,M. Ryan QB - ATL ,17.02,G. Tate WR - DET ,0.00,D. Thomas WR - DEN ,0.90,M. Lynch RB - LV ,0.90,W. Snead WR - NO ,0.00,Lions DEF ,0.00,,,79.48,Benni,103.64
2017,7,Kessi,8,C. Palmer QB - ARI ,2.88,D. Murray RB - TEN ,7.60,T. Cohen RB - CHI ,7.00,J. Jones WR - ATL ,15.90,T. Hill WR - KC ,19.20,J. Graham TE - SEA ,11.10,L. Fitzgerald WR - ARI ,2.90,J. Tucker K - BAL ,12.00,Chiefs DEF ,-1.00,J. Charles RB - DEN ,2.20,M. Bennett TE - NE ,1.70,M. Wallace WR - BAL ,0.90,J. Allen RB - BAL ,4.90,T. Williams WR - LAC ,1.10,D. Watson QB - HOU ,0.00,,,77.58,Erik,127.22
2017,8,Benni,6,D. Brees QB - NO ,11.76,D. Martin RB - TB ,7.50,A. Kamara RB - NO ,13.60,C. Hogan WR - NE ,6.00,B. Cooks WR - NE ,2.60,Z. Ertz TE - PHI ,9.40,C. McCaffrey RB - CAR ,5.20,J. Elliott K - PHI ,9.00,Eagles DEF ,18.00,J. Nelson WR - GB ,0.00,D. Lewis RB - NE ,5.40,D. Johnson RB - ARI ,0.00,S. Shepard WR - NYG ,0.00,D. Henry RB - TEN ,0.00,Jaguars DEF ,0.00,,,83.06,Erik,143.84
2017,8,Erik,5,C. Wentz QB - PHI ,17.14,L. Bell RB - PIT ,12.10,E. Elliott RB - DAL ,25.40,A. Jeffery WR - PHI ,14.20,A. Cooper WR - LV ,5.20,T. Kelce TE - KC ,19.30,C. Anderson RB - DEN ,8.50,S. Gostkowski K - NE ,13.00,Ravens DEF ,29.00,T. Ginn WR - NO ,6.80,M. Jones WR - DET ,12.80,A. Morris RB - DAL ,0.30,S. Diggs WR - MIN ,2.60,A. Jones RB - GB ,0.00,Broncos DEF ,5.00,,,143.84,Benni,83.06
2017,8,Ritz,1,T. Brady QB - NE ,17.52,L. McCoy RB - BUF ,23.30,C. Hyde RB - SF ,4.70,A. Green WR - CIN ,8.70,K. Allen WR - LAC ,6.10,H. Henry TE - LAC ,1.10,L. Miller RB - HOU ,19.30,G. Gano K - CAR ,5.00,Texans DEF ,0.00,P. Garcon WR - SF ,1.70,M. Crabtree WR - LV ,8.30,F. Gore RB - IND ,10.10,J. Landry WR - MIA ,3.30,A. Abdullah RB - DET ,3.80,W. Fuller WR - HOU ,24.50,,,85.72,Marv,74.82
2017,8,Marv,4,A. Dalton QB - CIN ,18.72,J. Ajayi RB - PHI ,4.10,J. Mixon RB - CIN ,8.90,D. Baldwin WR - SEA ,5.40,M. Thomas WR - NO ,7.70,A. Seferian-Jenkins TE - NYJ ,2.80,L. Blount RB - PHI ,11.20,W. Lutz K - NO ,8.00,Vikings DEF ,8.00,D. Walker TE - TEN ,0.00,A. Thielen WR - MIN ,15.80,D. Johnson RB - CLE ,4.30,M. Mariota QB - TEN ,0.00,L. Fournette RB - JAX ,0.00,Saints DEF ,8.00,,,74.82,Ritz,85.72
2017,8,Simi,2,R. Wilson QB - SEA ,35.08,J. Howard RB - CHI ,12.10,K. Hunt RB - KC ,6.80,D. Bryant WR - DAL ,3.90,A. Brown WR - PIT ,7.00,K. Rudolph TE - MIN ,8.70,M. Ingram RB - NO ,11.90,M. Bryant K - ATL ,13.00,Seahawks DEF ,13.00,C. Newton QB - CAR ,12.56,D. Hopkins WR - HOU ,28.40,D. Moncrief WR - IND ,0.00,I. Crowell RB - CLE ,15.80,E. Engram TE - NYG ,0.00,-,-,,,111.48,Juschka,102.48
2017,8,Tommy,3,D. Prescott QB - DAL ,7.32,C. Thompson RB - WAS ,7.40,T. Coleman RB - ATL ,10.40,M. Evans WR - TB ,6.00,N. Agholor WR - PHI ,2.60,R. Gronkowski TE - NE ,11.70,D. Jackson WR - TB ,3.70,S. Hauschka K - BUF ,10.00,Steelers DEF ,5.00,D. Amendola WR - NE ,1.40,A. Peterson RB - ARI ,0.00,O. Beckham WR - NYG ,0.00,D. Carr QB - LV ,12.52,T. Gurley RB - LA ,0.00,G. Zuerlein K - LA ,0.00,,,64.12,Kessi,102.78
2017,8,Juschka,8,A. Smith QB - KC ,13.38,D. Freeman RB - ATL ,6.10,J. McKinnon RB - MIN ,20.20,G. Tate WR - DET ,6.60,K. Benjamin WR - BUF ,9.90,C. Brate TE - TB ,6.40,M. Gordon RB - LAC ,19.90,K. Forbath K - MIN ,15.00,Lions DEF ,5.00,M. Ryan QB - ATL ,15.86,D. Thomas WR - DEN ,6.60,M. Lynch RB - LV ,0.00,D. Adams WR - GB ,0.00,R. Succop K - TEN ,0.00,Rams DEF ,0.00,,,102.48,Simi,111.48
2017,8,Kessi,7,D. Watson QB - HOU ,32.78,L. Murray RB - MIN ,4.70,T. Cohen RB - CHI ,6.80,J. Jones WR - ATL ,7.40,T. Hill WR - KC ,1.80,J. Graham TE - SEA ,15.90,J. Kearse WR - NYJ ,1.40,J. Tucker K - BAL ,12.00,Chiefs DEF ,20.00,D. Murray RB - TEN ,0.00,L. Fitzgerald WR - ARI ,0.00,M. Wallace WR - BAL ,0.00,R. Burkhead RB - NE ,8.30,J. Allen RB - BAL ,5.70,T. Williams WR - LAC ,2.40,,,102.78,Tommy,64.12
2017,9,Benni,6,D. Brees QB - NO ,18.72,D. Martin RB - TB ,0.70,C. McCaffrey RB - CAR ,15.40,D. Parker WR - MIA ,7.60,S. Shepard WR - NYG ,7.00,J. Doyle TE - IND ,6.30,T. Yeldon RB - JAX ,3.20,H. Butker K - KC ,5.00,Jaguars DEF ,12.00,J. Nelson WR - GB ,3.50,C. Hogan WR - NE ,0.00,B. Cooks WR - NE ,0.00,A. Collins RB - BAL ,4.60,C. Davis WR - TEN ,2.80,L. Fournette RB - JAX ,0.00,,,75.92,Kessi,66.08
2017,9,Erik,5,C. Wentz QB - PHI ,24.76,E. Elliott RB - DAL ,15.30,A. Jones RB - GB ,1.10,T. Ginn WR - NO ,11.90,D. Funchess WR - CAR ,8.60,T. Kelce TE - KC ,13.30,A. Cooper WR - LV ,5.80,J. Elliott K - PHI ,9.00,Eagles DEF ,8.00,A. Jeffery WR - PHI ,20.40,A. Morris RB - DAL ,1.10,L. Bell RB - PIT ,0.00,C. Anderson RB - DEN ,1.30,S. Diggs WR - MIN ,0.00,S. Gostkowski K - NE ,0.00,,,97.76,Marv,104.72
2017,9,Ritz,1,M. Stafford QB - DET ,22.44,L. McCoy RB - BUF ,2.50,C. Hyde RB - SF ,12.50,M. Crabtree WR - LV ,4.00,A. Green WR - CIN ,0.60,V. Davis TE - WAS ,7.20,L. Miller RB - HOU ,9.10,G. Gano K - CAR ,8.00,Texans DEF ,12.00,T. Brady QB - NE ,0.00,F. Gore RB - IND ,7.70,T. Hilton WR - IND ,29.50,K. Allen WR - LAC ,0.00,J. Landry WR - MIA ,9.20,W. Fuller WR - HOU ,3.20,,,78.34,Juschka,74.62
2017,9,Marv,3,M. Mariota QB - TEN ,15.32,J. Mixon RB - CIN ,10.60,A. Kamara RB - NO ,25.20,D. Baldwin WR - SEA ,16.80,M. Thomas WR - NO ,6.50,C. Fleener TE - NO ,4.60,L. Blount RB - PHI ,3.70,W. Lutz K - NO ,6.00,Saints DEF ,16.00,M. Jones WR - DET ,22.70,Z. Ertz TE - PHI ,0.00,A. Thielen WR - MIN ,0.00,D. Johnson RB - CLE ,0.00,J. Ajayi RB - PHI ,13.70,Vikings DEF ,0.00,,,104.72,Erik,97.76
2017,9,Simi,2,R. Wilson QB - SEA ,23.58,M. Ingram RB - NO ,7.90,K. Hunt RB - KC ,6.10,D. Bryant WR - DAL ,7.30,D. Hopkins WR - HOU ,14.60,E. Engram TE - NYG ,13.00,A. Abdullah RB - DET ,9.70,M. Bryant K - ATL ,7.00,Seahawks DEF ,11.00,K. Rudolph TE - MIN ,0.00,A. Brown WR - PIT ,0.00,P. Richardson WR - SEA ,4.10,I. Crowell RB - CLE ,0.00,J. Howard RB - CHI ,0.00,Ravens DEF ,5.00,,,100.18,Tommy,99.36
2017,9,Tommy,4,D. Prescott QB - DAL ,26.66,C. Thompson RB - WAS ,3.10,T. Gurley RB - LA ,22.40,M. Evans WR - TB ,1.30,N. Agholor WR - PHI ,3.60,J. Cook TE - LV ,12.60,A. Peterson RB - ARI ,14.70,G. Zuerlein K - LA ,15.00,Bills DEF ,0.00,D. Jackson WR - TB ,3.30,D. Amendola WR - NE ,0.00,R. Gronkowski TE - NE ,0.00,O. Beckham WR - NYG ,0.00,D. Carr QB - LV ,13.70,T. Coleman RB - ATL ,8.40,,,99.36,Simi,100.18
2017,9,Juschka,8,A. Smith QB - KC ,18.42,M. Lynch RB - LV ,18.30,D. Freeman RB - ATL ,6.40,G. Tate WR - DET ,11.30,K. Benjamin WR - BUF ,0.00,C. Brate TE - TB ,0.90,D. Adams WR - GB ,5.30,R. Succop K - TEN ,5.00,Rams DEF ,9.00,M. Ryan QB - ATL ,18.42,D. Thomas WR - DEN ,13.00,J. McKinnon RB - MIN ,0.00,M. Gordon RB - LAC ,0.00,K. Forbath K - MIN ,0.00,Lions DEF ,4.00,,,74.62,Ritz,78.34
2017,9,Kessi,7,J. Winston QB - TB ,3.48,D. Murray RB - TEN ,4.10,J. Allen RB - BAL ,12.50,J. Jones WR - ATL ,11.80,T. Hill WR - KC ,13.30,J. Graham TE - SEA ,5.90,L. Fitzgerald WR - ARI ,7.00,J. Tucker K - BAL ,8.00,Chiefs DEF ,0.00,T. Taylor QB - BUF ,26.90,K. Stills WR - MIA ,2.80,L. Murray RB - MIN ,0.00,D. Williams RB - MIA ,12.10,D. Washington RB - LV ,1.40,T. Cohen RB - CHI ,0.00,,,66.08,Benni,75.92
2017,10,Benni,6,J. Goff QB - LA ,26.50,D. Martin RB - TB ,5.10,L. Fournette RB - JAX ,4.60,B. Cooks WR - NE ,7.40,R. Anderson WR - NYJ ,14.50,J. Doyle TE - IND ,0.90,C. McCaffrey RB - CAR ,17.00,M. Prater K - DET ,8.00,Jaguars DEF ,5.00,J. Nelson WR - GB ,2.00,D. Brees QB - NO ,13.96,C. Hogan WR - NE ,0.00,D. Parker WR - MIA ,6.60,S. Shepard WR - NYG ,14.20,H. Butker K - KC ,0.00,,,89.00,Simi,97.32
2017,10,Erik,4,C. Newton QB - CAR ,35.66,L. Bell RB - PIT ,11.20,O. Darkwa RB - NYG ,10.80,D. Funchess WR - CAR ,21.20,S. Diggs WR - MIN ,13.80,E. Engram TE - NYG ,9.10,A. Morris RB - DAL ,5.30,S. Gostkowski K - NE ,11.00,Steelers DEF ,6.00,A. Jeffery WR - PHI ,0.00,T. Kelce TE - KC ,0.00,A. Cooper WR - LV ,0.00,E. Elliott RB - DAL ,0.00,C. Wentz QB - PHI ,0.00,Ravens DEF ,0.00,,,124.06,Juschka,76.70
2017,10,Ritz,1,T. Brady QB - NE ,22.64,L. McCoy RB - BUF ,6.00,C. Hyde RB - SF ,10.40,A. Green WR - CIN ,17.50,J. Landry WR - MIA ,10.20,V. Davis TE - WAS ,7.60,L. Miller RB - HOU ,7.40,G. Gano K - CAR ,9.00,Lions DEF ,14.00,J. Cook TE - LV ,0.00,M. Crabtree WR - LV ,0.00,G. Olsen TE - CAR ,0.00,F. Gore RB - IND ,6.10,T. Hilton WR - IND ,2.30,K. Allen WR - LAC ,5.40,,,104.74,Kessi,90.74
2017,10,Marv,3,M. Mariota QB - TEN ,17.66,J. Mixon RB - CIN ,10.00,A. Kamara RB - NO ,19.80,D. Baldwin WR - SEA ,9.50,M. Thomas WR - NO ,11.70,J. Thomas TE - MIA ,6.80,M. Jones WR - DET ,2.20,W. Lutz K - NO ,13.00,Vikings DEF ,2.00,L. Blount RB - PHI ,0.00,Z. Ertz TE - PHI ,0.00,A. Thielen WR - MIN ,22.60,D. Johnson RB - CLE ,8.80,J. Ajayi RB - PHI ,0.00,Saints DEF ,8.00,,,92.66,Tommy,67.84
2017,10,Simi,2,R. Wilson QB - SEA ,19.42,M. Ingram RB - NO ,31.10,J. Howard RB - CHI ,5.40,A. Brown WR - PIT ,4.70,D. Hopkins WR - HOU ,11.10,K. Rudolph TE - MIN ,3.70,D. Bryant WR - DAL ,3.90,M. Bryant K - ATL ,11.00,Seahawks DEF ,7.00,M. Forte RB - NYJ ,0.00,P. Richardson WR - SEA ,4.30,I. Crowell RB - CLE ,15.50,A. Abdullah RB - DET ,11.50,K. Hunt RB - KC ,0.00,J. Elliott K - PHI ,0.00,,,97.32,Benni,89.00
2017,10,Tommy,5,D. Prescott QB - DAL ,13.24,C. Thompson RB - WAS ,6.70,T. Gurley RB - LA ,13.60,D. Jackson WR - TB ,8.20,W. Fuller WR - HOU ,1.50,R. Gronkowski TE - NE ,7.40,A. Peterson RB - ARI ,2.20,G. Zuerlein K - LA ,17.00,Bills DEF ,-2.00,D. Amendola WR - NE ,3.60,M. Evans WR - TB ,0.00,O. Beckham WR - NYG ,0.00,D. Carr QB - LV ,0.00,T. Coleman RB - ATL ,14.80,N. Agholor WR - PHI ,0.00,,,67.84,Marv,92.66
2017,10,Juschka,8,M. Ryan QB - ATL ,14.60,D. Freeman RB - ATL ,0.30,M. Gordon RB - LAC ,4.20,G. Tate WR - DET ,15.70,K. Benjamin WR - BUF ,4.20,C. Brate TE - TB ,1.00,J. Smith-Schuster WR - PIT ,15.70,R. Succop K - TEN ,6.00,Rams DEF ,15.00,D. Thomas WR - DEN ,10.40,M. Lynch RB - LV ,0.00,A. Smith QB - KC ,0.00,D. Adams WR - GB ,15.00,J. McKinnon RB - MIN ,4.70,K. Forbath K - MIN ,10.00,,,76.70,Erik,124.06
2017,10,Kessi,7,T. Taylor QB - BUF ,2.94,D. Murray RB - TEN ,25.20,T. Cohen RB - CHI ,1.10,J. Jones WR - ATL ,5.70,L. Fitzgerald WR - ARI ,11.30,J. Graham TE - SEA ,14.70,L. Murray RB - MIN ,12.80,C. Boswell K - PIT ,6.00,Patriots DEF ,11.00,D. Williams RB - MIA ,3.90,J. Allen RB - BAL ,0.00,K. Drake RB - MIA ,15.20,T. Hill WR - KC ,0.00,J. Tucker K - BAL ,0.00,Chiefs DEF ,0.00,,,90.74,Ritz,104.74
2017,11,Benni,5,D. Brees QB - NO ,21.60,D. Martin RB - TB ,4.40,L. Fournette RB - JAX ,11.80,R. Woods WR - LA ,8.10,D. Parker WR - MIA ,2.60,T. Kroft TE - CIN ,7.20,B. Cooks WR - NE ,20.90,H. Butker K - KC ,9.00,Jaguars DEF ,25.00,C. Hogan WR - NE ,0.00,D. Johnson RB - ARI ,0.00,S. Shepard WR - NYG ,0.00,J. Goff QB - LA ,9.80,R. Anderson WR - NYJ ,0.00,C. McCaffrey RB - CAR ,0.00,,,110.60,Marv,95.26
2017,11,Erik,4,C. Wentz QB - PHI ,20.02,R. Burkhead RB - NE ,3.70,L. Bell RB - PIT ,10.30,A. Cooper WR - LV ,8.80,S. Diggs WR - MIN ,3.20,T. Kelce TE - KC ,8.90,A. Jeffery WR - PHI ,14.70,S. Gostkowski K - NE ,19.00,Ravens DEF ,26.00,C. Newton QB - CAR ,0.00,A. Morris RB - DAL ,9.10,O. Darkwa RB - NYG ,15.00,D. Funchess WR - CAR ,0.00,E. Elliott RB - DAL ,0.00,E. Engram TE - NYG ,0.90,,,114.62,Simi,131.22
2017,11,Ritz,1,T. Brady QB - NE ,25.60,L. McCoy RB - BUF ,24.60,L. Miller RB - HOU ,14.30,A. Green WR - CIN ,11.00,J. Landry WR - MIA ,13.50,V. Davis TE - WAS ,6.70,M. Crabtree WR - LV ,7.10,S. Hauschka K - BUF ,8.00,Lions DEF ,9.00,G. Olsen TE - CAR ,0.00,F. Gore RB - IND ,0.00,T. Hilton WR - IND ,0.00,K. Allen WR - LAC ,28.20,C. Anderson RB - DEN ,9.60,C. Hyde RB - SF ,0.00,,,119.80,Tommy,53.90
2017,11,Marv,3,B. Bortles QB - JAX ,8.56,J. Mixon RB - CIN ,4.90,A. Kamara RB - NO ,19.60,A. Thielen WR - MIN ,18.30,M. Thomas WR - NO ,9.10,Z. Ertz TE - PHI ,0.80,D. Baldwin WR - SEA ,10.00,W. Lutz K - NO ,16.00,Vikings DEF ,8.00,L. Blount RB - PHI ,5.70,M. Jones WR - DET ,14.50,D. Johnson RB - CLE ,12.60,M. Mariota QB - TEN ,14.74,J. Ajayi RB - PHI ,10.10,Saints DEF ,1.00,,,95.26,Benni,110.60
2017,11,Simi,2,R. Wilson QB - SEA ,30.92,M. Ingram RB - NO ,21.50,J. Howard RB - CHI ,18.50,A. Brown WR - PIT ,32.40,D. Hopkins WR - HOU ,13.60,J. Cook TE - LV ,3.60,K. Hunt RB - KC ,7.70,J. Elliott K - PHI ,1.00,Seahawks DEF ,2.00,D. Bryant WR - DAL ,6.30,K. Rudolph TE - MIN ,5.80,P. Richardson WR - SEA ,5.60,I. Crowell RB - CLE ,1.80,M. Bryant K - ATL ,10.00,Eagles DEF ,22.00,,,131.22,Erik,114.62
2017,11,Tommy,7,D. Prescott QB - DAL ,-1.20,C. Thompson RB - WAS ,9.30,T. Gurley RB - LA ,11.60,M. Evans WR - TB ,9.20,M. Lee WR - JAX ,4.50,R. Gronkowski TE - NE ,3.70,T. Coleman RB - ATL ,11.80,G. Zuerlein K - LA ,1.00,Cardinals DEF ,4.00,D. Jackson WR - TB ,8.80,D. Amendola WR - NE ,12.60,A. Peterson RB - ARI ,3.90,O. Beckham WR - NYG ,0.00,D. Carr QB - LV ,13.48,N. Agholor WR - PHI ,-0.20,,,53.90,Ritz,119.80
2017,11,Juschka,8,A. Smith QB - KC ,7.90,M. Lynch RB - LV ,7.70,M. Gordon RB - LAC ,14.00,G. Tate WR - DET ,3.20,K. Benjamin WR - BUF ,2.00,C. Brate TE - TB ,1.20,J. Smith-Schuster WR - PIT ,4.70,R. Succop K - TEN ,5.00,Rams DEF ,0.00,M. Ryan QB - ATL ,17.00,D. Thomas WR - DEN ,12.40,D. Adams WR - GB ,12.60,D. Freeman RB - ATL ,0.00,J. McKinnon RB - MIN ,6.00,K. Forbath K - MIN ,6.00,,,45.70,Kessi,99.98
2017,11,Kessi,6,K. Cousins QB - WAS ,25.98,D. Murray RB - TEN ,4.70,L. Murray RB - MIN ,21.60,J. Jones WR - ATL ,7.10,T. Hill WR - KC ,8.40,J. Graham TE - SEA ,13.80,K. Drake RB - MIA ,1.40,J. Tucker K - BAL ,11.00,Chiefs DEF ,6.00,M. Stafford QB - DET ,18.26,L. Fitzgerald WR - ARI ,15.10,D. Williams RB - MIA ,10.20,J. Allen RB - BAL ,1.70,T. Cohen RB - CHI ,11.90,A. Ekeler RB - LAC ,11.80,,,99.98,Juschka,45.70
2017,12,Benni,3,B. Roethlisberger QB - PIT ,30.54,L. Fournette RB - JAX ,4.20,C. McCaffrey RB - CAR ,9.70,B. Cooks WR - NE ,15.40,R. Anderson WR - NYJ ,26.60,D. Walker TE - TEN ,12.30,D. Lewis RB - NE ,11.30,H. Butker K - KC ,4.00,Jaguars DEF ,11.00,D. Woodhead RB - BAL ,4.50,D. Brees QB - NO ,14.34,C. Hogan WR - NE ,0.00,J. Gordon WR - CLE ,0.00,D. Parker WR - MIA ,0.50,S. Shepard WR - NYG ,0.00,,,125.04,Ritz,80.68
2017,12,Erik,6,C. Wentz QB - PHI ,23.98,A. Morris RB - DAL ,4.90,L. Bell RB - PIT ,16.30,A. Jeffery WR - PHI ,11.20,S. Diggs WR - MIN ,7.50,T. Kelce TE - KC ,3.90,D. Funchess WR - CAR ,10.80,S. Gostkowski K - NE ,5.00,Ravens DEF ,9.00,C. Newton QB - CAR ,17.52,O. Darkwa RB - NYG ,3.90,A. Cooper WR - LV ,6.90,E. Elliott RB - DAL ,0.00,A. Collins RB - BAL ,11.70,E. Engram TE - NYG ,1.80,,,92.58,Kessi,113.48
2017,12,Ritz,1,T. Brady QB - NE ,20.68,L. McCoy RB - BUF ,7.90,C. Hyde RB - SF ,6.80,A. Green WR - CIN ,6.60,T. Hilton WR - IND ,1.50,V. Davis TE - WAS ,0.00,K. Allen WR - LAC ,23.20,M. Prater K - DET ,13.00,Lions DEF ,1.00,M. Crabtree WR - LV ,0.00,G. Olsen TE - CAR ,1.00,F. Gore RB - IND ,13.90,L. Miller RB - HOU ,11.80,C. Anderson RB - DEN ,1.20,J. Landry WR - MIA ,7.00,,,80.68,Benni,125.04
2017,12,Marv,4,M. Mariota QB - TEN ,7.76,A. Kamara RB - NO ,30.80,S. Perine RB - WAS ,13.00,A. Thielen WR - MIN ,8.90,M. Thomas WR - NO ,5.20,Z. Ertz TE - PHI ,16.30,D. Baldwin WR - SEA ,2.00,W. Lutz K - NO ,10.00,Vikings DEF ,7.00,P. Rivers QB - LAC ,28.86,M. Jones WR - DET ,22.90,D. Johnson RB - CLE ,6.70,J. Ajayi RB - PHI ,3.30,J. Mixon RB - CIN ,22.50,Saints DEF ,6.00,,,100.96,Simi,114.22
2017,12,Simi,2,R. Wilson QB - SEA ,23.62,M. Ingram RB - NO ,3.60,K. Hunt RB - KC ,2.60,A. Brown WR - PIT ,30.90,D. Hopkins WR - HOU ,12.50,K. Rudolph TE - MIN ,18.30,D. Bryant WR - DAL ,3.70,M. Bryant K - ATL ,10.00,Seahawks DEF ,9.00,P. Richardson WR - SEA ,7.00,I. Crowell RB - CLE ,10.50,J. Howard RB - CHI ,1.90,J. Elliott K - PHI ,7.00,Eagles DEF ,13.00,-,-,,,114.22,Marv,100.96
2017,12,Tommy,7,D. Prescott QB - DAL ,3.16,T. Coleman RB - ATL ,21.70,T. Gurley RB - LA ,12.80,M. Evans WR - TB ,7.80,N. Agholor WR - PHI ,15.20,R. Gronkowski TE - NE ,20.20,A. Peterson RB - ARI ,9.90,G. Zuerlein K - LA ,16.00,Steelers DEF ,3.00,D. Jackson WR - TB ,6.00,R. Matthews WR - TEN ,0.00,M. Lee WR - JAX ,1.30,D. Carr QB - LV ,15.82,-,-,-,-,,,109.76,Juschka,73.46
2017,12,Juschka,8,A. Smith QB - KC ,13.46,M. Lynch RB - LV ,17.00,M. Gordon RB - LAC ,8.80,G. Tate WR - DET ,2.00,D. Adams WR - GB ,14.20,C. Brate TE - TB ,0.60,J. McKinnon RB - MIN ,5.40,R. Succop K - TEN ,8.00,Rams DEF ,4.00,M. Ryan QB - ATL ,16.78,D. Thomas WR - DEN ,1.80,K. Benjamin WR - BUF ,0.00,D. Freeman RB - ATL ,0.00,J. Smith-Schuster WR - PIT ,0.00,K. Forbath K - MIN ,6.00,,,73.46,Tommy,109.76
2017,12,Kessi,5,K. Cousins QB - WAS ,16.08,D. Murray RB - TEN ,10.20,L. Murray RB - MIN ,14.40,J. Jones WR - ATL ,38.80,T. Hill WR - KC ,5.40,J. Graham TE - SEA ,9.40,L. Fitzgerald WR - ARI ,3.20,J. Tucker K - BAL ,13.00,Chiefs DEF ,3.00,M. Stafford QB - DET ,14.00,D. Martin RB - TB ,3.30,D. Williams RB - MIA ,5.20,K. Drake RB - MIA ,8.70,T. Cohen RB - CHI ,-0.30,A. Ekeler RB - LAC ,7.00,,,113.48,Erik,92.58
2017,13,Benni,3,J. Goff QB - LA ,15.00,D. Lewis RB - NE ,9.20,L. Fournette RB - JAX ,13.90,B. Cooks WR - NE ,2.20,R. Anderson WR - NYJ ,11.40,D. Walker TE - TEN ,12.30,J. Gordon WR - CLE ,8.50,C. Boswell K - PIT ,11.00,Jaguars DEF ,12.00,D. Brees QB - NO ,14.46,A. Rodgers QB - GB ,0.00,C. Hogan WR - NE ,0.00,R. Burkhead RB - NE ,22.30,S. Shepard WR - NYG ,5.60,C. McCaffrey RB - CAR ,10.90,,,95.50,Juschka,125.44
2017,13,Erik,5,C. Wentz QB - PHI ,16.92,L. Bell RB - PIT ,24.20,A. Collins RB - BAL ,21.80,A. Jeffery WR - PHI ,6.10,D. Funchess WR - CAR ,12.00,T. Kelce TE - KC ,21.40,O. Darkwa RB - NYG ,9.10,S. Gostkowski K - NE ,13.00,Ravens DEF ,16.00,C. Newton QB - CAR ,20.42,A. Morris RB - DAL ,18.70,A. Cooper WR - LV ,0.00,S. Diggs WR - MIN ,3.70,E. Elliott RB - DAL ,0.00,E. Engram TE - NYG ,15.90,,,140.52,Tommy,110.98
2017,13,Ritz,2,T. Brady QB - NE ,8.32,L. McCoy RB - BUF ,10.20,C. Hyde RB - SF ,6.60,A. Green WR - CIN ,19.70,K. Allen WR - LAC ,16.50,H. Henry TE - LAC ,8.10,L. Miller RB - HOU ,9.40,M. Prater K - DET ,2.00,Chargers DEF ,11.00,M. Crabtree WR - LV ,0.00,G. Olsen TE - CAR ,0.00,F. Gore RB - IND ,6.10,T. Hilton WR - IND ,11.10,J. Landry WR - MIA ,6.20,Lions DEF ,-4.00,,,91.82,Simi,105.68
2017,13,Marv,4,P. Rivers QB - LAC ,17.56,A. Kamara RB - NO ,24.60,S. Perine RB - WAS ,6.90,A. Thielen WR - MIN ,5.10,M. Thomas WR - NO ,13.00,Z. Ertz TE - PHI ,2.40,J. Mixon RB - CIN ,4.20,W. Lutz K - NO ,7.00,Vikings DEF ,4.00,D. Baldwin WR - SEA ,8.40,M. Jones WR - DET ,9.00,D. Johnson RB - CLE ,1.20,M. Mariota QB - TEN ,18.30,J. Ajayi RB - PHI ,4.60,Saints DEF ,4.00,,,84.76,Kessi,111.74
2017,13,Simi,1,R. Wilson QB - SEA ,24.18,M. Ingram RB - NO ,18.20,K. Hunt RB - KC ,6.30,A. Brown WR - PIT ,16.10,D. Hopkins WR - HOU ,8.00,K. Rudolph TE - MIN ,9.60,J. Howard RB - CHI ,3.30,M. Bryant K - ATL ,9.00,Seahawks DEF ,11.00,D. Bryant WR - DAL ,12.10,P. Richardson WR - SEA ,0.80,I. Crowell RB - CLE ,4.40,J. Crowder WR - WAS ,4.70,J. Elliott K - PHI ,4.00,Eagles DEF ,2.00,,,105.68,Ritz,91.82
2017,13,Tommy,7,D. Prescott QB - DAL ,14.88,T. Coleman RB - ATL ,4.90,T. Gurley RB - LA ,15.80,M. Evans WR - TB ,3.30,N. Agholor WR - PHI ,20.10,R. Gronkowski TE - NE ,14.70,J. Williams RB - GB ,18.30,G. Zuerlein K - LA ,16.00,Steelers DEF ,3.00,D. Jackson WR - TB ,2.40,A. Peterson RB - ARI ,0.00,R. Matthews WR - TEN ,0.00,S. Watkins WR - LA ,9.80,M. Lee WR - JAX ,14.60,J. Garoppolo QB - SF ,10.52,,,110.98,Erik,140.52
2017,13,Juschka,8,A. Smith QB - KC ,37.64,D. Freeman RB - ATL ,8.10,M. Gordon RB - LAC ,10.60,G. Tate WR - DET ,6.90,D. Adams WR - GB ,4.20,C. Brate TE - TB ,15.90,M. Lynch RB - LV ,18.10,R. Succop K - TEN ,6.00,Rams DEF ,18.00,M. Ryan QB - ATL ,7.02,D. Thomas WR - DEN ,2.70,K. Benjamin WR - BUF ,0.00,J. McKinnon RB - MIN ,11.20,J. Smith-Schuster WR - PIT ,1.70,K. Forbath K - MIN ,2.00,,,125.44,Benni,95.50
2017,13,Kessi,6,K. Cousins QB - WAS ,12.64,L. Murray RB - MIN ,9.70,K. Drake RB - MIA ,20.10,J. Jones WR - ATL ,2.40,T. Hill WR - KC ,30.50,J. Graham TE - SEA ,8.60,L. Fitzgerald WR - ARI ,15.80,J. Tucker K - BAL ,16.00,Chiefs DEF ,-4.00,M. Stafford QB - DET ,11.88,D. Murray RB - TEN ,7.90,D. Martin RB - TB ,0.00,D. Williams RB - MIA ,0.00,T. Cohen RB - CHI ,4.40,A. Ekeler RB - LAC ,4.00,,,111.74,Marv,84.76
2017,14,Benni,4,D. Brees QB - NO ,17.04,R. Burkhead RB - NE ,11.30,L. Fournette RB - JAX ,17.90,J. Gordon WR - CLE ,12.90,B. Cooks WR - NE ,3.80,D. Walker TE - TEN ,4.20,D. Lewis RB - NE ,6.70,T. Coons K ,12.00,Jaguars DEF ,8.00,J. Nelson WR - GB ,3.30,B. Roethlisberger QB - PIT ,28.74,A. Rodgers QB - GB ,0.00,S. Shepard WR - NYG ,0.70,R. Anderson WR - NYJ ,2.70,C. McCaffrey RB - CAR ,5.30,,,93.84,Tommy,93.58
2017,14,Erik,3,C. Wentz QB - PHI ,27.24,A. Morris RB - DAL ,8.50,L. Bell RB - PIT ,30.50,A. Jeffery WR - PHI ,11.20,S. Diggs WR - MIN ,6.40,T. Kelce TE - KC ,7.40,P. Barber RB - TB ,6.30,S. Gostkowski K - NE ,8.00,Ravens DEF ,-1.00,C. Newton QB - CAR ,14.48,D. Funchess WR - CAR ,11.90,A. Cooper WR - LV ,0.00,E. Elliott RB - DAL ,0.00,A. Collins RB - BAL ,22.60,E. Engram TE - NYG ,5.40,,,104.54,Ritz,91.22
2017,14,Ritz,2,T. Brady QB - NE ,9.32,L. McCoy RB - BUF ,21.60,L. Miller RB - HOU ,6.00,A. Green WR - CIN ,4.40,K. Allen WR - LAC ,11.10,H. Henry TE - LAC ,11.00,C. Hyde RB - SF ,13.80,M. Prater K - DET ,6.00,Chargers DEF ,8.00,M. Crabtree WR - LV ,8.00,G. Olsen TE - CAR ,0.00,F. Gore RB - IND ,14.00,T. Hilton WR - IND ,2.00,J. Landry WR - MIA ,16.60,Lions DEF ,13.00,,,91.22,Erik,104.54
2017,14,Marv,5,P. Rivers QB - LAC ,20.76,A. Kamara RB - NO ,2.70,S. Perine RB - WAS ,5.20,A. Thielen WR - MIN ,16.50,M. Thomas WR - NO ,17.70,J. Witten TE - DAL ,8.00,D. Baldwin WR - SEA ,13.80,W. Lutz K - NO ,5.00,Vikings DEF ,3.00,M. Jones WR - DET ,6.40,Z. Ertz TE - PHI ,0.00,D. Johnson RB - CLE ,10.90,M. Mariota QB - TEN ,3.46,J. Mixon RB - CIN ,0.00,Saints DEF ,8.00,,,92.66,Juschka,95.92
2017,14,Simi,1,R. Wilson QB - SEA ,21.84,M. Ingram RB - NO ,9.20,K. Hunt RB - KC ,19.80,A. Brown WR - PIT ,21.30,D. Hopkins WR - HOU ,24.90,K. Rudolph TE - MIN ,10.10,J. Howard RB - CHI ,27.50,M. Bryant K - ATL ,10.00,Seahawks DEF ,1.00,D. Bryant WR - DAL ,13.30,P. Richardson WR - SEA ,13.20,I. Crowell RB - CLE ,13.10,J. Crowder WR - WAS ,3.40,D. Henry RB - TEN ,8.00,Eagles DEF ,8.00,,,145.64,Kessi,61.84
2017,14,Tommy,7,D. Prescott QB - DAL ,26.58,T. Coleman RB - ATL ,3.20,T. Gurley RB - LA ,25.50,M. Evans WR - TB ,2.50,N. Agholor WR - PHI ,6.40,S. Anderson TE - HOU ,1.60,J. Williams RB - GB ,23.80,G. Zuerlein K - LA ,5.00,Steelers DEF ,-1.00,D. Jackson WR - TB ,6.40,R. Gronkowski TE - NE ,0.00,A. Peterson RB - ARI ,0.00,S. Watkins WR - LA ,8.10,M. Lee WR - JAX ,6.50,J. Garoppolo QB - SF ,15.06,,,93.58,Benni,93.84
2017,14,Juschka,8,A. Smith QB - KC ,11.12,D. Freeman RB - ATL ,15.10,M. Gordon RB - LAC ,14.30,G. Tate WR - DET ,14.50,D. Adams WR - GB ,20.40,C. Brate TE - TB ,1.10,M. Lynch RB - LV ,12.40,R. Succop K - TEN ,1.00,Rams DEF ,6.00,M. Ryan QB - ATL ,6.84,D. Thomas WR - DEN ,15.30,K. Benjamin WR - BUF ,9.80,J. McKinnon RB - MIN ,5.50,J. Smith-Schuster WR - PIT ,0.00,K. Forbath K - MIN ,10.00,,,95.92,Marv,92.66
2017,14,Kessi,6,K. Cousins QB - WAS ,8.84,L. Murray RB - MIN ,2.00,K. Drake RB - MIA ,19.30,J. Jones WR - ATL ,9.80,T. Hill WR - KC ,7.50,J. Graham TE - SEA ,0.00,L. Fitzgerald WR - ARI ,4.40,J. Tucker K - BAL ,8.00,Patriots DEF ,2.00,M. Stafford QB - DET ,15.24,D. Murray RB - TEN ,4.70,D. Martin RB - TB ,9.00,T. Cohen RB - CHI ,8.50,A. Ekeler RB - LAC ,4.90,Chiefs DEF ,10.00,,,61.84,Simi,145.64
2017,15,Benni,4,A. Rodgers QB - GB ,21.90,C. Ivory RB - JAX ,4.20,J. Ajayi RB - PHI ,8.90,J. Nelson WR - GB ,2.80,J. Gordon WR - CLE ,4.70,D. Walker TE - TEN ,7.70,M. Davis RB - SEA ,3.90,C. Boswell K - PIT ,8.00,Jaguars DEF ,10.00,D. Lewis RB - NE ,14.00,D. Brees QB - NO ,17.14,B. Roethlisberger QB - PIT ,18.24,R. Burkhead RB - NE ,7.70,B. Cooks WR - NE ,12.00,L. Fournette RB - JAX ,0.00,,,72.10,Simi,101.18
2017,15,Erik,3,C. Newton QB - CAR ,31.48,L. Bell RB - PIT ,22.50,A. Collins RB - BAL ,5.20,A. Jeffery WR - PHI ,10.90,D. Funchess WR - CAR ,1.90,T. Kelce TE - KC ,4.60,A. Morris RB - DAL ,6.10,S. Gostkowski K - NE ,7.00,Ravens DEF ,20.00,M. Sanu WR - ATL ,2.60,G. Bernard RB - CIN ,10.30,R. Woods WR - LA ,10.50,S. Diggs WR - MIN ,9.70,E. Elliott RB - DAL ,0.00,E. Engram TE - NYG ,10.10,,,109.68,Ritz,75.72
2017,15,Ritz,2,T. Brady QB - NE ,15.72,L. McCoy RB - BUF ,21.60,C. Hyde RB - SF ,3.90,A. Green WR - CIN ,3.00,K. Allen WR - LAC ,5.40,H. Henry TE - LAC ,2.80,L. Miller RB - HOU ,3.30,M. Prater K - DET ,8.00,Lions DEF ,12.00,M. Crabtree WR - LV ,15.90,G. Olsen TE - CAR ,17.60,F. Gore RB - IND ,6.80,T. Hilton WR - IND ,4.10,J. Landry WR - MIA ,9.90,Chargers DEF ,0.00,,,75.72,Erik,109.68
2017,15,Marv,5,P. Rivers QB - LAC ,7.08,A. Kamara RB - NO ,14.90,S. Perine RB - WAS ,6.60,A. Thielen WR - MIN ,3.00,M. Thomas WR - NO ,15.30,Z. Ertz TE - PHI ,11.60,D. Baldwin WR - SEA ,0.60,W. Lutz K - NO ,7.00,Saints DEF ,6.00,J. Witten TE - DAL ,4.70,M. Jones WR - DET ,8.50,D. Johnson RB - CLE ,10.30,M. Mariota QB - TEN ,18.04,J. Mixon RB - CIN ,0.00,Vikings DEF ,17.00,,,72.08,Juschka,124.94
2017,15,Simi,1,R. Wilson QB - SEA ,11.58,M. Ingram RB - NO ,27.10,K. Hunt RB - KC ,32.60,D. Bryant WR - DAL ,5.50,A. Brown WR - PIT ,2.40,K. Rudolph TE - MIN ,7.70,J. Howard RB - CHI ,6.30,M. Bryant K - ATL ,8.00,Seahawks DEF ,0.00,D. Hopkins WR - HOU ,14.00,P. Richardson WR - SEA ,1.80,I. Crowell RB - CLE ,6.50,D. Henry RB - TEN ,2.80,Eagles DEF ,2.00,-,-,,,101.18,Benni,72.10
2017,15,Tommy,7,D. Prescott QB - DAL ,13.68,T. Gurley RB - LA ,42.00,J. Williams RB - GB ,3.00,M. Evans WR - TB ,13.90,N. Agholor WR - PHI ,11.90,R. Gronkowski TE - NE ,18.80,C. Kupp WR - LA ,2.10,G. Zuerlein K - LA ,10.00,Steelers DEF ,4.00,D. Jackson WR - TB ,1.80,S. Watkins WR - LA ,1.40,M. Lee WR - JAX ,0.00,J. Garoppolo QB - SF ,18.64,T. Coleman RB - ATL ,0.00,S. Anderson TE - HOU ,0.00,,,119.38,Kessi,77.64
2017,15,Juschka,8,A. Smith QB - KC ,18.54,D. Freeman RB - ATL ,25.40,M. Gordon RB - LAC ,22.90,G. Tate WR - DET ,3.30,D. Adams WR - GB ,11.70,C. Brate TE - TB ,4.90,M. Lynch RB - LV ,9.20,K. Forbath K - MIN ,12.00,Rams DEF ,17.00,M. Ryan QB - ATL ,15.38,D. Thomas WR - DEN ,6.90,K. Benjamin WR - BUF ,2.00,J. McKinnon RB - MIN ,13.80,J. Smith-Schuster WR - PIT ,11.40,R. Succop K - TEN ,13.00,,,124.94,Marv,72.08
2017,15,Kessi,6,K. Cousins QB - WAS ,15.84,D. Murray RB - TEN ,6.30,L. Murray RB - MIN ,16.40,J. Jones WR - ATL ,5.40,T. Hill WR - KC ,14.80,J. Graham TE - SEA ,-0.10,L. Fitzgerald WR - ARI ,6.00,J. Tucker K - BAL ,9.00,Patriots DEF ,4.00,M. Stafford QB - DET ,17.38,D. Martin RB - TB ,0.00,K. Drake RB - MIA ,17.30,T. Cohen RB - CHI ,1.70,A. Ekeler RB - LAC ,-0.10,Chiefs DEF ,14.00,,,77.64,Tommy,119.38
2017,16,Benni,4,B. Roethlisberger QB - PIT ,16.94,D. Lewis RB - NE ,27.30,L. Fournette RB - JAX ,13.00,J. Gordon WR - CLE ,1.90,M. Bryant WR - PIT ,6.80,D. Walker TE - TEN ,3.30,C. McCaffrey RB - CAR ,5.80,C. Boswell K - PIT ,10.00,Jaguars DEF ,-1.00,D. Brees QB - NO ,11.16,C. Anderson RB - DEN ,21.30,B. Cooks WR - NE ,2.50,J. Ajayi RB - PHI ,11.30,S. Shepard WR - NYG ,4.50,K. Cole WR - JAX ,10.80,-,-,84.04,Ritz,79.76
2017,16,Erik,3,C. Newton QB - CAR ,15.60,E. Elliott RB - DAL ,11.80,A. Collins RB - BAL ,6.60,R. Woods WR - LA ,3.30,D. Funchess WR - CAR ,1.10,T. Kelce TE - KC ,10.70,L. Bell RB - PIT ,15.70,S. Gostkowski K - NE ,13.00,Ravens DEF ,3.00,A. Jeffery WR - PHI ,0.00,G. Bernard RB - CIN ,22.80,J. White RB - NE ,0.00,S. Diggs WR - MIN ,12.30,E. Engram TE - NYG ,1.20,R. Gould K - SF ,8.00,-,-,80.80,Simi,102.62
2017,16,Ritz,2,T. Brady QB - NE ,15.56,L. McCoy RB - BUF ,14.70,C. Hyde RB - SF ,13.30,K. Allen WR - LAC ,6.30,J. Landry WR - MIA ,3.10,G. Olsen TE - CAR ,2.70,A. Green WR - CIN ,8.10,S. Ficken K - LA ,3.00,Chargers DEF ,13.00,M. Crabtree WR - LV ,0.00,F. Gore RB - IND ,14.60,T. Hilton WR - IND ,10.00,L. Miller RB - HOU ,6.50,M. Prater K - DET ,5.00,Lions DEF ,5.00,-,-,79.76,Benni,84.04
2017,16,Marv,5,--empty--,-,--empty--,-,--empty--,-,--empty--,-,--empty--,-,--empty--,-,--empty--,-,W. Lutz K - NO ,11.00,--empty--,-,J. Witten TE - DAL ,3.90,P. Rivers QB - LAC ,15.60,D. Baldwin WR - SEA ,9.50,M. Jones WR - DET ,5.00,Z. Ertz TE - PHI ,8.10,A. Thielen WR - MIN ,2.40,D. Johnson RB - CLE ,10.10,11.00,Kessi,11.00
2017,16,Simi,1,R. Wilson QB - SEA ,14.62,M. Ingram RB - NO ,12.60,K. Hunt RB - KC ,16.60,D. Bryant WR - DAL ,2.30,D. Hopkins WR - HOU ,12.50,K. Rudolph TE - MIN ,0.60,J. Howard RB - CHI ,16.40,M. Bryant K - ATL ,7.00,Seahawks DEF ,20.00,J. Nelson WR - GB ,1.10,A. Brown WR - PIT ,0.00,P. Richardson WR - SEA ,2.10,I. Crowell RB - CLE ,4.30,D. Henry RB - TEN ,3.10,Eagles DEF ,21.00,-,-,102.62,Erik,80.80
2017,16,Tommy,7,J. Garoppolo QB - SF ,21.98,T. Gurley RB - LA ,39.60,J. Williams RB - GB ,5.80,M. Evans WR - TB ,10.70,N. Agholor WR - PHI ,3.50,R. Gronkowski TE - NE ,12.70,C. Kupp WR - LA ,12.50,G. Zuerlein K - LA ,0.00,Steelers DEF ,18.00,D. Jackson WR - TB ,0.00,S. Watkins WR - LA ,9.00,M. Lee WR - JAX ,0.00,T. Coleman RB - ATL ,11.20,D. Prescott QB - DAL ,5.34,S. Anderson TE - HOU ,0.00,-,-,124.78,Juschka,77.26
2017,16,Juschka,8,A. Smith QB - KC ,17.46,D. Freeman RB - ATL ,3.60,M. Gordon RB - LAC ,18.80,G. Tate WR - DET ,1.40,J. Smith-Schuster WR - PIT ,13.50,C. Brate TE - TB ,1.30,M. Lynch RB - LV ,7.20,K. Forbath K - MIN ,10.00,Rams DEF ,4.00,M. Ryan QB - ATL ,14.22,D. Thomas WR - DEN ,5.20,K. Benjamin WR - BUF ,7.00,D. Adams WR - GB ,0.00,J. McKinnon RB - MIN ,5.10,R. Succop K - TEN ,11.00,-,-,77.26,Tommy,124.78
2017,16,Kessi,6,--empty--,-,--empty--,-,--empty--,-,--empty--,-,--empty--,-,--empty--,-,--empty--,-,J. Tucker K - BAL ,11.00,--empty--,-,M. Stafford QB - DET ,10.82,J. Graham TE - SEA ,6.30,D. Murray RB - TEN ,11.90,J. Jones WR - ATL ,14.90,L. Fitzgerald WR - ARI ,18.74,K. Cousins QB - WAS ,22.76,D. Martin RB - TB ,0.70,11.00,Marv,11.00
2018,1,Benni,6,A. Rodgers QB - GB ,24.94,D. Johnson RB - ARI ,12.70,C. McCaffrey RB - CAR ,7.50,A. Thielen WR - MIN ,10.20,O. Beckham WR - NYG ,11.00,T. Burton TE - CHI ,1.50,J. Conner RB - PIT ,29.20,M. Prater K - DET ,5.00,Saints DEF ,-4.00,M. Ingram RB - NO ,0.00,M. Jones WR - DET ,5.40,J. Gordon WR - NE ,7.70,R. Burkhead RB - NE ,6.90,P. Barber RB - TB ,6.90,C. Carson RB - SEA ,5.90,,,98.04,Ritz,111.24
2018,1,Erik,5,R. Wilson QB - SEA ,20.42,E. Elliott RB - DAL ,14.60,J. Howard RB - CHI ,10.70,D. Thomas WR - HOU ,12.30,D. Hopkins WR - HOU ,7.10,T. Kelce TE - KC ,0.60,L. Miller RB - HOU ,10.90,J. Tucker K - BAL ,11.00,Jaguars DEF ,13.00,A. Jeffery WR - PHI ,0.00,R. Woods WR - LA ,4.30,C. Anderson RB - LA ,3.50,D. Funchess WR - CAR ,4.10,C. Meredith WR - NO ,0.00,M. Breida RB - SF ,5.10,,,100.62,Simi,106.76
2018,1,Ritz,3,D. Watson QB - HOU ,11.04,K. Hunt RB ,4.90,A. Kamara RB - NO ,34.10,M. Evans WR - TB ,20.70,D. Adams WR - GB ,14.80,Z. Ertz TE - PHI ,4.80,J. Mixon RB - CIN ,20.90,C. Boswell K - PIT ,3.00,Chargers DEF ,-3.00,P. Garcon WR - SF ,2.10,E. Sanders WR - DEN ,19.50,G. Tate WR - PHI ,13.90,A. Morris RB - SF ,1.80,C. Hyde RB - JAX ,12.50,I. Crowell RB - NYJ ,22.20,,,111.24,Benni,98.04
2018,1,Marv,8,A. Luck QB - IND ,19.46,D. Henry RB - TEN ,3.10,L. Fournette RB - JAX ,5.50,J. Jones WR - ATL ,18.00,K. Allen WR - LAC ,16.80,E. Engram TE - NYG ,1.80,A. Robinson WR - CHI ,6.10,W. Lutz K - NO ,6.00,Texans DEF ,8.00,J. Nelson WR - LV ,2.30,J. Hill RB - NE ,3.10,J. White RB - NE ,11.60,J. Garoppolo QB - SF ,9.04,C. Davis WR - TEN ,6.20,S. Michel RB - NE ,0.00,,,84.76,Juschka,149.16
2018,1,Simi,4,K. Cousins QB - MIN ,20.36,K. Drake RB - MIA ,6.60,D. Cook RB - MIN ,7.50,A. Green WR - CIN ,13.20,A. Brown WR - PIT ,15.30,J. Graham TE - GB ,0.80,D. Lewis RB - TEN ,17.00,M. Bryant K - ATL ,8.00,Vikings DEF ,18.00,M. Crabtree WR - BAL ,9.80,C. Newton QB - CAR ,18.24,J. Ajayi RB - PHI ,20.20,D. Booker RB - DEN ,1.50,S. Shepard WR - NYG ,4.80,R. Jones RB - TB ,0.00,,,106.76,Erik,100.62
2018,1,Tommy,2,T. Brady QB - NE ,21.28,D. Freeman RB - ATL ,5.00,T. Gurley RB - LA ,20.70,M. Thomas WR - NO ,22.00,J. Smith-Schuster WR - PIT ,11.90,D. Walker TE - TEN ,5.20,A. Collins RB - BAL ,5.90,D. Carlson K - LV ,6.00,Rams DEF ,17.00,C. Hogan WR - NE ,1.10,M. Goodwin WR - SF ,0.00,A. Cooper WR - DAL ,1.80,J. Ross WR - CIN ,6.30,M. Mack RB - IND ,0.00,J. Washington WR - PIT ,0.00,,,114.98,Kessi,96.42
2018,1,Juschka,1,D. Brees QB - NO ,31.56,M. Gordon RB - LAC ,18.60,S. Barkley RB - NYG ,18.80,D. Baldwin WR - SEA ,0.00,T. Hill WR - KC ,29.30,G. Olsen TE - CAR ,3.30,A. Peterson RB - WAS ,20.60,G. Zuerlein K - LA ,17.00,Eagles DEF ,10.00,J. Edelman WR - NE ,0.00,M. Lynch RB - LV ,10.90,L. Fitzgerald WR - ARI ,7.60,T. Coleman RB - ATL ,10.50,D. Johnson RB - CLE ,2.50,S. Diggs WR - MIN ,11.10,,,149.16,Marv,84.76
2018,1,Kessi,7,J. Goff QB - LA ,17.22,L. McCoy RB - BUF ,2.10,R. Penny RB - SEA ,4.30,T. Hilton WR - IND ,10.60,B. Cooks WR - LA ,9.30,R. Gronkowski TE - NE ,16.30,J. Landry WR - CLE ,10.60,S. Gostkowski K - NE ,9.00,Ravens DEF ,17.00,L. Bell RB - PIT ,0.00,J. Crowder WR - WAS ,3.20,C. Wentz QB - PHI ,0.00,R. Freeman RB - DEN ,7.10,D. Moore WR - CAR ,0.30,N. Chubb RB - CLE ,2.10,,,96.42,Tommy,114.98
2018,2,Benni,5,A. Rodgers QB - GB ,16.04,D. Johnson RB - ARI ,5.10,C. McCaffrey RB - CAR ,13.90,A. Thielen WR - MIN ,19.10,O. Beckham WR - NYG ,5.10,T. Burton TE - CHI ,8.20,J. Conner RB - PIT ,14.50,J. Elliott K - PHI ,3.00,Bears DEF ,17.00,M. Ingram RB - NO ,0.00,M. Jones WR - DET ,11.40,J. Gordon WR - NE ,0.00,R. Burkhead RB - NE ,2.20,P. Barber RB - TB ,2.90,C. Carson RB - SEA ,2.40,,,101.94,Kessi,79.56
2018,2,Erik,6,B. Roethlisberger QB - PIT ,38.98,L. Miller RB - HOU ,7.00,E. Elliott RB - DAL ,14.70,D. Thomas WR - HOU ,1.80,D. Hopkins WR - HOU ,17.00,T. Kelce TE - KC ,22.90,J. Howard RB - CHI ,6.80,J. Tucker K - BAL ,7.00,Jaguars DEF ,5.00,R. Wilson QB - SEA ,14.74,A. Jeffery WR - PHI ,0.00,R. Woods WR - LA ,8.10,D. Funchess WR - CAR ,7.70,G. Allison WR - GB ,6.40,P. Lindsay RB - DEN ,11.10,,,121.18,Tommy,136.74
2018,2,Ritz,3,D. Watson QB - HOU ,22.80,J. Mixon RB - CIN ,8.70,A. Kamara RB - NO ,11.90,M. Evans WR - TB ,12.30,D. Adams WR - GB ,12.40,Z. Ertz TE - PHI ,9.40,K. Hunt RB ,14.00,R. Gould K - SF ,12.00,Chargers DEF ,10.00,E. Sanders WR - DEN ,9.60,G. Tate WR - PHI ,11.80,C. Thompson RB - WAS ,9.30,J. Reed TE - WAS ,3.50,C. Hyde RB - JAX ,11.00,I. Crowell RB - NYJ ,3.90,,,113.50,Marv,74.06
2018,2,Marv,8,J. Garoppolo QB - SF ,16.64,J. White RB - NE ,8.40,D. Henry RB - TEN ,5.92,J. Jones WR - ATL ,6.40,K. Allen WR - LAC ,6.70,E. Engram TE - NYG ,12.70,A. Robinson WR - CHI ,8.30,W. Lutz K - NO ,7.00,Texans DEF ,2.00,J. Nelson WR - LV ,3.00,A. Luck QB - IND ,11.36,J. Allen RB - BAL ,10.40,C. Davis WR - TEN ,5.50,L. Fournette RB - JAX ,0.00,S. Michel RB - NE ,4.10,,,74.06,Ritz,113.50
2018,2,Simi,4,C. Newton QB - CAR ,27.60,J. Ajayi RB - PHI ,8.70,D. Cook RB - MIN ,9.00,A. Green WR - CIN ,24.90,A. Brown WR - PIT ,6.70,J. Graham TE - GB ,9.50,K. Drake RB - MIA ,13.00,M. Bryant K - ATL ,7.00,Vikings DEF ,3.00,M. Crabtree WR - BAL ,5.60,D. Lewis RB - TEN ,4.30,K. Cousins QB - MIN ,33.50,S. Shepard WR - NYG ,2.40,R. Jones RB - TB ,0.00,W. Dissly TE - SEA ,10.20,,,109.40,Juschka,110.82
2018,2,Tommy,2,P. Mahomes QB - KC ,38.84,T. Yeldon RB - JAX ,7.10,T. Gurley RB - LA ,29.30,M. Thomas WR - NO ,18.90,J. Smith-Schuster WR - PIT ,18.10,G. Kittle TE - SF ,2.20,C. Kupp WR - LA ,6.30,D. Carlson K - LV ,3.00,Rams DEF ,13.00,T. Brady QB - NE ,16.36,C. Hogan WR - NE ,16.20,M. Goodwin WR - SF ,0.00,D. Freeman RB - ATL ,0.00,A. Cooper WR - DAL ,11.60,A. Collins RB - BAL ,9.00,,,136.74,Erik,121.18
2018,2,Juschka,1,D. Brees QB - NO ,17.62,M. Gordon RB - LAC ,24.60,S. Barkley RB - NYG ,10.80,S. Diggs WR - MIN ,26.90,T. Hill WR - KC ,15.00,J. Cook TE - LV ,4.90,A. Peterson RB - WAS ,5.00,G. Zuerlein K - LA ,0.00,Eagles DEF ,6.00,J. Edelman WR - NE ,0.00,M. Lynch RB - LV ,12.80,G. Olsen TE - CAR ,0.00,L. Fitzgerald WR - ARI ,2.80,T. Coleman RB - ATL ,12.50,D. Johnson RB - CLE ,1.00,,,110.82,Simi,109.40
2018,2,Kessi,7,J. Goff QB - LA ,18.36,L. McCoy RB - BUF ,6.80,R. Freeman RB - DEN ,8.80,T. Hilton WR - IND ,14.30,B. Cooks WR - LA ,15.90,R. Gronkowski TE - NE ,1.50,J. Landry WR - CLE ,6.90,S. Gostkowski K - NE ,8.00,Ravens DEF ,-1.00,L. Bell RB - PIT ,0.00,K. Stills WR - MIA ,1.70,J. Crowder WR - WAS ,3.70,C. Wentz QB - PHI ,0.00,R. Penny RB - SEA ,3.00,N. Chubb RB - CLE ,1.40,,,79.56,Benni,101.94
2018,3,Benni,4,A. Rodgers QB - GB ,19.90,D. Johnson RB - ARI ,12.10,C. McCaffrey RB - CAR ,19.40,A. Thielen WR - MIN ,10.50,O. Beckham WR - NYG ,10.90,T. Burton TE - CHI ,5.50,J. Conner RB - PIT ,9.50,J. Elliott K - PHI ,8.00,Bears DEF ,13.00,M. Ingram RB - NO ,0.00,M. Jones WR - DET ,12.90,J. Gordon WR - NE ,0.00,R. Burkhead RB - NE ,2.60,N. Agholor WR - PHI ,2.40,P. Barber RB - TB ,3.30,,,108.80,Marv,76.04
2018,3,Erik,6,B. Roethlisberger QB - PIT ,24.02,L. Miller RB - HOU ,9.10,E. Elliott RB - DAL ,11.80,D. Hopkins WR - HOU ,8.60,K. Cole WR - JAX ,4.00,T. Kelce TE - KC ,11.40,J. Howard RB - CHI ,14.10,J. Tucker K - BAL ,13.00,Jaguars DEF ,7.00,D. Thomas WR - HOU ,6.30,R. Wilson QB - SEA ,15.58,A. Jeffery WR - PHI ,0.00,D. Funchess WR - CAR ,12.70,A. Jones RB - GB ,4.70,P. Lindsay RB - DEN ,2.00,,,103.02,Juschka,115.04
2018,3,Ritz,2,D. Watson QB - HOU ,25.00,C. Hyde RB - JAX ,22.30,A. Kamara RB - NO ,19.00,M. Evans WR - TB ,19.70,D. Adams WR - GB ,11.20,Z. Ertz TE - PHI ,7.30,K. Hunt RB ,16.40,R. Gould K - SF ,7.00,Browns DEF ,9.00,D. Jackson WR - TB ,3.70,E. Sanders WR - DEN ,13.30,G. Tate WR - PHI ,6.90,C. Thompson RB - WAS ,1.70,J. Reed TE - WAS ,6.50,J. Mixon RB - CIN ,0.00,,,136.90,Kessi,79.26
2018,3,Marv,8,J. Garoppolo QB - SF ,22.34,L. Fournette RB - JAX ,0.00,M. Breida RB - SF ,11.70,J. Jones WR - ATL ,9.60,K. Allen WR - LAC ,2.40,E. Engram TE - NYG ,1.90,J. White RB - NE ,11.10,W. Lutz K - NO ,13.00,Texans DEF ,4.00,A. Luck QB - IND ,13.86,A. Robinson WR - CHI ,5.00,J. Allen RB - BAL ,14.60,D. Henry RB - TEN ,5.70,C. Davis WR - TEN ,3.40,S. Michel RB - NE ,4.90,,,76.04,Benni,108.80
2018,3,Simi,5,K. Cousins QB - MIN ,10.04,L. Murray RB - MIN ,3.10,K. Drake RB - MIA ,1.00,A. Green WR - CIN ,5.80,A. Brown WR - PIT ,11.00,W. Dissly TE - SEA ,0.40,M. Crabtree WR - BAL ,6.10,M. Bryant K - ATL ,3.00,Vikings DEF ,3.00,J. Graham TE - GB ,4.50,C. Newton QB - CAR ,29.60,D. Lewis RB - TEN ,4.00,J. Ajayi RB - PHI ,0.00,S. Shepard WR - NYG ,14.00,D. Cook RB - MIN ,0.00,,,43.44,Tommy,97.76
2018,3,Tommy,3,P. Mahomes QB - KC ,25.26,T. Gurley RB - LA ,19.60,C. Clement RB - PHI ,7.50,M. Thomas WR - NO ,12.90,J. Smith-Schuster WR - PIT ,11.60,O. Howard TE - TB ,7.20,A. Cooper WR - DAL ,1.70,D. Bailey K - MIN ,0.00,Rams DEF ,12.00,T. Brady QB - NE ,7.52,C. Hogan WR - NE ,3.10,D. Freeman RB - ATL ,0.00,T. Yeldon RB - JAX ,9.00,A. Collins RB - BAL ,13.40,C. Kupp WR - LA ,12.80,,,97.76,Simi,43.44
2018,3,Juschka,1,D. Brees QB - NO ,40.54,M. Gordon RB - LAC ,14.40,S. Barkley RB - NYG ,17.70,S. Diggs WR - MIN ,1.70,T. Hill WR - KC ,5.60,J. Cook TE - LV ,3.10,A. Peterson RB - WAS ,24.00,M. Crosby K - GB ,5.00,Eagles DEF ,3.00,J. Edelman WR - NE ,0.00,M. Lynch RB - LV ,14.60,L. Fitzgerald WR - ARI ,0.90,R. Fitzpatrick QB - TB ,25.14,T. Coleman RB - ATL ,10.70,G. Zuerlein K - LA ,0.00,,,115.04,Erik,103.02
2018,3,Kessi,7,J. Goff QB - LA ,25.56,R. Freeman RB - DEN ,11.80,R. Penny RB - SEA ,0.50,T. Hilton WR - IND ,5.00,B. Cooks WR - LA ,9.00,R. Gronkowski TE - NE ,5.10,J. Landry WR - CLE ,12.30,S. Gostkowski K - NE ,4.00,Ravens DEF ,6.00,L. McCoy RB - BUF ,0.00,L. Bell RB - PIT ,0.00,K. Stills WR - MIA ,12.10,J. Crowder WR - WAS ,10.50,C. Wentz QB - PHI ,11.20,N. Chubb RB - CLE ,0.60,,,79.26,Ritz,136.90
2018,4,Benni,2,A. Rodgers QB - GB ,15.02,D. Johnson RB - ARI ,15.20,J. Conner RB - PIT ,6.40,A. Thielen WR - MIN ,19.50,O. Beckham WR - NYG ,7.00,T. Burton TE - CHI ,14.60,G. Bernard RB - CIN ,21.60,J. Elliott K - PHI ,11.00,Bears DEF ,14.00,M. Ingram RB - NO ,0.00,M. Jones WR - DET ,5.60,J. Gordon WR - NE ,3.20,R. Woods WR - LA ,16.10,N. Agholor WR - PHI ,2.20,C. McCaffrey RB - CAR ,0.00,,,124.32,Tommy,92.46
2018,4,Erik,7,B. Roethlisberger QB - PIT ,14.86,E. Elliott RB - DAL ,30.00,J. Howard RB - CHI ,2.50,D. Hopkins WR - HOU ,22.90,T. Boyd WR - CIN ,10.00,T. Kelce TE - KC ,13.80,L. Miller RB - HOU ,4.90,J. Tucker K - BAL ,14.00,Jaguars DEF ,9.00,D. Baldwin WR - SEA ,4.10,R. Wilson QB - SEA ,8.98,A. Jeffery WR - PHI ,16.50,D. Funchess WR - CAR ,0.00,A. Jones RB - GB ,14.20,P. Lindsay RB - DEN ,13.90,,,121.96,Kessi,113.60
2018,4,Ritz,1,D. Watson QB - HOU ,31.10,K. Hunt RB ,23.50,A. Kamara RB - NO ,36.10,M. Evans WR - TB ,5.90,D. Adams WR - GB ,8.10,Z. Ertz TE - PHI ,11.20,E. Sanders WR - DEN ,6.30,R. Gould K - SF ,9.00,Browns DEF ,3.00,G. Tate WR - PHI ,25.20,C. Thompson RB - WAS ,0.00,J. Reed TE - WAS ,0.00,C. Hyde RB - JAX ,14.20,J. Mixon RB - CIN ,0.00,M. Williams WR - LAC ,1.50,,,134.20,Juschka,125.48
2018,4,Marv,5,P. Rivers QB - LAC ,21.70,J. White RB - NE ,23.20,L. Fournette RB - JAX ,3.50,J. Jones WR - ATL ,17.30,T. Lockett WR - SEA ,5.30,K. Rudolph TE - MIN ,5.70,M. Breida RB - SF ,7.10,W. Lutz K - NO ,15.00,Jets DEF ,7.00,K. Allen WR - LAC ,6.30,A. Robinson WR - CHI ,8.30,I. Crowell RB - NYJ ,0.30,J. Allen RB - BAL ,4.70,D. Henry RB - TEN ,3.10,S. Michel RB - NE ,17.20,,,105.80,Simi,100.66
2018,4,Simi,6,M. Ryan QB - ATL ,29.26,K. Drake RB - MIA ,1.60,D. Cook RB - MIN ,2.00,A. Green WR - CIN ,13.80,A. Brown WR - PIT ,12.20,J. Graham TE - GB ,8.10,S. Shepard WR - NYG ,15.70,M. Bryant K - ATL ,14.00,Seahawks DEF ,4.00,M. Crabtree WR - BAL ,2.90,C. Newton QB - CAR ,0.00,D. Lewis RB - TEN ,6.60,L. Murray RB - MIN ,3.80,J. Ajayi RB - PHI ,8.10,Vikings DEF ,-3.00,,,100.66,Marv,105.80
2018,4,Tommy,4,P. Mahomes QB - KC ,22.86,T. Gurley RB - LA ,21.60,A. Collins RB - BAL ,8.50,M. Thomas WR - NO ,4.70,J. Smith-Schuster WR - PIT ,6.00,O. Howard TE - TB ,0.00,J. Nelson WR - LV ,12.80,D. Bailey K - MIN ,11.00,Rams DEF ,5.00,T. Brady QB - NE ,18.96,C. Hogan WR - NE ,2.50,S. Watkins WR - KC ,0.00,D. Freeman RB - ATL ,0.00,T. Yeldon RB - JAX ,20.00,C. Kupp WR - LA ,28.20,,,92.46,Benni,124.32
2018,4,Juschka,3,D. Brees QB - NO ,8.58,M. Gordon RB - LAC ,23.90,S. Barkley RB - NYG ,16.00,T. Hill WR - KC ,5.60,C. Ridley WR - ATL ,17.50,J. Cook TE - LV ,23.00,W. Fuller WR - HOU ,10.90,M. Crosby K - GB ,14.00,Titans DEF ,6.00,M. Lynch RB - LV ,15.70,R. Fitzpatrick QB - TB ,3.04,A. Peterson RB - WAS ,0.00,T. Coleman RB - ATL ,7.70,S. Diggs WR - MIN ,12.30,G. Zuerlein K - LA ,0.00,,,125.48,Ritz,134.20
2018,4,Kessi,8,J. Goff QB - LA ,39.30,L. McCoy RB - BUF ,3.70,R. Freeman RB - DEN ,12.70,T. Hilton WR - IND ,11.50,B. Cooks WR - LA ,18.60,R. Gronkowski TE - NE ,4.40,J. Landry WR - CLE ,9.40,S. Gostkowski K - NE ,8.00,Ravens DEF ,6.00,L. Bell RB - PIT ,0.00,K. Stills WR - MIA ,4.00,J. Crowder WR - WAS ,0.00,C. Wentz QB - PHI ,20.72,C. Carson RB - SEA ,0.00,R. Penny RB - SEA ,4.90,,,113.60,Erik,121.96
2018,5,Benni,2,A. Rodgers QB - GB ,28.68,D. Johnson RB - ARI ,19.10,C. McCaffrey RB - CAR ,15.30,A. Thielen WR - MIN ,17.60,O. Beckham WR - NYG ,23.38,J. Reed TE - WAS ,2.10,M. Ingram RB - NO ,19.30,K. Fairbairn K - HOU ,13.00,Panthers DEF ,12.00,J. Gordon WR - NE ,11.00,R. Woods WR - LA ,14.50,T. Burton TE - CHI ,0.00,J. Conner RB - PIT ,30.50,K. Johnson RB - DET ,8.50,Bears DEF ,0.00,,,150.46,Erik,81.30
2018,5,Erik,7,B. Roethlisberger QB - PIT ,21.60,E. Elliott RB - DAL ,8.40,A. Jones RB - GB ,5.90,D. Hopkins WR - HOU ,13.10,T. Boyd WR - CIN ,4.40,T. Kelce TE - KC ,10.00,A. Jeffery WR - PHI ,3.90,J. Tucker K - BAL ,9.00,Jaguars DEF ,5.00,D. Baldwin WR - SEA ,0.10,R. Wilson QB - SEA ,19.92,L. Miller RB - HOU ,0.00,D. Funchess WR - CAR ,5.30,J. Howard RB - CHI ,0.00,P. Lindsay RB - DEN ,8.10,,,81.30,Benni,150.46
2018,5,Ritz,1,D. Watson QB - HOU ,21.00,K. Hunt RB ,15.40,A. Kamara RB - NO ,3.90,G. Tate WR - PHI ,4.20,D. Adams WR - GB ,20.00,Z. Ertz TE - PHI ,17.00,C. Hyde RB - JAX ,7.70,R. Gould K - SF ,0.00,Broncos DEF ,4.00,J. Edelman WR - NE ,5.70,E. Sanders WR - DEN ,7.20,K. Cousins QB - MIN ,14.14,C. Thompson RB - WAS ,6.20,M. Evans WR - TB ,0.00,J. Mixon RB - CIN ,17.50,,,93.20,Simi,85.00
2018,5,Marv,5,P. Rivers QB - LAC ,21.36,M. Breida RB - SF ,12.10,S. Michel RB - NE ,17.00,J. Jones WR - ATL ,6.20,K. Allen WR - LAC ,9.50,K. Rudolph TE - MIN ,4.10,J. Brown WR - BAL ,5.80,W. Lutz K - NO ,7.00,Texans DEF ,7.00,A. Robinson WR - CHI ,0.00,J. White RB - NE ,13.70,I. Crowell RB - NYJ ,29.10,T. Lockett WR - SEA ,16.40,J. Allen RB - BAL ,5.80,L. Fournette RB - JAX ,0.00,,,90.06,Kessi,63.24
2018,5,Simi,6,M. Ryan QB - ATL ,14.40,D. Lewis RB - TEN ,2.80,J. Ajayi RB - PHI ,1.40,A. Green WR - CIN ,11.20,A. Brown WR - PIT ,22.10,J. Graham TE - GB ,7.60,S. Shepard WR - NYG ,7.50,M. Bryant K - ATL ,5.00,Vikings DEF ,13.00,M. Crabtree WR - BAL ,6.60,C. Newton QB - CAR ,16.38,A. Cooper WR - DAL ,1.00,K. Drake RB - MIA ,17.50,D. Cook RB - MIN ,0.00,Seahawks DEF ,4.00,,,85.00,Ritz,93.20
2018,5,Tommy,3,P. Mahomes QB - KC ,15.82,T. Yeldon RB - JAX ,18.20,T. Gurley RB - LA ,29.30,M. Thomas WR - NO ,7.40,J. Smith-Schuster WR - PIT ,9.40,E. Ebron TE - IND ,22.50,C. Kupp WR - LA ,15.00,D. Bailey K - MIN ,13.00,Rams DEF ,1.00,J. Nelson WR - LV ,10.30,T. Brady QB - NE ,27.54,C. Hogan WR - NE ,3.40,S. Watkins WR - KC ,7.80,D. Freeman RB - ATL ,4.10,A. Collins RB - BAL ,6.60,,,131.62,Juschka,91.12
2018,5,Juschka,4,D. Brees QB - NO ,26.72,M. Gordon RB - LAC ,18.00,S. Barkley RB - NYG ,24.90,W. Fuller WR - HOU ,1.50,C. Ridley WR - ATL ,3.80,J. Cook TE - LV ,2.00,A. Peterson RB - WAS ,4.20,M. Crosby K - GB ,3.00,Titans DEF ,7.00,A. Dalton QB - CIN ,12.92,M. Lynch RB - LV ,4.10,T. Coleman RB - ATL ,3.00,S. Diggs WR - MIN ,11.60,T. Hill WR - KC ,8.70,G. Zuerlein K - LA ,0.00,,,91.12,Tommy,131.62
2018,5,Kessi,8,J. Goff QB - LA ,14.34,L. McCoy RB - BUF ,10.80,R. Freeman RB - DEN ,4.70,T. Hilton WR - IND ,0.00,B. Cooks WR - LA ,0.00,R. Gronkowski TE - NE ,7.50,J. Landry WR - CLE ,6.90,S. Gostkowski K - NE ,8.00,Ravens DEF ,11.00,L. Bell RB - PIT ,0.00,K. Stills WR - MIA ,1.70,J. Crowder WR - WAS ,5.50,C. Wentz QB - PHI ,21.04,C. Carson RB - SEA ,12.70,R. Penny RB - SEA ,0.00,,,63.24,Marv,90.06
2018,6,Benni,3,A. Rodgers QB - GB ,28.40,D. Johnson RB - ARI ,10.90,C. McCaffrey RB - CAR ,6.60,A. Thielen WR - MIN ,18.30,O. Beckham WR - NYG ,4.40,G. Kittle TE - SF ,3.00,J. Conner RB - PIT ,24.90,K. Fairbairn K - HOU ,8.00,Bears DEF ,5.00,M. Ingram RB - NO ,0.00,J. Gordon WR - NE ,4.20,R. Woods WR - LA ,12.10,T. Burton TE - CHI ,8.30,C. Clement RB - PHI ,12.90,B. Mayfield QB - CLE ,12.32,,,109.50,Juschka,113.86
2018,6,Erik,7,A. Luck QB - IND ,22.74,E. Elliott RB - DAL ,17.70,J. Howard RB - CHI ,4.90,D. Hopkins WR - HOU ,12.30,T. Boyd WR - CIN ,18.20,T. Kelce TE - KC ,6.10,A. Jones RB - GB ,4.10,J. Tucker K - BAL ,3.00,Jaguars DEF ,-1.00,D. Baldwin WR - SEA ,9.10,R. Wilson QB - SEA ,20.88,L. Miller RB - HOU ,7.10,A. Jeffery WR - PHI ,19.40,D. Funchess WR - CAR ,13.40,P. Lindsay RB - DEN ,6.60,,,88.04,Marv,116.90
2018,6,Ritz,1,D. Watson QB - HOU ,5.28,K. Hunt RB ,24.50,J. Mixon RB - CIN ,14.40,M. Evans WR - TB ,5.80,D. Adams WR - GB ,25.20,Z. Ertz TE - PHI ,10.30,J. Edelman WR - NE ,12.10,C. Santos K - TB ,11.00,Chargers DEF ,10.00,E. Sanders WR - DEN ,17.50,G. Tate WR - PHI ,0.00,K. Cousins QB - MIN ,16.62,C. Thompson RB - WAS ,0.00,C. Hyde RB - JAX ,3.40,A. Kamara RB - NO ,0.00,,,118.58,Tommy,105.08
2018,6,Marv,5,J. Winston QB - TB ,30.70,I. Crowell RB - NYJ ,5.20,S. Michel RB - NE ,22.60,J. Jones WR - ATL ,14.40,K. Allen WR - LAC ,10.30,K. Rudolph TE - MIN ,3.70,T. Lockett WR - SEA ,8.00,C. Parkey K - CHI ,4.00,Texans DEF ,18.00,P. Rivers QB - LAC ,14.28,A. Robinson WR - CHI ,12.40,J. White RB - NE ,9.20,L. Fournette RB - JAX ,0.00,M. Breida RB - SF ,12.10,W. Lutz K - NO ,0.00,,,116.90,Erik,88.04
2018,6,Simi,6,M. Ryan QB - ATL ,27.50,A. Morris RB - SF ,0.00,K. Drake RB - MIA ,5.80,A. Green WR - CIN ,8.50,A. Brown WR - PIT ,16.50,J. Graham TE - GB ,10.40,D. Jackson WR - TB ,8.40,M. Bryant K - ATL ,12.00,Vikings DEF ,12.00,C. Newton QB - CAR ,23.30,D. Lewis RB - TEN ,1.40,S. Shepard WR - NYG ,3.70,D. Cook RB - MIN ,0.00,A. Ekeler RB - LAC ,6.00,Seahawks DEF ,17.00,,,101.10,Kessi,85.94
2018,6,Tommy,4,P. Mahomes QB - KC ,26.98,T. Yeldon RB - JAX ,7.00,T. Gurley RB - LA ,34.50,C. Kupp WR - LA ,1.20,J. Smith-Schuster WR - PIT ,13.10,G. Olsen TE - CAR ,4.80,N. Hines RB - IND ,3.50,D. Bailey K - MIN ,9.00,Rams DEF ,5.00,J. Nelson WR - LV ,0.60,T. Brady QB - NE ,21.80,S. Watkins WR - KC ,1.70,D. Freeman RB - ATL ,0.00,A. Collins RB - BAL ,17.40,M. Thomas WR - NO ,0.00,,,105.08,Ritz,118.58
2018,6,Juschka,2,A. Dalton QB - CIN ,17.16,M. Gordon RB - LAC ,33.00,S. Barkley RB - NYG ,28.90,S. Diggs WR - MIN ,4.20,C. Ridley WR - ATL ,4.70,J. Cook TE - LV ,1.00,M. Lynch RB - LV ,5.90,M. Crosby K - GB ,17.00,Titans DEF ,2.00,D. Brees QB - NO ,0.00,A. Peterson RB - WAS ,9.70,T. Coleman RB - ATL ,10.10,W. Fuller WR - HOU ,3.30,T. Hill WR - KC ,32.20,G. Zuerlein K - LA ,0.00,,,113.86,Benni,109.50
2018,6,Kessi,8,J. Goff QB - LA ,7.44,L. McCoy RB - BUF ,9.40,C. Carson RB - SEA ,5.90,J. Landry WR - CLE ,1.10,B. Cooks WR - LA ,5.30,R. Gronkowski TE - NE ,9.70,W. Smallwood RB - PHI ,5.10,S. Gostkowski K - NE ,21.00,Ravens DEF ,21.00,D. Thomas WR - HOU ,11.70,T. Hilton WR - IND ,0.00,L. Bell RB - PIT ,0.00,M. Davis RB - SEA ,2.60,C. Wentz QB - PHI ,24.52,R. Freeman RB - DEN ,2.20,,,85.94,Simi,101.10
2018,7,Benni,2,T. Brady QB - NE ,21.68,D. Johnson RB - ARI ,7.00,C. McCaffrey RB - CAR ,8.00,A. Thielen WR - MIN ,17.00,O. Beckham WR - NYG ,20.20,D. Njoku TE - CLE ,11.20,R. Woods WR - LA ,8.40,G. Tavecchio K - ATL ,15.00,Colts DEF ,19.00,A. Rodgers QB - GB ,0.00,J. Gordon WR - NE ,10.00,J. Conner RB - PIT ,0.00,M. Mack RB - IND ,29.90,G. Kittle TE - SF ,15.80,Bears DEF ,3.00,,,127.48,Simi,115.26
2018,7,Erik,7,A. Luck QB - IND ,22.74,E. Elliott RB - DAL ,4.20,P. Lindsay RB - DEN ,15.60,A. Jeffery WR - PHI ,14.80,D. Hopkins WR - HOU ,11.00,T. Kelce TE - KC ,9.50,T. Boyd WR - CIN ,2.70,J. Tucker K - BAL ,5.00,Jaguars DEF ,2.00,D. Baldwin WR - SEA ,0.00,R. Wilson QB - SEA ,0.00,L. Miller RB - HOU ,15.90,D. Funchess WR - CAR ,12.20,J. Howard RB - CHI ,10.80,N. Chubb RB - CLE ,14.00,,,87.54,Ritz,128.06
2018,7,Ritz,1,K. Cousins QB - MIN ,17.54,K. Hunt RB ,32.10,A. Kamara RB - NO ,13.50,E. Sanders WR - DEN ,21.32,M. Evans WR - TB ,10.70,Z. Ertz TE - PHI ,13.80,J. Mixon RB - CIN ,5.10,H. Butker K - KC ,9.00,Chargers DEF ,5.00,J. Edelman WR - NE ,9.60,G. Tate WR - PHI ,6.60,C. Thompson RB - WAS ,0.00,D. Adams WR - GB ,0.00,C. Hyde RB - JAX ,0.00,D. Watson QB - HOU ,10.86,,,128.06,Erik,87.54
2018,7,Marv,5,J. Winston QB - TB ,20.10,K. Johnson RB - DET ,17.90,S. Michel RB - NE ,1.50,J. Jones WR - ATL ,8.40,K. Allen WR - LAC ,7.20,K. Rudolph TE - MIN ,1.60,M. Breida RB - SF ,-0.50,W. Lutz K - NO ,6.00,Texans DEF ,14.00,P. Rivers QB - LAC ,20.14,A. Robinson WR - CHI ,0.40,J. White RB - NE ,21.70,I. Crowell RB - NYJ ,5.00,T. Lockett WR - SEA ,0.00,L. Fournette RB - JAX ,0.00,,,76.20,Tommy,134.12
2018,7,Simi,6,M. Ryan QB - ATL ,19.26,L. Murray RB - MIN ,20.30,K. Drake RB - MIA ,14.70,D. Jackson WR - TB ,9.30,A. Green WR - CIN ,11.70,O. Howard TE - TB ,6.70,T. Cohen RB - CHI ,14.30,J. Myers K - NYJ ,7.00,Vikings DEF ,12.00,J. Graham TE - GB ,0.00,C. Newton QB - CAR ,25.66,A. Brown WR - PIT ,0.00,S. Shepard WR - NYG ,16.70,D. Cook RB - MIN ,0.00,Seahawks DEF ,0.00,,,115.26,Benni,127.48
2018,7,Tommy,3,P. Mahomes QB - KC ,32.82,T. Yeldon RB - JAX ,12.80,T. Gurley RB - LA ,26.60,M. Thomas WR - NO ,12.90,K. Golladay WR - DET ,3.70,G. Olsen TE - CAR ,6.50,A. Collins RB - BAL ,4.80,D. Bailey K - MIN ,13.00,Rams DEF ,21.00,M. Ingram RB - NO ,4.20,S. Watkins WR - KC ,7.40,D. Freeman RB - ATL ,0.00,A. Wilson WR - MIA ,3.60,C. Kupp WR - LA ,0.00,J. Smith-Schuster WR - PIT ,0.00,,,134.12,Marv,76.20
2018,7,Juschka,4,D. Brees QB - NO ,16.78,T. Coleman RB - ATL ,14.20,S. Barkley RB - NYG ,17.40,S. Diggs WR - MIN ,2.60,T. Hill WR - KC ,13.60,E. Ebron TE - IND ,3.10,C. Ridley WR - ATL ,4.30,G. Zuerlein K - LA ,13.00,Titans DEF ,3.00,J. Cook TE - LV ,0.00,M. Lynch RB - LV ,0.00,A. Peterson RB - WAS ,10.70,M. Gordon RB - LAC ,0.00,W. Fuller WR - HOU ,6.80,-,-,,,87.98,Kessi,87.18
2018,7,Kessi,8,J. Goff QB - LA ,16.48,L. McCoy RB - BUF ,0.10,R. Freeman RB - DEN ,9.70,T. Hilton WR - IND ,14.50,B. Cooks WR - LA ,13.10,T. Burton TE - CHI ,18.60,W. Smallwood RB - PHI ,3.70,S. Gostkowski K - NE ,8.00,Ravens DEF ,3.00,R. Gronkowski TE - NE ,0.00,L. Bell RB - PIT ,0.00,J. Landry WR - CLE ,15.70,M. Davis RB - SEA ,0.00,C. Wentz QB - PHI ,18.70,C. Carson RB - SEA ,0.00,,,87.18,Juschka,87.98
2018,8,Benni,2,A. Rodgers QB - GB ,15.94,D. Johnson RB - ARI ,10.00,J. Conner RB - PIT ,33.20,A. Thielen WR - MIN ,15.80,O. Beckham WR - NYG ,13.60,G. Kittle TE - SF ,5.70,M. Mack RB - IND ,26.90,M. Crosby K - GB ,11.00,Bears DEF ,5.00,M. Ingram RB - NO ,9.20,J. Gordon WR - NE ,4.20,R. Woods WR - LA ,7.00,T. Williams WR - LAC ,0.00,D. Njoku TE - CLE ,0.00,C. McCaffrey RB - CAR ,17.60,,,137.14,Juschka,111.50
2018,8,Erik,7,A. Luck QB - IND ,23.36,L. Miller RB - HOU ,19.30,P. Lindsay RB - DEN ,17.20,D. Hopkins WR - HOU ,20.20,T. Boyd WR - CIN ,19.60,T. Kelce TE - KC ,13.90,N. Chubb RB - CLE ,7.50,J. Tucker K - BAL ,3.00,Jaguars DEF ,8.00,D. Baldwin WR - SEA ,2.60,R. Wilson QB - SEA ,23.42,A. Jeffery WR - PHI ,3.50,D. Funchess WR - CAR ,2.70,E. Elliott RB - DAL ,0.00,J. Howard RB - CHI ,14.10,,,132.06,Marv,70.14
2018,8,Ritz,1,K. Cousins QB - MIN ,20.66,K. Hunt RB ,14.60,A. Kamara RB - NO ,19.60,M. Evans WR - TB ,23.90,D. Adams WR - GB ,13.30,Z. Ertz TE - PHI ,8.60,J. Mixon RB - CIN ,25.80,H. Butker K - KC ,6.00,Dolphins DEF ,-4.00,J. Edelman WR - NE ,11.70,E. Sanders WR - DEN ,5.10,G. Tate WR - PHI ,5.30,C. Hyde RB - JAX ,1.10,D. Watson QB - HOU ,30.96,A. Ekeler RB - LAC ,0.00,,,128.46,Kessi,78.20
2018,8,Marv,5,J. Winston QB - TB ,8.84,J. White RB - NE ,15.40,K. Johnson RB - DET ,9.10,A. Robinson WR - CHI ,0.00,T. Lockett WR - SEA ,10.70,K. Rudolph TE - MIN ,3.90,M. Breida RB - SF ,4.20,W. Lutz K - NO ,14.00,Texans DEF ,4.00,J. Jones WR - ATL ,0.00,P. Rivers QB - LAC ,0.00,K. Allen WR - LAC ,0.00,I. Crowell RB - NYJ ,3.80,L. Fournette RB - JAX ,0.00,S. Michel RB - NE ,0.00,,,70.14,Erik,132.06
2018,8,Simi,6,C. Newton QB - CAR ,27.96,L. Murray RB - MIN ,15.50,K. Drake RB - MIA ,21.50,A. Green WR - CIN ,13.60,A. Brown WR - PIT ,19.40,J. Graham TE - GB ,2.10,D. Jackson WR - TB ,13.20,C. Parkey K - CHI ,6.00,Patriots DEF ,20.00,M. Ryan QB - ATL ,0.00,S. Shepard WR - NYG ,3.40,O. Howard TE - TB ,12.80,D. Cook RB - MIN ,0.00,T. Cohen RB - CHI ,17.00,Vikings DEF ,2.00,,,139.26,Tommy,95.72
2018,8,Tommy,3,P. Mahomes QB - KC ,26.02,T. Yeldon RB - JAX ,9.00,T. Gurley RB - LA ,27.50,M. Thomas WR - NO ,8.10,K. Golladay WR - DET ,1.20,G. Olsen TE - CAR ,11.60,J. Smith-Schuster WR - PIT ,3.30,D. Bailey K - MIN ,2.00,Rams DEF ,7.00,T. Brady QB - NE ,13.76,S. Watkins WR - KC ,22.70,D. Freeman RB - ATL ,0.00,J. Brown WR - BAL ,2.80,A. Collins RB - BAL ,10.30,C. Kupp WR - LA ,0.00,,,95.72,Simi,139.26
2018,8,Juschka,4,D. Brees QB - NO ,6.80,A. Peterson RB - WAS ,25.60,S. Barkley RB - NYG ,11.10,S. Diggs WR - MIN ,17.90,T. Hill WR - KC ,7.00,E. Ebron TE - IND ,9.70,W. Fuller WR - HOU ,18.40,G. Zuerlein K - LA ,7.00,Cardinals DEF ,8.00,J. Cook TE - LV ,13.40,M. Lynch RB - LV ,0.00,T. Coleman RB - ATL ,0.00,M. Gordon RB - LAC ,0.00,C. Ridley WR - ATL ,0.00,-,-,,,111.50,Benni,137.14
2018,8,Kessi,8,J. Goff QB - LA ,26.50,D. Martin RB - LV ,6.90,C. Carson RB - SEA ,18.40,T. Hilton WR - IND ,3.40,B. Cooks WR - LA ,8.30,T. Burton TE - CHI ,1.80,J. Landry WR - CLE ,3.90,S. Gostkowski K - NE ,13.00,Ravens DEF ,-4.00,L. McCoy RB - BUF ,9.50,R. Gronkowski TE - NE ,4.30,L. Bell RB - PIT ,0.00,C. Wentz QB - PHI ,22.64,W. Smallwood RB - PHI ,12.60,R. Freeman RB - DEN ,0.00,,,78.20,Ritz,128.46
2018,9,Benni,2,A. Rodgers QB - GB ,19.16,J. Conner RB - PIT ,22.30,C. McCaffrey RB - CAR ,27.70,R. Woods WR - LA ,7.50,A. Thielen WR - MIN ,8.70,G. Kittle TE - SF ,16.80,M. Ingram RB - NO ,1.60,M. Crosby K - GB ,5.00,Bears DEF ,28.00,M. Jones WR - DET ,6.60,J. Gordon WR - NE ,19.00,O. Beckham WR - NYG ,0.00,D. Johnson RB - ARI ,0.00,T. Williams WR - LAC ,8.30,M. Mack RB - IND ,0.00,,,136.76,Simi,94.58
2018,9,Erik,7,R. Wilson QB - SEA ,19.50,E. Elliott RB - DAL ,11.20,N. Chubb RB - CLE ,15.00,D. Hopkins WR - HOU ,16.50,D. Funchess WR - CAR ,4.40,T. Kelce TE - KC ,21.90,L. Miller RB - HOU ,4.80,J. Tucker K - BAL ,10.00,Cowboys DEF ,7.00,A. Luck QB - IND ,0.00,A. Jeffery WR - PHI ,0.00,J. Howard RB - CHI ,16.70,T. Boyd WR - CIN ,0.00,P. Lindsay RB - DEN ,8.40,Jaguars DEF ,0.00,,,110.30,Juschka,116.24
2018,9,Ritz,1,D. Watson QB - HOU ,20.32,K. Hunt RB ,32.10,A. Kamara RB - NO ,29.60,M. Evans WR - TB ,1.60,D. Adams WR - GB ,10.00,D. Njoku TE - CLE ,5.30,E. Sanders WR - DEN ,4.70,H. Butker K - KC ,7.00,Chiefs DEF ,4.00,J. Edelman WR - NE ,11.38,G. Tate WR - PHI ,0.00,K. Cousins QB - MIN ,6.86,Z. Ertz TE - PHI ,0.00,C. Hyde RB - JAX ,0.00,J. Mixon RB - CIN ,0.00,,,114.62,Tommy,109.50
2018,9,Marv,5,M. Trubisky QB - CHI ,8.00,J. White RB - NE ,22.30,M. Breida RB - SF ,4.70,J. Jones WR - ATL ,18.10,K. Allen WR - LAC ,15.20,K. Rudolph TE - MIN ,2.80,K. Johnson RB - DET ,4.40,W. Lutz K - NO ,11.00,Texans DEF ,5.00,P. Rivers QB - LAC ,17.12,A. Robinson WR - CHI ,0.00,I. Crowell RB - NYJ ,6.00,T. Lockett WR - SEA ,2.20,L. Fournette RB - JAX ,0.00,S. Michel RB - NE ,0.00,,,91.50,Kessi,73.54
2018,9,Simi,6,C. Newton QB - CAR ,21.18,L. Murray RB - MIN ,10.70,K. Drake RB - MIA ,3.50,D. Jackson WR - TB ,3.20,A. Brown WR - PIT ,10.20,J. Graham TE - GB ,11.50,T. Cohen RB - CHI ,1.30,C. Parkey K - CHI ,11.00,Vikings DEF ,22.00,M. Ryan QB - ATL ,28.00,A. Green WR - CIN ,0.00,S. Shepard WR - NYG ,0.00,O. Howard TE - TB ,17.30,D. Cook RB - MIN ,10.90,Eagles DEF ,0.00,,,94.58,Benni,136.76
2018,9,Tommy,4,P. Mahomes QB - KC ,26.80,T. Gurley RB - LA ,13.90,A. Collins RB - BAL ,9.90,M. Thomas WR - NO ,27.10,J. Smith-Schuster WR - PIT ,7.80,G. Olsen TE - CAR ,13.60,S. Watkins WR - KC ,6.40,D. Bailey K - MIN ,6.00,Rams DEF ,-2.00,T. Brady QB - NE ,15.66,D. Freeman RB - ATL ,0.00,J. Brown WR - BAL ,1.50,T. Yeldon RB - JAX ,0.00,C. Kupp WR - LA ,14.90,K. Golladay WR - DET ,5.40,,,109.50,Ritz,114.62
2018,9,Juschka,3,D. Brees QB - NO ,31.44,T. Coleman RB - ATL ,27.60,M. Gordon RB - LAC ,18.30,D. Thomas WR - HOU ,6.10,T. Hill WR - KC ,8.50,J. Cook TE - LV ,2.00,A. Peterson RB - WAS ,3.30,G. Zuerlein K - LA ,11.00,Jets DEF ,8.00,M. Lynch RB - LV ,0.00,E. Ebron TE - IND ,0.00,S. Diggs WR - MIN ,0.00,A. Ekeler RB - LAC ,3.40,C. Ridley WR - ATL ,13.70,S. Barkley RB - NYG ,0.00,,,116.24,Erik,110.30
2018,9,Kessi,8,J. Goff QB - LA ,29.34,D. Martin RB - LV ,6.90,C. Carson RB - SEA ,4.00,J. Landry WR - CLE ,5.00,B. Cooks WR - LA ,17.40,R. Gronkowski TE - NE ,0.00,L. McCoy RB - BUF ,2.90,S. Gostkowski K - NE ,7.00,Ravens DEF ,1.00,T. Hilton WR - IND ,0.00,L. Bell RB - PIT ,0.00,T. Burton TE - CHI ,8.80,C. Wentz QB - PHI ,0.00,W. Smallwood RB - PHI ,0.00,R. Freeman RB - DEN ,0.00,,,73.54,Marv,91.50
2018,10,Benni,2,A. Rodgers QB - GB ,18.06,D. Johnson RB - ARI ,30.30,J. Conner RB - PIT ,13.30,R. Woods WR - LA ,10.60,O. Beckham WR - NYG ,19.30,G. Kittle TE - SF ,8.30,C. McCaffrey RB - CAR ,31.80,M. Crosby K - GB ,7.00,Bears DEF ,12.00,M. Ingram RB - NO ,22.20,M. Jones WR - DET ,5.50,J. Gordon WR - NE ,8.10,A. Thielen WR - MIN ,0.00,T. Williams WR - LAC ,4.60,M. Mack RB - IND ,5.80,,,150.66,Erik,109.30
2018,10,Erik,7,A. Luck QB - IND ,21.20,J. Howard RB - CHI ,3.20,N. Chubb RB - CLE ,32.90,D. Funchess WR - CAR ,3.20,T. Boyd WR - CIN ,6.50,T. Kelce TE - KC ,4.60,E. Elliott RB - DAL ,30.70,J. Myers K - NYJ ,6.00,Jaguars DEF ,1.00,R. Wilson QB - SEA ,26.24,L. Miller RB - HOU ,0.00,A. Jeffery WR - PHI ,4.80,D. Hopkins WR - HOU ,0.00,P. Lindsay RB - DEN ,0.00,J. Tucker K - BAL ,0.00,,,109.30,Benni,150.66
2018,10,Ritz,1,B. Roethlisberger QB - PIT ,35.82,K. Hunt RB ,9.60,A. Kamara RB - NO ,22.20,M. Evans WR - TB ,5.10,D. Adams WR - GB ,17.70,Z. Ertz TE - PHI ,26.50,J. Mixon RB - CIN ,8.50,H. Butker K - KC ,8.00,Chargers DEF ,13.00,J. Edelman WR - NE ,10.64,E. Sanders WR - DEN ,0.00,G. Tate WR - PHI ,1.90,C. Hyde RB - JAX ,0.50,A. Cooper WR - DAL ,7.50,D. Watson QB - HOU ,0.00,,,146.42,Juschka,131.50
2018,10,Marv,5,P. Rivers QB - LAC ,15.02,M. Breida RB - SF ,25.20,S. Michel RB - NE ,3.10,J. Jones WR - ATL ,16.70,K. Allen WR - LAC ,11.70,T. Burton TE - CHI ,6.00,L. Fournette RB - JAX ,22.90,W. Lutz K - NO ,15.00,Bills DEF ,11.00,D. Bryant WR - NO ,0.00,I. Crowell RB - NYJ ,9.70,T. Lockett WR - SEA ,14.50,M. Trubisky QB - CHI ,36.00,K. Johnson RB - DET ,18.90,Texans DEF ,0.00,,,126.62,Simi,87.82
2018,10,Simi,6,C. Newton QB - CAR ,14.72,K. Drake RB - MIA ,3.80,T. Cohen RB - CHI ,10.40,D. Jackson WR - TB ,6.70,A. Brown WR - PIT ,15.60,J. Graham TE - GB ,1.40,A. Jones RB - GB ,29.20,C. Parkey K - CHI ,2.00,Eagles DEF ,4.00,M. Ryan QB - ATL ,20.50,A. Green WR - CIN ,0.00,L. Murray RB - MIN ,0.00,O. Howard TE - TB ,1.50,D. Cook RB - MIN ,0.00,Vikings DEF ,0.00,,,87.82,Marv,126.62
2018,10,Tommy,3,P. Mahomes QB - KC ,20.06,T. Yeldon RB - JAX ,6.30,T. Gurley RB - LA ,22.00,M. Thomas WR - NO ,19.00,J. Smith-Schuster WR - PIT ,16.30,G. Olsen TE - CAR ,4.00,L. Fitzgerald WR - ARI ,5.00,R. Gould K - SF ,13.00,Rams DEF ,5.00,T. Brady QB - NE ,10.76,S. Watkins WR - KC ,0.00,D. Freeman RB - ATL ,0.00,J. Brown WR - BAL ,0.00,A. Collins RB - BAL ,0.00,C. Kupp WR - LA ,3.90,,,110.66,Kessi,101.82
2018,10,Juschka,4,D. Brees QB - NO ,28.90,M. Gordon RB - LAC ,22.50,S. Barkley RB - NYG ,10.00,T. Hill WR - KC ,25.70,C. Ridley WR - ATL ,4.00,E. Ebron TE - IND ,25.10,T. Coleman RB - ATL ,6.30,G. Zuerlein K - LA ,12.00,Jets DEF ,-3.00,J. Cook TE - LV ,5.20,D. Thomas WR - HOU ,0.00,M. Lynch RB - LV ,0.00,A. Peterson RB - WAS ,6.90,S. Diggs WR - MIN ,0.00,A. Ekeler RB - LAC ,1.90,,,131.50,Ritz,146.42
2018,10,Kessi,8,J. Goff QB - LA ,21.02,L. McCoy RB - BUF ,23.80,J. White RB - NE ,2.60,J. Landry WR - CLE ,2.20,B. Cooks WR - LA ,16.90,A. Hooper TE - ATL ,11.60,T. Hilton WR - IND ,7.70,S. Gostkowski K - NE ,6.00,Chiefs DEF ,10.00,R. Gronkowski TE - NE ,0.00,D. Martin RB - LV ,9.20,L. Bell RB - PIT ,0.00,C. Wentz QB - PHI ,21.10,C. Carson RB - SEA ,0.00,Ravens DEF ,0.00,,,101.82,Tommy,110.66
2018,11,Benni,2,A. Rodgers QB - GB ,21.58,J. Conner RB - PIT ,4.90,C. McCaffrey RB - CAR ,11.00,A. Thielen WR - MIN ,8.60,O. Beckham WR - NYG ,14.50,J. Doyle TE - IND ,4.30,D. Johnson RB - ARI ,15.40,M. Bryant K - ATL ,15.00,Cardinals DEF ,4.00,M. Ingram RB - NO ,22.30,J. Gordon WR - NE ,0.00,R. Woods WR - LA ,13.20,M. Mack RB - IND ,12.90,G. Kittle TE - SF ,0.00,Bears DEF ,15.00,,,99.28,Tommy,108.92
2018,11,Erik,6,A. Luck QB - IND ,23.88,E. Elliott RB - DAL ,26.10,P. Lindsay RB - DEN ,22.60,A. Jeffery WR - PHI ,3.30,D. Hopkins WR - HOU ,9.60,T. Kelce TE - KC ,18.70,K. Golladay WR - DET ,17.30,J. Tucker K - BAL ,12.00,Jaguars DEF ,9.00,R. Wilson QB - SEA ,17.60,L. Miller RB - HOU ,10.80,D. Funchess WR - CAR ,3.90,J. Howard RB - CHI ,6.50,T. Boyd WR - CIN ,7.10,N. Chubb RB - CLE ,0.00,,,142.48,Simi,95.74
2018,11,Ritz,1,B. Roethlisberger QB - PIT ,20.66,K. Hunt RB ,17.10,A. Kamara RB - NO ,16.80,M. Evans WR - TB ,24.00,D. Adams WR - GB ,16.60,Z. Ertz TE - PHI ,1.50,J. Mixon RB - CIN ,11.20,H. Butker K - KC ,9.00,Chargers DEF ,0.00,J. Edelman WR - NE ,0.00,E. Sanders WR - DEN ,6.20,G. Tate WR - PHI ,4.00,A. Cooper WR - DAL ,3.60,D. Henry RB - TEN ,4.60,D. Watson QB - HOU ,9.02,,,116.86,Marv,123.34
2018,11,Marv,5,P. Rivers QB - LAC ,19.64,L. Fournette RB - JAX ,20.10,K. Johnson RB - DET ,15.70,J. Jones WR - ATL ,17.80,K. Allen WR - LAC ,15.00,T. Burton TE - CHI ,0.90,T. Lockett WR - SEA ,7.20,W. Lutz K - NO ,12.00,Texans DEF ,15.00,B. Marshall WR ,0.00,A. Robinson WR - CHI ,3.90,I. Crowell RB - NYJ ,0.00,M. Trubisky QB - CHI ,14.90,M. Breida RB - SF ,0.00,S. Michel RB - NE ,0.00,,,123.34,Ritz,116.86
2018,11,Simi,7,M. Ryan QB - ATL ,13.74,D. Cook RB - MIN ,-1.00,A. Jones RB - GB ,22.30,A. Brown WR - PIT ,17.70,D. Baldwin WR - SEA ,11.20,O. Howard TE - TB ,7.80,T. Cohen RB - CHI ,3.00,K. Fairbairn K - HOU ,13.00,Vikings DEF ,8.00,D. Jackson WR - TB ,3.80,J. Graham TE - GB ,1.30,A. Green WR - CIN ,0.00,C. Newton QB - CAR ,24.48,L. Murray RB - MIN ,0.50,K. Drake RB - MIA ,0.00,,,95.74,Erik,142.48
2018,11,Tommy,3,P. Mahomes QB - KC ,35.92,T. Gurley RB - LA ,9.40,A. Collins RB - BAL ,7.80,M. Thomas WR - NO ,15.20,J. Smith-Schuster WR - PIT ,10.40,G. Olsen TE - CAR ,6.90,J. Brown WR - BAL ,2.30,B. Maher K - DAL ,12.00,Steelers DEF ,9.00,T. Brady QB - NE ,0.00,S. Watkins WR - KC ,0.40,D. Freeman RB - ATL ,0.00,T. Yeldon RB - JAX ,3.20,R. Gould K - SF ,0.00,Rams DEF ,21.00,,,108.92,Benni,99.28
2018,11,Juschka,4,D. Brees QB - NO ,30.52,M. Gordon RB - LAC ,15.60,S. Barkley RB - NYG ,33.20,S. Diggs WR - MIN ,18.60,T. Hill WR - KC ,33.50,E. Ebron TE - IND ,0.00,T. Coleman RB - ATL ,8.50,G. Zuerlein K - LA ,12.00,Redskins DEF ,10.00,J. Cook TE - LV ,9.10,D. Thomas WR - HOU ,0.00,M. Lynch RB - LV ,0.00,A. Peterson RB - WAS ,17.10,A. Ekeler RB - LAC ,6.90,C. Ridley WR - ATL ,3.70,,,161.92,Kessi,107.32
2018,11,Kessi,8,J. Goff QB - LA ,35.12,D. Martin RB - LV ,5.80,C. Carson RB - SEA ,12.30,T. Hilton WR - IND ,27.50,B. Cooks WR - LA ,10.70,A. Hooper TE - ATL ,2.70,D. Lewis RB - TEN ,3.20,C. Parkey K - CHI ,9.00,Ravens DEF ,1.00,L. McCoy RB - BUF ,0.00,R. Gronkowski TE - NE ,0.00,J. Landry WR - CLE ,0.00,J. White RB - NE ,0.00,C. Wentz QB - PHI ,0.84,S. Gostkowski K - NE ,0.00,,,107.32,Juschka,161.92
2018,12,Benni,2,K. Cousins QB - MIN ,27.38,D. Johnson RB - ARI ,7.90,C. McCaffrey RB - CAR ,35.70,A. Thielen WR - MIN ,18.50,O. Beckham WR - NYG ,8.50,G. Kittle TE - SF ,5.80,J. Conner RB - PIT ,7.50,M. Bryant K - ATL ,5.00,Bears DEF ,13.00,M. Ingram RB - NO ,6.60,A. Rodgers QB - GB ,11.92,J. Gordon WR - NE ,7.00,R. Woods WR - LA ,0.00,J. Doyle TE - IND ,7.60,M. Mack RB - IND ,9.60,,,129.28,Marv,120.76
2018,12,Erik,7,A. Luck QB - IND ,22.62,E. Elliott RB - DAL ,20.30,N. Chubb RB - CLE ,24.80,D. Hopkins WR - HOU ,7.40,K. Golladay WR - DET ,9.00,D. Njoku TE - CLE ,12.30,A. Jeffery WR - PHI ,3.90,J. Tucker K - BAL ,10.00,Jaguars DEF ,0.00,R. Wilson QB - SEA ,21.96,L. Miller RB - HOU ,22.70,T. Kelce TE - KC ,0.00,J. Howard RB - CHI ,1.50,T. Boyd WR - CIN ,14.50,P. Lindsay RB - DEN ,17.00,,,110.32,Ritz,112.78
2018,12,Ritz,1,B. Roethlisberger QB - PIT ,20.28,J. Mixon RB - CIN ,15.50,A. Kamara RB - NO ,9.80,M. Evans WR - TB ,11.60,D. Adams WR - GB ,12.90,Z. Ertz TE - PHI ,15.10,E. Sanders WR - DEN ,14.60,M. Crosby K - GB ,5.00,Chargers DEF ,8.00,J. Edelman WR - NE ,14.40,A. Cooper WR - DAL ,30.00,D. Henry RB - TEN ,2.90,K. Hunt RB ,0.00,D. Watson QB - HOU ,29.40,H. Butker K - KC ,0.00,,,112.78,Erik,110.32
2018,12,Marv,5,P. Rivers QB - LAC ,20.66,L. Fournette RB - JAX ,22.80,M. Breida RB - SF ,14.00,J. Jones WR - ATL ,12.80,K. Allen WR - LAC ,13.20,T. Burton TE - CHI ,0.80,S. Michel RB - NE ,20.50,W. Lutz K - NO ,7.00,Texans DEF ,9.00,B. Marshall WR ,0.00,A. Robinson WR - CHI ,3.70,I. Crowell RB - NYJ ,6.00,T. Lockett WR - SEA ,16.50,M. Trubisky QB - CHI ,0.00,K. Johnson RB - DET ,0.00,,,120.76,Benni,129.28
2018,12,Simi,6,C. Newton QB - CAR ,22.54,A. Jones RB - GB ,15.30,J. Adams RB - PHI ,16.40,A. Brown WR - PIT ,6.70,D. Baldwin WR - SEA ,3.90,V. McDonald TE - PIT ,2.70,D. Cook RB - MIN ,13.60,K. Fairbairn K - HOU ,10.00,Patriots DEF ,8.00,M. Ryan QB - ATL ,20.68,J. Graham TE - GB ,3.40,A. Green WR - CIN ,0.00,K. Drake RB - MIA ,21.60,T. Cohen RB - CHI ,11.90,Vikings DEF ,7.00,,,99.14,Kessi,92.74
2018,12,Tommy,4,T. Brady QB - NE ,19.22,P. Barber RB - TB ,12.30,G. Edwards RB - BAL ,11.80,M. Thomas WR - NO ,3.80,J. Smith-Schuster WR - PIT ,24.90,G. Olsen TE - CAR ,1.10,L. Fitzgerald WR - ARI ,9.00,B. Maher K - DAL ,7.00,Steelers DEF ,2.00,S. Watkins WR - KC ,0.00,J. Brown WR - BAL ,2.50,T. Gurley RB - LA ,0.00,A. Collins RB - BAL ,0.00,P. Mahomes QB - KC ,0.00,Rams DEF ,0.00,,,91.12,Juschka,110.94
2018,12,Juschka,3,D. Brees QB - NO ,20.44,M. Gordon RB - LAC ,18.60,S. Barkley RB - NYG ,26.20,S. Diggs WR - MIN ,14.90,T. Smith WR - NO ,0.00,E. Ebron TE - IND ,16.50,T. Coleman RB - ATL ,8.30,J. Lambo K - JAX ,3.00,Redskins DEF ,3.00,J. Cook TE - LV ,9.20,A. Peterson RB - WAS ,4.40,T. Hill WR - KC ,0.00,A. Ekeler RB - LAC ,16.30,C. Ridley WR - ATL ,13.30,G. Zuerlein K - LA ,0.00,,,110.94,Tommy,91.12
2018,12,Kessi,8,C. Wentz QB - PHI ,13.24,L. McCoy RB - BUF ,5.30,J. White RB - NE ,7.80,T. Hilton WR - IND ,12.50,J. Landry WR - CLE ,3.00,R. Gronkowski TE - NE ,11.60,C. Carson RB - SEA ,12.30,S. Gostkowski K - NE ,9.00,Ravens DEF ,18.00,D. Lewis RB - TEN ,4.10,D. Martin RB - LV ,13.20,B. Cooks WR - LA ,0.00,J. Goff QB - LA ,0.00,A. Hooper TE - ATL ,3.10,C. Parkey K - CHI ,5.00,,,92.74,Simi,99.14
2018,13,Benni,2,L. Jackson QB - BAL ,16.50,S. Ware RB - KC ,11.20,C. McCaffrey RB - CAR ,22.10,A. Thielen WR - MIN ,8.80,O. Beckham WR - NYG ,15.46,G. Kittle TE - SF ,7.00,J. Conner RB - PIT ,19.40,M. Bryant K - ATL ,4.00,Bears DEF ,5.00,M. Ingram RB - NO ,2.80,A. Rodgers QB - GB ,15.32,R. Woods WR - LA ,13.80,T. Yeldon RB - JAX ,6.50,D. Johnson RB - ARI ,7.20,M. Mack RB - IND ,3.30,,,109.46,Kessi,73.48
2018,13,Erik,6,A. Luck QB - IND ,9.52,E. Elliott RB - DAL ,19.50,N. Chubb RB - CLE ,13.20,D. Hopkins WR - HOU ,9.10,K. Golladay WR - DET ,5.00,T. Kelce TE - KC ,26.80,P. Lindsay RB - DEN ,27.90,J. Tucker K - BAL ,14.00,Seahawks DEF ,16.00,R. Wilson QB - SEA ,24.80,L. Miller RB - HOU ,11.50,A. Jeffery WR - PHI ,3.10,J. Howard RB - CHI ,8.00,T. Boyd WR - CIN ,9.70,D. Njoku TE - CLE ,0.80,,,141.02,Tommy,99.40
2018,13,Ritz,1,D. Watson QB - HOU ,15.96,J. Mixon RB - CIN ,9.50,A. Kamara RB - NO ,7.20,M. Evans WR - TB ,4.80,D. Adams WR - GB ,15.30,Z. Ertz TE - PHI ,8.30,A. Cooper WR - DAL ,5.60,H. Butker K - KC ,12.00,Broncos DEF ,14.00,J. Edelman WR - NE ,6.00,E. Sanders WR - DEN ,1.90,B. Roethlisberger QB - PIT ,17.24,D. Henry RB - TEN ,10.50,Chargers DEF ,8.00,-,-,,,92.66,Simi,91.80
2018,13,Marv,5,M. Trubisky QB - CHI ,0.00,M. Breida RB - SF ,5.70,S. Michel RB - NE ,7.00,J. Jones WR - ATL ,1.80,K. Allen WR - LAC ,22.80,T. Burton TE - CHI ,0.00,T. Lockett WR - SEA ,12.20,W. Lutz K - NO ,4.00,Texans DEF ,18.00,B. Marshall WR ,0.00,P. Rivers QB - LAC ,23.96,A. Robinson WR - CHI ,7.90,I. Crowell RB - NYJ ,10.70,L. Fournette RB - JAX ,0.00,K. Johnson RB - DET ,0.00,,,71.50,Juschka,59.68
2018,13,Simi,7,C. Newton QB - CAR ,15.30,A. Jones RB - GB ,11.20,J. Adams RB - PHI ,8.50,A. Green WR - CIN ,0.70,A. Brown WR - PIT ,21.40,J. Reed TE - WAS ,2.10,D. Cook RB - MIN ,10.60,K. Fairbairn K - HOU ,19.00,Packers DEF ,3.00,M. Ryan QB - ATL ,7.64,J. Graham TE - GB ,5.00,D. Baldwin WR - SEA ,8.20,K. Drake RB - MIA ,10.40,T. Cohen RB - CHI ,22.64,Vikings DEF ,2.00,,,91.80,Ritz,92.66
2018,13,Tommy,4,P. Mahomes QB - KC ,33.00,T. Gurley RB - LA ,28.50,P. Barber RB - TB ,8.50,M. Thomas WR - NO ,4.00,J. Smith-Schuster WR - PIT ,4.90,G. Olsen TE - CAR ,1.30,D. Thomas WR - HOU ,3.20,B. Maher K - DAL ,7.00,Rams DEF ,9.00,T. Brady QB - NE ,14.94,L. Fitzgerald WR - ARI ,4.80,S. Watkins WR - KC ,0.00,A. Collins RB - BAL ,0.00,G. Edwards RB - BAL ,8.20,Steelers DEF ,1.00,,,99.40,Erik,141.02
2018,13,Juschka,3,D. Brees QB - NO ,7.28,A. Ekeler RB - LAC ,4.30,S. Barkley RB - NYG ,14.60,T. Hill WR - KC ,5.00,C. Ridley WR - ATL ,2.20,E. Ebron TE - IND ,5.20,T. Coleman RB - ATL ,1.10,G. Zuerlein K - LA ,12.00,Chiefs DEF ,8.00,J. Cook TE - LV ,16.00,A. Peterson RB - WAS ,15.80,M. Gordon RB - LAC ,0.00,S. Diggs WR - MIN ,4.90,T. Smith WR - NO ,0.00,Redskins DEF ,1.00,,,59.68,Marv,71.50
2018,13,Kessi,8,J. Goff QB - LA ,8.08,L. McCoy RB - BUF ,6.40,C. Carson RB - SEA ,10.80,T. Hilton WR - IND ,7.70,B. Cooks WR - LA ,6.20,R. Gronkowski TE - NE ,2.60,D. Martin RB - LV ,10.70,S. Gostkowski K - NE ,6.00,Ravens DEF ,15.00,D. Lewis RB - TEN ,3.40,J. Gordon WR - NE ,11.80,J. Landry WR - CLE ,10.30,J. White RB - NE ,11.80,C. Wentz QB - PHI ,19.84,A. Hooper TE - ATL ,10.40,,,73.48,Benni,109.46
2018,14,Benni,2,A. Rodgers QB - GB ,20.24,M. Ingram RB - NO ,11.30,C. McCaffrey RB - CAR ,22.10,R. Woods WR - LA ,6.10,A. Thielen WR - MIN ,7.80,G. Kittle TE - SF ,27.00,D. Johnson RB - ARI ,6.10,M. Badgley K - LAC ,16.00,Titans DEF ,10.00,S. Ware RB - KC ,12.90,O. Beckham WR - NYG ,0.00,J. Conner RB - PIT ,0.00,M. Mack RB - IND ,9.30,J. Allen QB - BUF ,18.34,Bears DEF ,20.00,,,126.64,Ritz,127.98
2018,14,Erik,6,A. Luck QB - IND ,23.56,E. Elliott RB - DAL ,19.20,N. Chubb RB - CLE ,14.30,D. Hopkins WR - HOU ,9.60,K. Golladay WR - DET ,0.50,T. Kelce TE - KC ,13.70,P. Lindsay RB - DEN ,11.10,J. Tucker K - BAL ,6.00,Bills DEF ,4.00,R. Wilson QB - SEA ,8.98,L. Miller RB - HOU ,11.20,A. Jeffery WR - PHI ,11.00,J. Howard RB - CHI ,10.30,T. Boyd WR - CIN ,5.20,D. Njoku TE - CLE ,3.50,,,101.96,Kessi,76.80
2018,14,Ritz,1,B. Roethlisberger QB - PIT ,19.28,J. Mixon RB - CIN ,19.80,A. Kamara RB - NO ,10.70,M. Evans WR - TB ,8.60,D. Adams WR - GB ,14.10,Z. Ertz TE - PHI ,3.80,A. Cooper WR - DAL ,39.70,H. Butker K - KC ,9.00,Chargers DEF ,3.00,J. Edelman WR - NE ,14.60,D. Henry RB - TEN ,47.80,D. Watson QB - HOU ,18.18,J. Samuels RB - PIT ,9.20,C. Sutton WR - DEN ,1.30,Broncos DEF ,6.00,,,127.98,Benni,126.64
2018,14,Marv,5,P. Rivers QB - LAC ,13.50,L. Fournette RB - JAX ,4.10,S. Michel RB - NE ,5.70,J. Jones WR - ATL ,22.60,K. Allen WR - LAC ,13.80,T. Burton TE - CHI ,2.20,J. Jackson RB - LAC ,3.50,W. Lutz K - NO ,8.00,Texans DEF ,4.00,A. Robinson WR - CHI ,4.20,I. Crowell RB - NYJ ,0.70,T. Lockett WR - SEA ,5.90,M. Trubisky QB - CHI ,4.70,M. Breida RB - SF ,0.00,K. Johnson RB - DET ,0.00,,,77.40,Tommy,104.58
2018,14,Simi,7,C. Newton QB - CAR ,10.90,A. Jones RB - GB ,16.60,T. Cohen RB - CHI ,8.90,A. Brown WR - PIT ,3.50,D. Baldwin WR - SEA ,0.00,J. Graham TE - GB ,1.30,D. Cook RB - MIN ,14.30,K. Fairbairn K - HOU ,3.00,Vikings DEF ,5.00,M. Ryan QB - ATL ,20.48,A. Green WR - CIN ,0.00,J. Reed TE - WAS ,0.00,K. Drake RB - MIA ,13.90,J. Adams RB - PHI ,3.60,Packers DEF ,13.00,,,63.50,Juschka,106.24
2018,14,Tommy,4,P. Mahomes QB - KC ,20.78,T. Gurley RB - LA ,5.80,G. Edwards RB - BAL ,6.70,M. Thomas WR - NO ,9.80,J. Smith-Schuster WR - PIT ,25.00,E. Engram TE - NYG ,7.70,D. Thomas WR - HOU ,4.80,B. Maher K - DAL ,13.00,Rams DEF ,11.00,T. Brady QB - NE ,26.62,L. Fitzgerald WR - ARI ,5.50,S. Watkins WR - KC ,0.00,P. Barber RB - TB ,4.40,Steelers DEF ,6.00,-,-,,,104.58,Marv,77.40
2018,14,Juschka,3,D. Brees QB - NO ,13.94,A. Ekeler RB - LAC ,15.40,S. Barkley RB - NYG ,25.70,S. Diggs WR - MIN ,8.10,T. Hill WR - KC ,14.50,E. Ebron TE - IND ,12.50,T. Coleman RB - ATL ,4.10,G. Zuerlein K - LA ,8.00,Chiefs DEF ,4.00,J. Cook TE - LV ,11.60,A. Peterson RB - WAS ,1.90,M. Gordon RB - LAC ,0.00,C. Ridley WR - ATL ,1.00,T. Smith WR - NO ,0.00,Redskins DEF ,3.00,,,106.24,Simi,63.50
2018,14,Kessi,8,J. Goff QB - LA ,-0.30,L. McCoy RB - BUF ,0.10,C. Carson RB - SEA ,15.00,T. Hilton WR - IND ,19.90,B. Cooks WR - LA ,2.20,R. Gronkowski TE - NE ,16.70,D. Martin RB - LV ,9.20,S. Gostkowski K - NE ,9.00,Ravens DEF ,5.00,D. Lewis RB - TEN ,5.20,J. Gordon WR - NE ,9.60,J. Landry WR - CLE ,21.10,J. White RB - NE ,2.80,C. Wentz QB - PHI ,18.82,A. Hooper TE - ATL ,3.70,,,76.80,Erik,101.96
2018,15,Benni,2,D. Prescott QB - DAL ,6.24,D. Johnson RB - ARI ,16.10,C. McCaffrey RB - CAR ,18.00,R. Woods WR - LA ,9.30,A. Thielen WR - MIN ,1.90,G. Kittle TE - SF ,5.10,M. Ingram RB - NO ,7.40,M. Badgley K - LAC ,3.00,Bears DEF ,8.00,A. Rodgers QB - GB ,13.46,S. Ware RB - KC ,0.00,O. Beckham WR - NYG ,0.00,J. Conner RB - PIT ,0.00,J. Wilson RB - SF ,2.60,J. Allen QB - BUF ,19.76,,,75.04,Juschka,80.82
2018,15,Erik,6,A. Luck QB - IND ,9.68,E. Elliott RB - DAL ,12.80,N. Chubb RB - CLE ,10.00,D. Hopkins WR - HOU ,29.00,T. Boyd WR - CIN ,9.80,T. Kelce TE - KC ,6.10,P. Lindsay RB - DEN ,4.40,J. Tucker K - BAL ,8.00,Seahawks DEF ,5.00,R. Wilson QB - SEA ,18.98,L. Miller RB - HOU ,0.80,A. Jeffery WR - PHI ,16.00,J. Howard RB - CHI ,13.50,D. Njoku TE - CLE ,3.00,K. Golladay WR - DET ,14.60,,,94.78,Simi,88.74
2018,15,Ritz,1,B. Roethlisberger QB - PIT ,13.10,J. Mixon RB - CIN ,25.00,A. Kamara RB - NO ,16.30,M. Evans WR - TB ,12.10,D. Adams WR - GB ,13.90,Z. Ertz TE - PHI ,2.20,A. Cooper WR - DAL ,4.30,H. Butker K - KC ,4.00,Broncos DEF ,7.00,J. Edelman WR - NE ,9.00,D. Henry RB - TEN ,29.24,D. Watson QB - HOU ,22.36,M. Mack RB - IND ,24.90,J. Samuels RB - PIT ,17.20,C. Sutton WR - DEN ,4.20,,,97.90,Tommy,100.52
2018,15,Marv,5,P. Rivers QB - LAC ,18.52,L. Fournette RB - JAX ,6.40,S. Michel RB - NE ,5.90,J. Jones WR - ATL ,14.20,K. Allen WR - LAC ,0.00,T. Burton TE - CHI ,9.60,T. Lockett WR - SEA ,5.60,W. Lutz K - NO ,6.00,Texans DEF ,5.00,A. Robinson WR - CHI ,5.40,I. Crowell RB - NYJ ,0.00,M. Trubisky QB - CHI ,19.00,M. Breida RB - SF ,9.60,J. Jackson RB - LAC ,14.50,K. Johnson RB - DET ,0.00,,,71.22,Kessi,66.56
2018,15,Simi,7,C. Newton QB - CAR ,4.74,D. Cook RB - MIN ,28.30,A. Jones RB - GB ,0.80,A. Brown WR - PIT ,10.90,A. Humphries WR - TB ,2.30,J. Graham TE - GB ,3.20,T. Cohen RB - CHI ,9.50,K. Fairbairn K - HOU ,19.00,Jaguars DEF ,10.00,M. Ryan QB - ATL ,25.04,A. Green WR - CIN ,0.00,D. Baldwin WR - SEA ,19.70,K. Drake RB - MIA ,3.40,J. Adams RB - PHI ,8.80,Vikings DEF ,13.00,,,88.74,Erik,94.78
2018,15,Tommy,4,P. Mahomes QB - KC ,18.02,D. Williams RB - KC ,24.30,T. Gurley RB - LA ,24.40,M. Thomas WR - NO ,4.90,J. Smith-Schuster WR - PIT ,4.00,E. Engram TE - NYG ,7.50,G. Edwards RB - BAL ,16.40,B. Maher K - DAL ,0.00,Rams DEF ,1.00,D. Thomas WR - HOU ,5.90,T. Brady QB - NE ,13.16,L. Fitzgerald WR - ARI ,8.20,S. Watkins WR - KC ,0.00,P. Barber RB - TB ,14.90,Steelers DEF ,7.00,,,100.52,Ritz,97.90
2018,15,Juschka,3,D. Brees QB - NO ,5.92,A. Peterson RB - WAS ,7.10,S. Barkley RB - NYG ,5.60,S. Diggs WR - MIN ,11.80,T. Hill WR - KC ,4.10,E. Ebron TE - IND ,0.80,T. Coleman RB - ATL ,20.50,G. Zuerlein K - LA ,11.00,Redskins DEF ,14.00,J. Cook TE - LV ,2.30,M. Gordon RB - LAC ,0.00,A. Ekeler RB - LAC ,0.00,C. Ridley WR - ATL ,4.20,T. Smith WR - NO ,1.50,Chiefs DEF ,8.00,,,80.82,Benni,75.04
2018,15,Kessi,8,J. Goff QB - LA ,10.66,D. Martin RB - LV ,3.90,C. Carson RB - SEA ,20.80,T. Hilton WR - IND ,8.50,B. Cooks WR - LA ,5.90,R. Gronkowski TE - NE ,2.10,J. Landry WR - CLE ,3.70,S. Gostkowski K - NE ,4.00,Ravens DEF ,7.00,L. McCoy RB - BUF ,0.00,D. Lewis RB - TEN ,4.40,J. Gordon WR - NE ,1.90,J. White RB - NE ,3.70,C. Wentz QB - PHI ,0.00,A. Hooper TE - ATL ,0.00,,,66.56,Marv,71.22
2018,16,Benni,2,B. Mayfield QB - CLE ,24.96,D. Johnson RB - ARI ,12.70,C. McCaffrey RB - CAR ,17.80,R. Woods WR - LA ,22.40,A. Thielen WR - MIN ,8.30,G. Kittle TE - SF ,7.40,C. Anderson RB - LA ,22.20,A. Vinatieri K - IND ,4.00,Bears DEF ,7.00,M. Ingram RB - NO ,10.30,A. Rodgers QB - GB ,42.88,S. Ware RB - KC ,0.00,O. Beckham WR - NYG ,0.00,R. Anderson WR - NYJ ,20.00,J. Allen QB - BUF ,11.68,,,126.76,Ritz,140.20
2018,16,Erik,6,R. Wilson QB - SEA ,28.54,E. Elliott RB - DAL ,10.90,N. Chubb RB - CLE ,11.50,A. Jeffery WR - PHI ,8.20,D. Hopkins WR - HOU ,10.40,T. Kelce TE - KC ,5.40,P. Lindsay RB - DEN ,5.70,J. Tucker K - BAL ,12.00,Titans DEF ,13.00,A. Luck QB - IND ,21.58,L. Miller RB - HOU ,0.00,J. Howard RB - CHI ,13.00,T. Boyd WR - CIN ,0.00,D. Njoku TE - CLE ,13.30,K. Golladay WR - DET ,5.80,,,105.64,Marv,74.54
2018,16,Ritz,1,B. Roethlisberger QB - PIT ,29.60,J. Mixon RB - CIN ,7.80,A. Kamara RB - NO ,22.50,M. Evans WR - TB ,15.00,D. Adams WR - GB ,13.10,Z. Ertz TE - PHI ,23.00,D. Henry RB - TEN ,15.20,H. Butker K - KC ,13.00,Broncos DEF ,1.00,J. Edelman WR - NE ,13.00,A. Cooper WR - DAL ,2.00,D. Watson QB - HOU ,36.46,M. Mack RB - IND ,9.80,J. Samuels RB - PIT ,12.40,C. Sutton WR - DEN ,12.50,,,140.20,Benni,126.76
2018,16,Marv,5,P. Rivers QB - LAC ,3.34,L. Fournette RB - JAX ,13.10,S. Michel RB - NE ,17.60,J. Jones WR - ATL ,8.80,K. Allen WR - LAC ,5.80,T. Burton TE - CHI ,3.00,T. Lockett WR - SEA ,9.90,W. Lutz K - NO ,7.00,Texans DEF ,6.00,A. Robinson WR - CHI ,7.40,I. Crowell RB - NYJ ,0.00,M. Trubisky QB - CHI ,12.14,M. Breida RB - SF ,2.60,J. Jackson RB - LAC ,4.60,K. Johnson RB - DET ,0.00,,,74.54,Erik,105.64
2018,16,Simi,7,M. Ryan QB - ATL ,19.46,D. Cook RB - MIN ,10.80,T. Cohen RB - CHI ,1.90,A. Brown WR - PIT ,30.50,D. Baldwin WR - SEA ,18.60,J. Graham TE - GB ,3.40,J. Adams RB - PHI ,0.10,K. Fairbairn K - HOU ,6.00,Jaguars DEF ,17.00,A. Green WR - CIN ,0.00,C. Newton QB - CAR ,0.00,A. Humphries WR - TB ,7.90,K. Drake RB - MIA ,5.40,A. Jones RB - GB ,0.00,Vikings DEF ,7.00,,,107.76,Kessi,112.26
2018,16,Tommy,4,P. Mahomes QB - KC ,28.22,D. Williams RB - KC ,18.00,G. Edwards RB - BAL ,10.50,M. Thomas WR - NO ,16.90,M. Williams WR - LAC ,1.10,E. Engram TE - NYG ,11.30,J. Smith-Schuster WR - PIT ,9.50,B. Maher K - DAL ,11.00,Rams DEF ,8.00,T. Brady QB - NE ,5.04,L. Fitzgerald WR - ARI ,10.58,T. Gurley RB - LA ,0.00,P. Barber RB - TB ,5.60,J. Williams RB - GB ,21.60,Steelers DEF ,3.00,,,114.52,Juschka,77.04
2018,16,Juschka,3,D. Brees QB - NO ,16.94,M. Gordon RB - LAC ,11.40,S. Barkley RB - NYG ,13.70,S. Diggs WR - MIN ,7.00,T. Hill WR - KC ,9.10,E. Ebron TE - IND ,2.80,T. Coleman RB - ATL ,5.10,G. Zuerlein K - LA ,7.00,Redskins DEF ,4.00,J. Cook TE - LV ,2.00,A. Peterson RB - WAS ,12.70,A. Ekeler RB - LAC ,0.00,C. Ridley WR - ATL ,15.00,T. Smith WR - NO ,1.10,Chiefs DEF ,-1.00,,,77.04,Tommy,114.52
2018,16,Kessi,8,J. Goff QB - LA ,17.24,D. Martin RB - LV ,17.60,C. Carson RB - SEA ,23.60,T. Hilton WR - IND ,13.80,B. Cooks WR - LA ,6.20,R. Gronkowski TE - NE ,0.00,J. Landry WR - CLE ,7.82,S. Gostkowski K - NE ,6.00,Ravens DEF ,20.00,L. McCoy RB - BUF ,1.90,D. Lewis RB - TEN ,2.50,J. Gordon WR - NE ,0.00,J. White RB - NE ,11.40,C. Wentz QB - PHI ,0.00,A. Hooper TE - ATL ,3.60,,,112.26,Simi,107.76
2019,1,Benni,8,A. Rodgers QB - GB ,12.92,D. Cook RB - MIN ,24.00,K. Johnson RB - DET ,6.20,D. Adams WR - GB ,3.60,C. Godwin WR - TB ,11.30,H. Henry TE - LAC ,6.00,J. Conner RB - PIT ,6.50,J. Elliott K - PHI ,6.00,Bears DEF ,9.00,T. Hilton WR - IND ,20.70,J. Gordon WR - SEA ,13.30,R. Woods WR - LA ,8.60,D. Johnson RB - HOU ,9.00,J. Jackson RB - LAC ,6.10,D. Guice RB - WAS ,3.80,,,85.52,Kessi,93.32
2019,1,Erik,3,B. Mayfield QB - CLE ,9.40,M. Ingram RB - BAL ,22.70,A. Jones RB - GB ,3.90,K. Allen WR - LAC ,18.30,O. Beckham WR - CLE ,7.10,O. Howard TE - TB ,1.20,D. Johnson RB - ARI ,19.70,G. Zuerlein K - LA ,14.00,Eagles DEF ,1.00,L. Murray RB - NO ,10.70,B. Cooks WR - LA ,3.90,R. Penny RB - SEA ,1.80,C. Ridley WR - ATL ,12.40,J. Jacobs RB - LV ,23.30,Jaguars DEF ,-4.00,,,97.30,Simi,89.26
2019,1,Ritz,6,M. Ryan QB - ATL ,18.56,L. Bell RB - NYJ ,17.20,N. Chubb RB - CLE ,8.50,A. Cooper WR - DAL ,16.60,T. Boyd WR - CIN ,6.30,G. Kittle TE - SF ,5.40,T. Coleman RB - SF ,5.60,B. Maher K ,5.00,Vikings DEF ,14.00,E. Sanders WR - SF ,14.60,R. Wilson QB - SEA ,16.60,M. Gordon RB - LAC ,0.00,K. Drake RB - ARI ,2.70,M. Williams WR - LAC ,2.90,P. Lindsay RB - DEN ,6.60,,,97.16,Marv,135.42
2019,1,Marv,1,D. Watson QB - HOU ,30.72,C. McCaffrey RB - CAR ,32.90,M. Mack RB - IND ,25.40,M. Evans WR - TB ,2.80,T. Lockett WR - SEA ,10.40,T. Kelce TE - KC ,8.80,S. Michel RB - NE ,1.40,W. Lutz K - NO ,14.00,Rams DEF ,9.00,L. McCoy RB - KC ,9.30,W. Fuller WR - HOU ,6.90,C. Davis WR - TEN ,0.00,C. Kirk WR - ARI ,6.40,D. Moore WR - CAR ,5.60,M. Sanders RB - PHI ,2.70,,,135.42,Ritz,97.16
2019,1,Simi,7,C. Newton QB - CAR ,5.36,D. Henry RB - TEN ,27.90,S. Barkley RB - NYG ,13.90,T. Hill WR - KC ,2.10,J. Smith-Schuster WR - PIT ,7.80,J. Cook TE - NO ,3.70,D. Montgomery RB - CHI ,4.50,J. Tucker K - BAL ,11.00,Ravens DEF ,13.00,A. Green WR - CIN ,0.00,T. Brady QB - NE ,25.64,A. Thielen WR - MIN ,10.30,E. Ebron TE - IND ,0.80,J. Howard RB - PHI ,5.50,D. Metcalf WR - SEA ,8.90,,,89.26,Erik,97.30
2019,1,Tommy,5,P. Mahomes QB - KC ,27.32,D. Freeman RB - ATL ,1.10,A. Kamara RB - NO ,16.90,J. Jones WR - ATL ,9.10,M. Thomas WR - NO ,12.30,D. Njoku TE - CLE ,9.70,C. Carson RB - SEA ,18.00,A. Rosas K - NYG ,5.00,Saints DEF ,7.00,J. Edelman WR - NE ,10.38,S. Watkins WR - KC ,37.80,A. Robinson WR - CHI ,10.20,D. Westbrook WR - JAX ,9.20,K. Hunt RB - CLE ,0.00,D. Henderson RB - LA ,0.00,,,106.42,Juschka,134.10
2019,1,Juschka,2,D. Brees QB - NO ,20.80,T. Gurley RB - LA ,10.10,L. Fournette RB - JAX ,7.40,D. Hopkins WR - HOU ,23.10,S. Diggs WR - MIN ,3.70,E. Engram TE - NYG ,17.60,A. Ekeler RB - LAC ,33.40,H. Butker K - KC ,16.00,Chargers DEF ,2.00,L. Fitzgerald WR - ARI ,17.30,A. Peterson RB - WAS ,0.00,M. Sanu WR - NE ,5.70,J. Landry WR - CLE ,7.70,J. White RB - NE ,8.20,D. Williams RB - KC ,12.50,,,134.10,Tommy,106.42
2019,1,Kessi,4,C. Wentz QB - PHI ,25.02,E. Elliott RB - DAL ,12.30,J. Mixon RB - CIN ,1.70,C. Kupp WR - LA ,4.60,K. Golladay WR - DET ,10.20,Z. Ertz TE - PHI ,5.40,A. Jeffery WR - PHI ,17.10,S. Gostkowski K - NE ,15.00,Texans DEF ,2.00,A. Brown WR ,0.00,S. Shepard WR - NYG ,4.20,R. Anderson WR - NYJ ,2.30,P. Barber RB - TB ,4.50,T. Cohen RB - CHI ,4.90,R. Jones RB - TB ,9.30,,,93.32,Benni,85.52
2019,2,Benni,7,A. Rodgers QB - GB ,14.36,J. Conner RB - PIT ,10.50,D. Cook RB - MIN ,25.10,R. Woods WR - LA ,4.20,D. Adams WR - GB ,10.60,G. Kittle TE - SF ,5.40,M. Breida RB - SF ,13.20,K. Fairbairn K - HOU ,7.00,Bears DEF ,5.00,J. Gordon WR - SEA ,1.90,D. Johnson RB - HOU ,3.10,C. Godwin WR - TB ,18.10,K. Johnson RB - DET ,14.80,M. Andrews TE - BAL ,17.20,D. Singletary RB - BUF ,11.70,,,95.36,Ritz,92.40
2019,2,Erik,1,L. Jackson QB - BAL ,30.88,M. Ingram RB - BAL ,7.70,D. Johnson RB - ARI ,7.40,K. Allen WR - LAC ,9.80,O. Beckham WR - CLE ,22.10,O. Howard TE - TB ,0.00,J. Jacobs RB - LV ,9.90,G. Zuerlein K - LA ,9.00,Patriots DEF ,37.00,L. Murray RB - NO ,2.30,B. Cooks WR - LA ,13.60,D. Waller TE - LV ,6.30,A. Jones RB - GB ,21.00,B. Mayfield QB - CLE ,15.00,C. Ridley WR - ATL ,16.50,,,133.78,Marv,86.46
2019,2,Ritz,8,M. Ryan QB - ATL ,19.10,L. Bell RB - NYJ ,10.90,N. Chubb RB - CLE ,15.80,T. Hilton WR - IND ,10.30,A. Cooper WR - DAL ,10.40,T. Hockenson TE - DET ,0.70,T. Boyd WR - CIN ,12.20,B. Maher K ,7.00,Vikings DEF ,6.00,E. Sanders WR - SF ,17.80,M. Brown RB - LA ,4.70,T. Coleman RB - SF ,0.00,M. Gordon RB - LAC ,0.00,D. Prescott QB - DAL ,27.66,P. Lindsay RB - DEN ,6.60,,,92.40,Benni,95.36
2019,2,Marv,6,D. Watson QB - HOU ,12.86,C. McCaffrey RB - CAR ,5.30,M. Mack RB - IND ,6.30,M. Evans WR - TB ,6.10,T. Lockett WR - SEA ,7.90,T. Kelce TE - KC ,16.70,S. Michel RB - NE ,12.30,W. Lutz K - NO ,11.00,Rams DEF ,8.00,L. McCoy RB - KC ,2.30,W. Fuller WR - HOU ,4.00,C. Kirk WR - ARI ,11.40,D. Moore WR - CAR ,8.90,M. Brown WR - BAL ,8.60,M. Sanders RB - PHI ,3.70,,,86.46,Erik,133.78
2019,2,Simi,2,T. Brady QB - NE ,24.66,D. Henry RB - TEN ,15.40,S. Barkley RB - NYG ,19.50,A. Thielen WR - MIN ,7.50,J. Smith-Schuster WR - PIT ,8.40,J. Cook TE - NO ,2.50,D. Metcalf WR - SEA ,12.10,J. Tucker K - BAL ,13.00,Ravens DEF ,4.00,A. Green WR - CIN ,0.00,C. Newton QB - CAR ,11.32,E. Ebron TE - IND ,8.50,J. Howard RB - PHI ,2.60,T. Hill WR - KC ,0.00,D. Montgomery RB - CHI ,12.80,,,107.06,Juschka,67.92
2019,2,Tommy,3,P. Mahomes QB - KC ,31.62,A. Kamara RB - NO ,6.00,C. Carson RB - SEA ,6.70,J. Jones WR - ATL ,22.60,M. Thomas WR - NO ,8.90,D. Njoku TE - CLE ,0.00,S. Watkins WR - KC ,4.90,R. Gould K - SF ,11.00,Browns DEF ,13.00,J. Edelman WR - NE ,5.20,R. Cobb WR - DAL ,3.50,A. Robinson WR - CHI ,4.10,D. Freeman RB - ATL ,6.40,D. Westbrook WR - JAX ,0.30,K. Hunt RB - CLE ,0.00,,,104.72,Kessi,94.24
2019,2,Juschka,4,D. Brees QB - NO ,-0.48,T. Gurley RB - LA ,12.70,L. Fournette RB - JAX ,8.70,D. Hopkins WR - HOU ,4.00,S. Diggs WR - MIN ,8.90,E. Engram TE - NYG ,4.80,A. Ekeler RB - LAC ,17.30,H. Butker K - KC ,4.00,Chargers DEF ,8.00,D. Jackson WR - PHI ,0.00,L. Fitzgerald WR - ARI ,10.40,M. Sanu WR - NE ,1.60,J. Landry WR - CLE ,3.20,J. White RB - NE ,8.90,D. Williams RB - KC ,5.60,,,67.92,Simi,107.06
2019,2,Kessi,5,C. Wentz QB - PHI ,17.54,E. Elliott RB - DAL ,18.00,J. Mixon RB - CIN ,2.70,A. Brown WR ,12.10,K. Golladay WR - DET ,17.70,Z. Ertz TE - PHI ,9.20,A. Jeffery WR - PHI ,0.00,S. Gostkowski K - NE ,7.00,Texans DEF ,10.00,S. Shepard WR - NYG ,0.00,R. Anderson WR - NYJ ,8.10,P. Barber RB - TB ,14.90,C. Kupp WR - LA ,12.60,T. Cohen RB - CHI ,2.50,R. Jones RB - TB ,0.90,,,94.24,Tommy,104.72
2019,3,Benni,7,J. Allen QB - BUF ,18.32,D. Cook RB - MIN ,20.30,K. Johnson RB - DET ,10.30,D. Adams WR - GB ,5.60,C. Godwin WR - TB ,4.00,G. Kittle TE - SF ,5.70,J. Conner RB - PIT ,3.70,J. Slye K - CAR ,8.00,Bears DEF ,21.00,A. Rodgers QB - GB ,13.30,J. Gordon WR - SEA ,8.40,R. Woods WR - LA ,5.80,M. Breida RB - SF ,8.80,M. Andrews TE - BAL ,1.50,D. Singletary RB - BUF ,0.00,,,96.92,Tommy,115.06
2019,3,Erik,1,L. Jackson QB - BAL ,21.28,M. Ingram RB - BAL ,31.50,A. Jones RB - GB ,14.30,K. Allen WR - LAC ,30.60,O. Beckham WR - CLE ,5.60,D. Waller TE - LV ,14.10,D. Johnson RB - ARI ,12.50,G. Zuerlein K - LA ,10.00,Patriots DEF ,14.00,L. Murray RB - NO ,0.20,B. Cooks WR - LA ,12.00,B. Mayfield QB - CLE ,9.70,C. Ridley WR - ATL ,0.60,J. Jacobs RB - LV ,4.40,Cowboys DEF ,12.00,,,153.88,Ritz,90.34
2019,3,Ritz,8,D. Prescott QB - DAL ,22.54,L. Bell RB - NYJ ,6.30,N. Chubb RB - CLE ,13.10,E. Sanders WR - SF ,1.00,A. Cooper WR - DAL ,20.80,T. Hockenson TE - DET ,0.10,T. Hilton WR - IND ,12.50,B. Maher K ,7.00,Vikings DEF ,7.00,M. Ryan QB - ATL ,22.46,D. Walker TE - TEN ,6.40,T. Coleman RB - SF ,0.00,M. Gordon RB - LAC ,0.00,T. Boyd WR - CIN ,6.80,P. Lindsay RB - DEN ,25.00,,,90.34,Erik,153.88
2019,3,Marv,3,D. Watson QB - HOU ,25.84,C. McCaffrey RB - CAR ,24.80,M. Mack RB - IND ,14.80,M. Evans WR - TB ,37.00,T. Lockett WR - SEA ,21.40,T. Kelce TE - KC ,8.90,S. Michel RB - NE ,7.10,W. Lutz K - NO ,3.00,Rams DEF ,9.00,L. McCoy RB - KC ,20.00,C. Hyde RB - HOU ,7.90,W. Fuller WR - HOU ,5.10,D. Moore WR - CAR ,12.40,M. Brown WR - BAL ,4.90,M. Sanders RB - PHI ,10.60,,,151.84,Simi,84.54
2019,3,Simi,5,T. Brady QB - NE ,20.14,D. Henry RB - TEN ,10.60,S. Barkley RB - NYG ,3.70,A. Thielen WR - MIN ,17.60,J. Smith-Schuster WR - PIT ,14.10,J. Cook TE - NO ,0.70,D. Metcalf WR - SEA ,6.70,J. Tucker K - BAL ,4.00,49ers DEF ,7.00,A. Green WR - CIN ,0.00,C. Newton QB - CAR ,0.00,J. Howard RB - PHI ,9.70,T. Hill WR - KC ,0.00,D. Montgomery RB - CHI ,8.10,Ravens DEF ,0.00,,,84.54,Marv,151.84
2019,3,Tommy,2,P. Mahomes QB - KC ,27.86,A. Kamara RB - NO ,28.10,C. Carson RB - SEA ,3.00,J. Jones WR - ATL ,18.80,M. Thomas WR - NO ,11.40,O. Howard TE - TB ,6.60,R. Cobb WR - DAL ,2.30,R. Gould K - SF ,6.00,Bills DEF ,11.00,J. Edelman WR - NE ,12.20,S. Watkins WR - KC ,6.40,A. Robinson WR - CHI ,6.00,D. Freeman RB - ATL ,9.50,D. Westbrook WR - JAX ,5.00,K. Hunt RB - CLE ,0.00,,,115.06,Benni,96.92
2019,3,Juschka,6,R. Wilson QB - SEA ,41.34,T. Gurley RB - LA ,4.30,L. Fournette RB - JAX ,9.20,D. Hopkins WR - HOU ,6.70,J. Ross WR - CIN ,0.20,E. Engram TE - NYG ,17.30,A. Ekeler RB - LAC ,8.10,H. Butker K - KC ,9.00,Chargers DEF ,4.00,D. Jackson WR - PHI ,0.00,L. Fitzgerald WR - ARI ,9.60,J. Landry WR - CLE ,6.20,J. White RB - NE ,0.00,D. Williams RB - KC ,0.00,S. Diggs WR - MIN ,1.50,,,100.14,Kessi,107.26
2019,3,Kessi,4,C. Wentz QB - PHI ,21.66,E. Elliott RB - DAL ,13.90,J. Mixon RB - CIN ,15.40,C. Kupp WR - LA ,22.10,K. Golladay WR - DET ,1.70,Z. Ertz TE - PHI ,6.40,R. Jones RB - TB ,12.10,S. Gostkowski K - NE ,6.00,Texans DEF ,8.00,A. Brown WR ,0.00,A. Jeffery WR - PHI ,0.00,S. Shepard WR - NYG ,20.10,R. Anderson WR - NYJ ,1.10,P. Barber RB - TB ,5.50,T. Cohen RB - CHI ,2.40,,,107.26,Juschka,100.14
2019,4,Benni,4,D. Jones QB - NYG ,12.30,D. Cook RB - MIN ,13.00,K. Johnson RB - DET ,13.70,D. Adams WR - GB ,18.00,C. Godwin WR - TB ,29.20,M. Andrews TE - BAL ,9.10,J. Conner RB - PIT ,18.50,J. Slye K - CAR ,12.00,Bears DEF ,17.00,A. Rodgers QB - GB ,25.48,J. Gordon WR - SEA ,4.60,R. Woods WR - LA ,16.40,G. Kittle TE - SF ,0.00,M. Breida RB - SF ,0.00,D. Singletary RB - BUF ,0.00,,,142.80,Marv,92.20
2019,4,Erik,1,L. Jackson QB - BAL ,24.48,M. Ingram RB - BAL ,7.10,A. Jones RB - GB ,11.80,K. Allen WR - LAC ,4.80,O. Beckham WR - CLE ,2.00,D. Waller TE - LV ,5.30,D. Johnson RB - ARI ,13.90,G. Zuerlein K - LA ,12.00,Patriots DEF ,23.00,G. Tate WR - NYG ,0.00,B. Cooks WR - LA ,7.10,C. Ridley WR - ATL ,3.20,J. Jacobs RB - LV ,10.80,T. McLaurin WR - WAS ,0.00,T. Pollard RB - DAL ,0.00,,,104.38,Kessi,103.50
2019,4,Ritz,8,D. Prescott QB - DAL ,7.62,P. Lindsay RB - DEN ,6.00,N. Chubb RB - CLE ,36.30,A. Cooper WR - DAL ,4.80,T. Boyd WR - CIN ,3.30,G. Olsen TE - CAR ,0.50,E. Sanders WR - SF ,10.40,M. Gay K - TB ,15.00,Vikings DEF ,2.00,M. Ryan QB - ATL ,15.68,T. Hilton WR - IND ,0.00,L. Bell RB - NYJ ,0.00,T. Coleman RB - SF ,0.00,M. Gordon RB - LAC ,0.00,T. Hockenson TE - DET ,8.70,,,85.92,Juschka,100.60
2019,4,Marv,5,D. Watson QB - HOU ,11.60,C. McCaffrey RB - CAR ,23.90,M. Mack RB - IND ,3.90,M. Evans WR - TB ,14.90,T. Lockett WR - SEA ,5.10,T. Kelce TE - KC ,8.50,S. Michel RB - NE ,6.30,W. Lutz K - NO ,12.00,Rams DEF ,6.00,L. McCoy RB - KC ,14.90,C. Hyde RB - HOU ,6.40,W. Fuller WR - HOU ,2.30,D. Moore WR - CAR ,4.40,M. Brown WR - BAL ,2.20,M. Sanders RB - PHI ,7.20,,,92.20,Benni,142.80
2019,4,Simi,7,T. Brady QB - NE ,3.70,F. Gore RB - BUF ,10.90,D. Henry RB - TEN ,10.80,A. Thielen WR - MIN ,0.60,J. Smith-Schuster WR - PIT ,1.50,W. Dissly TE - SEA ,11.70,D. Metcalf WR - SEA ,0.60,J. Tucker K - BAL ,5.00,Ravens DEF ,-1.00,A. Green WR - CIN ,0.00,C. Newton QB - CAR ,0.00,J. Howard RB - PHI ,29.50,T. Hill WR - KC ,0.00,S. Barkley RB - NYG ,0.00,D. Montgomery RB - CHI ,6.70,,,43.80,Tommy,78.40
2019,4,Tommy,2,P. Mahomes QB - KC ,18.00,D. Freeman RB - ATL ,10.00,A. Kamara RB - NO ,8.90,J. Jones WR - ATL ,5.30,M. Thomas WR - NO ,9.50,O. Howard TE - TB ,3.30,S. Watkins WR - KC ,3.40,Z. Gonzalez K - ARI ,4.00,Seahawks DEF ,16.00,J. Edelman WR - NE ,3.00,R. Cobb WR - DAL ,4.10,A. Robinson WR - CHI ,7.70,D. Westbrook WR - JAX ,6.60,K. Hunt RB - CLE ,0.00,C. Carson RB - SEA ,14.50,,,78.40,Simi,43.80
2019,4,Juschka,6,R. Wilson QB - SEA ,14.30,L. Fournette RB - JAX ,24.50,A. Ekeler RB - LAC ,24.20,L. Fitzgerald WR - ARI ,4.70,D. Hopkins WR - HOU ,2.10,E. Engram TE - NYG ,5.40,D. Chark WR - JAX ,4.40,H. Butker K - KC ,10.00,Chargers DEF ,11.00,D. Jackson WR - PHI ,0.00,J. White RB - NE ,5.80,D. Williams RB - KC ,0.00,T. Gurley RB - LA ,19.00,S. Diggs WR - MIN ,8.80,J. Ross WR - CIN ,3.60,,,100.60,Ritz,85.92
2019,4,Kessi,3,C. Wentz QB - PHI ,19.70,E. Elliott RB - DAL ,10.50,J. Mixon RB - CIN ,6.30,C. Kupp WR - LA ,17.90,K. Golladay WR - DET ,18.70,Z. Ertz TE - PHI ,6.50,S. Shepard WR - NYG ,9.90,S. Gostkowski K - NE ,4.00,Texans DEF ,10.00,A. Brown WR ,0.00,A. Jeffery WR - PHI ,9.80,R. Anderson WR - NYJ ,0.00,P. Barber RB - TB ,7.90,T. Cohen RB - CHI ,7.80,R. Jones RB - TB ,14.20,,,103.50,Erik,104.38
2019,5,Benni,6,A. Rodgers QB - GB ,9.42,J. Conner RB - PIT ,11.50,D. Cook RB - MIN ,19.80,R. Woods WR - LA ,4.80,C. Godwin WR - TB ,24.50,G. Kittle TE - SF ,14.80,J. Gordon WR - SEA ,5.90,J. Slye K - CAR ,4.00,Bears DEF ,4.00,D. Adams WR - GB ,0.00,W. Gallman RB - NYG ,1.40,M. Breida RB - SF ,24.90,K. Johnson RB - DET ,0.00,M. Andrews TE - BAL ,4.50,D. Singletary RB - BUF ,0.00,,,98.72,Erik,113.84
2019,5,Erik,1,L. Jackson QB - BAL ,11.44,M. Ingram RB - BAL ,10.90,D. Johnson RB - ARI ,15.60,K. Allen WR - LAC ,1.80,O. Beckham WR - CLE ,3.00,D. Waller TE - LV ,3.90,A. Jones RB - GB ,42.20,G. Zuerlein K - LA ,11.00,Patriots DEF ,14.00,G. Tate WR - NYG ,1.30,B. Cooks WR - LA ,5.60,C. Ridley WR - ATL ,14.80,D. Williams RB - KC ,0.00,J. Jacobs RB - LV ,26.30,T. McLaurin WR - WAS ,5.10,,,113.84,Benni,98.72
2019,5,Ritz,8,D. Prescott QB - DAL ,23.22,L. Bell RB - NYJ ,8.80,M. Gordon RB - LAC ,3.80,A. Cooper WR - DAL ,28.60,T. Boyd WR - CIN ,18.30,A. Hooper TE - ATL ,7.60,N. Chubb RB - CLE ,9.90,M. Gay K - TB ,6.00,Vikings DEF ,12.00,M. Ryan QB - ATL ,31.90,E. Sanders WR - SF ,0.90,G. Olsen TE - CAR ,0.00,T. Hilton WR - IND ,3.70,T. Coleman RB - SF ,15.70,P. Lindsay RB - DEN ,20.70,,,118.22,Tommy,128.96
2019,5,Marv,3,D. Watson QB - HOU ,41.74,C. McCaffrey RB - CAR ,41.70,M. Mack RB - IND ,14.80,M. Evans WR - TB ,0.00,T. Lockett WR - SEA ,10.30,T. Kelce TE - KC ,7.00,S. Michel RB - NE ,18.30,W. Lutz K - NO ,7.00,Rams DEF ,2.00,L. McCoy RB - KC ,0.30,C. Hyde RB - HOU ,12.00,W. Fuller WR - HOU ,39.70,D. Moore WR - CAR ,9.10,M. Brown WR - BAL ,8.20,M. Sanders RB - PHI ,6.40,,,142.84,Juschka,112.92
2019,5,Simi,4,T. Brady QB - NE ,23.92,F. Gore RB - BUF ,6.90,D. Henry RB - TEN ,13.80,A. Thielen WR - MIN ,25.00,J. Smith-Schuster WR - PIT ,11.50,W. Dissly TE - SEA ,8.80,J. Howard RB - PHI ,12.20,J. Tucker K - BAL ,14.00,Saints DEF ,6.00,A. Green WR - CIN ,0.00,T. Hill WR - KC ,0.00,S. Barkley RB - NYG ,0.00,D. Montgomery RB - CHI ,9.60,D. Metcalf WR - SEA ,10.40,Ravens DEF ,5.00,,,122.12,Kessi,95.36
2019,5,Tommy,2,P. Mahomes QB - KC ,18.54,D. Freeman RB - ATL ,13.00,A. Kamara RB - NO ,10.92,J. Jones WR - ATL ,4.20,M. Thomas WR - NO ,30.20,E. Ebron TE - IND ,0.80,C. Carson RB - SEA ,18.30,Z. Gonzalez K - ARI ,14.00,49ers DEF ,19.00,J. Edelman WR - NE ,17.00,R. Cobb WR - DAL ,5.30,S. Watkins WR - KC ,0.00,A. Robinson WR - CHI ,21.70,D. Westbrook WR - JAX ,8.20,K. Hunt RB - CLE ,0.00,,,128.96,Ritz,118.22
2019,5,Juschka,7,R. Wilson QB - SEA ,29.92,T. Gurley RB - LA ,15.70,L. Fournette RB - JAX ,19.70,L. Fitzgerald WR - ARI ,5.80,D. Hopkins WR - HOU ,8.80,E. Engram TE - NYG ,4.70,A. Ekeler RB - LAC ,7.30,H. Butker K - KC ,7.00,Chargers DEF ,14.00,D. Jackson WR - PHI ,0.00,J. White RB - NE ,7.20,D. Williams RB - KC ,3.80,S. Diggs WR - MIN ,4.40,J. Ross WR - CIN ,0.00,D. Chark WR - JAX ,28.40,,,112.92,Marv,142.84
2019,5,Kessi,5,C. Wentz QB - PHI ,12.06,E. Elliott RB - DAL ,15.10,J. Mixon RB - CIN ,10.90,S. Shepard WR - NYG ,4.70,C. Kupp WR - LA ,17.70,Z. Ertz TE - PHI ,11.70,A. Jeffery WR - PHI ,5.20,J. Lambo K - JAX ,9.00,Texans DEF ,9.00,T. Williams WR - LV ,0.00,R. Anderson WR - NYJ ,1.60,P. Barber RB - TB ,9.10,K. Golladay WR - DET ,0.00,T. Cohen RB - CHI ,4.90,R. Jones RB - TB ,5.60,,,95.36,Simi,122.12
2019,6,Benni,4,A. Rodgers QB - GB ,18.32,D. Cook RB - MIN ,11.40,C. Carson RB - SEA ,21.90,J. Jones WR - ATL ,10.80,R. Woods WR - LA ,7.60,M. Andrews TE - BAL ,7.90,K. Johnson RB - DET ,12.10,J. Slye K - CAR ,13.00,Panthers DEF ,21.00,D. Adams WR - GB ,0.00,J. Conner RB - PIT ,23.90,M. Breida RB - SF ,6.30,C. Sutton WR - DEN ,7.60,D. Singletary RB - BUF ,0.00,Bears DEF ,0.00,,,124.02,Simi,78.56
2019,6,Erik,1,L. Jackson QB - BAL ,30.64,M. Ingram RB - BAL ,13.40,D. Johnson RB - ARI ,22.20,O. Beckham WR - CLE ,10.10,A. Cooper WR - DAL ,0.30,J. Graham TE - GB ,1.70,A. Jones RB - GB ,4.00,G. Zuerlein K - LA ,1.00,Patriots DEF ,25.00,G. Tate WR - NYG ,16.20,B. Cooks WR - LA ,3.20,M. Brown RB - LA ,4.00,D. Waller TE - LV ,0.00,J. Jacobs RB - LV ,0.00,T. McLaurin WR - WAS ,22.00,,,108.34,Juschka,70.00
2019,6,Ritz,8,M. Ryan QB - ATL ,30.94,L. Bell RB - NYJ ,11.30,N. Chubb RB - CLE ,23.90,K. Allen WR - LAC ,3.30,T. Boyd WR - CIN ,1.00,A. Hooper TE - ATL ,17.70,M. Gordon RB - LAC ,4.80,M. Gay K - TB ,6.00,Vikings DEF ,9.00,G. Olsen TE - CAR ,5.20,T. Hilton WR - IND ,0.00,T. Coleman RB - SF ,12.10,D. Prescott QB - DAL ,18.22,P. Lindsay RB - DEN ,13.50,C. Ridley WR - ATL ,10.80,,,107.94,Kessi,77.04
2019,6,Marv,2,D. Watson QB - HOU ,29.40,C. Hyde RB - HOU ,17.00,C. McCaffrey RB - CAR ,17.70,M. Evans WR - TB ,11.60,T. Lockett WR - SEA ,7.80,T. Kelce TE - KC ,5.80,S. Michel RB - NE ,11.30,W. Lutz K - NO ,7.00,Rams DEF ,7.00,L. McCoy RB - KC ,4.40,W. Fuller WR - HOU ,4.40,M. Mack RB - IND ,0.00,D. Moore WR - CAR ,8.60,M. Brown WR - BAL ,0.00,M. Sanders RB - PHI ,15.20,,,114.60,Tommy,103.52
2019,6,Simi,5,T. Brady QB - NE ,21.96,J. Howard RB - PHI ,4.90,D. Henry RB - TEN ,3.30,A. Thielen WR - MIN ,11.70,J. Smith-Schuster WR - PIT ,0.70,W. Dissly TE - SEA ,0.00,T. Hill WR - KC ,20.00,J. Tucker K - BAL ,11.00,Ravens DEF ,5.00,A. Green WR - CIN ,0.00,S. Barkley RB - NYG ,0.00,D. Montgomery RB - CHI ,0.00,D. Metcalf WR - SEA ,7.30,Saints DEF ,11.00,-,-,,,78.56,Benni,124.02
2019,6,Tommy,3,P. Mahomes QB - KC ,18.82,D. Freeman RB - ATL ,23.80,A. Kamara RB - NO ,6.60,M. Thomas WR - NO ,8.90,C. Godwin WR - TB ,15.10,G. Kittle TE - SF ,10.30,D. Robinson WR - KC ,0.00,Z. Gonzalez K - ARI ,10.00,49ers DEF ,10.00,J. Edelman WR - NE ,11.30,S. Watkins WR - KC ,0.00,J. Landry WR - CLE ,3.60,A. Robinson WR - CHI ,0.00,D. Westbrook WR - JAX ,5.30,K. Hunt RB - CLE ,0.00,,,103.52,Marv,114.60
2019,6,Juschka,7,R. Wilson QB - SEA ,28.90,L. Fournette RB - JAX ,11.80,A. Ekeler RB - LAC ,2.80,D. Hopkins WR - HOU ,7.50,D. Chark WR - JAX ,4.30,G. Everett TE - LA ,0.90,M. Gallup WR - DAL ,4.80,H. Butker K - KC ,6.00,Chargers DEF ,3.00,L. Fitzgerald WR - ARI ,6.90,J. White RB - NE ,4.50,D. Williams RB - KC ,8.00,T. Gurley RB - LA ,0.00,S. Diggs WR - MIN ,36.50,E. Engram TE - NYG ,0.00,,,70.00,Erik,108.34
2019,6,Kessi,6,C. Wentz QB - PHI ,20.54,E. Elliott RB - DAL ,21.30,R. Jones RB - TB ,7.00,S. Shepard WR - NYG ,0.00,C. Kupp WR - LA ,1.70,Z. Ertz TE - PHI ,3.40,K. Golladay WR - DET ,12.10,J. Lambo K - JAX ,6.00,Texans DEF ,5.00,A. Jeffery WR - PHI ,13.60,T. Williams WR - LV ,0.00,R. Anderson WR - NYJ ,18.50,P. Barber RB - TB ,2.80,J. Mixon RB - CIN ,3.90,T. Cohen RB - CHI ,0.00,,,77.04,Ritz,107.94
2019,7,Benni,4,J. Allen QB - BUF ,21.28,D. Cook RB - MIN ,26.90,K. Johnson RB - DET ,2.30,J. Jones WR - ATL ,9.30,R. Woods WR - LA ,8.60,M. Andrews TE - BAL ,3.90,C. Carson RB - SEA ,7.40,M. Crosby K - GB ,6.00,Bills DEF ,11.00,D. Adams WR - GB ,0.00,J. Conner RB - PIT ,0.00,M. Breida RB - SF ,3.60,C. Sutton WR - DEN ,8.70,D. Singletary RB - BUF ,2.60,Bears DEF ,6.00,,,96.68,Juschka,99.24
2019,7,Erik,1,L. Jackson QB - BAL ,23.32,D. Johnson RB - ARI ,0.20,J. Jacobs RB - LV ,13.40,B. Cooks WR - LA ,5.90,J. Brown WR - BUF ,14.30,G. Kittle TE - SF ,3.80,M. Ingram RB - BAL ,5.30,G. Zuerlein K - LA ,15.00,Patriots DEF ,25.00,G. Tate WR - NYG ,8.00,O. Beckham WR - CLE ,0.00,D. Waller TE - LV ,24.60,A. Cooper WR - DAL ,10.60,A. Jones RB - GB ,14.30,T. McLaurin WR - WAS ,1.10,,,106.22,Tommy,104.94
2019,7,Ritz,8,M. Ryan QB - ATL ,2.56,L. Bell RB - NYJ ,7.60,P. Lindsay RB - DEN ,3.20,T. Hilton WR - IND ,13.40,K. Allen WR - LAC ,6.10,A. Hooper TE - ATL ,10.60,T. Coleman RB - SF ,6.10,M. Prater K - DET ,6.00,Vikings DEF ,3.00,G. Olsen TE - CAR ,0.00,M. Gordon RB - LAC ,6.90,D. Prescott QB - DAL ,20.56,T. Boyd WR - CIN ,3.50,C. Ridley WR - ATL ,3.00,N. Chubb RB - CLE ,0.00,,,58.56,Simi,93.56
2019,7,Marv,2,D. Watson QB - HOU ,15.52,C. Hyde RB - HOU ,3.50,M. Mack RB - IND ,5.60,T. Lockett WR - SEA ,11.80,W. Fuller WR - HOU ,0.60,T. Kelce TE - KC ,4.40,S. Michel RB - NE ,21.40,W. Lutz K - NO ,10.00,Rams DEF ,21.00,L. McCoy RB - KC ,7.60,M. Evans WR - TB ,0.00,C. McCaffrey RB - CAR ,0.00,D. Moore WR - CAR ,0.00,M. Brown WR - BAL ,0.00,M. Sanders RB - PHI ,3.20,,,93.82,Kessi,53.44
2019,7,Simi,6,T. Brady QB - NE ,11.96,D. Henry RB - TEN ,16.80,S. Barkley RB - NYG ,14.00,A. Thielen WR - MIN ,8.50,T. Hill WR - KC ,13.40,J. Witten TE - DAL ,3.30,J. Howard RB - PHI ,5.60,J. Tucker K - BAL ,12.00,Saints DEF ,8.00,A. Green WR - CIN ,0.00,F. Gore RB - BUF ,6.60,J. Smith-Schuster WR - PIT ,0.00,D. Montgomery RB - CHI ,-0.10,D. Metcalf WR - SEA ,3.30,Ravens DEF ,18.00,,,93.56,Ritz,58.56
2019,7,Tommy,3,P. Mahomes QB - KC ,7.24,L. Murray RB - NO ,27.00,D. Freeman RB - ATL ,2.50,J. Edelman WR - NE ,6.70,M. Thomas WR - NO ,13.10,H. Henry TE - LAC ,9.70,A. Robinson WR - CHI ,14.70,Z. Gonzalez K - ARI ,9.00,49ers DEF ,15.00,S. Watkins WR - KC ,0.00,J. Landry WR - CLE ,0.00,K. Hunt RB - CLE ,0.00,A. Kamara RB - NO ,0.00,C. Godwin WR - TB ,0.00,K. Murray QB - ARI ,6.96,,,104.94,Erik,106.22
2019,7,Juschka,5,R. Wilson QB - SEA ,14.34,L. Fournette RB - JAX ,14.50,A. Ekeler RB - LAC ,18.50,D. Hopkins WR - HOU ,16.60,D. Chark WR - JAX ,7.30,E. Engram TE - NYG ,0.60,T. Gurley RB - LA ,11.40,H. Butker K - KC ,12.00,Chargers DEF ,4.00,L. Fitzgerald WR - ARI ,1.20,J. White RB - NE ,5.90,D. Williams RB - KC ,0.60,S. Diggs WR - MIN ,14.30,G. Everett TE - LA ,11.00,M. Gallup WR - DAL ,3.40,,,99.24,Benni,96.68
2019,7,Kessi,7,C. Wentz QB - PHI ,6.84,E. Elliott RB - DAL ,20.70,R. Jones RB - TB ,0.00,S. Shepard WR - NYG ,0.00,C. Kupp WR - LA ,5.00,Z. Ertz TE - PHI ,3.80,K. Golladay WR - DET ,2.10,J. Lambo K - JAX ,13.00,Texans DEF ,2.00,A. Jeffery WR - PHI ,3.80,T. Williams WR - LV ,0.00,R. Anderson WR - NYJ ,1.00,P. Barber RB - TB ,0.00,J. Mixon RB - CIN ,6.40,T. Cohen RB - CHI ,2.90,,,53.44,Marv,93.82
2019,8,Benni,4,J. Allen QB - BUF ,17.26,J. Conner RB - PIT ,21.00,D. Cook RB - MIN ,23.10,J. Jones WR - ATL ,15.20,C. Sutton WR - DEN ,7.20,D. Waller TE - LV ,7.10,C. Carson RB - SEA ,15.00,M. Prater K - DET ,9.00,Steelers DEF ,13.00,M. Ryan QB - ATL ,0.00,R. Woods WR - LA ,4.20,D. Adams WR - GB ,0.00,M. Breida RB - SF ,5.00,M. Andrews TE - BAL ,0.00,Bills DEF ,4.00,,,127.86,Simi,103.66
2019,8,Erik,1,A. Rodgers QB - GB ,27.10,A. Jones RB - GB ,34.60,J. Jacobs RB - LV ,8.10,J. Brown WR - BUF ,5.40,T. McLaurin WR - WAS ,3.90,G. Kittle TE - SF ,8.60,G. Tate WR - NYG ,8.50,G. Zuerlein K - LA ,6.00,Patriots DEF ,21.00,M. Ingram RB - BAL ,0.00,O. Beckham WR - CLE ,5.20,A. Cooper WR - DAL ,0.00,D. Johnson RB - ARI ,0.00,K. Drake RB - ARI ,0.00,L. Jackson QB - BAL ,0.00,,,123.20,Ritz,74.10
2019,8,Ritz,8,K. Cousins QB - MIN ,11.60,L. Bell RB - NYJ ,3.50,N. Chubb RB - CLE ,9.80,T. Hilton WR - IND ,5.40,C. Ridley WR - ATL ,9.00,A. Hooper TE - ATL ,12.50,C. Edmonds RB - ARI ,1.30,R. Gould K - SF ,9.00,Vikings DEF ,12.00,K. Allen WR - LAC ,5.30,T. Coleman RB - SF ,35.80,M. Gordon RB - LAC ,9.40,D. Prescott QB - DAL ,0.00,T. Boyd WR - CIN ,6.80,P. Lindsay RB - DEN ,7.60,,,74.10,Erik,123.20
2019,8,Marv,2,D. Watson QB - HOU ,27.76,C. McCaffrey RB - CAR ,23.50,M. Mack RB - IND ,15.00,M. Evans WR - TB ,31.80,T. Lockett WR - SEA ,10.00,T. Kelce TE - KC ,12.30,S. Michel RB - NE ,7.40,W. Lutz K - NO ,7.00,Rams DEF ,9.00,L. McCoy RB - KC ,4.30,C. Hyde RB - HOU ,8.30,W. Fuller WR - HOU ,0.00,T. Johnson RB - DET ,3.80,M. Brown WR - BAL ,0.00,M. Sanders RB - PHI ,19.80,,,143.76,Juschka,97.68
2019,8,Simi,5,T. Brady QB - NE ,18.36,D. Henry RB - TEN ,6.30,S. Barkley RB - NYG ,20.30,T. Hill WR - KC ,8.10,D. Metcalf WR - SEA ,13.30,J. Graham TE - GB ,2.00,J. Smith-Schuster WR - PIT ,16.30,J. Myers K - SEA ,11.00,Saints DEF ,8.00,A. Green WR - CIN ,0.00,F. Gore RB - BUF ,3.40,A. Thielen WR - MIN ,0.00,J. Howard RB - PHI ,17.10,D. Montgomery RB - CHI ,20.70,J. Tucker K - BAL ,0.00,,,103.66,Benni,127.86
2019,8,Tommy,3,K. Murray QB - ARI ,10.10,L. Murray RB - NO ,27.70,D. Freeman RB - ATL ,8.20,M. Thomas WR - NO ,16.30,C. Godwin WR - TB ,6.30,H. Henry TE - LAC ,4.70,M. Jones WR - DET ,2.20,Z. Gonzalez K - ARI ,11.00,49ers DEF ,17.00,J. Edelman WR - NE ,19.50,S. Watkins WR - KC ,4.50,A. Robinson WR - CHI ,6.20,K. Hunt RB - CLE ,0.00,A. Kamara RB - NO ,0.00,P. Mahomes QB - KC ,0.00,,,103.50,Kessi,111.68
2019,8,Juschka,7,R. Wilson QB - SEA ,15.68,T. Gurley RB - LA ,10.40,L. Fournette RB - JAX ,13.60,D. Hopkins WR - HOU ,10.90,D. Chark WR - JAX ,13.90,E. Engram TE - NYG ,10.00,A. Ekeler RB - LAC ,8.20,H. Butker K - KC ,6.00,Chargers DEF ,9.00,L. Fitzgerald WR - ARI ,0.80,J. White RB - NE ,7.90,D. Williams RB - KC ,9.00,S. Diggs WR - MIN ,12.30,G. Everett TE - LA ,1.50,M. Gallup WR - DAL ,0.00,,,97.68,Marv,143.76
2019,8,Kessi,6,C. Wentz QB - PHI ,14.38,J. Mixon RB - CIN ,13.70,R. Jones RB - TB ,5.20,T. Williams WR - LV ,15.10,C. Kupp WR - LA ,28.00,Z. Ertz TE - PHI ,2.00,K. Golladay WR - DET ,22.30,J. Lambo K - JAX ,11.00,Texans DEF ,0.00,A. Jeffery WR - PHI ,6.40,E. Elliott RB - DAL ,0.00,S. Shepard WR - NYG ,0.00,R. Anderson WR - NYJ ,4.30,P. Barber RB - TB ,2.80,T. Cohen RB - CHI ,4.60,,,111.68,Tommy,103.50
2019,9,Benni,4,A. Rodgers QB - GB ,12.94,D. Cook RB - MIN ,11.60,J. Samuels RB - PIT ,6.30,D. Adams WR - GB ,4.10,C. Sutton WR - DEN ,12.30,M. Andrews TE - BAL ,2.10,C. Carson RB - SEA ,11.30,M. Prater K - DET ,6.00,Bills DEF ,8.00,M. Ryan QB - ATL ,0.00,J. Jones WR - ATL ,0.00,J. Gordon WR - SEA ,0.00,R. Woods WR - LA ,0.00,J. Conner RB - PIT ,0.00,Steelers DEF ,17.00,,,74.64,Tommy,79.74
2019,9,Erik,1,L. Jackson QB - BAL ,28.62,A. Jones RB - GB ,2.90,J. Jacobs RB - LV ,24.00,O. Beckham WR - CLE ,8.20,A. Cooper WR - DAL ,14.00,G. Kittle TE - SF ,13.90,J. Brown WR - BUF ,7.60,K. Fairbairn K - HOU ,10.00,Patriots DEF ,4.00,M. Ingram RB - BAL ,12.40,D. Waller TE - LV ,5.20,D. Johnson RB - ARI ,0.00,K. Drake RB - ARI ,24.20,T. McLaurin WR - WAS ,3.90,G. Zuerlein K - LA ,0.00,,,113.22,Marv,148.64
2019,9,Ritz,8,D. Prescott QB - DAL ,21.48,L. Bell RB - NYJ ,12.10,T. Coleman RB - SF ,3.60,M. Jones WR - DET ,18.60,K. Allen WR - LAC ,4.00,E. Ebron TE - IND ,1.60,N. Chubb RB - CLE ,9.10,R. Gould K - SF ,4.00,Jets DEF ,6.00,T. Hilton WR - IND ,0.00,M. Gordon RB - LAC ,22.90,A. Hooper TE - ATL ,0.00,T. Boyd WR - CIN ,0.00,P. Lindsay RB - DEN ,15.20,C. Ridley WR - ATL ,0.00,,,80.48,Juschka,99.92
2019,9,Marv,2,D. Watson QB - HOU ,19.74,C. McCaffrey RB - CAR ,34.60,M. Mack RB - IND ,8.90,M. Evans WR - TB ,24.00,T. Lockett WR - SEA ,27.20,T. Kelce TE - KC ,6.20,S. Michel RB - NE ,3.00,D. Carlson K - LV ,7.00,Cowboys DEF ,18.00,L. McCoy RB - KC ,0.90,C. Hyde RB - HOU ,14.00,M. Brown WR - BAL ,4.80,M. Sanders RB - PHI ,7.30,W. Lutz K - NO ,0.00,Rams DEF ,0.00,,,148.64,Erik,113.22
2019,9,Simi,6,T. Brady QB - NE ,13.40,D. Henry RB - TEN ,21.90,S. Barkley RB - NYG ,9.50,T. Hill WR - KC ,20.50,D. Metcalf WR - SEA ,21.00,T. Hockenson TE - DET ,5.60,J. Smith-Schuster WR - PIT ,1.60,J. Tucker K - BAL ,7.00,Panthers DEF ,11.00,A. Green WR - CIN ,0.00,A. Thielen WR - MIN ,0.00,J. Howard RB - PHI ,14.30,D. Montgomery RB - CHI ,19.60,J. Myers K - SEA ,8.00,Saints DEF ,0.00,,,111.50,Kessi,109.96
2019,9,Tommy,3,M. Stafford QB - DET ,24.84,M. Walton RB ,4.10,D. Singletary RB - BUF ,20.00,J. Edelman WR - NE ,6.90,C. Godwin WR - TB ,6.90,H. Henry TE - LAC ,8.40,A. Robinson WR - CHI ,0.60,Z. Gonzalez K - ARI ,5.00,49ers DEF ,3.00,L. Murray RB - NO ,0.00,D. Freeman RB - ATL ,0.00,M. Thomas WR - NO ,0.00,K. Hunt RB - CLE ,0.00,A. Kamara RB - NO ,0.00,P. Mahomes QB - KC ,0.00,,,79.74,Benni,74.64
2019,9,Juschka,5,R. Wilson QB - SEA ,39.22,L. Fournette RB - JAX ,7.20,A. Ekeler RB - LAC ,9.30,D. Hopkins WR - HOU ,11.40,D. Chark WR - JAX ,3.20,E. Engram TE - NYG ,5.00,S. Diggs WR - MIN ,1.60,H. Butker K - KC ,16.00,Chargers DEF ,7.00,L. Fitzgerald WR - ARI ,3.80,J. White RB - NE ,14.40,D. Williams RB - KC ,18.80,T. Gurley RB - LA ,0.00,G. Everett TE - LA ,0.00,M. Gallup WR - DAL ,9.30,,,99.92,Ritz,80.48
2019,9,Kessi,7,C. Wentz QB - PHI ,15.06,E. Elliott RB - DAL ,13.90,P. Barber RB - TB ,1.50,E. Sanders WR - SF ,17.20,K. Golladay WR - DET ,19.20,Z. Ertz TE - PHI ,16.30,T. Williams WR - LV ,4.80,J. Lambo K - JAX ,3.00,Texans DEF ,19.00,D. Brees QB - NO ,0.00,A. Jeffery WR - PHI ,3.60,S. Shepard WR - NYG ,0.00,C. Kupp WR - LA ,0.00,J. Mixon RB - CIN ,0.00,N. Harry WR - NE ,0.00,,,109.96,Simi,111.50
2019,10,Benni,4,A. Rodgers QB - GB ,10.02,D. Cook RB - MIN ,24.30,J. Samuels RB - PIT ,4.00,J. Jones WR - ATL ,7.90,D. Adams WR - GB ,11.80,D. Waller TE - LV ,4.00,C. Carson RB - SEA ,16.10,M. Badgley K - LAC ,6.00,Steelers DEF ,25.00,M. Ryan QB - ATL ,14.58,R. Woods WR - LA ,9.50,J. Brown WR - BUF ,7.70,J. Conner RB - PIT ,0.00,D. Guice RB - WAS ,0.00,A. Mattison RB - MIN ,5.40,,,109.12,Juschka,85.08
2019,10,Erik,1,L. Jackson QB - BAL ,33.42,M. Ingram RB - BAL ,9.40,J. Jacobs RB - LV ,16.10,G. Tate WR - NYG ,19.50,A. Cooper WR - DAL ,20.70,M. Andrews TE - BAL ,17.30,A. Jones RB - GB ,27.30,G. Zuerlein K - LA ,4.00,Colts DEF ,8.00,D. Hopkins WR - HOU ,0.00,O. Beckham WR - CLE ,5.70,D. Johnson RB - ARI ,-1.00,K. Drake RB - ARI ,4.10,G. Kittle TE - SF ,0.00,Patriots DEF ,0.00,,,155.72,Simi,110.92
2019,10,Ritz,8,D. Prescott QB - DAL ,25.88,M. Gordon RB - LAC ,19.30,N. Chubb RB - CLE ,12.10,M. Jones WR - DET ,7.70,K. Allen WR - LAC ,8.60,A. Hooper TE - ATL ,7.70,T. Coleman RB - SF ,7.20,M. Gay K - TB ,12.00,Ravens DEF ,24.00,K. Cousins QB - MIN ,19.30,T. Hilton WR - IND ,0.00,L. Bell RB - NYJ ,12.80,T. Boyd WR - CIN ,6.20,P. Lindsay RB - DEN ,0.00,C. Ridley WR - ATL ,4.70,,,124.48,Tommy,108.64
2019,10,Marv,2,K. Murray QB - ARI ,26.76,L. McCoy RB - KC ,0.00,C. McCaffrey RB - CAR ,20.10,M. Evans WR - TB ,8.20,T. Lockett WR - SEA ,2.90,T. Kelce TE - KC ,13.50,K. Golladay WR - DET ,11.70,W. Lutz K - NO ,9.00,Rams DEF ,19.00,C. Hyde RB - HOU ,0.00,D. Watson QB - HOU ,0.00,S. Michel RB - NE ,0.00,M. Brown WR - BAL ,14.00,M. Sanders RB - PHI ,0.00,Cowboys DEF ,0.00,,,111.16,Kessi,64.28
2019,10,Simi,5,J. Winston QB - TB ,18.32,D. Henry RB - TEN ,31.10,S. Barkley RB - NYG ,3.10,T. Hill WR - KC ,22.00,D. Metcalf WR - SEA ,5.00,K. Rudolph TE - MIN ,15.40,D. Montgomery RB - CHI ,6.00,J. Tucker K - BAL ,7.00,Saints DEF ,3.00,A. Green WR - CIN ,0.00,T. Brady QB - NE ,0.00,A. Thielen WR - MIN ,0.00,J. Howard RB - PHI ,0.00,J. Smith-Schuster WR - PIT ,4.40,Panthers DEF ,2.00,,,110.92,Erik,155.72
2019,10,Tommy,3,P. Mahomes QB - KC ,29.84,A. Kamara RB - NO ,7.40,D. Singletary RB - BUF ,5.00,M. Thomas WR - NO ,15.20,C. Godwin WR - TB ,7.40,H. Henry TE - LAC ,9.00,D. Freeman RB - ATL ,4.80,Z. Gonzalez K - ARI ,11.00,49ers DEF ,19.00,M. Stafford QB - DET ,0.00,J. Edelman WR - NE ,0.00,L. Murray RB - NO ,1.90,A. Robinson WR - CHI ,8.60,K. Hunt RB - CLE ,7.40,D. Moore WR - CAR ,12.00,,,108.64,Ritz,124.48
2019,10,Juschka,6,R. Wilson QB - SEA ,16.58,T. Gurley RB - LA ,7.30,A. Ekeler RB - LAC ,10.80,L. Fitzgerald WR - ARI ,7.10,S. Diggs WR - MIN ,4.90,G. Everett TE - LA ,6.80,R. Jones RB - TB ,14.60,H. Butker K - KC ,14.00,Vikings DEF ,3.00,D. Williams RB - KC ,8.90,E. Engram TE - NYG ,0.00,L. Fournette RB - JAX ,0.00,M. Gallup WR - DAL ,13.60,C. Sutton WR - DEN ,0.00,D. Chark WR - JAX ,0.00,,,85.08,Benni,109.12
2019,10,Kessi,7,D. Brees QB - NO ,11.48,E. Elliott RB - DAL ,6.30,M. Mack RB - IND ,8.20,E. Sanders WR - SF ,2.40,C. Kupp WR - LA ,0.00,G. Olsen TE - CAR ,9.80,J. Mixon RB - CIN ,15.10,B. Maher K ,6.00,Chiefs DEF ,5.00,Z. Ertz TE - PHI ,0.00,T. Williams WR - LV ,2.50,S. Shepard WR - NYG ,0.00,P. Barber RB - TB ,10.70,N. Harry WR - NE ,0.00,J. Lambo K - JAX ,0.00,,,64.28,Marv,111.16
2019,11,Benni,4,M. Ryan QB - ATL ,16.44,J. Conner RB - PIT ,1.60,D. Cook RB - MIN ,11.70,J. Jones WR - ATL ,8.70,C. Samuel WR - CAR ,2.50,M. Andrews TE - BAL ,13.50,T. Coleman RB - SF ,6.20,J. Slye K - CAR ,3.00,Steelers DEF ,1.00,A. Rodgers QB - GB ,0.00,R. Woods WR - LA ,0.00,D. Adams WR - GB ,0.00,C. Carson RB - SEA ,0.00,A. Mattison RB - MIN ,0.50,D. Slayton WR - NYG ,0.00,,,64.64,Erik,126.48
2019,11,Erik,1,L. Jackson QB - BAL ,32.78,M. Ingram RB - BAL ,20.50,J. Jacobs RB - LV ,10.40,D. Hopkins WR - HOU ,8.00,A. Cooper WR - DAL ,3.80,J. Cook TE - NO ,9.30,J. Brown WR - BUF ,25.70,G. Zuerlein K - LA ,5.00,Patriots DEF ,11.00,G. Tate WR - NYG ,0.00,O. Beckham WR - CLE ,6.00,D. Johnson RB - ARI ,0.00,K. Drake RB - ARI ,8.00,A. Jones RB - GB ,0.00,G. Kittle TE - SF ,0.00,,,126.48,Benni,64.64
2019,11,Ritz,8,D. Prescott QB - DAL ,31.56,L. Bell RB - NYJ ,15.20,N. Chubb RB - CLE ,9.20,K. Allen WR - LAC ,13.10,T. Boyd WR - CIN ,1.00,D. Waller TE - LV ,7.60,M. Gordon RB - LAC ,9.00,M. Gay K - TB ,7.00,Ravens DEF ,15.00,T. Hilton WR - IND ,0.00,M. Jones WR - DET ,15.90,A. Hooper TE - ATL ,0.00,J. Williams RB - GB ,0.00,P. Lindsay RB - DEN ,7.50,C. Ridley WR - ATL ,20.30,,,108.66,Marv,82.56
2019,11,Marv,2,D. Watson QB - HOU ,3.96,L. McCoy RB - KC ,11.70,C. McCaffrey RB - CAR ,19.10,M. Evans WR - TB ,6.90,M. Brown WR - BAL ,2.30,T. Kelce TE - KC ,15.20,S. Michel RB - NE ,4.40,W. Lutz K - NO ,10.00,Rams DEF ,9.00,J. Gordon WR - SEA ,0.00,C. Hyde RB - HOU ,12.50,T. Lockett WR - SEA ,0.00,K. Golladay WR - DET ,3.40,K. Murray QB - ARI ,26.70,M. Sanders RB - PHI ,4.70,,,82.56,Ritz,108.66
2019,11,Simi,5,T. Brady QB - NE ,8.54,A. Peterson RB - WAS ,3.00,D. Montgomery RB - CHI ,5.00,T. Hill WR - KC ,0.00,J. Smith-Schuster WR - PIT ,2.10,K. Rudolph TE - MIN ,12.70,T. McLaurin WR - WAS ,6.90,J. Tucker K - BAL ,11.00,Bills DEF ,10.00,A. Green WR - CIN ,0.00,A. Thielen WR - MIN ,0.00,J. Howard RB - PHI ,0.00,D. Henry RB - TEN ,0.00,S. Barkley RB - NYG ,0.00,D. Metcalf WR - SEA ,0.00,,,59.24,Tommy,102.08
2019,11,Tommy,3,P. Mahomes QB - KC ,15.18,K. Hunt RB - CLE ,5.80,A. Kamara RB - NO ,12.20,M. Thomas WR - NO ,17.40,C. Godwin WR - TB ,10.70,H. Henry TE - LAC ,8.90,J. Edelman WR - NE ,9.90,Z. Gonzalez K - ARI ,8.00,49ers DEF ,14.00,M. Stafford QB - DET ,0.00,L. Murray RB - NO ,3.20,A. Robinson WR - CHI ,1.50,D. Freeman RB - ATL ,0.00,D. Moore WR - CAR ,9.50,D. Singletary RB - BUF ,7.90,,,102.08,Simi,59.24
2019,11,Juschka,7,J. Allen QB - BUF ,33.84,L. Fournette RB - JAX ,5.70,A. Ekeler RB - LAC ,13.20,C. Sutton WR - DEN ,13.82,D. Chark WR - JAX ,22.40,G. Everett TE - LA ,2.00,R. Jones RB - TB ,1.40,H. Butker K - KC ,6.00,Vikings DEF ,4.00,R. Wilson QB - SEA ,0.00,D. Williams RB - KC ,1.30,T. Gurley RB - LA ,17.30,S. Diggs WR - MIN ,18.10,E. Engram TE - NYG ,0.00,M. Gallup WR - DAL ,14.80,,,102.36,Kessi,105.92
2019,11,Kessi,6,D. Brees QB - NO ,21.12,E. Elliott RB - DAL ,17.30,M. Mack RB - IND ,16.90,E. Sanders WR - SF ,3.30,C. Kupp WR - LA ,5.30,G. Olsen TE - CAR ,5.70,J. Mixon RB - CIN ,16.30,B. Maher K ,9.00,Chiefs DEF ,11.00,Z. Ertz TE - PHI ,9.40,T. Williams WR - LV ,8.20,S. Shepard WR - NYG ,0.00,P. Barber RB - TB ,7.10,N. Harry WR - NE ,1.80,J. Lambo K - JAX ,1.00,,,105.92,Juschka,102.36
2019,12,Benni,4,M. Ryan QB - ATL ,7.64,T. Coleman RB - SF ,10.90,C. Carson RB - SEA ,5.70,J. Jones WR - ATL ,6.80,J. Landry WR - CLE ,26.80,M. Andrews TE - BAL ,4.50,D. Adams WR - GB ,12.30,Y. Koo K - ATL ,10.00,Steelers DEF ,12.00,A. Rodgers QB - GB ,9.46,R. Woods WR - LA ,9.70,D. Parker WR - MIA ,9.10,J. Conner RB - PIT ,0.00,D. Cook RB - MIN ,0.00,A. Mattison RB - MIN ,0.00,,,96.64,Marv,74.82
2019,12,Erik,1,L. Jackson QB - BAL ,36.26,A. Jones RB - GB ,3.80,J. Jacobs RB - LV ,3.60,D. Hopkins WR - HOU ,21.40,O. Beckham WR - CLE ,14.40,G. Kittle TE - SF ,18.90,M. Ingram RB - BAL ,23.80,G. Zuerlein K - LA ,6.00,Patriots DEF ,6.00,G. Tate WR - NYG ,9.30,J. Brown WR - BUF ,9.90,A. Cooper WR - DAL ,0.00,D. Johnson RB - ARI ,0.00,J. Williams RB - IND ,18.10,K. Drake RB - ARI ,0.00,,,134.16,Tommy,112.96
2019,12,Ritz,7,D. Prescott QB - DAL ,6.88,L. Bell RB - NYJ ,10.80,N. Chubb RB - CLE ,22.40,M. Jones WR - DET ,4.60,C. Ridley WR - ATL ,16.00,D. Waller TE - LV ,4.10,P. Lindsay RB - DEN ,6.80,M. Gay K - TB ,5.00,Ravens DEF ,13.00,T. Hilton WR - IND ,1.80,K. Allen WR - LAC ,0.00,M. Gordon RB - LAC ,0.00,C. Wentz QB - PHI ,8.94,A. Hooper TE - ATL ,0.00,J. Williams RB - GB ,8.00,,,89.58,Kessi,81.84
2019,12,Marv,2,D. Watson QB - HOU ,18.92,C. Hyde RB - HOU ,6.70,C. McCaffrey RB - CAR ,25.30,M. Evans WR - TB ,5.00,T. Lockett WR - SEA ,3.80,T. Hockenson TE - DET ,0.00,K. Golladay WR - DET ,6.10,W. Lutz K - NO ,10.00,Rams DEF ,-1.00,L. McCoy RB - KC ,0.00,J. Gordon WR - SEA ,1.00,T. Kelce TE - KC ,0.00,S. Michel RB - NE ,8.50,M. Brown WR - BAL ,16.20,M. Sanders RB - PHI ,8.60,,,74.82,Benni,96.64
2019,12,Simi,5,B. Mayfield QB - CLE ,23.58,D. Henry RB - TEN ,27.50,S. Barkley RB - NYG ,6.00,T. McLaurin WR - WAS ,7.20,D. Metcalf WR - SEA ,3.50,R. Griffin TE - NYJ ,7.30,D. Montgomery RB - CHI ,3.10,J. Tucker K - BAL ,9.00,Bills DEF ,13.00,K. Rudolph TE - MIN ,0.00,T. Brady QB - NE ,11.30,A. Thielen WR - MIN ,0.00,J. Howard RB - PHI ,0.00,T. Hill WR - KC ,0.00,J. Smith-Schuster WR - PIT ,0.00,,,100.18,Juschka,76.20
2019,12,Tommy,3,J. Brissett QB - IND ,13.16,K. Hunt RB - CLE ,10.60,A. Kamara RB - NO ,10.20,M. Thomas WR - NO ,16.10,C. Godwin WR - TB ,30.40,J. Hollister TE - SEA ,2.20,J. Edelman WR - NE ,9.30,C. Boswell K - PIT ,10.00,49ers DEF ,11.00,A. Robinson WR - CHI ,19.10,D. Freeman RB - ATL ,0.00,H. Henry TE - LAC ,0.00,P. Mahomes QB - KC ,0.00,D. Moore WR - CAR ,25.40,D. Singletary RB - BUF ,11.40,,,112.96,Erik,134.16
2019,12,Juschka,6,R. Wilson QB - SEA ,9.50,T. Gurley RB - LA ,1.90,L. Fournette RB - JAX ,27.90,C. Sutton WR - DEN ,2.70,D. Chark WR - JAX ,5.80,J. Graham TE - GB ,0.70,R. Jones RB - TB ,12.70,M. Prater K - DET ,10.00,Saints DEF ,5.00,S. Diggs WR - MIN ,0.00,E. Engram TE - NYG ,0.00,A. Ekeler RB - LAC ,0.00,M. Gallup WR - DAL ,5.50,J. Allen QB - BUF ,19.00,H. Butker K - KC ,0.00,,,76.20,Simi,100.18
2019,12,Kessi,8,D. Brees QB - NO ,22.44,E. Elliott RB - DAL ,12.60,J. Mixon RB - CIN ,7.90,E. Sanders WR - SF ,1.50,C. Kupp WR - LA ,3.50,Z. Ertz TE - PHI ,15.10,T. Williams WR - LV ,1.80,B. Maher K ,9.00,Lions DEF ,8.00,G. Olsen TE - CAR ,4.40,S. Shepard WR - NYG ,3.70,P. Barber RB - TB ,3.20,M. Mack RB - IND ,0.00,N. Harry WR - NE ,7.00,Chiefs DEF ,0.00,,,81.84,Ritz,89.58
2019,13,Benni,3,A. Rodgers QB - GB ,28.12,D. Cook RB - MIN ,10.40,C. Carson RB - SEA ,16.90,J. Landry WR - CLE ,7.60,D. Adams WR - GB ,18.40,M. Andrews TE - BAL ,11.00,J. Williams RB - IND ,2.50,M. Crosby K - GB ,7.00,Steelers DEF ,13.00,J. Jones WR - ATL ,0.00,R. Tannehill QB - TEN ,13.78,D. Parker WR - MIA ,27.90,T. Coleman RB - SF ,1.50,J. Conner RB - PIT ,0.00,A. Mattison RB - MIN ,7.30,,,114.92,Kessi,61.86
2019,13,Erik,1,L. Jackson QB - BAL ,22.30,M. Ingram RB - BAL ,6.20,A. Jones RB - GB ,3.10,D. Hopkins WR - HOU ,10.64,O. Beckham WR - CLE ,2.90,G. Kittle TE - SF ,1.40,J. Jacobs RB - LV ,10.40,G. Zuerlein K - LA ,10.00,Patriots DEF ,2.00,G. Tate WR - NYG ,0.00,J. Brown WR - BUF ,7.72,A. Cooper WR - DAL ,8.50,D. Johnson RB - ARI ,2.40,K. Drake RB - ARI ,5.10,R. Penny RB - SEA ,22.70,,,68.94,Juschka,85.40
2019,13,Ritz,7,D. Prescott QB - DAL ,22.70,L. Bell RB - NYJ ,6.70,N. Chubb RB - CLE ,7.90,K. Allen WR - LAC ,12.80,C. Ridley WR - ATL ,9.10,D. Waller TE - LV ,10.00,M. Gordon RB - LAC ,11.00,M. Gay K - TB ,8.00,Panthers DEF ,4.00,T. Hilton WR - IND ,0.00,M. Jones WR - DET ,10.00,C. Wentz QB - PHI ,24.40,A. Hooper TE - ATL ,0.00,P. Lindsay RB - DEN ,6.20,Ravens DEF ,5.00,,,92.20,Simi,95.54
2019,13,Marv,2,D. Watson QB - HOU ,27.86,C. McCaffrey RB - CAR ,10.20,M. Sanders RB - PHI ,16.50,M. Evans WR - TB ,5.30,T. Lockett WR - SEA ,0.00,T. Kelce TE - KC ,9.00,L. McCoy RB - KC ,9.00,W. Lutz K - NO ,14.00,Rams DEF ,18.00,C. Hyde RB - HOU ,2.20,W. Fuller WR - HOU ,0.80,K. Golladay WR - DET ,21.80,S. Michel RB - NE ,4.50,M. Brown WR - BAL ,0.10,B. Snell RB - PIT ,12.70,,,109.86,Tommy,74.40
2019,13,Simi,5,T. Brady QB - NE ,24.34,D. Henry RB - TEN ,20.60,S. Barkley RB - NYG ,11.50,T. Hill WR - KC ,5.10,T. McLaurin WR - WAS ,0.80,J. Cook TE - NO ,8.50,D. Montgomery RB - CHI ,14.70,J. Tucker K - BAL ,8.00,Jets DEF ,2.00,K. Rudolph TE - MIN ,11.00,K. Cousins QB - MIN ,17.04,A. Thielen WR - MIN ,0.00,J. Howard RB - PHI ,0.00,J. Smith-Schuster WR - PIT ,0.00,D. Metcalf WR - SEA ,5.50,,,95.54,Ritz,92.20
2019,13,Tommy,4,P. Mahomes QB - KC ,19.50,A. Kamara RB - NO ,8.40,D. Singletary RB - BUF ,16.10,M. Thomas WR - NO ,4.80,C. Godwin WR - TB ,5.00,H. Henry TE - LAC ,1.00,A. Robinson WR - CHI ,14.60,Z. Gonzalez K - ARI ,1.00,49ers DEF ,4.00,J. Edelman WR - NE ,15.90,D. Freeman RB - ATL ,6.40,K. Hunt RB - CLE ,12.50,J. Hollister TE - SEA ,4.40,D. Moore WR - CAR ,13.20,K. Murray QB - ARI ,13.32,,,74.40,Marv,109.86
2019,13,Juschka,6,R. Wilson QB - SEA ,16.90,T. Gurley RB - LA ,17.50,R. Jones RB - TB ,0.80,S. Diggs WR - MIN ,5.20,D. Chark WR - JAX ,4.70,J. Graham TE - GB ,1.60,A. Ekeler RB - LAC ,12.70,H. Butker K - KC ,10.00,Saints DEF ,16.00,E. Engram TE - NYG ,0.00,L. Fournette RB - JAX ,9.10,M. Gallup WR - DAL ,6.30,C. Sutton WR - DEN ,19.40,J. Allen QB - BUF ,23.54,M. Prater K - DET ,8.00,,,85.40,Erik,68.94
2019,13,Kessi,8,D. Brees QB - NO ,11.26,E. Elliott RB - DAL ,13.70,J. Mixon RB - CIN ,13.00,E. Sanders WR - SF ,4.10,C. Kupp WR - LA ,12.50,Z. Ertz TE - PHI ,2.40,T. Williams WR - LV ,0.90,B. Maher K ,1.00,Lions DEF ,3.00,G. Olsen TE - CAR ,2.20,S. Shepard WR - NYG ,10.00,P. Barber RB - TB ,18.40,M. Mack RB - IND ,0.00,N. Harry WR - NE ,0.00,Chiefs DEF ,18.00,,,61.86,Benni,114.92
2019,14,Benni,3,A. Rodgers QB - GB ,11.40,D. Cook RB - MIN ,13.50,C. Carson RB - SEA ,9.10,J. Jones WR - ATL ,6.60,D. Adams WR - GB ,4.10,M. Andrews TE - BAL ,1.40,D. Parker WR - MIA ,2.80,M. Crosby K - GB ,8.00,Packers DEF ,7.00,R. Tannehill QB - TEN ,27.54,J. Landry WR - CLE ,7.60,R. Mostert RB - SF ,22.90,J. Conner RB - PIT ,0.00,A. Mattison RB - MIN ,6.40,Steelers DEF ,18.00,,,63.90,Ritz,103.16
2019,14,Erik,1,L. Jackson QB - BAL ,19.80,M. Ingram RB - BAL ,7.90,A. Jones RB - GB ,25.20,D. Hopkins WR - HOU ,19.20,O. Beckham WR - CLE ,3.90,G. Kittle TE - SF ,12.70,D. Guice RB - WAS ,4.20,G. Zuerlein K - LA ,4.00,Patriots DEF ,5.00,G. Tate WR - NYG ,1.10,J. Brown WR - BUF ,2.60,A. Cooper WR - DAL ,14.30,K. Drake RB - ARI ,6.70,R. Penny RB - SEA ,1.60,J. Jacobs RB - LV ,0.00,,,101.90,Kessi,166.46
2019,14,Ritz,7,D. Prescott QB - DAL ,17.46,P. Lindsay RB - DEN ,11.50,N. Chubb RB - CLE ,11.70,K. Allen WR - LAC ,8.30,C. Ridley WR - ATL ,13.60,D. Waller TE - LV ,5.20,M. Gordon RB - LAC ,14.40,M. Gay K - TB ,8.00,Vikings DEF ,13.00,T. Hilton WR - IND ,0.00,M. Jones WR - DET ,3.80,L. Bell RB - NYJ ,0.00,C. Wentz QB - PHI ,19.90,A. Hooper TE - ATL ,3.20,Ravens DEF ,9.00,,,103.16,Benni,63.90
2019,14,Marv,2,D. Watson QB - HOU ,28.08,C. McCaffrey RB - CAR ,13.50,B. Snell RB - PIT ,2.10,M. Evans WR - TB ,12.10,T. Lockett WR - SEA ,4.30,T. Kelce TE - KC ,11.00,C. Hyde RB - HOU ,7.80,W. Lutz K - NO ,12.00,Rams DEF ,14.00,L. McCoy RB - KC ,4.30,W. Fuller WR - HOU ,0.00,K. Golladay WR - DET ,11.80,S. Michel RB - NE ,0.90,M. Brown WR - BAL ,-0.20,M. Sanders RB - PHI ,6.90,,,104.88,Simi,76.48
2019,14,Simi,6,K. Cousins QB - MIN ,13.58,D. Henry RB - TEN ,22.90,S. Barkley RB - NYG ,6.70,T. Hill WR - KC ,7.00,D. Metcalf WR - SEA ,7.80,K. Rudolph TE - MIN ,1.10,J. White RB - NE ,7.40,J. Tucker K - BAL ,6.00,Jets DEF ,4.00,J. Cook TE - NO ,18.40,T. Brady QB - NE ,10.76,A. Thielen WR - MIN ,0.00,J. Howard RB - PHI ,0.00,J. Smith-Schuster WR - PIT ,0.00,D. Montgomery RB - CHI ,6.60,,,76.48,Marv,104.88
2019,14,Tommy,4,P. Mahomes QB - KC ,13.92,K. Hunt RB - CLE ,12.80,A. Kamara RB - NO ,2.30,M. Thomas WR - NO ,19.40,C. Godwin WR - TB ,9.10,H. Henry TE - LAC ,9.90,A. Robinson WR - CHI ,16.80,Z. Gonzalez K - ARI ,5.00,49ers DEF ,-2.00,J. Edelman WR - NE ,16.30,D. Freeman RB - ATL ,15.40,J. Hollister TE - SEA ,3.40,D. Moore WR - CAR ,8.10,K. Murray QB - ARI ,9.96,D. Singletary RB - BUF ,11.80,,,87.22,Juschka,95.10
2019,14,Juschka,5,R. Wilson QB - SEA ,10.60,T. Gurley RB - LA ,17.30,L. Fournette RB - JAX ,6.30,S. Diggs WR - MIN ,9.20,D. Chark WR - JAX ,7.50,J. Graham TE - GB ,4.90,A. Ekeler RB - LAC ,27.30,H. Butker K - KC ,11.00,Saints DEF ,1.00,E. Engram TE - NYG ,0.00,M. Gallup WR - DAL ,10.90,R. Jones RB - TB ,5.90,C. Sutton WR - DEN ,3.40,J. Allen QB - BUF ,10.74,M. Prater K - DET ,1.00,,,95.10,Tommy,87.22
2019,14,Kessi,8,D. Brees QB - NO ,40.06,E. Elliott RB - DAL ,21.30,J. Mixon RB - CIN ,24.60,E. Sanders WR - SF ,27.10,C. Kupp WR - LA ,10.50,Z. Ertz TE - PHI ,21.10,M. Mack RB - IND ,9.80,B. Maher K ,6.00,Chiefs DEF ,6.00,G. Olsen TE - CAR ,0.00,T. Williams WR - LV ,3.50,S. Shepard WR - NYG ,3.60,P. Barber RB - TB ,5.30,N. Harry WR - NE ,1.20,Lions DEF ,2.00,,,166.46,Erik,101.90
2019,15,Benni,3,R. Tannehill QB - TEN ,24.16,D. Cook RB - MIN ,4.30,C. Carson RB - SEA ,25.70,J. Jones WR - ATL ,25.40,D. Adams WR - GB ,16.30,T. Higbee TE - LA ,11.10,R. Mostert RB - SF ,9.90,R. Gould K - SF ,10.00,Steelers DEF ,6.00,J. Landry WR - CLE ,2.30,J. Winston QB - TB ,32.72,D. Parker WR - MIA ,19.20,D. Washington RB - LV ,2.20,M. Andrews TE - BAL ,11.20,A. Mattison RB - MIN ,0.00,,,132.86,Marv,134.62
2019,15,Erik,1,L. Jackson QB - BAL ,37.08,M. Ingram RB - BAL ,22.60,A. Jones RB - GB ,17.10,D. Hopkins WR - HOU ,11.90,A. Brown WR - TEN ,17.40,G. Kittle TE - SF ,13.40,A. Cooper WR - DAL ,1.90,G. Zuerlein K - LA ,1.00,Patriots DEF ,20.00,G. Tate WR - NYG ,11.10,A. Peterson RB - WAS ,15.10,O. Beckham WR - CLE ,6.60,D. Johnson RB - ARI ,0.60,K. Drake RB - ARI ,38.60,J. Jacobs RB - LV ,10.90,,,142.38,Tommy,83.20
2019,15,Ritz,7,D. Prescott QB - DAL ,17.68,P. Lindsay RB - DEN ,3.20,N. Chubb RB - CLE ,20.80,K. Allen WR - LAC ,9.90,D. Slayton WR - NYG ,9.10,D. Waller TE - LV ,12.20,M. Gordon RB - LAC ,2.40,M. Gay K - TB ,8.00,Ravens DEF ,5.00,T. Hilton WR - IND ,2.50,L. Bell RB - NYJ ,8.80,C. Wentz QB - PHI ,21.54,A. Hooper TE - ATL ,2.00,D. Samuel WR - SF ,3.70,Vikings DEF ,27.00,,,88.28,Simi,97.52
2019,15,Marv,2,D. Watson QB - HOU ,16.92,C. McCaffrey RB - CAR ,29.50,M. Sanders RB - PHI ,29.20,T. Lockett WR - SEA ,18.00,K. Golladay WR - DET ,4.40,T. Kelce TE - KC ,14.20,C. Hyde RB - HOU ,16.40,W. Lutz K - NO ,10.00,Rams DEF ,-4.00,L. McCoy RB - KC ,1.60,R. Woods WR - LA ,1.70,M. Evans WR - TB ,0.00,S. Michel RB - NE ,10.30,M. Brown WR - BAL ,10.50,B. Snell RB - PIT ,0.10,,,134.62,Benni,132.86
2019,15,Simi,6,T. Brady QB - NE ,12.92,D. Henry RB - TEN ,8.60,S. Barkley RB - NYG ,26.30,T. Hill WR - KC ,18.80,D. Metcalf WR - SEA ,9.60,J. Cook TE - NO ,5.40,D. Montgomery RB - CHI ,4.90,J. Tucker K - BAL ,4.00,Seahawks DEF ,7.00,K. Rudolph TE - MIN ,4.80,K. Cousins QB - MIN ,11.68,A. Thielen WR - MIN ,3.00,J. White RB - NE ,12.20,J. Howard RB - PHI ,0.00,J. Smith-Schuster WR - PIT ,0.00,,,97.52,Ritz,88.28
2019,15,Tommy,4,P. Mahomes QB - KC ,22.70,A. Kamara RB - NO ,8.90,D. Singletary RB - BUF ,6.90,M. Thomas WR - NO ,18.80,C. Godwin WR - TB ,12.10,H. Henry TE - LAC ,0.90,J. Edelman WR - NE ,0.90,J. Sanders K - MIA ,8.00,49ers DEF ,4.00,A. Robinson WR - CHI ,12.50,D. Freeman RB - ATL ,5.50,J. Garoppolo QB - SF ,12.60,K. Hunt RB - CLE ,7.60,D. Moore WR - CAR ,12.30,K. Murray QB - ARI ,16.36,,,83.20,Erik,142.38
2019,15,Juschka,5,R. Wilson QB - SEA ,19.34,T. Gurley RB - LA ,17.80,L. Fournette RB - JAX ,7.30,S. Diggs WR - MIN ,8.00,C. Sutton WR - DEN ,7.90,J. Graham TE - GB ,0.00,A. Ekeler RB - LAC ,8.10,H. Butker K - KC ,9.00,Saints DEF ,5.00,E. Engram TE - NYG ,0.00,M. Gallup WR - DAL ,0.60,R. Jones RB - TB ,4.90,J. Allen QB - BUF ,16.36,D. Chark WR - JAX ,0.00,M. Prater K - DET ,5.00,,,82.44,Kessi,113.88
2019,15,Kessi,8,D. Brees QB - NO ,28.28,E. Elliott RB - DAL ,28.00,J. Mixon RB - CIN ,15.60,E. Sanders WR - SF ,0.90,C. Kupp WR - LA ,10.10,Z. Ertz TE - PHI ,12.10,M. Mack RB - IND ,1.90,J. Myers K - SEA ,6.00,Chiefs DEF ,11.00,G. Olsen TE - CAR ,0.00,T. Williams WR - LV ,10.50,S. Shepard WR - NYG ,11.10,P. Barber RB - TB ,4.00,N. Harry WR - NE ,9.70,Lions DEF ,3.00,,,113.88,Juschka,82.44
2019,16,Benni,3,J. Winston QB - TB ,11.00,C. Carson RB - SEA ,6.00,M. Boone RB - MIN ,3.30,J. Jones WR - ATL ,16.60,D. Adams WR - GB ,9.60,M. Andrews TE - BAL ,21.30,D. Parker WR - MIA ,17.10,R. Gould K - SF ,10.00,Steelers DEF ,5.00,A. Green WR - CIN ,0.00,R. Tannehill QB - TEN ,23.68,J. Landry WR - CLE ,7.40,J. Hollister TE - SEA ,6.40,K. Johnson RB - DET ,4.30,Giants DEF ,-1.00,,,99.90,Tommy,122.54
2019,16,Erik,1,L. Jackson QB - BAL ,29.82,M. Ingram RB - BAL ,15.10,A. Peterson RB - WAS ,11.50,D. Hopkins WR - HOU ,2.30,A. Cooper WR - DAL ,2.40,G. Kittle TE - SF ,13.90,A. Jones RB - GB ,26.00,Y. Koo K - ATL ,6.00,Patriots DEF ,5.00,O. Beckham WR - CLE ,10.40,D. Johnson RB - ARI ,0.70,K. Drake RB - ARI ,30.40,A. Brown WR - TEN ,14.30,J. Jacobs RB - LV ,0.00,Broncos DEF ,5.00,,,112.02,Marv,125.46
2019,16,Ritz,7,D. Prescott QB - DAL ,11.30,J. Conner RB - PIT ,3.20,N. Chubb RB - CLE ,4.50,K. Allen WR - LAC ,6.60,T. McLaurin WR - WAS ,8.60,D. Waller TE - LV ,3.70,P. Lindsay RB - DEN ,17.80,M. Gay K - TB ,10.00,Ravens DEF ,4.00,A. Rodgers QB - GB ,8.34,T. Hilton WR - IND ,2.60,L. Bell RB - NYJ ,9.30,M. Gordon RB - LAC ,16.70,A. Hooper TE - ATL ,8.20,D. Slayton WR - NYG ,0.00,,,69.70,Juschka,78.56
2019,16,Marv,2,D. Watson QB - HOU ,9.06,C. McCaffrey RB - CAR ,17.30,M. Sanders RB - PHI ,21.60,T. Lockett WR - SEA ,1.20,K. Golladay WR - DET ,12.60,T. Kelce TE - KC ,13.40,R. Woods WR - LA ,12.30,W. Lutz K - NO ,8.00,Colts DEF ,30.00,L. McCoy RB - KC ,0.00,C. Hyde RB - HOU ,9.70,T. Boyd WR - CIN ,24.80,S. Michel RB - NE ,10.10,M. Brown WR - BAL ,0.60,Rams DEF ,9.00,,,125.46,Erik,112.02
2019,16,Simi,6,R. Fitzpatrick QB - MIA ,31.66,D. Washington RB - LV ,16.60,S. Barkley RB - NYG ,39.90,T. Hill WR - KC ,7.20,D. Metcalf WR - SEA ,0.00,J. Cook TE - NO ,20.40,D. Lewis RB - TEN ,8.70,J. Tucker K - BAL ,7.00,Seahawks DEF ,2.00,K. Cousins QB - MIN ,6.88,A. Thielen WR - MIN ,0.20,J. Howard RB - PHI ,0.00,D. Henry RB - TEN ,0.00,J. Smith-Schuster WR - PIT ,2.20,D. Montgomery RB - CHI ,5.90,,,133.46,Kessi,91.66
2019,16,Tommy,4,P. Mahomes QB - KC ,25.44,D. Freeman RB - ATL ,24.70,A. Kamara RB - NO ,23.00,B. Perriman WR - TB ,10.20,M. Thomas WR - NO ,19.60,H. Henry TE - LAC ,4.50,D. Moore WR - CAR ,0.10,J. Sanders K - MIA ,8.00,49ers DEF ,7.00,J. Edelman WR - NE ,9.20,A. Robinson WR - CHI ,5.30,J. Garoppolo QB - SF ,10.42,K. Hunt RB - CLE ,4.10,C. Godwin WR - TB ,0.00,D. Singletary RB - BUF ,4.80,,,122.54,Benni,99.90
2019,16,Juschka,5,R. Wilson QB - SEA ,10.96,T. Gurley RB - LA ,16.80,L. Fournette RB - JAX ,10.50,S. Diggs WR - MIN ,11.70,C. Sutton WR - DEN ,4.10,J. Graham TE - GB ,1.60,A. Ekeler RB - LAC ,6.90,H. Butker K - KC ,10.00,Saints DEF ,6.00,E. Engram TE - NYG ,0.00,M. Gallup WR - DAL ,9.80,R. Jones RB - TB ,16.90,J. Allen QB - BUF ,20.62,D. Chark WR - JAX ,1.80,M. Prater K - DET ,5.00,,,78.56,Ritz,69.70
2019,16,Kessi,8,D. Brees QB - NO ,22.86,E. Elliott RB - DAL ,8.40,J. Mixon RB - CIN ,7.30,E. Sanders WR - SF ,6.10,C. Kupp WR - LA ,9.10,Z. Ertz TE - PHI ,2.80,M. Mack RB - IND ,16.10,J. Myers K - SEA ,9.00,Chiefs DEF ,10.00,G. Olsen TE - CAR ,3.30,T. Williams WR - LV ,8.20,S. Shepard WR - NYG ,13.60,P. Barber RB - TB ,-0.70,N. Harry WR - NE ,3.90,Lions DEF ,6.00,,,91.66,Simi,133.46
2020,1,Benni,3,L. Jackson QB - BAL ,27.50,D. Johnson RB - HOU ,16.90,N. Chubb RB - CLE ,4.60,R. Woods WR - LA ,11.90,A. Brown WR - TEN ,3.90,M. Andrews TE - BAL ,17.80,D. Henry RB - TEN ,13.10,J. Tucker K - BAL ,8.00,Patriots DEF ,11.00,D. Parker WR - MIA ,4.70,T. Boyd WR - CIN ,3.30,M. Gallup WR - DAL ,5.00,J. Allen QB - BUF ,28.18,D. Samuel WR - SF ,0.00,A. Gibson RB - WAS ,4.40,,,114.70,Simi,89.68
2020,1,Erik,1,K. Murray QB - ARI ,26.30,C. McCaffrey RB - CAR ,25.50,C. Edwards-Helaire RB - KC ,19.80,A. Robinson WR - CHI ,7.30,C. Ridley WR - ATL ,24.90,T. Higbee TE - LA ,4.00,C. Godwin WR - TB ,7.90,G. Zuerlein K - DAL ,5.00,Eagles DEF ,3.00,H. Henry TE - LAC ,7.30,W. Fuller WR - HOU ,11.20,D. Montgomery RB - CHI ,7.40,D. Johnson WR - PIT ,3.70,M. Sanders RB - PHI ,0.00,C. Akers RB - LA ,4.30,,,123.70,Juschka,120.84
2020,1,Ritz,6,M. Ryan QB - ATL ,23.90,K. Drake RB - ARI ,12.50,A. Jones RB - GB ,13.60,K. Allen WR - LAC ,3.70,D. Hopkins WR - ARI ,15.10,Z. Ertz TE - PHI ,7.80,S. Diggs WR - BUF ,8.60,H. Butker K - KC ,10.00,Chargers DEF ,11.00,J. Edelman WR - NE,8.00,T. Brady QB - TB ,20.46,M. Evans WR - TB ,6.20,T. Coleman RB - SF ,2.40,K. Hunt RB - CLE ,8.10,S. Michel RB - NE ,9.70,,,106.20,Marv,120.24
2020,1,Marv,2,D. Prescott QB - DAL,17.64,D. Cook RB - MIN ,20.80,C. Carson RB - SEA ,18.60,T. McLaurin WR - WAS ,6.10,D. Metcalf WR - SEA ,15.50,T. Kelce TE - KC ,11.00,M. Mack RB - IND,5.60,W. Lutz K - NO ,10.00,Ravens DEF ,15.00,B. Cooks WR - HOU ,2.00,M. Gordon RB - DEN ,12.60,A. Hooper TE - CLE ,1.50,J. Howard RB ,6.70,K. Golladay WR - DET ,0.00,A. Miller WR - CHI ,13.60,,,120.24,Ritz,106.20
2020,1,Simi,7,R. Wilson QB - SEA ,31.78,J. Mixon RB - CIN,5.10,S. Barkley RB - NYG,6.60,J. Jones WR - ATL ,15.70,T. Lockett WR - SEA ,9.20,E. Engram TE - NYG ,0.90,K. Johnson RB - DET ,1.40,M. Prater K - DET ,11.00,Steelers DEF ,8.00,T. Hilton WR - IND ,5.30,R. Mostert RB - SF,21.10,L. Fournette RB - TB ,1.90,J. Smith-Schuster WR - PIT ,18.90,J. Burrow QB - CIN,16.32,H. Ruggs WR - LV ,6.60,,,89.68,Benni,114.70
2020,1,Tommy,8,D. Brees QB - NO ,14.40,J. Conner RB - PIT ,1.70,A. Ekeler RB - LAC ,8.70,T. Hill WR - KC ,10.60,M. Thomas WR - NO ,1.70,R. Gronkowski TE - TB ,1.10,L. Bell RB - KC ,4.60,R. Gould K - SF ,10.00,Packers DEF ,5.00,M. Stafford QB - DET ,16.18,A. Cooper WR - DAL ,8.10,C. Sutton WR - DEN,0.00,M. Brown WR - BAL ,10.10,C. Lamb WR - DAL ,5.90,B. Aiyuk WR - SF ,0.00,,,57.80,Kessi,110.42
2020,1,Juschka,5,P. Mahomes QB - KC ,20.44,A. Kamara RB - NO ,18.70,J. Jacobs RB - LV ,31.90,A. Thielen WR - MIN ,25.00,C. Kupp WR - LA ,4.00,D. Waller TE - LV ,4.50,D. Singletary RB - BUF ,5.30,Y. Koo K - ATL ,7.00,49ers DEF ,4.00,A. Peterson RB - DET ,11.40,O. Beckham WR - CLE,2.20,D. Chark WR - JAX ,8.50,J. Dobbins RB - BAL ,14.20,Z. Moss RB - BUF,8.70,J. Reagor WR - PHI ,5.50,,,120.84,Erik,123.70
2020,1,Kessi,4,D. Watson QB - HOU ,20.82,M. Ingram RB - BAL ,2.90,E. Elliott RB - DAL ,24.70,D. Adams WR - GB ,27.60,D. Moore WR - CAR ,5.40,G. Kittle TE - SF ,5.30,T. Gurley RB - ATL ,11.70,S. Gostkowski K - TEN ,4.00,Bills DEF ,8.00,A. Green WR - CIN ,5.10,J. Landry WR - CLE ,6.10,P. Lindsay RB - DEN,3.50,N. Harry WR - NE ,1.90,J. Jeudy WR - DEN ,5.60,J. Taylor RB - IND ,8.90,,,110.42,Tommy,57.80
2020,2,Benni,5,L. Jackson QB - BAL ,17.56,D. Henry RB - TEN ,8.40,N. Chubb RB - CLE ,25.30,R. Woods WR - LA ,9.30,M. Gallup WR - DAL ,5.80,M. Andrews TE - BAL ,2.90,D. Johnson RB - HOU ,5.00,J. Tucker K - BAL ,15.00,Chiefs DEF ,5.00,E. Sanders WR - NO ,1.80,T. Boyd WR - CIN ,13.20,R. Jones RB - TB ,8.70,J. Allen QB - BUF ,34.50,A. Brown WR - TEN ,0.00,A. Gibson RB - WAS ,11.20,,,94.26,Kessi,106.00
2020,2,Erik,2,K. Murray QB - ARI ,32.14,C. McCaffrey RB - CAR ,20.80,M. Sanders RB - PHI ,17.10,A. Robinson WR - CHI ,3.30,C. Ridley WR - ATL ,22.90,H. Henry TE - LAC ,8.30,C. Edwards-Helaire RB - KC ,7.00,G. Zuerlein K - DAL ,10.00,Bears DEF ,12.00,D. Freeman RB ,0.00,W. Fuller WR - HOU ,0.00,C. Godwin WR - TB ,0.00,D. Goedert TE - PHI ,3.00,D. Montgomery RB - CHI ,18.70,D. Slayton WR - NYG ,3.30,,,133.54,Simi,87.22
2020,2,Ritz,4,A. Rodgers QB - GB ,18.20,K. Drake RB - ARI ,9.50,A. Jones RB - GB ,41.60,D. Hopkins WR - ARI ,12.80,M. Evans WR - TB ,16.40,Z. Ertz TE - PHI ,4.20,K. Allen WR - LAC ,9.60,H. Butker K - KC ,13.00,Vikings DEF ,4.00,M. Ryan QB - ATL ,28.52,J. Edelman WR - NE,17.90,T. Coleman RB - SF ,4.00,S. Diggs WR - BUF ,21.30,K. Hunt RB - CLE ,22.10,S. Michel RB - NE ,1.90,,,129.30,Tommy,89.38
2020,2,Marv,1,D. Prescott QB - DAL,39.80,D. Cook RB - MIN ,15.10,J. Robinson RB - JAX ,18.00,A. Miller WR - CHI ,0.00,D. Metcalf WR - SEA ,15.20,T. Kelce TE - KC ,15.00,C. Carson RB - SEA ,16.80,W. Lutz K - NO ,6.00,Ravens DEF ,15.00,B. Cooks WR - HOU ,9.50,M. Gordon RB - DEN ,14.40,J. Howard RB ,6.40,P. Barber RB - WAS ,0.10,K. Golladay WR - DET ,0.00,T. McLaurin WR - WAS ,18.50,,,140.90,Juschka,119.48
2020,2,Simi,7,R. Wilson QB - SEA ,33.42,J. Mixon RB - CIN,8.60,S. Barkley RB - NYG,2.80,J. Jones WR - ATL ,2.40,T. Lockett WR - SEA ,12.70,E. Engram TE - NYG ,6.50,J. Smith-Schuster WR - PIT ,4.80,M. Prater K - DET ,3.00,Steelers DEF ,13.00,T. Hilton WR - IND ,2.80,R. Mostert RB - SF,16.70,L. Fournette RB - TB ,23.60,K. Johnson RB - DET ,9.20,J. Burrow QB - CIN,24.54,H. Ruggs WR - LV ,0.40,,,87.22,Erik,133.54
2020,2,Tommy,8,D. Brees QB - NO ,14.48,J. Conner RB - PIT ,18.10,A. Ekeler RB - LAC ,14.80,T. Hill WR - KC ,16.80,M. Brown WR - BAL ,4.20,R. Gronkowski TE - TB ,0.00,A. Cooper WR - DAL ,10.00,R. Gould K - SF ,7.00,Saints DEF ,4.00,L. Bell RB - KC ,0.00,S. Watkins WR - KC ,1.10,M. Thomas WR - NO ,0.00,C. Sutton WR - DEN,6.60,C. Lamb WR - DAL ,11.50,B. Aiyuk WR - SF ,2.10,,,89.38,Ritz,129.30
2020,2,Juschka,6,P. Mahomes QB - KC ,27.48,A. Kamara RB - NO ,29.40,J. Jacobs RB - LV ,10.50,A. Thielen WR - MIN ,3.10,D. Chark WR - JAX ,8.40,D. Waller TE - LV ,16.50,A. Peterson RB - DET ,4.10,Y. Koo K - ATL ,15.00,49ers DEF ,5.00,O. Beckham WR - CLE,13.40,M. Brown RB - LA ,4.70,C. Kupp WR - LA ,8.00,D. Singletary RB - BUF ,7.60,J. Dobbins RB - BAL ,6.10,Z. Moss RB - BUF,3.70,,,119.48,Marv,140.90
2020,2,Kessi,3,D. Watson QB - HOU ,14.70,E. Elliott RB - DAL ,16.20,J. Taylor RB - IND ,17.00,D. Adams WR - GB ,3.60,D. Moore WR - CAR ,12.00,T. Higbee TE - LA ,23.40,T. Gurley RB - ATL ,6.10,S. Gostkowski K - TEN ,11.00,Bills DEF ,2.00,M. Ingram RB - BAL ,13.70,J. Landry WR - CLE ,4.60,G. Kittle TE - SF ,0.00,P. Lindsay RB - DEN,0.00,N. Harry WR - NE ,7.20,J. Jeudy WR - DEN ,6.20,,,106.00,Benni,94.26
2020,3,Benni,3,L. Jackson QB - BAL ,14.18,D. Henry RB - TEN ,25.00,N. Chubb RB - CLE ,23.00,R. Woods WR - LA ,16.40,D. Johnson WR - PIT ,0.90,M. Andrews TE - BAL ,2.20,J. Kelley RB - LAC ,3.20,J. Tucker K - BAL ,8.00,Colts DEF ,26.00,A. Green WR - CIN ,3.60,D. Johnson RB - HOU ,10.60,M. Gallup WR - DAL ,19.80,J. Allen QB - BUF ,31.24,A. Brown WR - TEN ,0.00,A. Gibson RB - WAS ,10.00,,,118.88,Erik,110.30
2020,3,Erik,4,K. Murray QB - ARI ,21.70,D. Montgomery RB - CHI ,5.40,M. Sanders RB - PHI ,10.70,A. Robinson WR - CHI ,18.30,C. Ridley WR - ATL ,11.70,J. Smith TE - TEN ,6.10,C. Edwards-Helaire RB - KC ,13.40,G. Zuerlein K - DAL ,7.00,Buccaneers DEF ,16.00,D. Freeman RB ,1.00,H. Henry TE - LAC ,5.00,W. Fuller WR - HOU ,11.40,C. McCaffrey RB - CAR ,0.00,C. Godwin WR - TB ,12.40,D. Slayton WR - NYG ,3.30,,,110.30,Benni,118.88
2020,3,Ritz,6,C. Newton QB - NE ,11.18,K. Drake RB - ARI ,7.90,A. Jones RB - GB ,14.60,D. Hopkins WR - ARI ,13.70,M. Evans WR - TB ,12.20,Z. Ertz TE - PHI ,7.00,S. Diggs WR - BUF ,10.90,H. Butker K - KC ,4.00,Football Team DEF ,1.00,M. Ryan QB - ATL ,11.42,J. Edelman WR - NE,2.20,A. Rodgers QB - GB ,24.52,K. Allen WR - LAC ,17.20,K. Hunt RB - CLE ,12.40,D. Henderson RB - LA,18.00,,,82.48,Juschka,140.00
2020,3,Marv,1,D. Prescott QB - DAL,27.48,D. Cook RB - MIN ,23.90,C. Carson RB - SEA ,7.60,T. McLaurin WR - WAS ,8.60,D. Metcalf WR - SEA ,15.00,T. Kelce TE - KC ,8.70,M. Gordon RB - DEN ,3.80,W. Lutz K - NO ,12.00,Ravens DEF ,7.00,B. Cooks WR - HOU ,2.30,J. Howard RB ,6.10,P. Barber RB - WAS ,0.60,K. Golladay WR - DET ,11.70,A. Miller WR - CHI ,11.00,J. Robinson RB - JAX ,24.90,,,114.08,Kessi,103.26
2020,3,Simi,7,R. Wilson QB - SEA ,36.80,L. Fournette RB - TB ,2.20,J. Mixon RB - CIN,6.50,T. Lockett WR - SEA ,28.00,J. Smith-Schuster WR - PIT ,12.30,E. Engram TE - NYG ,2.20,J. McKinnon RB - SF ,13.70,M. Prater K - DET ,14.00,Steelers DEF ,7.00,J. Jones WR - ATL ,0.00,T. Hilton WR - IND ,5.20,R. Mostert RB - SF,0.00,K. Johnson RB - DET ,3.00,J. Burrow QB - CIN,20.38,H. Ruggs WR - LV ,0.00,,,122.70,Tommy,102.40
2020,3,Tommy,8,G. Minshew QB - JAX ,9.20,J. Conner RB - PIT ,20.90,A. Ekeler RB - LAC ,20.30,T. Hill WR - KC ,16.20,C. Lamb WR - DAL ,6.60,N. Fant TE - DEN ,4.60,A. Cooper WR - DAL ,8.60,R. Gould K - SF ,14.00,Chargers DEF ,2.00,D. Brees QB - NO ,23.52,S. Watkins WR - KC ,6.20,M. Thomas WR - NO ,0.00,R. Anderson WR - CAR ,5.50,M. Brown WR - BAL ,1.30,B. Aiyuk WR - SF ,16.10,,,102.40,Simi,122.70
2020,3,Juschka,5,P. Mahomes QB - KC ,40.00,A. Kamara RB - NO ,31.70,J. Jacobs RB - LV ,6.30,A. Thielen WR - MIN ,9.30,C. Kupp WR - LA ,16.70,D. Waller TE - LV ,0.90,M. Davis RB - CAR ,15.10,Y. Koo K - ATL ,8.00,49ers DEF ,12.00,A. Peterson RB - DET ,8.50,O. Beckham WR - CLE,5.90,D. Chark WR - JAX ,0.00,D. Singletary RB - BUF ,12.10,J. Dobbins RB - BAL ,4.40,Z. Moss RB - BUF,0.00,,,140.00,Ritz,82.48
2020,3,Kessi,2,D. Watson QB - HOU ,17.06,E. Elliott RB - DAL ,11.80,J. Taylor RB - IND ,12.20,D. Moore WR - CAR ,6.50,J. Jeudy WR - DEN ,5.50,T. Higbee TE - LA ,6.00,T. Gurley RB - ATL ,14.20,S. Gostkowski K - TEN ,25.00,Bills DEF ,5.00,M. Ingram RB - BAL ,3.00,J. Landry WR - CLE ,3.60,D. Adams WR - GB ,0.00,G. Kittle TE - SF ,0.00,P. Lindsay RB - DEN,0.00,N. Harry WR - NE ,3.60,,,103.26,Marv,114.08
2020,4,Benni,3,L. Jackson QB - BAL ,25.02,D. Johnson RB - HOU ,9.20,N. Chubb RB - CLE ,4.30,D. Parker WR - MIA ,11.00,M. Gallup WR - DAL ,2.90,M. Andrews TE - BAL ,17.70,R. Woods WR - LA ,3.80,J. Tucker K - BAL ,7.00,Colts DEF ,7.00,D. Henry RB - TEN ,0.00,J. Allen QB - BUF ,25.42,A. Brown WR - TEN ,0.00,D. Johnson WR - PIT ,0.00,J. Kelley RB - LAC ,1.30,A. Gibson RB - WAS ,18.80,,-,87.92,Tommy,90.40
2020,4,Erik,6,K. Murray QB - ARI ,23.12,D. Montgomery RB - CHI ,7.70,M. Sanders RB - PHI ,7.60,A. Robinson WR - CHI ,16.10,C. Ridley WR - ATL ,0.00,H. Henry TE - LAC ,3.90,C. Edwards-Helaire RB - KC ,9.10,G. Zuerlein K - DAL ,2.00,Rams DEF ,11.00,D. Freeman RB ,6.80,T. Boyd WR - CIN ,9.40,C. McCaffrey RB - CAR ,0.00,C. Godwin WR - TB ,0.00,J. Smith TE - TEN ,0.00,R. Gage WR - ATL ,2.00,,-,80.52,Ritz,93.08
2020,4,Ritz,4,A. Rodgers QB - GB ,29.58,K. Drake RB - ARI ,3.50,A. Jones RB - GB ,17.10,D. Hopkins WR - ARI ,4.10,M. Evans WR - TB ,18.20,Z. Ertz TE - PHI ,2.90,D. Henderson RB - LA,3.70,H. Butker K - KC ,8.00,Buccaneers DEF ,6.00,M. Ryan QB - ATL ,12.40,J. Edelman WR - NE,3.50,K. Allen WR - LAC ,6.20,S. Diggs WR - BUF ,11.50,K. Hunt RB - CLE ,19.10,D. Schultz TE - DAL ,13.20,,0.00,93.08,Erik,80.52
2020,4,Marv,1,D. Prescott QB - DAL,37.28,D. Cook RB - MIN ,26.60,C. Carson RB - SEA ,22.00,K. Golladay WR - DET ,12.20,D. Metcalf WR - SEA ,10.60,T. Kelce TE - KC ,7.00,J. Robinson RB - JAX ,10.70,W. Lutz K - NO ,5.00,Ravens DEF ,6.00,J. Graham TE - CHI ,3.30,M. Gordon RB - DEN ,23.80,A. Miller WR - CHI ,1.60,M. Gaskin RB - MIA ,6.20,T. McLaurin WR - WAS ,11.80,D. Samuel WR - SF ,4.50,,-,137.38,Simi,101.58
2020,4,Simi,7,R. Wilson QB - SEA ,20.90,J. McKinnon RB - SF ,15.70,J. Mixon RB - CIN,36.10,J. Jones WR - ATL ,3.20,T. Lockett WR - SEA ,3.90,E. Engram TE - NYG ,3.50,J. Landry WR - CLE ,10.28,M. Prater K - DET ,3.00,Seahawks DEF ,5.00,R. Mostert RB - SF,0.00,L. Fournette RB - TB ,0.00,J. Smith-Schuster WR - PIT ,0.00,K. Johnson RB - DET ,1.20,H. Ruggs WR - LV ,0.00,Steelers DEF ,0.00,,-,101.58,Marv,137.38
2020,4,Tommy,8,J. Goff QB - LA ,11.70,A. Ekeler RB - LAC ,1.40,R. Jones RB - TB ,12.80,A. Cooper WR - DAL ,21.40,T. Hill WR - KC ,12.40,N. Fant TE - DEN ,3.50,C. Lamb WR - DAL ,20.20,R. Gould K - SF ,2.00,Packers DEF ,5.00,S. Watkins WR - KC ,2.30,M. Thomas WR - NO ,0.00,R. Anderson WR - CAR ,9.90,J. Conner RB - PIT ,0.00,M. Brown WR - BAL ,8.60,B. Aiyuk WR - SF ,11.60,,-,90.40,Benni,87.92
2020,4,Juschka,2,P. Mahomes QB - KC ,20.24,M. Davis RB - CAR ,17.10,A. Kamara RB - NO ,17.90,A. Thielen WR - MIN ,18.20,C. Kupp WR - LA ,12.70,D. Waller TE - LV ,6.80,J. Jacobs RB - LV ,7.30,M. Crosby K - GB ,6.00,49ers DEF ,6.00,A. Peterson RB - DET ,9.60,O. Beckham WR - CLE,33.40,D. Chark WR - JAX ,21.50,D. Singletary RB - BUF ,13.70,J. Dobbins RB - BAL ,1.70,J. Jefferson WR - MIN ,10.30,,-,112.24,Kessi,87.50
2020,4,Kessi,5,D. Watson QB - HOU ,20.90,E. Elliott RB - DAL ,12.50,J. Taylor RB - IND ,7.90,D. Adams WR - GB ,0.00,D. Moore WR - CAR ,4.90,T. Higbee TE - LA ,2.00,T. Gurley RB - ATL ,18.30,R. Bullock K - CIN ,15.00,Bills DEF ,6.00,M. Ingram RB - BAL ,9.70,G. Kittle TE - SF ,25.10,P. Lindsay RB - DEN,0.00,A. Lazard WR - GB ,0.00,N. Harry WR - NE ,8.10,S. Gostkowski K - TEN ,0.00,,-,87.50,Juschka,112.24
2020,5,Benni,5,L. Jackson QB - BAL ,13.50,D. Johnson RB - HOU ,10.30,A. Gibson RB - WAS ,5.10,R. Woods WR - LA ,13.10,A. Brown WR - TEN ,14.20,M. Andrews TE - BAL ,11.60,D. Henry RB - TEN ,18.30,J. Tucker K - BAL ,9.00,Cardinals DEF ,7.00,D. Parker WR - MIA ,11.00,M. Gallup WR - DAL ,7.30,J. Allen QB - BUF ,16.32,N. Chubb RB - CLE ,0.00,D. Johnson WR - PIT ,-0.20,J. Kelley RB - LAC ,3.80,,-,102.10,Marv,126.54
2020,5,Erik,2,K. Murray QB - ARI ,26.30,D. Montgomery RB - CHI ,11.90,C. Edwards-Helaire RB - KC ,8.00,A. Robinson WR - CHI ,9.00,C. Ridley WR - ATL ,13.60,H. Henry TE - LAC ,8.30,M. Sanders RB - PHI ,21.90,R. Blankenship K - IND ,11.00,Rams DEF ,12.00,D. Freeman RB ,14.70,T. Boyd WR - CIN ,4.20,C. McCaffrey RB - CAR ,0.00,C. Godwin WR - TB ,0.00,J. Smith TE - TEN ,16.00,C. Edmonds RB - ARI ,15.20,,-,122.00,Tommy,75.02
2020,5,Ritz,6,M. Ryan QB - ATL ,6.94,K. Drake RB - ARI ,12.20,K. Hunt RB - CLE ,15.30,D. Hopkins WR - ARI ,19.10,M. Evans WR - TB ,10.10,Z. Ertz TE - PHI ,0.60,K. Allen WR - LAC ,8.90,H. Butker K - KC ,6.00,Buccaneers DEF ,6.00,J. Edelman WR - NE,0.00,A. Rodgers QB - GB ,0.00,S. Diggs WR - BUF ,10.60,A. Jones RB - GB ,0.00,D. Henderson RB - LA,18.80,Colts DEF ,11.00,,0.00,85.14,Kessi,113.36
2020,5,Marv,1,D. Prescott QB - DAL,12.44,D. Cook RB - MIN ,14.90,C. Carson RB - SEA ,13.90,D. Metcalf WR - SEA ,21.30,D. Samuel WR - SF ,2.20,T. Kelce TE - KC ,16.80,J. Robinson RB - JAX ,5.00,W. Lutz K - NO ,14.00,Ravens DEF ,26.00,J. Graham TE - CHI ,9.30,M. Gordon RB - DEN ,0.00,K. Golladay WR - DET ,0.00,A. Miller WR - CHI ,2.80,M. Gaskin RB - MIA ,15.10,T. McLaurin WR - WAS ,2.60,,-,126.54,Benni,102.10
2020,5,Simi,7,R. Wilson QB - SEA ,24.48,R. Mostert RB - SF,11.90,J. Mixon RB - CIN,9.40,T. Lockett WR - SEA ,4.40,J. Smith-Schuster WR - PIT ,2.80,E. Engram TE - NYG ,8.50,L. Bell RB - KC ,6.70,D. Carlson K - LV ,10.00,Steelers DEF ,8.00,J. Jones WR - ATL ,0.00,J. McKinnon RB - SF ,0.50,W. Fuller WR - HOU ,11.80,L. Fournette RB - TB ,0.00,H. Ruggs WR - LV ,17.80,M. Prater K - DET ,0.00,,-,86.18,Juschka,117.40
2020,5,Tommy,8,T. Brady QB - TB ,14.12,J. Conner RB - PIT ,12.30,R. Jones RB - TB ,12.50,A. Cooper WR - DAL ,2.10,T. Hill WR - KC ,15.30,E. Ebron TE - PIT ,2.30,C. Lamb WR - DAL ,12.40,R. Gould K - SF ,5.00,Chiefs DEF ,-1.00,S. Watkins WR - KC ,8.40,M. Thomas WR - NO ,0.00,R. Anderson WR - CAR ,11.50,A. Ekeler RB - LAC ,0.00,M. Brown WR - BAL ,13.80,B. Aiyuk WR - SF ,4.40,,-,75.02,Erik,122.00
2020,5,Juschka,3,P. Mahomes QB - KC ,29.70,A. Kamara RB - NO ,11.90,J. Jacobs RB - LV ,20.50,A. Thielen WR - MIN ,20.30,J. Jefferson WR - MIN ,2.30,D. Waller TE - LV ,10.80,M. Davis RB - CAR ,20.90,J. Myers K - SEA ,3.00,49ers DEF ,-2.00,A. Peterson RB - DET ,0.00,O. Beckham WR - CLE,6.42,C. Kupp WR - LA ,6.60,D. Chark WR - JAX ,1.60,D. Singletary RB - BUF ,3.30,J. Dobbins RB - BAL ,5.50,,-,117.40,Simi,86.18
2020,5,Kessi,4,D. Watson QB - HOU ,24.86,T. Gurley RB - ATL ,21.00,E. Elliott RB - DAL ,22.50,J. Crowder WR - NYJ ,17.60,D. Moore WR - CAR ,15.30,G. Kittle TE - SF ,4.40,M. Ingram RB - BAL ,5.70,S. Gostkowski K - TEN ,6.00,Bills DEF ,-4.00,D. Adams WR - GB ,0.00,P. Lindsay RB - DEN,0.00,A. Lazard WR - GB ,0.00,N. Harry WR - NE ,0.00,J. Jeudy WR - DEN ,0.00,J. Taylor RB - IND ,13.40,,-,113.36,Ritz,85.14
2020,6,Benni,4,J. Allen QB - BUF ,15.08,D. Johnson RB - HOU ,12.90,D. Henry RB - TEN ,38.40,R. Woods WR - LA ,10.00,A. Brown WR - TEN ,17.80,M. Andrews TE - BAL ,2.10,A. Mattison RB - MIN ,3.00,J. Tucker K - BAL ,14.00,Rams DEF ,0.00,D. Parker WR - MIA ,3.50,L. Jackson QB - BAL ,28.24,N. Chubb RB - CLE ,0.00,D. Johnson WR - PIT ,0.00,J. Kelley RB - LAC ,0.00,A. Gibson RB - WAS ,5.50,,,113.28,Ritz,71.60
2020,6,Erik,5,K. Murray QB - ARI ,28.92,D. Montgomery RB - CHI ,9.70,M. Sanders RB - PHI ,11.20,A. Robinson WR - CHI ,5.30,C. Ridley WR - ATL ,12.90,J. Smith TE - TEN ,1.30,C. Edwards-Helaire RB - KC ,16.90,R. Blankenship K - IND ,7.00,Patriots DEF ,7.00,D. Freeman RB ,5.70,T. Boyd WR - CIN ,7.90,C. McCaffrey RB - CAR ,0.00,C. Godwin WR - TB ,4.80,C. Edmonds RB - ARI ,2.90,C. Claypool WR - PIT ,14.10,,,100.22,Marv,111.94
2020,6,Ritz,7,A. Rodgers QB - GB ,3.80,K. Hunt RB - CLE ,5.70,A. Jones RB - GB ,10.10,D. Hopkins WR - ARI ,7.30,M. Evans WR - TB ,1.00,Z. Ertz TE - PHI ,3.30,K. Drake RB - ARI ,28.40,H. Butker K - KC ,8.00,Colts DEF ,4.00,J. Edelman WR - NE,2.32,C. Newton QB - NE ,17.48,K. Allen WR - LAC ,0.00,S. Diggs WR - BUF ,10.60,D. Henderson RB - LA,9.20,Buccaneers DEF ,19.00,,,71.60,Benni,113.28
2020,6,Marv,1,R. Tannehill QB - TEN ,28.64,M. Gaskin RB - MIA ,12.60,J. Robinson RB - JAX ,11.30,K. Golladay WR - DET ,10.50,T. McLaurin WR - WAS ,7.40,T. Kelce TE - KC ,16.50,D. Samuel WR - SF ,12.00,J. Sanders K - MIA ,6.00,Ravens DEF ,7.00,M. Gordon RB - DEN ,0.00,D. Cook RB - MIN ,0.00,C. Carson RB - SEA ,0.00,D. Metcalf WR - SEA ,0.00,J. Herbert QB - LAC ,0.00,W. Lutz K - NO ,0.00,,,111.94,Erik,100.22
2020,6,Simi,6,R. Fitzpatrick QB - MIA ,16.04,R. Mostert RB - SF,7.60,J. Mixon RB - CIN,12.90,W. Fuller WR - HOU ,18.30,J. Smith-Schuster WR - PIT ,0.60,E. Engram TE - NYG ,3.00,J. Jones WR - ATL ,25.70,J. Slye K - CAR ,10.00,Steelers DEF ,18.00,F. Gore RB - NYJ,7.00,R. Wilson QB - SEA ,0.00,J. McKinnon RB - SF ,2.80,T. Lockett WR - SEA ,0.00,L. Fournette RB - TB ,0.00,H. Ruggs WR - LV ,0.00,,,112.14,Kessi,93.50
2020,6,Tommy,8,T. Brady QB - TB ,14.64,J. Conner RB - PIT ,16.20,R. Jones RB - TB ,24.10,A. Cooper WR - DAL ,13.90,T. Hill WR - KC ,2.50,J. Graham TE - CHI ,3.40,C. Lamb WR - DAL ,6.40,R. Gould K - SF ,6.00,Chiefs DEF ,3.00,L. Bell RB - KC ,0.00,M. Thomas WR - NO ,0.00,R. Anderson WR - CAR ,7.70,A. Ekeler RB - LAC ,0.00,M. Brown WR - BAL ,5.70,B. Aiyuk WR - SF ,7.20,,,90.14,Juschka,103.30
2020,6,Juschka,2,P. Mahomes QB - KC ,20.60,M. Davis RB - CAR ,9.50,D. Singletary RB - BUF ,4.50,A. Thielen WR - MIN ,11.10,J. Jefferson WR - MIN ,30.60,D. Schultz TE - DAL ,3.50,O. Beckham WR - CLE,2.50,Y. Koo K - ATL ,18.00,49ers DEF ,3.00,A. Peterson RB - DET ,11.80,D. Waller TE - LV ,0.00,C. Kupp WR - LA ,1.10,A. Kamara RB - NO ,0.00,D. Chark WR - JAX ,4.50,J. Jacobs RB - LV ,0.00,,,103.30,Tommy,90.14
2020,6,Kessi,3,D. Watson QB - HOU ,32.00,T. Gurley RB - ATL ,6.70,E. Elliott RB - DAL ,4.00,D. Adams WR - GB ,6.10,D. Moore WR - CAR ,9.30,G. Kittle TE - SF ,16.90,J. Taylor RB - IND ,11.50,S. Gostkowski K - TEN ,4.00,Bills DEF ,3.00,M. Ingram RB - BAL ,2.00,J. Crowder WR - NYJ ,4.80,P. Lindsay RB - DEN,10.10,A. Lazard WR - GB ,0.00,N. Harry WR - NE ,0.00,J. Jeudy WR - DEN ,3.20,,,93.50,Simi,112.14
2020,7,Benni,4,J. Allen QB - BUF ,16.38,D. Johnson RB - HOU ,12.40,D. Henry RB - TEN ,13.20,R. Woods WR - LA ,2.50,A. Brown WR - TEN ,21.30,T. Hockenson TE - DET ,11.90,A. Gibson RB - WAS ,18.80,R. Succop K - TB ,9.00,Rams DEF ,15.00,A. Brown WR - TB ,0.00,D. Parker WR - MIA ,0.00,L. Jackson QB - BAL ,0.00,M. Andrews TE - BAL ,0.00,N. Chubb RB - CLE ,0.00,D. Johnson WR - PIT ,20.00,,-,120.48,Juschka,58.10
2020,7,Erik,5,K. Murray QB - ARI ,37.10,D. Montgomery RB - CHI ,6.90,C. Edwards-Helaire RB - KC ,12.30,C. Ridley WR - ATL ,14.90,C. Claypool WR - PIT ,-0.20,J. Smith TE - TEN ,0.90,C. Godwin WR - TB ,14.80,M. Crosby K - GB ,5.00,Chargers DEF ,6.00,A. Robinson WR - CHI ,7.00,T. Boyd WR - CIN ,16.74,C. McCaffrey RB - CAR ,0.00,M. Sanders RB - PHI ,0.00,D. Swift RB - DET ,10.80,Patriots DEF ,4.00,,-,97.70,Kessi,137.76
2020,7,Ritz,7,A. Rodgers QB - GB ,27.32,K. Drake RB - ARI ,4.10,K. Hunt RB - CLE ,16.20,K. Allen WR - LAC ,12.50,S. Diggs WR - BUF ,4.80,J. Cook TE - NO ,9.20,D. Hopkins WR - ARI ,14.30,H. Butker K - KC ,13.00,Buccaneers DEF ,6.00,M. Ryan QB - ATL ,17.52,R. Gronkowski TE - TB ,12.20,M. Evans WR - TB ,3.70,A. Jones RB - GB ,0.00,D. Henderson RB - LA,7.60,Colts DEF ,0.00,,-,107.42,Simi,116.52
2020,7,Marv,1,J. Herbert QB - LAC ,38.48,C. Carson RB - SEA ,4.10,J. Robinson RB - JAX ,27.70,T. McLaurin WR - WAS ,15.00,D. Metcalf WR - SEA ,2.30,T. Kelce TE - KC ,3.10,K. Golladay WR - DET ,11.40,W. Lutz K - NO ,9.00,Browns DEF ,7.00,R. Tannehill QB - TEN ,17.30,M. Gordon RB - DEN ,10.00,D. Cook RB - MIN ,0.00,M. Gaskin RB - MIA ,0.00,D. Samuel WR - SF ,7.20,Ravens DEF ,0.00,,-,118.08,Tommy,113.76
2020,7,Simi,6,R. Wilson QB - SEA ,29.92,J. McKinnon RB - SF ,-0.10,B. Scott RB - PHI ,15.20,J. Jones WR - ATL ,9.70,W. Fuller WR - HOU ,9.50,H. Henry TE - LAC ,2.30,T. Lockett WR - SEA ,38.00,R. Bullock K - CIN ,10.00,Steelers DEF ,2.00,F. Gore RB - NYJ,6.00,R. Mostert RB - SF,0.00,L. Fournette RB - TB ,9.70,J. Mixon RB - CIN,0.00,J. Smith-Schuster WR - PIT ,8.50,H. Ruggs WR - LV ,4.50,,6.00,116.52,Ritz,107.42
2020,7,Tommy,8,T. Brady QB - TB ,36.86,J. Conner RB - PIT ,11.10,R. Jones RB - TB ,9.60,A. Cooper WR - DAL ,8.50,T. Hill WR - KC ,11.50,J. Graham TE - CHI ,3.10,C. Lamb WR - DAL ,0.10,R. Gould K - SF ,9.00,Chiefs DEF ,24.00,L. Bell RB - KC ,3.90,M. Thomas WR - NO ,0.00,R. Anderson WR - CAR ,7.40,A. Ekeler RB - LAC ,0.00,M. Brown WR - BAL ,0.00,B. Aiyuk WR - SF ,11.50,,-,113.76,Marv,118.08
2020,7,Juschka,2,P. Mahomes QB - KC ,12.00,A. Kamara RB - NO ,14.80,J. Jacobs RB - LV ,3.10,O. Beckham WR - CLE,0.00,D. Chark WR - JAX ,2.60,D. Waller TE - LV ,11.00,M. Davis RB - CAR ,3.60,Y. Koo K - ATL ,2.00,Eagles DEF ,9.00,A. Peterson RB - DET ,3.00,A. Thielen WR - MIN ,0.00,C. Kupp WR - LA ,5.90,D. Schultz TE - DAL ,2.20,D. Singletary RB - BUF ,4.70,J. Jefferson WR - MIN ,0.00,,-,58.10,Benni,120.48
2020,7,Kessi,3,D. Watson QB - HOU ,24.16,T. Gurley RB - ATL ,20.20,E. Elliott RB - DAL ,5.10,D. Adams WR - GB ,31.60,D. Moore WR - CAR ,21.30,G. Kittle TE - SF ,5.50,P. Lindsay RB - DEN,7.90,S. Gostkowski K - TEN ,8.00,Bills DEF ,14.00,M. Ingram RB - BAL ,0.00,J. Crowder WR - NYJ ,0.00,A. Lazard WR - GB ,0.00,N. Harry WR - NE ,0.60,J. Jeudy WR - DEN ,2.00,J. Taylor RB - IND ,0.00,,-,137.76,Erik,97.70
2020,8,Benni,3,L. Jackson QB - BAL ,14.82,G. Bernard RB - CIN ,19.80,D. Henry RB - TEN ,17.20,R. Woods WR - LA ,21.40,A. Brown WR - TEN ,8.40,M. Andrews TE - BAL ,3.20,D. Johnson WR - PIT ,0.60,R. Blankenship K - IND ,3.00,Rams DEF ,5.00,A. Brown WR - TB ,0.00,D. Parker WR - MIA ,6.30,D. Johnson RB - HOU ,0.00,J. Allen QB - BUF ,12.46,N. Chubb RB - CLE ,0.00,A. Gibson RB - WAS ,0.00,,,93.42,Marv,141.92
2020,8,Erik,7,C. Wentz QB - PHI ,8.62,D. Swift RB - DET ,2.30,C. Edwards-Helaire RB - KC ,3.10,T. Boyd WR - CIN ,13.60,C. Ridley WR - ATL ,4.20,J. Smith TE - TEN ,2.90,A. Robinson WR - CHI ,14.70,J. Tucker K - BAL ,8.00,Chargers DEF ,3.00,C. McCaffrey RB - CAR ,0.00,C. Godwin WR - TB ,0.00,K. Murray QB - ARI ,0.00,D. Montgomery RB - CHI ,10.50,M. Sanders RB - PHI ,0.00,C. Claypool WR - PIT ,8.20,,,60.42,Simi,110.64
2020,8,Ritz,6,A. Rodgers QB - GB ,22.54,K. Hunt RB - CLE ,7.30,J. Williams RB - GB ,12.20,K. Allen WR - LAC ,12.70,S. Diggs WR - BUF ,9.20,R. Gronkowski TE - TB ,10.10,M. Evans WR - TB ,11.50,H. Butker K - KC ,5.00,Buccaneers DEF ,7.00,M. Ryan QB - ATL ,17.94,D. Hopkins WR - ARI ,0.00,K. Drake RB - ARI ,0.00,A. Jones RB - GB ,0.00,D. Henderson RB - LA,5.80,Colts DEF ,15.00,,,97.54,Tommy,96.16
2020,8,Marv,1,R. Tannehill QB - TEN ,17.32,M. Gordon RB - DEN ,4.70,D. Cook RB - MIN ,46.60,K. Golladay WR - DET ,0.00,D. Metcalf WR - SEA ,28.10,T. Kelce TE - KC ,16.90,M. Gaskin RB - MIA ,10.30,W. Lutz K - NO ,14.00,Ravens DEF ,4.00,C. Carson RB - SEA ,0.00,C. Edmonds RB - ARI ,0.00,T. McLaurin WR - WAS ,0.00,D. Samuel WR - SF ,0.00,J. Robinson RB - JAX ,0.00,J. Herbert QB - LAC ,21.22,,,141.92,Benni,93.42
2020,8,Simi,4,R. Wilson QB - SEA ,28.74,L. Fournette RB - TB ,7.10,B. Scott RB - PHI ,7.90,J. Jones WR - ATL ,13.70,T. Lockett WR - SEA ,3.30,J. Cook TE - NO ,11.10,T. Fulgham WR - PHI ,13.80,R. Bullock K - CIN ,7.00,Steelers DEF ,18.00,F. Gore RB - NYJ,3.00,R. Mostert RB - SF,0.00,W. Fuller WR - HOU ,0.00,J. Mixon RB - CIN,0.00,J. Smith-Schuster WR - PIT ,6.70,H. Ruggs WR - LV ,0.90,,,110.64,Erik,60.42
2020,8,Tommy,8,T. Brady QB - TB ,19.06,J. Conner RB - PIT ,12.00,R. Jones RB - TB ,2.60,T. Hill WR - KC ,21.80,T. Higgins WR - CIN ,8.40,T. Hockenson TE - DET ,6.50,R. Anderson WR - CAR ,4.80,M. Badgley K - LAC ,14.00,Chiefs DEF ,7.00,L. Bell RB - KC ,3.80,A. Cooper WR - DAL ,0.50,M. Thomas WR - NO ,0.00,A. Ekeler RB - LAC ,0.00,C. Lamb WR - DAL ,4.60,B. Aiyuk WR - SF ,15.10,,,96.16,Ritz,97.54
2020,8,Juschka,2,P. Mahomes QB - KC ,36.64,A. Kamara RB - NO ,16.30,J. Jacobs RB - LV ,12.90,A. Thielen WR - MIN ,2.70,J. Jefferson WR - MIN ,2.60,D. Waller TE - LV ,2.70,M. Davis RB - CAR ,7.70,Y. Koo K - ATL ,13.00,Eagles DEF ,20.00,A. Peterson RB - DET ,1.20,J. Landry WR - CLE ,5.20,C. Kupp WR - LA ,11.00,D. Schultz TE - DAL ,5.30,D. Chark WR - JAX ,0.00,D. Singletary RB - BUF ,9.20,,,114.54,Kessi,72.24
2020,8,Kessi,5,D. Carr QB - LV ,12.54,T. Gurley RB - ATL ,10.60,E. Elliott RB - DAL ,7.30,D. Adams WR - GB ,23.30,D. Moore WR - CAR ,5.50,G. Kittle TE - SF ,3.90,J. Taylor RB - IND ,3.10,S. Gostkowski K - TEN ,2.00,Bills DEF ,4.00,M. Ingram RB - BAL ,0.00,J. Crowder WR - NYJ ,0.00,D. Watson QB - HOU ,0.00,P. Lindsay RB - DEN,14.60,A. Lazard WR - GB ,0.00,J. Jeudy WR - DEN ,7.30,,,72.24,Juschka,114.54
2020,9,Benni,4,J. Allen QB - BUF ,36.00,D. Johnson RB - HOU ,1.60,D. Henry RB - TEN ,6.80,B. Cooks WR - HOU ,14.30,A. Brown WR - TEN ,16.10,M. Andrews TE - BAL ,2.20,A. Gibson RB - WAS ,9.50,R. Succop K - TB ,3.00,Texans DEF ,4.00,A. Brown WR - TB ,3.10,R. Woods WR - LA ,0.00,L. Jackson QB - BAL ,18.60,N. Chubb RB - CLE ,0.00,D. Johnson WR - PIT ,8.10,R. Bullock K - CIN ,0.00,,,93.50,Erik,97.92
2020,9,Erik,5,K. Murray QB - ARI ,37.92,C. McCaffrey RB - CAR ,27.10,D. Montgomery RB - CHI ,2.20,A. Robinson WR - CHI ,8.10,M. Thomas WR - NO ,5.10,N. Fant TE - DEN ,4.50,J. Conner RB - PIT ,2.00,J. Tucker K - BAL ,6.00,Football Team DEF ,5.00,T. Boyd WR - CIN ,0.00,C. Godwin WR - TB ,4.10,C. Ridley WR - ATL ,0.00,D. Goedert TE - PHI ,0.00,M. Sanders RB - PHI ,0.00,D. Dallas RB - SEA ,9.90,,,97.92,Benni,93.50
2020,9,Ritz,7,A. Rodgers QB - GB ,28.90,A. Jones RB - GB ,7.90,J. Dobbins RB - BAL ,3.50,D. Hopkins WR - ARI ,3.00,S. Diggs WR - BUF ,11.80,R. Gronkowski TE - TB ,0.20,K. Allen WR - LAC ,16.30,H. Butker K - KC ,11.00,Buccaneers DEF ,1.00,M. Ryan QB - ATL ,22.36,M. Evans WR - TB ,6.40,K. Drake RB - ARI ,0.00,K. Hunt RB - CLE ,0.00,D. Henderson RB - LA,0.00,Colts DEF ,5.00,,,83.60,Juschka,109.18
2020,9,Marv,1,J. Herbert QB - LAC ,23.44,D. Cook RB - MIN ,37.20,J. Robinson RB - JAX ,15.90,T. McLaurin WR - WAS ,17.50,D. Metcalf WR - SEA ,16.80,T. Kelce TE - KC ,15.90,C. Edmonds RB - ARI ,8.80,W. Lutz K - NO ,8.00,Ravens DEF ,14.00,R. Tannehill QB - TEN ,14.62,M. Gordon RB - DEN ,2.70,K. Golladay WR - DET ,0.00,C. Carson RB - SEA ,0.00,M. Gaskin RB - MIA ,0.00,D. Samuel WR - SF ,0.00,,,157.54,Tommy,74.66
2020,9,Simi,6,R. Wilson QB - SEA ,22.10,D. Swift RB - DET ,9.70,J. Hasty RB - SF,1.30,J. Jones WR - ATL ,11.40,T. Lockett WR - SEA ,4.00,J. Cook TE - NO ,1.00,W. Fuller WR - HOU ,16.00,D. Carlson K - LV ,7.00,Steelers DEF ,7.00,R. Mostert RB - SF,0.00,L. Fournette RB - TB ,4.10,J. Mixon RB - CIN,0.00,J. Smith-Schuster WR - PIT ,15.30,B. Scott RB - PHI ,0.00,T. Fulgham WR - PHI ,0.00,,,79.50,Kessi,105.24
2020,9,Tommy,8,T. Brady QB - TB ,2.36,R. Jones RB - TB ,1.80,C. Edwards-Helaire RB - KC ,9.40,T. Hill WR - KC ,24.10,C. Claypool WR - PIT ,7.30,T. Hockenson TE - DET ,9.90,Z. Moss RB - BUF,10.80,M. Badgley K - LAC ,8.00,Chiefs DEF ,1.00,A. Cooper WR - DAL ,7.50,R. Anderson WR - CAR ,6.30,A. Ekeler RB - LAC ,0.00,T. Higgins WR - CIN ,0.00,C. Lamb WR - DAL ,11.10,B. Aiyuk WR - SF ,0.00,,,74.66,Marv,157.54
2020,9,Juschka,2,P. Mahomes QB - KC ,31.48,A. Kamara RB - NO ,10.90,J. Jacobs RB - LV ,12.80,A. Thielen WR - MIN ,3.80,J. Jefferson WR - MIN ,6.40,D. Waller TE - LV ,8.20,D. Chark WR - JAX ,20.60,Y. Koo K - ATL ,12.00,Patriots DEF ,3.00,A. Peterson RB - DET ,4.30,J. Landry WR - CLE ,0.00,M. Davis RB - CAR ,3.70,C. Davis WR - TEN ,0.00,C. Kupp WR - LA ,0.00,D. Singletary RB - BUF ,3.40,,,109.18,Ritz,83.60
2020,9,Kessi,3,D. Watson QB - HOU ,24.24,E. Elliott RB - DAL ,6.90,P. Lindsay RB - DEN,2.30,D. Adams WR - GB ,23.30,J. Jeudy WR - DEN ,18.50,R. Tonyan TE - GB ,0.50,T. Gurley RB - ATL ,11.50,S. Gostkowski K - TEN ,6.00,Bills DEF ,12.00,D. Bryant WR - BAL ,0.00,M. Ingram RB - BAL ,0.00,J. Crowder WR - NYJ ,8.60,A. Lazard WR - GB ,0.00,D. Moore WR - CAR ,1.80,J. Taylor RB - IND ,7.40,,,105.24,Simi,79.50
2020,10,Benni,4,J. Allen QB - BUF ,26.36,D. Henry RB - TEN ,10.90,N. Chubb RB - CLE ,18.60,R. Woods WR - LA ,3.60,A. Brown WR - TEN ,2.10,N. Fant TE - DEN ,1.80,A. Gibson RB - WAS ,18.50,M. Crosby K - GB ,6.00,Saints DEF ,14.00,A. Brown WR - TB ,6.60,B. Cooks WR - HOU ,3.90,D. Johnson RB - HOU ,0.00,L. Jackson QB - BAL ,21.46,M. Andrews TE - BAL ,6.10,D. Johnson WR - PIT ,17.60,,,101.86,Ritz,126.10
2020,10,Erik,7,K. Murray QB - ARI ,29.90,D. Johnson RB - HOU ,5.40,M. Sanders RB - PHI ,11.50,M. Thomas WR - NO ,2.70,C. Godwin WR - TB ,9.20,D. Goedert TE - PHI ,3.30,J. Conner RB - PIT ,4.80,J. Tucker K - BAL ,5.00,Eagles DEF ,3.00,A. Robinson WR - CHI ,4.30,T. Boyd WR - CIN ,4.10,C. McCaffrey RB - CAR ,0.00,C. Ridley WR - ATL ,0.00,D. Montgomery RB - CHI ,0.00,Football Team DEF ,0.00,,,74.80,Juschka,110.28
2020,10,Ritz,5,A. Rodgers QB - GB ,25.40,K. Hunt RB - CLE ,13.20,A. Jones RB - GB ,9.50,D. Hopkins WR - ARI ,18.70,S. Diggs WR - BUF ,15.30,R. Gronkowski TE - TB ,11.10,K. Allen WR - LAC ,9.90,T. Bass K - BUF ,18.00,Buccaneers DEF ,5.00,M. Ryan QB - ATL ,0.00,M. Evans WR - TB ,13.70,K. Drake RB - ARI ,8.90,D. Henderson RB - LA,9.30,H. Butker K - KC ,0.00,Colts DEF ,8.00,,,126.10,Benni,101.86
2020,10,Marv,1,J. Herbert QB - LAC ,20.48,D. Cook RB - MIN ,11.20,J. Robinson RB - JAX ,11.20,T. McLaurin WR - WAS ,10.20,D. Metcalf WR - SEA ,2.80,J. Smith TE - TEN ,7.50,C. Edmonds RB - ARI ,7.70,W. Lutz K - NO ,9.00,Ravens DEF ,1.00,T. Kelce TE - KC ,0.00,M. Gordon RB - DEN ,4.60,K. Golladay WR - DET ,0.00,C. Carson RB - SEA ,0.00,M. Gaskin RB - MIA ,0.00,D. Samuel WR - SF ,0.00,,,81.08,Kessi,71.42
2020,10,Simi,6,R. Wilson QB - SEA ,9.92,L. Fournette RB - TB ,3.00,D. Swift RB - DET ,20.90,T. Lockett WR - SEA ,6.60,W. Fuller WR - HOU ,3.80,E. Ebron TE - PIT ,3.80,T. Fulgham WR - PHI ,0.80,D. Carlson K - LV ,15.00,Steelers DEF ,12.00,J. Jones WR - ATL ,0.00,J. McKinnon RB - SF ,4.60,R. Mostert RB - SF,0.00,J. Mixon RB - CIN,0.00,J. Smith-Schuster WR - PIT ,13.70,C. Kirk WR - ARI ,2.70,,,75.82,Tommy,80.74
2020,10,Tommy,8,D. Brees QB - NO ,6.94,R. Jones RB - TB ,23.80,Z. Moss RB - BUF,1.70,T. Higgins WR - CIN ,15.50,C. Claypool WR - PIT ,17.30,T. Hockenson TE - DET ,1.30,C. Samuel WR - CAR ,1.20,D. Bailey K - MIN ,7.00,Browns DEF ,6.00,A. Cooper WR - DAL ,0.00,T. Hill WR - KC ,0.00,R. Anderson WR - CAR ,2.10,C. Lamb WR - DAL ,0.00,C. Edwards-Helaire RB - KC ,0.00,B. Aiyuk WR - SF ,12.70,,,80.74,Simi,75.82
2020,10,Juschka,2,J. Goff QB - LA ,10.48,A. Kamara RB - NO ,27.80,J. Jacobs RB - LV ,25.60,A. Thielen WR - MIN ,16.30,C. Kupp WR - LA ,5.00,D. Waller TE - LV ,3.70,M. Davis RB - CAR ,4.40,J. Sanders K - MIA ,13.00,Giants DEF ,4.00,J. Landry WR - CLE ,2.90,C. Davis WR - TEN ,6.70,P. Mahomes QB - KC ,0.00,D. Chark WR - JAX ,5.60,J. Jefferson WR - MIN ,13.50,Y. Koo K - ATL ,0.00,,,110.28,Erik,74.80
2020,10,Kessi,3,D. Watson QB - HOU ,14.12,P. Lindsay RB - DEN,0.20,J. Taylor RB - IND ,3.70,D. Adams WR - GB ,10.60,D. Moore WR - CAR ,15.60,R. Tonyan TE - GB ,3.30,J. McKissic RB - WAS ,10.90,S. Gostkowski K - TEN ,7.00,Bills DEF ,6.00,M. Ingram RB - BAL ,2.90,J. Crowder WR - NYJ ,0.00,T. Gurley RB - ATL ,0.00,E. Elliott RB - DAL ,0.00,A. Lazard WR - GB ,0.00,J. Jeudy WR - DEN ,6.80,,,71.42,Marv,81.08
2020,11,Benni,4,L. Jackson QB - BAL ,16.54,D. Henry RB - TEN ,19.20,N. Chubb RB - CLE ,11.40,A. Brown WR - TEN ,12.20,D. Johnson WR - PIT ,11.10,M. Andrews TE - BAL ,15.60,A. Gibson RB - WAS ,16.40,R. Blankenship K - IND ,14.00,Dolphins DEF ,5.00,A. Brown WR - TB ,5.80,R. Woods WR - LA ,18.60,D. Johnson RB - HOU ,0.00,A. Ekeler RB - LAC ,0.00,J. Allen QB - BUF ,0.00,Saints DEF ,16.00,,-,121.44,Tommy,104.08
2020,11,Erik,7,K. Murray QB - ARI ,20.26,J. Conner RB - PIT ,9.90,M. Sanders RB - PHI ,6.10,M. Thomas WR - NO ,10.40,C. Ridley WR - ATL ,9.00,H. Henry TE - LAC ,10.80,K. Ballage RB - LAC ,7.10,J. Tucker K - BAL ,10.00,Football Team DEF ,12.00,Z. Ertz TE - PHI ,0.00,A. Robinson WR - CHI ,0.00,T. Boyd WR - CIN ,8.50,C. McCaffrey RB - CAR ,0.00,C. Godwin WR - TB ,11.30,D. Montgomery RB - CHI ,0.00,,-,95.56,Kessi,127.86
2020,11,Ritz,6,A. Rodgers QB - GB ,21.74,K. Hunt RB - CLE ,8.10,A. Jones RB - GB ,13.10,D. Hopkins WR - ARI ,5.10,M. Evans WR - TB ,10.90,R. Gronkowski TE - TB ,2.50,K. Allen WR - LAC ,18.50,H. Butker K - KC ,5.00,Buccaneers DEF ,4.00,M. Ryan QB - ATL ,5.28,S. Diggs WR - BUF ,0.00,K. Drake RB - ARI ,12.00,N. Hines RB - IND ,5.30,D. Henderson RB - LA,0.90,Colts DEF ,8.00,,-,88.94,Marv,122.40
2020,11,Marv,1,J. Herbert QB - LAC ,27.74,M. Gordon RB - DEN ,18.40,D. Cook RB - MIN ,20.00,T. McLaurin WR - WAS ,8.40,D. Metcalf WR - SEA ,10.60,T. Kelce TE - KC ,18.86,J. Robinson RB - JAX ,9.40,W. Lutz K - NO ,6.00,Ravens DEF ,3.00,K. Golladay WR - DET ,0.00,J. Smith TE - TEN ,8.00,C. Carson RB - SEA ,0.00,C. Edmonds RB - ARI ,10.90,M. Gaskin RB - MIA ,0.00,D. Samuel WR - SF ,0.00,,-,122.40,Ritz,88.94
2020,11,Simi,5,R. Wilson QB - SEA ,20.08,A. Peterson RB - DET ,1.80,G. Bernard RB - CIN ,5.50,J. Jones WR - ATL ,3.90,T. Lockett WR - SEA ,12.70,T. Higbee TE - LA ,2.00,J. Smith-Schuster WR - PIT ,1.90,D. Carlson K - LV ,7.00,Steelers DEF ,17.00,R. Mostert RB - SF,0.00,W. Fuller WR - HOU ,8.00,L. Fournette RB - TB ,8.60,J. Mixon RB - CIN,0.00,C. Kirk WR - ARI ,5.00,D. Swift RB - DET ,0.00,,-,71.88,Juschka,126.02
2020,11,Tommy,8,B. Roethlisberger QB - PIT ,16.68,R. Jones RB - TB ,2.40,C. Edwards-Helaire RB - KC ,19.70,T. Higgins WR - CIN ,2.60,C. Claypool WR - PIT ,11.90,T. Hockenson TE - DET ,6.80,T. Hill WR - KC ,16.00,J. Myers K - SEA ,8.00,Browns DEF ,20.00,T. Brady QB - TB ,12.64,A. Cooper WR - DAL ,8.10,R. Anderson WR - CAR ,4.60,J. Meyers WR - NE ,3.80,C. Lamb WR - DAL ,12.60,S. Ahmed RB - MIA ,7.40,,0.00,104.08,Benni,121.44
2020,11,Juschka,2,P. Mahomes QB - KC ,21.52,A. Kamara RB - NO ,10.50,J. Jacobs RB - LV ,12.40,A. Thielen WR - MIN ,24.30,J. Jefferson WR - MIN ,14.60,D. Waller TE - LV ,14.80,M. Davis RB - CAR ,13.90,J. Sanders K - MIA ,9.00,Rams DEF ,5.00,J. Landry WR - CLE ,2.60,J. Goff QB - LA ,23.04,C. Kupp WR - LA ,14.50,D. Chark WR - JAX ,4.10,J. Reagor WR - PHI ,5.20,Y. Koo K - ATL ,13.00,,-,126.02,Simi,71.88
2020,11,Kessi,3,D. Watson QB - HOU ,31.36,E. Elliott RB - DAL ,17.40,J. Taylor RB - IND ,11.40,D. Adams WR - GB ,16.60,D. Moore WR - CAR ,14.80,R. Tonyan TE - GB ,10.40,J. McKissic RB - WAS ,6.90,S. Gostkowski K - TEN ,10.00,Chargers DEF ,9.00,M. Ingram RB - BAL ,0.20,T. Gurley RB - ATL ,2.90,P. Lindsay RB - DEN,8.20,A. Lazard WR - GB ,1.80,J. Jeudy WR - DEN ,3.70,Bills DEF ,0.00,,-,127.86,Erik,95.56
2020,12,Benni,4,J. Allen QB - BUF ,15.48,D. Henry RB - TEN ,36.50,A. Gibson RB - WAS ,31.60,R. Woods WR - LA ,8.80,A. Brown WR - TEN ,15.80,D. Goedert TE - PHI ,13.50,N. Chubb RB - CLE ,23.60,R. Blankenship K - IND ,2.00,Saints DEF ,14.00,A. Brown WR - TB ,1.10,D. Johnson RB - HOU ,0.00,A. Ekeler RB - LAC ,12.90,D. Johnson WR - PIT ,4.60,J. Dobbins RB - BAL ,0.00,Dolphins DEF ,14.00,,0.00,161.28,Juschka,99.18
2020,12,Erik,6,K. Murray QB - ARI ,7.90,B. Hill RB - ATL ,5.50,D. Montgomery RB - CHI ,20.30,M. Thomas WR - NO ,5.10,C. Ridley WR - ATL ,11.00,H. Henry TE - LAC ,6.70,M. Sanders RB - PHI ,4.20,M. Crosby K - GB ,5.00,Giants DEF ,9.00,A. Robinson WR - CHI ,19.40,T. Boyd WR - CIN ,1.50,C. McCaffrey RB - CAR ,0.00,C. Godwin WR - TB ,9.70,J. Tucker K - BAL ,2.00,Seahawks DEF ,9.00,,0.00,74.70,Tommy,94.26
2020,12,Ritz,5,A. Rodgers QB - GB ,25.64,K. Hunt RB - CLE ,6.20,A. Jones RB - GB ,9.00,K. Allen WR - LAC ,12.00,D. Hopkins WR - ARI ,5.50,R. Gronkowski TE - TB ,10.60,K. Drake RB - ARI ,21.30,H. Butker K - KC ,9.00,Colts DEF ,-3.00,M. Ryan QB - ATL ,13.90,M. Evans WR - TB ,17.00,S. Diggs WR - BUF ,3.90,N. Hines RB - IND ,9.50,D. Henderson RB - LA,1.90,Buccaneers DEF ,4.00,,-,96.24,Kessi,82.92
2020,12,Marv,1,J. Herbert QB - LAC ,16.44,D. Cook RB - MIN ,6.20,C. Carson RB - SEA ,11.90,T. McLaurin WR - WAS ,9.20,D. Metcalf WR - SEA ,17.70,T. Kelce TE - KC ,8.20,J. Robinson RB - JAX ,21.90,W. Lutz K - NO ,7.00,Ravens DEF ,8.00,M. Gordon RB - DEN ,3.10,K. Golladay WR - DET ,0.00,J. Smith TE - TEN ,0.00,C. Edmonds RB - ARI ,4.30,M. Gaskin RB - MIA ,0.00,D. Samuel WR - SF ,13.30,,-,106.54,Simi,96.80
2020,12,Simi,7,R. Wilson QB - SEA ,14.40,G. Bernard RB - CIN ,4.90,W. Gallman RB - NYG ,15.10,T. Lockett WR - SEA ,2.30,W. Fuller WR - HOU ,29.10,D. Schultz TE - DAL ,2.40,F. Gore RB - NYJ,8.60,D. Carlson K - LV ,6.00,Steelers DEF ,14.00,J. Jones WR - ATL ,0.00,R. Mostert RB - SF,8.30,J. Mixon RB - CIN,0.00,J. Smith-Schuster WR - PIT ,9.70,C. Kirk WR - ARI ,1.90,D. Swift RB - DET ,0.00,,-,96.80,Marv,106.54
2020,12,Tommy,8,C. Newton QB - NE ,3.96,R. Jones RB - TB ,16.30,C. Edwards-Helaire RB - KC ,3.90,T. Hill WR - KC ,44.90,C. Claypool WR - PIT ,5.20,T. Hockenson TE - DET ,8.90,C. Lamb WR - DAL ,2.10,T. Bass K - BUF ,9.00,Browns DEF ,0.00,B. Roethlisberger QB - PIT ,12.54,A. Cooper WR - DAL ,17.20,R. Anderson WR - CAR ,15.40,D. Harris RB - NE,4.70,T. Higgins WR - CIN ,10.40,B. Aiyuk WR - SF ,0.00,,-,94.26,Erik,74.70
2020,12,Juschka,2,P. Mahomes QB - KC ,31.28,A. Kamara RB - NO ,5.20,J. Jacobs RB - LV ,2.40,C. Kupp WR - LA ,4.10,J. Jefferson WR - MIN ,19.00,D. Waller TE - LV ,2.30,M. Davis RB - CAR ,7.90,J. Sanders K - MIA ,12.00,Rams DEF ,15.00,S. Watkins WR - KC ,3.80,J. White RB - NE ,13.70,D. Chark WR - JAX ,0.00,M. Pittman WR - IND ,2.80,J. Reagor WR - PHI ,1.10,Y. Koo K - ATL ,21.00,,0.00,99.18,Benni,161.28
2020,12,Kessi,3,D. Watson QB - HOU ,33.12,T. Gurley RB - ATL ,0.00,P. Lindsay RB - DEN,2.00,D. Adams WR - GB ,12.10,D. Moore WR - CAR ,6.10,R. Tonyan TE - GB ,12.70,E. Elliott RB - DAL ,1.90,S. Gostkowski K - TEN ,9.00,Bills DEF ,6.00,M. Ingram RB - BAL ,0.00,J. McKissic RB - WAS ,2.70,C. Samuel WR - CAR ,7.70,A. Lazard WR - GB ,8.30,J. Jeudy WR - DEN ,0.00,J. Taylor RB - IND ,0.00,,-,82.92,Ritz,96.24
2020,13,Benni,4,J. Allen QB - BUF ,30.10,D. Henry RB - TEN ,4.90,N. Chubb RB - CLE ,16.60,R. Woods WR - LA ,8.50,A. Brown WR - TEN ,6.70,E. Engram TE - NYG ,3.20,A. Ekeler RB - LAC ,6.80,J. Myers K - SEA ,4.00,Dolphins DEF ,14.00,B. Cooks WR - HOU ,6.50,D. Johnson RB - HOU ,10.40,D. Johnson WR - PIT ,13.10,J. Dobbins RB - BAL ,13.10,A. Gibson RB - WAS ,1.40,Saints DEF ,6.00,,25.68,94.80,Simi,73.52
2020,13,Erik,6,K. Murray QB - ARI ,16.42,D. Montgomery RB - CHI ,23.10,M. Sanders RB - PHI ,3.10,A. Robinson WR - CHI ,7.50,C. Ridley WR - ATL ,10.80,H. Henry TE - LAC ,0.50,M. Thomas WR - NO ,10.50,J. Tucker K - BAL ,10.00,Seahawks DEF ,7.00,L. Murray RB - NO ,1.70,T. Boyd WR - CIN ,13.20,C. McCaffrey RB - CAR ,0.00,C. Godwin WR - TB ,0.00,G. Kittle TE - SF ,0.00,C. Akers RB - LA ,15.40,,0.00,88.92,Ritz,103.60
2020,13,Ritz,5,A. Rodgers QB - GB ,23.50,K. Hunt RB - CLE ,5.70,A. Jones RB - GB ,20.80,K. Allen WR - LAC ,4.80,S. Diggs WR - BUF ,9.20,E. Ebron TE - PIT ,6.80,K. Drake RB - ARI ,11.80,H. Butker K - KC ,16.00,Chiefs DEF ,5.00,M. Ryan QB - ATL ,12.92,R. Gronkowski TE - TB ,0.00,D. Hopkins WR - ARI ,11.20,M. Evans WR - TB ,0.00,N. Hines RB - IND ,9.20,Colts DEF ,12.00,,-,103.60,Erik,88.92
2020,13,Marv,1,J. Herbert QB - LAC ,4.36,D. Cook RB - MIN ,17.90,C. Carson RB - SEA ,17.00,T. McLaurin WR - WAS ,1.40,D. Metcalf WR - SEA ,8.00,T. Kelce TE - KC ,19.60,J. Robinson RB - JAX ,16.80,W. Lutz K - NO ,3.00,Ravens DEF ,4.00,M. Gordon RB - DEN ,14.20,K. Golladay WR - DET ,0.00,J. Smith TE - TEN ,0.00,C. Edmonds RB - ARI ,4.30,M. Gaskin RB - MIA ,12.10,D. Samuel WR - SF ,7.60,,-,92.06,Juschka,134.22
2020,13,Simi,7,R. Wilson QB - SEA ,15.02,R. Mostert RB - SF,4.30,W. Gallman RB - NYG ,13.50,J. Jones WR - ATL ,9.40,T. Lockett WR - SEA ,6.30,M. Gesicki TE - MIA ,14.80,F. Gore RB - NYJ,0.20,D. Carlson K - LV ,7.00,Steelers DEF ,3.00,G. Bernard RB - CIN ,2.90,W. Fuller WR - HOU ,0.00,J. Mixon RB - CIN,0.00,J. Smith-Schuster WR - PIT ,2.80,C. Kirk WR - ARI ,0.20,D. Swift RB - DET ,0.00,,-,73.52,Benni,94.80
2020,13,Tommy,8,K. Cousins QB - MIN ,21.40,B. Snell RB - PIT ,1.00,C. Edwards-Helaire RB - KC ,0.00,T. Hill WR - KC ,8.80,C. Claypool WR - PIT ,3.80,T. Hockenson TE - DET ,8.40,A. Cooper WR - DAL ,11.30,R. Blankenship K - IND ,6.00,49ers DEF ,2.00,R. Anderson WR - CAR ,0.00,R. Jones RB - TB ,0.00,D. Harris RB - NE,9.50,T. Higgins WR - CIN ,5.60,C. Lamb WR - DAL ,4.60,B. Aiyuk WR - SF ,15.50,,-,62.70,Kessi,104.48
2020,13,Juschka,2,P. Mahomes QB - KC ,19.32,D. Booker RB - LV ,5.10,A. Kamara RB - NO ,15.70,A. Thielen WR - MIN ,13.50,J. Jefferson WR - MIN ,18.30,D. Waller TE - LV ,32.00,C. Kupp WR - LA ,7.30,J. Sanders K - MIA ,13.00,Packers DEF ,10.00,J. White RB - NE ,0.10,D. Chark WR - JAX ,4.10,J. Jacobs RB - LV ,0.00,M. Pittman WR - IND ,4.60,Y. Koo K - ATL ,12.00,Browns DEF ,5.00,,-,134.22,Marv,92.06
2020,13,Kessi,3,D. Watson QB - HOU ,19.44,E. Elliott RB - DAL ,9.50,J. Taylor RB - IND ,19.50,J. Landry WR - CLE ,12.44,D. Adams WR - GB ,24.10,R. Tonyan TE - GB ,9.90,P. Lindsay RB - DEN,2.60,S. Gostkowski K - TEN ,3.00,Bills DEF ,4.00,M. Ingram RB - BAL ,2.90,T. Gurley RB - ATL ,2.00,J. McKissic RB - WAS ,7.80,J. Jeudy WR - DEN ,0.50,C. Samuel WR - CAR ,0.00,D. Moore WR - CAR ,0.00,,-,104.48,Tommy,62.70
2020,14,Benni,3,L. Jackson QB - BAL ,34.92,D. Henry RB - TEN ,34.20,A. Ekeler RB - LAC ,14.60,R. Woods WR - LA ,3.10,A. Brown WR - TEN ,17.20,M. Andrews TE - BAL ,7.80,N. Chubb RB - CLE ,22.30,J. Myers K - SEA ,10.00,Saints DEF ,2.00,B. Cooks WR - HOU ,0.00,J. Allen QB - BUF ,18.32,D. Johnson WR - PIT ,4.00,J. Dobbins RB - BAL ,13.30,A. Gibson RB - WAS ,0.00,Rams DEF ,21.00,,-,146.12,Kessi,106.06
2020,14,Erik,6,K. Murray QB - ARI ,18.46,D. Montgomery RB - CHI ,21.50,C. Akers RB - LA ,19.40,A. Robinson WR - CHI ,18.30,C. Ridley WR - ATL ,18.40,H. Henry TE - LAC ,4.10,C. Godwin WR - TB ,2.50,J. Tucker K - BAL ,9.00,Seahawks DEF ,12.00,T. Boyd WR - CIN ,4.30,M. Thomas WR - NO ,8.40,J. Conner RB - PIT ,1.80,C. McCaffrey RB - CAR ,0.00,G. Kittle TE - SF ,0.00,M. Sanders RB - PHI ,25.60,,-,123.66,Marv,93.92
2020,14,Ritz,5,A. Rodgers QB - GB ,30.90,K. Drake RB - ARI ,15.00,A. Jones RB - GB ,7.50,K. Allen WR - LAC ,11.20,M. Evans WR - TB ,5.60,R. Gronkowski TE - TB ,6.20,D. Hopkins WR - ARI ,13.60,H. Butker K - KC ,7.00,Colts DEF ,12.00,M. Ryan QB - ATL ,7.26,E. Ebron TE - PIT ,5.00,S. Diggs WR - BUF ,19.10,K. Hunt RB - CLE ,23.00,N. Hines RB - IND ,7.50,Chiefs DEF ,14.00,,-,109.00,Simi,90.94
2020,14,Marv,1,J. Herbert QB - LAC ,15.72,D. Cook RB - MIN ,17.00,C. Carson RB - SEA ,15.80,T. McLaurin WR - WAS ,2.40,D. Metcalf WR - SEA ,12.10,T. Kelce TE - KC ,19.60,J. Robinson RB - JAX ,8.30,W. Lutz K - NO ,3.00,Ravens DEF ,0.00,M. Gordon RB - DEN ,9.10,K. Golladay WR - DET ,0.00,C. Edmonds RB - ARI ,5.30,B. Mayfield QB - CLE ,30.02,M. Gaskin RB - MIA ,0.00,D. Samuel WR - SF ,0.90,,-,93.92,Erik,123.66
2020,14,Simi,7,R. Wilson QB - SEA ,22.14,G. Bernard RB - CIN ,0.30,W. Gallman RB - NYG ,7.30,T. Lockett WR - SEA ,5.20,J. Smith-Schuster WR - PIT ,11.50,M. Gesicki TE - MIA ,18.50,D. Swift RB - DET ,11.00,D. Carlson K - LV ,9.00,Steelers DEF ,6.00,J. Jones WR - ATL ,0.00,F. Gore RB - NYJ,1.10,R. Mostert RB - SF,7.00,W. Fuller WR - HOU ,0.00,J. Mixon RB - CIN,0.00,C. Kirk WR - ARI ,1.40,,-,90.94,Ritz,109.00
2020,14,Tommy,8,B. Roethlisberger QB - PIT ,13.48,D. Washington RB - MIA ,5.20,R. Jones RB - TB ,14.40,T. Hill WR - KC ,23.10,C. Claypool WR - PIT ,1.50,T. Hockenson TE - DET ,10.30,A. Cooper WR - DAL ,11.10,R. Blankenship K - IND ,14.00,49ers DEF ,8.00,K. Cousins QB - MIN ,17.10,R. Anderson WR - CAR ,9.70,T. Higgins WR - CIN ,4.90,C. Lamb WR - DAL ,6.10,C. Edwards-Helaire RB - KC ,9.10,B. Aiyuk WR - SF ,11.90,,-,101.08,Juschka,86.92
2020,14,Juschka,2,P. Mahomes QB - KC ,18.62,M. Davis RB - CAR ,21.30,A. Kamara RB - NO ,15.40,A. Thielen WR - MIN ,3.90,J. Jefferson WR - MIN ,5.90,D. Waller TE - LV ,7.50,C. Kupp WR - LA ,9.30,Y. Koo K - ATL ,5.00,Browns DEF ,0.00,A. Peterson RB - DET ,3.00,D. Booker RB - LV ,1.90,J. Williams RB - GB ,3.80,D. Chark WR - JAX ,1.60,J. Jacobs RB - LV ,7.40,J. Sanders K - MIA ,9.00,,-,86.92,Tommy,101.08
2020,14,Kessi,4,R. Tannehill QB - TEN ,16.48,E. Elliott RB - DAL ,5.90,J. Taylor RB - IND ,28.50,D. Adams WR - GB ,17.50,C. Davis WR - TEN ,1.40,R. Tonyan TE - GB ,9.60,J. Landry WR - CLE ,5.68,S. Gostkowski K - TEN ,9.00,Bills DEF ,12.00,J. Crowder WR - NYJ ,0.70,T. Gurley RB - ATL ,3.10,J. McKissic RB - WAS ,8.60,D. Watson QB - HOU ,16.56,P. Lindsay RB - DEN,3.10,J. Jeudy WR - DEN ,4.20,,0.00,106.06,Benni,146.12
2020,15,Benni,3,L. Jackson QB - BAL ,29.22,D. Henry RB - TEN ,23.20,A. Ekeler RB - LAC ,7.90,R. Woods WR - LA ,15.60,A. Brown WR - TEN ,10.40,M. Andrews TE - BAL ,12.60,N. Chubb RB - CLE ,12.60,T. Bass K - BUF ,12.00,Rams DEF ,2.00,B. Cooks WR - HOU ,5.90,J. Allen QB - BUF ,37.66,D. Johnson WR - PIT ,11.90,J. Dobbins RB - BAL ,14.10,A. Gibson RB - WAS ,0.00,Saints DEF ,7.00,,-,125.52,Juschka,122.26
2020,15,Erik,6,K. Murray QB - ARI ,33.14,D. Montgomery RB - CHI ,28.20,C. Akers RB - LA ,6.20,A. Robinson WR - CHI ,8.30,C. Ridley WR - ATL ,22.30,H. Henry TE - LAC ,12.50,M. Sanders RB - PHI ,9.00,J. Tucker K - BAL ,8.00,Seahawks DEF ,9.00,L. Thomas TE - WAS ,10.10,M. Thomas WR - NO ,0.00,J. Conner RB - PIT ,0.00,C. McCaffrey RB - CAR ,0.00,C. Godwin WR - TB ,9.60,G. Kittle TE - SF ,0.00,,-,136.64,Simi,58.44
2020,15,Ritz,5,A. Rodgers QB - GB ,18.32,K. Drake RB - ARI ,4.00,A. Jones RB - GB ,21.80,M. Evans WR - TB ,11.00,S. Diggs WR - BUF ,14.70,R. Gronkowski TE - TB ,2.90,D. Hopkins WR - ARI ,21.00,H. Butker K - KC ,6.00,Colts DEF ,10.00,K. Allen WR - LAC ,1.60,E. Ebron TE - PIT ,0.00,D. Johnson RB - HOU ,13.30,K. Hunt RB - CLE ,2.80,N. Hines RB - IND ,5.40,Dolphins DEF ,9.00,,-,109.72,Tommy,87.50
2020,15,Marv,1,J. Herbert QB - LAC ,27.96,D. Cook RB - MIN ,21.90,C. Carson RB - SEA ,6.90,T. McLaurin WR - WAS ,7.70,D. Metcalf WR - SEA ,4.30,T. Kelce TE - KC ,14.80,J. Robinson RB - JAX ,11.30,R. Succop K - TB ,7.00,Ravens DEF ,10.00,C. Beasley WR - BUF ,11.20,M. Gordon RB - DEN ,20.10,K. Golladay WR - DET ,0.00,C. Edmonds RB - ARI ,12.60,B. Mayfield QB - CLE ,20.98,M. Gaskin RB - MIA ,0.00,,-,111.86,Kessi,116.72
2020,15,Simi,7,R. Wilson QB - SEA ,12.04,W. Gallman RB - NYG ,2.90,D. Swift RB - DET ,18.20,T. Lockett WR - SEA ,3.40,J. Smith-Schuster WR - PIT ,-0.50,E. Engram TE - NYG ,4.60,R. Mostert RB - SF,6.80,D. Carlson K - LV ,9.00,Steelers DEF ,2.00,J. Jones WR - ATL ,0.00,F. Gore RB - NYJ,12.50,A. Brown WR - TB ,15.30,G. Bernard RB - CIN ,21.70,J. Mixon RB - CIN,0.00,M. Gesicki TE - MIA ,0.00,,-,58.44,Erik,136.64
2020,15,Tommy,8,T. Brady QB - TB ,23.40,D. Washington RB - MIA ,0.00,L. Fournette RB - TB ,18.50,T. Hill WR - KC ,11.40,B. Aiyuk WR - SF ,13.30,T. Hockenson TE - DET ,-0.20,T. Hilton WR - IND ,7.10,R. Blankenship K - IND ,11.00,Football Team DEF ,3.00,A. Cooper WR - DAL ,0.30,R. Anderson WR - CAR ,2.00,T. Higgins WR - CIN ,3.10,C. Lamb WR - DAL ,8.50,C. Edwards-Helaire RB - KC ,8.30,C. Claypool WR - PIT ,4.80,,0.00,87.50,Ritz,109.72
2020,15,Juschka,2,P. Mahomes QB - KC ,25.86,M. Davis RB - CAR ,6.10,J. Jacobs RB - LV ,17.40,A. Thielen WR - MIN ,7.10,J. Jefferson WR - MIN ,10.40,D. Waller TE - LV ,21.00,A. Kamara RB - NO ,15.40,Y. Koo K - ATL ,11.00,Browns DEF ,8.00,A. Peterson RB - DET ,2.30,D. Booker RB - LV ,1.20,C. Kupp WR - LA ,3.90,J. Williams RB - GB ,2.00,D. Chark WR - JAX ,5.30,J. Sanders K - MIA ,2.00,,-,122.26,Benni,125.52
2020,15,Kessi,4,D. Watson QB - HOU ,23.42,J. McKissic RB - WAS ,16.70,J. Taylor RB - IND ,15.50,D. Adams WR - GB ,4.20,C. Davis WR - TEN ,17.00,R. Tonyan TE - GB ,7.80,J. Landry WR - CLE ,12.10,S. Gostkowski K - TEN ,8.00,Bills DEF ,12.00,R. Tannehill QB - TEN ,37.02,T. Gurley RB - ATL ,1.40,E. Elliott RB - DAL ,0.00,P. Lindsay RB - DEN,4.50,D. Moore WR - CAR ,13.20,J. Jeudy WR - DEN ,1.90,,-,116.72,Marv,111.86
2020,16,Benni,3,J. Hurts QB - PHI ,18.58,A. Ekeler RB - LAC ,12.80,N. Chubb RB - CLE ,12.60,R. Woods WR - LA ,4.90,A. Brown WR - TEN ,4.30,M. Andrews TE - BAL ,7.60,D. Henry RB - TEN ,9.80,T. Bass K - BUF ,8.00,Saints DEF ,1.00,J. Allen QB - BUF ,32.30,-,-,-,-,-,-,-,-,-,-,,-,79.58,Kessi,107.96
2020,16,Erik,6,K. Murray QB - ARI ,15.38,D. Montgomery RB - CHI ,18.10,M. Sanders RB - PHI ,14.40,A. Robinson WR - CHI ,10.30,C. Ridley WR - ATL ,12.30,G. Kittle TE - SF ,9.20,C. Godwin WR - TB ,14.40,J. Tucker K - BAL ,9.00,Cardinals DEF ,6.00,L. Thomas TE - WAS ,6.30,H. Henry TE - LAC ,0.00,M. Thomas WR - NO ,0.00,J. Conner RB - PIT ,12.60,C. McCaffrey RB - CAR ,0.00,C. Akers RB - LA ,0.00,,-,109.08,Ritz,149.44
2020,16,Ritz,5,A. Rodgers QB - GB ,25.14,D. Johnson RB - HOU ,25.90,A. Jones RB - GB ,10.80,M. Evans WR - TB ,30.10,S. Diggs WR - BUF ,32.50,J. Cook TE - NO ,8.20,D. Hopkins WR - ARI ,4.80,H. Butker K - KC ,7.00,Dolphins DEF ,5.00,R. Gronkowski TE - TB ,17.80,K. Allen WR - LAC ,0.00,K. Drake RB - ARI ,11.00,K. Hunt RB - CLE ,11.20,N. Hines RB - IND ,6.40,Colts DEF ,0.00,,-,149.44,Erik,109.08
2020,16,Marv,1,J. Herbert QB - LAC ,16.72,D. Cook RB - MIN ,14.50,M. Gaskin RB - MIA ,28.90,C. Beasley WR - BUF ,1.70,D. Metcalf WR - SEA ,5.90,T. Kelce TE - KC ,15.80,M. Gordon RB - DEN ,7.90,R. Succop K - TB ,5.00,Ravens DEF ,10.00,K. Golladay WR - DET ,0.00,C. Carson RB - SEA ,7.90,C. Edmonds RB - ARI ,0.80,B. Mayfield QB - CLE ,8.00,T. McLaurin WR - WAS ,0.00,J. Robinson RB - JAX ,0.00,,-,106.42,Juschka,127.52
2020,16,Simi,7,R. Wilson QB - SEA ,19.90,G. Bernard RB - CIN ,13.10,D. Swift RB - DET ,5.00,M. Jones WR - DET ,1.90,T. Lockett WR - SEA ,4.40,E. Engram TE - NYG ,7.00,W. Gallman RB - NYG ,5.30,D. Carlson K - LV ,13.00,Eagles DEF ,0.00,A. Brown WR - TB ,9.50,B. Cooks WR - HOU ,20.10,J. Wilson RB - SF ,26.40,M. Gesicki TE - MIA ,5.40,S. Ahmed RB - MIA ,0.30,Steelers DEF ,9.00,,-,69.60,Tommy,98.22
2020,16,Tommy,8,T. Brady QB - TB ,29.92,L. Bell RB - KC ,3.90,L. Fournette RB - TB ,12.60,A. Cooper WR - DAL ,12.10,T. Hill WR - KC ,6.50,T. Hockenson TE - DET ,2.30,T. Higgins WR - CIN ,15.90,R. Blankenship K - IND ,6.00,Football Team DEF ,9.00,T. Hilton WR - IND ,6.00,R. Anderson WR - CAR ,9.90,C. Lamb WR - DAL ,20.40,C. Claypool WR - PIT ,5.40,B. Aiyuk WR - SF ,3.10,A. Gibson RB - WAS ,6.90,,0.00,98.22,Simi,69.60
2020,16,Juschka,2,P. Mahomes QB - KC ,19.22,A. Kamara RB - NO ,53.20,J. Jacobs RB - LV ,6.90,A. Thielen WR - MIN ,15.70,J. Jefferson WR - MIN ,8.50,D. Waller TE - LV ,11.20,M. Davis RB - CAR ,8.80,Y. Koo K - ATL ,2.00,Browns DEF ,2.00,A. Peterson RB - DET ,1.00,D. Booker RB - LV ,1.90,C. Kupp WR - LA ,6.60,J. Williams RB - GB ,0.00,D. Chark WR - JAX ,12.20,J. Sanders K - MIA ,14.00,,-,127.52,Marv,106.42
2020,16,Kessi,4,D. Watson QB - HOU ,26.76,J. McKissic RB - WAS ,15.20,J. Taylor RB - IND ,19.40,D. Adams WR - GB ,32.20,D. Moore WR - CAR ,3.70,R. Tonyan TE - GB ,1.70,B. Snell RB - PIT ,0.00,S. Gostkowski K - TEN ,2.00,Bills DEF ,7.00,R. Tannehill QB - TEN ,16.34,J. Landry WR - CLE ,0.00,T. Gurley RB - ATL ,5.00,E. Elliott RB - DAL ,13.90,C. Davis WR - TEN ,0.00,T. Pollard RB - DAL ,2.00,,-,107.96,Benni,79.58
2021,1,Benni,7,R. Tannehill QB - TEN ,14.18,E. Elliott RB - DAL ,3.90,D. Cook RB - MIN ,14.40,D. Adams WR - LV ,5.60,J. Jefferson WR - MIN ,7.54,K. Pitts TE - ATL ,3.10,C. Godwin WR - TB,14.50,G. Zuerlein K - NYJ ,11.00,Rams DEF ,8.00,L. Murray RB - BAL ,8.80,A. Robinson WR - LA ,3.50,D. Prescott QB - DAL ,27.42,K. Hunt RB - CLE ,14.10,D. Henderson RB - LA ,14.70,J. Williams RB - DEN ,4.10,,-,82.22,Marv,105.90
2021,1,Erik,2,J. Hurts QB - PHI ,28.76,C. McCaffrey RB - CAR,18.70,A. Gibson RB - WAS ,8.80,K. Allen WR - LAC ,10.00,R. Woods WR - TEN,9.40,T. Hockenson TE - DET,17.70,N. Harris RB - PIT ,4.90,J. Sanders K - MIA ,5.00,Football Team DEF ,7.00,M. Stafford QB - LA ,24.34,B. Cooks WR - HOU ,13.20,M. Davis RB - ATL ,7.20,C. Edmonds RB - MIA ,10.60,B. Aiyuk WR - SF ,0.00,T. Lance QB - SF ,4.40,,0.00,110.26,Tommy,98.68
2021,1,Ritz,1,A. Rodgers QB - GB ,1.32,M. Sanders RB - PHI ,13.30,D. Swift RB - DET ,16.40,A. Cooper WR - CLE ,25.90,T. Hill WR - MIA ,26.10,R. Gronkowski TE - TB ,21.00,A. Thielen WR - MIN,21.20,H. Butker K - KC ,9.00,Steelers DEF ,12.00,T. Brady QB - TB ,27.16,T. Lockett WR - SEA ,22.00,S. Barkley RB - NYG ,2.70,J. Jacobs RB - LV ,16.00,J. Chase WR - CIN ,15.90,D. Smith WR - PHI ,13.10,,-,146.22,Simi,104.68
2021,1,Marv,4,J. Allen QB - BUF ,17.20,J. Mixon RB - CIN ,21.00,J. Taylor RB - IND ,11.60,K. Golladay WR - NYG ,6.40,A. Brown WR - PHI ,10.90,T. Kelce TE - KC ,19.60,C. Edwards-Helaire RB - KC ,7.20,A. Rosas K - DET ,8.00,Ravens DEF ,4.00,L. Fournette RB - TB ,5.90,J. Smith-Schuster WR - KC ,5.20,S. Michel RB - LA ,0.20,M. Gaskin RB - MIA ,7.60,L. Shenault WR - JAX ,5.90,J. Waddle WR - MIA ,12.10,,0.00,105.90,Benni,82.22
2021,1,Simi,5,P. Mahomes QB - KC ,33.28,M. Gordon RB - DEN ,17.80,N. Chubb RB - CLE ,20.10,C. Ridley WR - ATL NFI-R ,5.10,C. Lamb WR - DAL ,16.40,M. Andrews TE - BAL ,2.00,R. Mostert RB - MIA,2.00,R. Blankenship K - IND,4.00,Colts DEF ,4.00,R. Wilson QB - DEN ,27.06,O. Beckham WR - LA,0.00,R. Anderson WR - CAR ,11.70,J. Williams RB - DET ,17.00,C. Sutton WR - DEN ,1.40,D. Samuel WR - SF ,22.90,,-,104.68,Ritz,146.22
2021,1,Tommy,6,J. Herbert QB - LAC ,13.38,A. Kamara RB - NO ,15.10,D. Montgomery RB - CHI ,17.80,J. Jones WR - TEN ,2.90,D. Hopkins WR - ARI,20.30,G. Kittle TE - SF ,7.80,J. Robinson RB - JAX,5.40,Y. Koo K - ATL ,6.00,49ers DEF ,10.00,M. Evans WR - TB ,2.40,J. Conner RB - ARI ,5.30,D. Moore WR - CAR ,9.40,J. Jeudy WR - DEN ,7.20,C. Claypool WR - PIT ,7.00,T. Sermon RB - SF ,0.00,,-,98.68,Erik,110.26
2021,1,Juschka,8,L. Jackson QB - BAL ,18.00,A. Jones RB - GB ,2.20,A. Ekeler RB - LAC ,11.70,S. Diggs WR - BUF ,6.90,D. Johnson WR - PIT ,9.60,D. Goedert TE - PHI ,10.20,C. Carson RB - SEA,9.70,T. Bass K - BUF ,10.00,Buccaneers DEF ,2.00,K. Drake RB - LV ,7.00,C. Samuel WR - WAS ,0.00,N. Hines RB - IND ,8.20,D. Chark WR - DET,14.60,M. Brown WR - ARI ,13.40,T. Williams RB - BAL ,15.40,,-,80.30,Kessi,107.46
2021,1,Kessi,3,K. Murray QB - ARI ,33.56,D. Henry RB - TEN ,7.70,D. Harris RB - NE ,9.70,T. McLaurin WR - WAS ,6.20,D. Metcalf WR - SEA ,12.00,D. Waller TE - LV ,16.50,C. Kupp WR - LA ,16.80,J. Tucker K - BAL ,9.00,Packers DEF ,-4.00,W. Fuller WR - MIA,0.00,R. Tonyan TE - GB,0.80,N. Fant TE - SEA ,6.20,T. Pollard RB - DAL ,4.30,T. Higgins WR - CIN ,11.80,M. Jones QB - NE ,15.24,,-,107.46,Juschka,80.30
2021,2,Benni,4,D. Prescott QB - DAL ,7.48,D. Cook RB - MIN ,14.80,D. Henderson RB - LA ,14.20,D. Adams WR - LV ,12.10,J. Jefferson WR - MIN ,12.50,K. Pitts TE - ATL ,7.30,E. Elliott RB - DAL ,15.70,G. Zuerlein K - NYJ ,10.00,Rams DEF ,8.00,R. Tannehill QB - TEN ,14.58,L. Murray RB - BAL ,9.60,A. Robinson WR - LA ,8.40,K. Hunt RB - CLE ,5.30,C. Godwin WR - TB,12.20,J. Williams RB - DEN ,7.40,,-,102.08,Ritz,78.60
2021,2,Erik,2,M. Stafford QB - LA ,17.22,C. McCaffrey RB - CAR,19.70,A. Gibson RB - WAS ,7.30,K. Allen WR - LAC ,10.80,R. Woods WR - TEN,7.00,T. Hockenson TE - DET,12.60,N. Harris RB - PIT ,14.10,R. Succop K - TB ,6.00,Football Team DEF ,3.00,A. Brown WR ,1.70,B. Cooks WR - HOU ,13.80,M. Davis RB - ATL ,6.30,C. Edmonds RB - MIA ,7.50,J. Hurts QB - PHI ,21.80,B. Aiyuk WR - SF ,0.60,,0.00,97.72,Marv,60.66
2021,2,Ritz,6,A. Rodgers QB - GB ,26.80,M. Sanders RB - PHI ,5.90,D. Swift RB - DET ,7.80,A. Cooper WR - CLE ,2.40,T. Hill WR - MIA ,2.90,R. Gronkowski TE - TB ,15.90,A. Thielen WR - MIN,9.90,H. Butker K - KC ,5.00,Steelers DEF ,2.00,T. Brady QB - TB ,29.64,T. Lockett WR - SEA ,23.80,S. Barkley RB - NYG ,6.90,J. Jacobs RB - LV ,0.00,J. Chase WR - CIN ,11.40,D. Smith WR - PHI ,1.60,,-,78.60,Benni,102.08
2021,2,Marv,3,J. Allen QB - BUF ,16.66,J. Mixon RB - CIN ,7.10,J. Taylor RB - IND ,5.30,K. Golladay WR - NYG ,3.80,A. Brown WR - PHI ,4.30,T. Kelce TE - KC ,16.90,C. Edwards-Helaire RB - KC ,2.60,A. Rosas K - DET ,1.00,Ravens DEF ,3.00,L. Fournette RB - TB ,7.60,J. Smith-Schuster WR - KC ,10.40,S. Michel RB - LA ,4.60,M. Gaskin RB - MIA ,4.60,L. Shenault WR - JAX ,-0.30,J. Waddle WR - MIA ,2.80,,0.00,60.66,Erik,97.72
2021,2,Simi,7,P. Mahomes QB - KC ,24.02,M. Gordon RB - DEN ,6.90,N. Chubb RB - CLE ,15.80,C. Ridley WR - ATL NFI-R ,12.30,C. Lamb WR - DAL ,9.40,M. Andrews TE - BAL ,5.70,D. Samuel WR - SF ,10.10,D. Carlson K - LV ,14.00,Patriots DEF ,19.00,R. Wilson QB - DEN ,23.32,O. Beckham WR - LA,0.00,R. Anderson WR - CAR ,3.80,M. Mack RB - HOU ,1.60,J. Williams RB - DET ,3.70,C. Sutton WR - DEN ,15.90,,-,117.22,Kessi,155.50
2021,2,Tommy,8,J. Herbert QB - LAC ,14.72,A. Kamara RB - NO ,3.00,D. Montgomery RB - CHI ,7.90,J. Jones WR - TEN ,12.80,D. Hopkins WR - ARI,11.40,G. Kittle TE - SF ,1.70,J. Landry WR - CLE ,0.90,Y. Koo K - ATL ,5.00,49ers DEF ,6.00,M. Ingram RB - NO ,4.00,M. Evans WR - TB ,19.50,D. Moore WR - CAR ,13.90,J. Robinson RB - JAX,6.40,C. Claypool WR - PIT ,6.70,T. Sermon RB - SF ,0.80,,0.00,63.42,Juschka,145.26
2021,2,Juschka,5,L. Jackson QB - BAL ,32.26,A. Jones RB - GB ,35.50,A. Ekeler RB - LAC ,13.50,S. Diggs WR - BUF ,12.00,D. Johnson WR - PIT ,10.50,D. Goedert TE - PHI ,2.40,C. Carson RB - SEA,15.10,T. Bass K - BUF ,5.00,Buccaneers DEF ,19.00,K. Drake RB - LV ,5.50,N. Hines RB - IND ,2.20,D. Chark WR - DET,1.90,M. Brown WR - ARI ,17.30,T. Williams RB - BAL ,9.30,C. Samuel WR - WAS ,0.00,,-,145.26,Tommy,63.42
2021,2,Kessi,1,K. Murray QB - ARI ,33.10,D. Henry RB - TEN ,41.70,D. Harris RB - NE ,12.40,T. McLaurin WR - WAS ,16.70,D. Metcalf WR - SEA ,5.30,D. Waller TE - LV ,6.50,C. Kupp WR - LA ,27.80,J. Tucker K - BAL ,6.00,Packers DEF ,6.00,W. Fuller WR - MIA,0.00,N. Fant TE - SEA ,9.30,T. Pollard RB - DAL ,20.00,T. Higgins WR - CIN ,10.00,M. Jones QB - NE ,7.44,E. Mitchell RB - SF ,5.30,,-,155.50,Simi,117.22
2021,3,Benni,2,D. Prescott QB - DAL ,20.12,E. Elliott RB - DAL ,23.60,A. Mattison RB - MIN ,17.10,D. Adams WR - LV ,19.20,J. Jefferson WR - MIN ,17.80,K. Pitts TE - ATL ,3.50,C. Godwin WR - TB,13.60,G. Zuerlein K - NYJ ,5.00,Broncos DEF ,19.00,A. Robinson WR - LA ,2.70,K. Hunt RB - CLE ,21.50,D. Cook RB - MIN ,0.00,D. Henderson RB - LA ,0.00,J. Williams RB - DEN ,10.20,Rams DEF ,3.00,,-,138.92,Erik,79.94
2021,3,Erik,4,J. Hurts QB - PHI ,20.54,C. McCaffrey RB - CAR,4.00,A. Gibson RB - WAS ,16.40,K. Allen WR - LAC ,11.00,R. Woods WR - TEN,3.80,T. Hockenson TE - DET,1.00,N. Harris RB - PIT ,14.20,R. Succop K - TB ,6.00,Ravens DEF ,3.00,M. Stafford QB - LA ,29.52,B. Cooks WR - HOU ,11.70,M. Davis RB - ATL ,7.00,C. Edmonds RB - MIA ,7.50,B. Aiyuk WR - SF ,10.50,Football Team DEF ,-4.00,,0.00,79.94,Benni,138.92
2021,3,Ritz,5,T. Brady QB - TB ,28.68,S. Barkley RB - NYG ,15.40,M. Sanders RB - PHI ,5.50,A. Cooper WR - CLE ,2.60,T. Hill WR - MIA ,4.70,R. Gronkowski TE - TB ,5.50,T. Lockett WR - SEA ,3.10,H. Butker K - KC ,6.00,Steelers DEF ,2.00,A. Rodgers QB - GB ,18.04,A. Thielen WR - MIN,11.00,J. Jacobs RB - LV ,0.00,D. Swift RB - DET ,16.70,J. Chase WR - CIN ,18.50,D. Smith WR - PHI ,2.80,,-,73.48,Kessi,120.94
2021,3,Marv,7,J. Allen QB - BUF ,37.22,J. Mixon RB - CIN ,9.40,J. Taylor RB - IND ,7.20,S. Shepard WR - NYG,1.60,A. Brown WR - PHI ,0.30,T. Kelce TE - KC ,10.40,C. Edwards-Helaire RB - KC ,14.90,A. Rosas K - DET ,4.00,Panthers DEF ,8.00,L. Fournette RB - TB ,3.40,K. Golladay WR - NYG ,6.40,J. Smith-Schuster WR - KC ,2.50,S. Michel RB - LA ,7.90,M. Gaskin RB - MIA ,7.40,J. Waddle WR - MIA ,5.80,,0.00,93.02,Juschka,96.88
2021,3,Simi,6,P. Mahomes QB - KC ,22.90,M. Gordon RB - DEN ,14.10,N. Chubb RB - CLE ,8.40,C. Ridley WR - ATL NFI-R ,6.10,C. Lamb WR - DAL ,6.50,M. Andrews TE - BAL ,10.90,D. Samuel WR - SF ,5.20,D. Carlson K - LV ,13.00,Patriots DEF ,3.00,R. Wilson QB - DEN ,16.62,C. Patterson RB - ATL ,10.20,O. Beckham WR - LA,8.70,J. Williams RB - DET ,12.70,C. Sutton WR - DEN ,3.70,D. Singletary RB - BUF ,2.60,,-,90.10,Tommy,88.64
2021,3,Tommy,8,J. Herbert QB - LAC ,30.84,A. Kamara RB - NO ,17.80,D. Montgomery RB - CHI ,5.50,J. Jones WR - TEN ,4.70,D. Hopkins WR - ARI,2.10,G. Kittle TE - SF ,10.10,M. Evans WR - TB ,10.60,N. Folk K - NE ,7.00,49ers DEF ,0.00,M. Ingram RB - NO ,2.00,M. Jones WR - JAX ,6.20,M. Williams WR - LAC ,26.20,D. Moore WR - CAR ,12.50,J. Robinson RB - JAX,19.40,C. Claypool WR - PIT ,9.60,,0.00,88.64,Simi,90.10
2021,3,Juschka,3,L. Jackson QB - BAL ,19.28,A. Jones RB - GB ,15.60,A. Ekeler RB - LAC ,16.70,S. Diggs WR - BUF ,6.20,M. Brown WR - ARI ,5.30,D. Goedert TE - PHI ,6.60,C. Carson RB - SEA,14.20,T. Bass K - BUF ,13.00,Buccaneers DEF ,0.00,K. Drake RB - LV ,5.70,N. Hines RB - IND ,13.90,D. Chark WR - DET,10.90,D. Johnson WR - PIT ,0.00,T. Williams RB - BAL ,2.20,R. Moore WR - ARI ,0.40,,0.00,96.88,Marv,93.02
2021,3,Kessi,1,K. Murray QB - ARI ,18.54,D. Henry RB - TEN ,16.40,D. Harris RB - NE ,1.10,T. McLaurin WR - WAS ,6.20,D. Metcalf WR - SEA ,16.70,D. Waller TE - LV ,5.40,C. Kupp WR - LA ,21.60,J. Tucker K - BAL ,17.00,Cardinals DEF ,18.00,W. Fuller WR - MIA,4.00,N. Fant TE - SEA ,1.50,T. Pollard RB - DAL ,6.50,T. Higgins WR - CIN ,0.00,M. Jones QB - NE ,11.60,E. Mitchell RB - SF ,0.00,,-,120.94,Ritz,73.48
2021,4,Benni,2,D. Prescott QB - DAL ,27.02,E. Elliott RB - DAL ,20.30,D. Cook RB - MIN ,4.40,D. Adams WR - LV ,6.40,J. Jefferson WR - MIN ,14.40,K. Pitts TE - ATL ,5.00,C. Godwin WR - TB,5.50,M. Gay K - LA ,8.00,Saints DEF ,2.00,A. Robinson WR - LA ,6.30,K. Hunt RB - CLE ,14.60,D. Henderson RB - LA ,11.60,A. Mattison RB - MIN ,2.00,J. Williams RB - DEN ,5.90,Rams DEF ,-1.00,,-,93.02,Simi,76.52
2021,4,Erik,5,M. Stafford QB - LA ,19.30,A. Gibson RB - WAS ,13.50,N. Harris RB - PIT ,15.10,K. Allen WR - LAC ,3.60,B. Cooks WR - HOU ,4.70,T. Hockenson TE - DET,4.20,Z. Moss RB - BUF ,12.10,M. Prater K - ARI ,15.00,Bills DEF ,23.00,A. Brown WR ,6.30,R. Woods WR - TEN,10.80,M. Davis RB - ATL ,8.60,C. McCaffrey RB - CAR,0.00,C. Edmonds RB - MIA ,13.90,J. Hurts QB - PHI ,28.18,,0.00,110.50,Kessi,119.12
2021,4,Ritz,3,T. Brady QB - TB ,11.06,S. Barkley RB - NYG ,24.60,D. Swift RB - DET ,4.90,T. Hill WR - MIA ,36.60,J. Chase WR - CIN ,7.70,D. Knox TE - BUF ,15.70,A. Cooper WR - CLE ,12.90,H. Butker K - KC ,6.00,Colts DEF ,8.00,A. Rodgers QB - GB ,24.12,A. Thielen WR - MIN,4.60,T. Lockett WR - SEA ,2.40,J. Jacobs RB - LV ,5.70,M. Sanders RB - PHI ,4.70,C. Hubbard RB - CAR ,7.10,,-,127.46,Juschka,120.04
2021,4,Marv,8,J. Allen QB - BUF ,20.02,J. Mixon RB - CIN ,12.70,J. Taylor RB - IND ,17.40,K. Golladay WR - NYG ,11.60,J. Waddle WR - MIA ,3.30,T. Kelce TE - KC ,2.30,C. Edwards-Helaire RB - KC ,17.40,A. Rosas K - DET ,3.00,Panthers DEF ,-4.00,S. Shepard WR - NYG,0.00,L. Fournette RB - TB ,13.90,J. Smith-Schuster WR - KC ,1.10,S. Michel RB - LA ,-0.90,A. Brown WR - PHI ,0.00,M. Gaskin RB - MIA ,0.30,,0.00,83.72,Tommy,96.68
2021,4,Simi,6,P. Mahomes QB - KC ,31.72,M. Gordon RB - DEN ,6.70,N. Chubb RB - CLE ,10.50,C. Ridley WR - ATL NFI-R ,8.00,C. Lamb WR - DAL ,1.30,M. Andrews TE - BAL ,6.70,D. Singletary RB - BUF ,8.60,D. Carlson K - LV ,2.00,Bengals DEF ,1.00,R. Wilson QB - DEN ,22.56,C. Patterson RB - ATL ,29.60,O. Beckham WR - LA,3.10,J. Williams RB - DET ,6.60,C. Sutton WR - DEN ,4.70,D. Samuel WR - SF ,27.70,,-,76.52,Benni,93.02
2021,4,Tommy,7,J. Herbert QB - LAC ,21.28,A. Kamara RB - NO ,12.00,D. Montgomery RB - CHI ,22.60,D. Hopkins WR - ARI,6.70,M. Evans WR - TB ,7.50,G. Kittle TE - SF ,4.00,J. Robinson RB - JAX,19.60,G. Joseph K - MIN ,1.00,49ers DEF ,2.00,J. Jones WR - TEN ,0.00,M. Ingram RB - NO ,2.40,M. Jones WR - JAX ,2.40,M. Williams WR - LAC ,1.10,D. Moore WR - CAR ,23.90,C. Claypool WR - PIT ,0.00,,0.00,96.68,Marv,83.72
2021,4,Juschka,4,L. Jackson QB - BAL ,19.44,A. Jones RB - GB ,7.90,A. Ekeler RB - LAC ,26.50,S. Diggs WR - BUF ,11.40,M. Brown WR - ARI ,15.10,D. Goedert TE - PHI ,11.60,C. Carson RB - SEA,3.10,T. Bass K - BUF ,16.00,Buccaneers DEF ,9.00,T. Patrick WR - DEN ,3.90,N. Hines RB - IND ,-0.90,D. Chark WR - DET,0.00,D. Johnson WR - PIT ,15.20,T. Williams RB - BAL ,0.00,R. Moore WR - ARI ,3.70,,1.90,120.04,Ritz,127.46
2021,4,Kessi,1,K. Murray QB - ARI ,22.62,D. Henry RB - TEN ,23.70,D. Harris RB - NE ,2.60,T. McLaurin WR - WAS ,24.30,D. Metcalf WR - SEA ,12.50,D. Waller TE - LV ,11.00,C. Kupp WR - LA ,6.40,J. Tucker K - BAL ,11.00,Cardinals DEF ,5.00,W. Fuller WR - MIA,0.60,N. Fant TE - SEA ,10.60,T. Pollard RB - DAL ,6.70,T. Higgins WR - CIN ,0.00,M. Jones QB - NE ,16.90,E. Mitchell RB - SF ,0.00,,-,119.12,Erik,110.50
2021,5,Benni,2,D. Prescott QB - DAL ,20.68,D. Henderson RB - LA ,15.90,A. Mattison RB - MIN ,19.30,D. Adams WR - LV ,26.60,J. Jefferson WR - MIN ,12.40,K. Pitts TE - ATL ,17.90,E. Elliott RB - DAL ,23.20,M. Gay K - LA ,8.00,Broncos DEF ,3.00,A. Robinson WR - LA ,3.20,K. Hunt RB - CLE ,20.90,D. Cook RB - MIN ,0.00,C. Godwin WR - TB,7.00,J. Williams RB - DEN ,8.60,Rams DEF ,7.00,,-,146.98,Tommy,169.22
2021,5,Erik,4,J. Hurts QB - PHI ,22.92,A. Gibson RB - WAS ,19.20,N. Harris RB - PIT ,20.20,A. Brown WR ,24.40,K. Allen WR - LAC ,7.50,T. Hockenson TE - DET,2.20,C. Edmonds RB - MIA ,1.40,M. Prater K - ARI ,5.00,Patriots DEF ,5.00,M. Stafford QB - LA ,16.50,R. Woods WR - TEN,15.00,B. Cooks WR - HOU ,2.30,C. McCaffrey RB - CAR,0.00,Z. Moss RB - BUF ,9.20,Bills DEF ,17.00,,0.00,107.82,Ritz,103.14
2021,5,Ritz,6,T. Brady QB - TB ,37.74,S. Barkley RB - NYG ,0.90,D. Swift RB - DET ,16.40,A. Thielen WR - MIN,4.00,T. Hill WR - MIA ,7.80,D. Schultz TE - DAL ,7.90,C. Hubbard RB - CAR ,13.40,H. Butker K - KC ,10.00,Steelers DEF ,5.00,A. Rodgers QB - GB ,19.76,T. Lockett WR - SEA ,5.70,A. Cooper WR - CLE ,12.00,J. Jacobs RB - LV ,12.70,M. Sanders RB - PHI ,5.10,J. Chase WR - CIN ,21.90,,-,103.14,Erik,107.82
2021,5,Marv,7,J. Allen QB - BUF ,36.50,L. Fournette RB - TB ,17.00,C. Edwards-Helaire RB - KC ,2.40,A. Brown WR - PHI ,3.80,H. Renfrow WR - LV ,5.60,T. Kelce TE - KC ,11.70,J. Taylor RB - IND ,28.90,R. Bullock K - TEN ,7.00,Raiders DEF ,3.00,S. Shepard WR - NYG,0.00,J. Mixon RB - CIN ,9.50,K. Golladay WR - NYG ,0.00,M. Gaskin RB - MIA ,21.90,K. Gainwell RB - PHI ,2.40,W. Lutz K - NO,0.00,,-,115.90,Kessi,105.56
2021,5,Simi,8,P. Mahomes QB - KC ,18.98,C. Patterson RB - ATL ,11.40,N. Chubb RB - CLE ,23.00,D. Samuel WR - SF ,13.10,C. Lamb WR - DAL ,14.80,M. Andrews TE - BAL ,30.70,M. Gordon RB - DEN ,4.30,D. Carlson K - LV ,3.00,Cowboys DEF ,11.00,R. Wilson QB - DEN ,9.08,O. Beckham WR - LA,2.00,J. Williams RB - DET ,6.50,C. Ridley WR - ATL NFI-R ,0.00,C. Sutton WR - DEN ,18.00,D. Singletary RB - BUF ,2.30,,-,130.28,Juschka,145.28
2021,5,Tommy,5,J. Herbert QB - LAC ,42.82,A. Kamara RB - NO ,24.20,J. Robinson RB - JAX,20.70,D. Hopkins WR - ARI,14.70,D. Moore WR - CAR ,3.80,D. Knox TE - BUF ,17.70,M. Evans WR - TB ,23.30,G. Joseph K - MIN ,17.00,49ers DEF ,5.00,J. Jones WR - TEN ,0.00,M. Ingram RB - NO ,4.10,M. Jones WR - JAX ,2.50,M. Williams WR - LAC ,28.50,D. Montgomery RB - CHI ,0.00,C. Claypool WR - PIT ,19.00,,0.00,169.22,Benni,146.98
2021,5,Juschka,3,L. Jackson QB - BAL ,41.88,A. Jones RB - GB ,10.90,A. Ekeler RB - LAC ,27.90,S. Diggs WR - BUF ,6.90,M. Brown WR - ARI ,24.50,D. Goedert TE - PHI ,2.80,D. Williams RB - ATL ,14.40,T. Bass K - BUF ,8.00,Buccaneers DEF ,8.00,J. Crowder WR - BUF ,4.40,C. Samuel WR - WAS ,0.80,C. Carson RB - SEA,0.00,T. Patrick WR - DEN ,8.90,D. Johnson WR - PIT ,13.20,R. Moore WR - ARI ,9.70,,0.00,145.28,Simi,130.28
2021,5,Kessi,1,K. Murray QB - ARI ,13.66,D. Henry RB - TEN ,31.00,D. Harris RB - NE ,9.80,T. McLaurin WR - WAS ,4.60,D. Metcalf WR - SEA ,21.80,D. Waller TE - LV ,4.50,C. Kupp WR - LA ,9.20,J. Tucker K - BAL ,3.00,Cardinals DEF ,8.00,J. Conner RB - ARI ,9.70,N. Fant TE - SEA ,2.00,T. Pollard RB - DAL ,10.30,T. Higgins WR - CIN ,5.20,M. Jones QB - NE ,11.54,E. Mitchell RB - SF ,6.20,,-,105.56,Marv,115.90
2021,6,Benni,2,D. Prescott QB - DAL ,26.80,D. Cook RB - MIN ,20.30,D. Henderson RB - LA ,22.70,D. Adams WR - LV ,8.90,J. Jefferson WR - MIN ,6.00,T. Kelce TE - KC ,9.90,E. Elliott RB - DAL ,11.90,M. Gay K - LA ,8.00,Rams DEF ,16.00,R. Tannehill QB - TEN ,12.94,C. Godwin WR - TB,4.30,A. Mattison RB - MIN ,1.00,M. Pittman WR - IND ,3.80,J. Williams RB - DEN ,6.80,K. Toney WR - NYG ,3.60,,-,130.50,Juschka,88.18
2021,6,Erik,4,J. Hurts QB - PHI ,25.00,A. Gibson RB - WAS ,2.40,N. Harris RB - PIT ,18.70,A. Brown WR ,15.30,K. Allen WR - LAC ,5.00,T. Hockenson TE - DET,7.40,Z. Moss RB - BUF ,3.90,M. Prater K - ARI ,15.00,Bills DEF ,1.00,M. Stafford QB - LA ,25.24,M. Davis RB - ATL ,0.00,C. Edmonds RB - MIA ,5.00,A. Brown WR - PHI ,9.10,Patriots DEF ,3.00,M. Thomas WR - NO PUP ,0.00,,0.00,93.70,Simi,109.98
2021,6,Ritz,6,T. Brady QB - TB ,17.98,D. Swift RB - DET ,12.70,J. Taylor RB - IND ,27.80,A. Cooper WR - CLE ,5.50,T. Hill WR - MIA ,13.60,D. Schultz TE - DAL ,7.90,C. Hubbard RB - CAR ,12.50,H. Butker K - KC ,9.00,Packers DEF ,7.00,A. Rodgers QB - GB ,23.70,A. Thielen WR - MIN,18.80,T. Lockett WR - SEA ,3.50,S. Barkley RB - NYG ,0.00,J. Jacobs RB - LV ,14.20,M. Sanders RB - PHI ,6.60,,-,113.98,Marv,126.62
2021,6,Marv,5,J. Allen QB - BUF ,28.72,L. Fournette RB - TB ,24.70,J. Mixon RB - CIN ,21.30,B. Cooks WR - HOU ,8.90,J. Chase WR - CIN ,9.70,M. Gesicki TE - MIA ,11.50,K. Hunt RB - CLE ,7.80,E. McPherson K - CIN ,10.00,Dolphins DEF ,4.00,R. Woods WR - TEN,9.10,S. Shepard WR - NYG,7.60,K. Golladay WR - NYG ,0.00,M. Gaskin RB - MIA ,1.40,K. Pitts TE - ATL ,0.00,K. Gainwell RB - PHI ,0.10,,0.00,126.62,Ritz,113.98
2021,6,Simi,7,P. Mahomes QB - KC ,22.98,M. Gordon RB - DEN ,7.30,J. Williams RB - DET ,0.90,E. Sanders WR - BUF ,9.10,C. Lamb WR - DAL ,27.10,M. Andrews TE - BAL ,12.80,A. Collins RB - SEA,15.80,G. Gano K - NYG ,3.00,Cowboys DEF ,11.00,M. Jones WR - JAX ,16.00,C. Patterson RB - ATL ,0.00,C. Ridley WR - ATL NFI-R ,0.00,C. Sutton WR - DEN ,15.40,N. Chubb RB - CLE ,0.00,D. Samuel WR - SF ,0.00,,0.00,109.98,Erik,93.70
2021,6,Tommy,8,J. Herbert QB - LAC ,11.00,D. Booker RB - NYG ,6.90,J. Robinson RB - JAX,16.10,D. Hopkins WR - ARI,17.50,M. Williams WR - LAC ,2.70,D. Knox TE - BUF ,4.50,M. Evans WR - TB ,2.70,G. Joseph K - MIN ,10.00,Colts DEF ,15.00,J. Jones WR - TEN ,5.90,A. Kamara RB - NO ,0.00,D. Moore WR - CAR ,5.90,D. Montgomery RB - CHI ,0.00,C. Claypool WR - PIT ,1.70,D. Smith WR - PHI ,3.10,,0.00,86.40,Kessi,139.66
2021,6,Juschka,3,L. Jackson QB - BAL ,11.78,A. Jones RB - GB ,17.00,A. Ekeler RB - LAC ,5.50,S. Diggs WR - BUF ,14.90,M. Brown WR - ARI ,3.50,Z. Ertz TE - ARI ,8.90,D. Johnson WR - PIT ,9.60,T. Bass K - BUF ,13.00,Buccaneers DEF ,4.00,C. Samuel WR - WAS ,0.00,C. Carson RB - SEA,0.00,T. Patrick WR - DEN ,10.20,D. Williams RB - KC ,20.90,K. Herbert RB - CHI ,17.20,R. Moore WR - ARI ,2.60,,0.00,88.18,Benni,130.50
2021,6,Kessi,1,K. Murray QB - ARI ,25.76,D. Henry RB - TEN ,33.60,D. Harris RB - NE ,16.80,T. McLaurin WR - WAS ,2.80,D. Metcalf WR - SEA ,5.80,D. Waller TE - LV ,5.90,C. Kupp WR - LA ,25.00,J. Tucker K - BAL ,12.00,Cardinals DEF ,12.00,J. Conner RB - ARI ,7.10,N. Fant TE - SEA ,15.70,T. Pollard RB - DAL ,6.30,T. Higgins WR - CIN ,4.40,M. Jones QB - NE ,14.76,E. Mitchell RB - SF ,0.00,,-,139.66,Tommy,86.40
2021,7,Benni,2,R. Tannehill QB - TEN ,19.40,D. Henderson RB - LA ,6.40,E. Mitchell RB - SF ,16.70,D. Adams WR - LV ,13.60,J. Waddle WR - MIA ,8.30,T. Kelce TE - KC ,6.50,C. Godwin WR - TB,17.10,M. Gay K - LA ,8.00,Rams DEF ,7.00,E. Elliott RB - DAL ,0.00,D. Prescott QB - DAL ,0.00,D. Cook RB - MIN ,0.00,A. Mattison RB - MIN ,0.00,J. Jefferson WR - MIN ,0.00,J. Williams RB - DEN ,11.20,,-,103.00,Kessi,145.04
2021,7,Erik,3,J. Hurts QB - PHI ,23.54,M. Davis RB - ATL ,1.00,D. Johnson RB - CLE ,22.80,A. Brown WR - PHI ,19.30,D. Smith WR - PHI ,6.10,T. Hockenson TE - DET,4.80,A. Gibson RB - WAS ,5.60,M. Prater K - ARI ,7.00,Patriots DEF ,12.00,M. Stafford QB - LA ,27.16,A. Brown WR ,0.00,K. Allen WR - LAC ,0.00,C. Edmonds RB - MIA ,9.00,N. Harris RB - PIT ,0.00,Bills DEF ,0.00,,0.00,102.14,Juschka,92.38
2021,7,Ritz,7,A. Rodgers QB - GB ,24.66,J. Jacobs RB - LV ,12.80,J. Taylor RB - IND ,15.00,T. Lockett WR - SEA ,1.20,T. Hill WR - MIA ,6.70,T. Higbee TE - LA,4.60,C. Hubbard RB - CAR ,5.60,H. Butker K - KC ,3.00,Saints DEF ,9.00,T. Brady QB - TB ,24.44,A. Thielen WR - MIN,0.00,A. Cooper WR - CLE ,0.00,S. Barkley RB - NYG ,0.00,M. Sanders RB - PHI ,2.70,D. Swift RB - DET ,20.40,,-,82.56,Tommy,135.64
2021,7,Marv,4,M. Ryan QB - IND ,17.44,L. Fournette RB - TB ,15.00,J. Mixon RB - CIN ,11.90,B. Cooks WR - HOU ,2.10,J. Chase WR - CIN ,26.10,K. Pitts TE - ATL ,16.30,R. Woods WR - TEN,9.00,E. McPherson K - CIN ,13.00,Dolphins DEF ,4.00,S. Shepard WR - NYG,0.00,K. Hunt RB - CLE ,0.00,K. Golladay WR - NYG ,0.00,J. Allen QB - BUF ,0.00,M. Gesicki TE - MIA ,14.50,M. Gaskin RB - MIA ,13.70,,0.00,114.84,Simi,66.44
2021,7,Simi,8,P. Mahomes QB - KC ,7.74,C. Patterson RB - ATL ,12.10,A. Collins RB - SEA,4.40,C. Ridley WR - ATL NFI-R ,8.60,D. Samuel WR - SF ,14.00,M. Andrews TE - BAL ,4.80,C. Sutton WR - DEN ,6.80,M. Crosby K - GB ,6.00,Panthers DEF ,2.00,E. Sanders WR - BUF ,0.00,M. Jones WR - JAX ,0.00,M. Gordon RB - DEN ,9.20,N. Chubb RB - CLE ,0.00,C. Lamb WR - DAL ,0.00,Cowboys DEF ,0.00,,0.00,66.44,Marv,114.84
2021,7,Tommy,6,J. Burrow QB - CIN ,26.64,D. Booker RB - NYG ,12.60,A. Kamara RB - NO ,23.90,D. Hopkins WR - ARI,11.30,D. Moore WR - CAR ,7.30,H. Henry TE - NE ,8.30,M. Evans WR - TB ,25.60,D. Carlson K - LV ,9.00,Colts DEF ,11.00,J. Jones WR - TEN ,3.80,M. Williams WR - LAC ,0.00,D. Montgomery RB - CHI ,0.00,J. Robinson RB - JAX,0.00,C. Claypool WR - PIT ,0.00,J. Herbert QB - LAC ,0.00,,0.00,135.64,Ritz,82.56
2021,7,Juschka,5,L. Jackson QB - BAL ,23.08,A. Jones RB - GB ,3.90,D. Williams RB - KC ,5.00,T. Patrick WR - DEN ,1.60,M. Brown WR - ARI ,14.00,D. Goedert TE - PHI ,9.00,D. Williams RB - ATL ,0.80,N. Folk K - NE ,14.00,Buccaneers DEF ,21.00,Z. Ertz TE - ARI ,13.00,S. Diggs WR - BUF ,0.00,A. Ekeler RB - LAC ,0.00,D. Johnson WR - PIT ,0.00,K. Herbert RB - CHI ,13.30,T. Bass K - BUF ,0.00,,0.00,92.38,Erik,102.14
2021,7,Kessi,1,K. Murray QB - ARI ,21.44,D. Henry RB - TEN ,14.40,D. Harris RB - NE ,23.30,C. Kupp WR - LA ,27.60,D. Metcalf WR - SEA ,15.60,M. Alie-Cox TE - IND ,8.50,T. McLaurin WR - WAS ,18.20,J. Tucker K - BAL ,5.00,Cardinals DEF ,11.00,T. Hilton WR - IND ,0.00,D. Waller TE - LV ,0.00,J. McKissic RB - WAS,5.60,J. Conner RB - ARI ,12.40,N. Fant TE - SEA ,3.90,M. Jones QB - NE ,22.18,,-,145.04,Benni,103.00
2021,8,Benni,4,C. Rush QB - DAL ,17.20,D. Cook RB - MIN ,7.80,D. Henderson RB - LA ,21.30,C. Godwin WR - TB,20.00,J. Jefferson WR - MIN ,2.10,T. Kelce TE - KC ,0.70,E. Elliott RB - DAL ,7.30,G. Zuerlein K - NYJ ,8.00,Rams DEF ,7.00,D. Prescott QB - DAL ,0.00,A. Mattison RB - MIN ,0.00,M. Pittman WR - IND ,20.60,J. Williams RB - DEN ,4.80,K. Toney WR - NYG ,3.36,E. Mitchell RB - SF ,19.70,,0.00,91.40,Erik,104.62
2021,8,Erik,2,J. Hurts QB - PHI ,11.22,C. Edmonds RB - MIA ,12.90,N. Harris RB - PIT ,18.00,K. Allen WR - LAC ,13.70,A. Brown WR - PHI ,21.50,T. Hockenson TE - DET,8.90,A. Gibson RB - WAS ,5.40,M. Prater K - ARI ,3.00,Bills DEF ,10.00,M. Stafford QB - LA ,24.20,A. Peterson RB - SEA,0.00,A. Brown WR ,0.00,T. Pollard RB - DAL ,2.70,Z. Moss RB - BUF ,5.80,T. Higgins WR - CIN ,9.70,,0.00,104.62,Benni,91.40
2021,8,Ritz,6,T. Brady QB - TB ,25.20,D. Swift RB - DET ,3.10,J. Taylor RB - IND ,18.20,A. Thielen WR - MIN,13.80,T. Hill WR - MIA ,15.40,C. Uzomah TE - NYJ ,3.30,A. Cooper WR - CLE ,18.20,T. Bass K - BUF ,10.00,Broncos DEF ,13.00,A. Rodgers QB - GB ,15.66,T. Lockett WR - SEA ,14.20,S. Barkley RB - NYG ,0.00,J. Jacobs RB - LV ,0.00,C. Hubbard RB - CAR ,13.10,M. Carter RB - NYJ ,23.20,,0.00,120.20,Kessi,76.96
2021,8,Marv,3,J. Allen QB - BUF ,29.46,L. Fournette RB - TB ,4.30,J. Mixon RB - CIN ,21.10,B. Cooks WR - HOU ,14.30,J. Chase WR - CIN ,10.10,K. Pitts TE - ATL ,1.30,R. Woods WR - TEN,17.70,E. McPherson K - CIN ,7.00,49ers DEF ,6.00,M. Ryan QB - IND ,6.14,S. Shepard WR - NYG,2.50,K. Golladay WR - NYG ,0.00,M. Gesicki TE - MIA ,6.80,M. Gaskin RB - MIA ,5.50,Dolphins DEF ,0.00,,0.00,111.26,Juschka,99.56
2021,8,Simi,7,P. Mahomes QB - KC ,14.00,A. Collins RB - SEA,4.40,N. Chubb RB - CLE ,6.90,D. Samuel WR - SF ,17.10,C. Lamb WR - DAL ,11.20,D. Schultz TE - DAL ,1.10,C. Patterson RB - ATL ,13.20,Y. Koo K - ATL ,9.00,Bengals DEF ,7.00,E. Sanders WR - BUF ,0.00,M. Gordon RB - DEN ,16.20,C. Ridley WR - ATL NFI-R ,0.00,C. Sutton WR - DEN ,4.00,M. Andrews TE - BAL ,0.00,Cowboys DEF ,2.00,,0.00,83.90,Tommy,73.92
2021,8,Tommy,8,J. Herbert QB - LAC ,13.82,A. Kamara RB - NO ,13.60,J. Robinson RB - JAX,3.90,D. Hopkins WR - ARI,6.60,D. Moore WR - CAR ,5.90,H. Henry TE - NE ,3.30,M. Evans WR - TB ,10.80,G. Joseph K - MIN ,10.00,Colts DEF ,6.00,J. Jones WR - TEN ,0.00,D. Booker RB - NYG ,12.50,M. Williams WR - LAC ,1.90,D. Montgomery RB - CHI ,0.00,J. Burrow QB - CIN ,20.26,C. Claypool WR - PIT ,6.10,,0.00,73.92,Simi,83.90
2021,8,Juschka,5,K. Cousins QB - MIN ,13.16,A. Jones RB - GB ,17.00,A. Ekeler RB - LAC ,18.40,S. Diggs WR - BUF ,10.00,D. Johnson WR - PIT ,9.80,D. Goedert TE - PHI ,7.20,D. Williams RB - KC ,11.00,N. Folk K - NE ,13.00,Buccaneers DEF ,0.00,Z. Ertz TE - ARI ,4.20,T. Patrick WR - DEN ,6.40,L. Jackson QB - BAL ,0.00,M. Brown WR - ARI ,0.00,K. Herbert RB - CHI ,6.80,K. Gainwell RB - PHI ,2.70,,0.00,99.56,Marv,111.26
2021,8,Kessi,1,K. Murray QB - ARI ,9.06,D. Henry RB - TEN ,6.80,D. Harris RB - NE ,14.00,C. Kupp WR - LA ,17.50,D. Metcalf WR - SEA ,16.30,N. Fant TE - SEA ,0.80,T. McLaurin WR - WAS ,3.50,M. Gay K - LA ,8.00,Cardinals DEF ,1.00,T. Hilton WR - IND ,1.60,D. Carr QB - LV ,0.00,D. Waller TE - LV ,0.00,J. McKissic RB - WAS,9.30,J. Conner RB - ARI ,14.20,J. Tucker K - BAL ,0.00,,-,76.96,Ritz,120.20
2021,9,Benni,5,D. Prescott QB - DAL ,18.88,E. Elliott RB - DAL ,9.60,D. Cook RB - MIN ,12.20,D. Adams WR - LV ,4.20,J. Jefferson WR - MIN ,14.00,T. Kelce TE - KC ,12.80,D. Henderson RB - LA ,5.80,G. Zuerlein K - NYJ ,0.00,Steelers DEF ,7.00,C. Godwin WR - TB,0.00,A. Mattison RB - MIN ,0.30,M. Pittman WR - IND ,12.40,J. Williams RB - DEN ,11.10,E. Mitchell RB - SF ,7.90,Rams DEF ,5.00,,-,84.48,Ritz,107.68
2021,9,Erik,2,M. Stafford QB - LA ,13.06,C. McCaffrey RB - CAR,10.60,N. Harris RB - PIT ,13.80,K. Allen WR - LAC ,10.40,T. Higgins WR - CIN ,7.80,H. Henry TE - NE ,7.90,A. Brown WR - PHI ,4.20,M. Gay K - LA ,12.00,Bills DEF ,8.00,A. Brown WR ,0.00,C. Edmonds RB - MIA ,0.30,T. Hockenson TE - DET,0.00,Z. Moss RB - BUF ,2.40,J. Hurts QB - PHI ,16.68,A. Gibson RB - WAS ,0.00,,0.00,87.76,Marv,73.36
2021,9,Ritz,6,C. Wentz QB - WAS ,24.18,J. Jacobs RB - LV ,9.50,J. Taylor RB - IND ,32.00,A. Thielen WR - MIN,6.60,T. Hill WR - MIA ,3.30,C. Uzomah TE - NYJ ,2.40,A. Cooper WR - CLE ,3.70,T. Bass K - BUF ,6.00,Patriots DEF ,20.00,R. Gronkowski TE - TB ,0.00,T. Brady QB - TB ,0.00,T. Lockett WR - SEA ,0.00,S. Barkley RB - NYG ,0.00,D. Swift RB - DET ,0.00,M. Carter RB - NYJ ,8.60,,0.00,107.68,Benni,84.48
2021,9,Marv,3,J. Allen QB - BUF ,9.56,J. Mixon RB - CIN ,23.00,M. Gaskin RB - MIA ,9.70,R. Woods WR - TEN,10.40,J. Chase WR - CIN ,2.90,K. Pitts TE - ATL ,6.20,B. Cooks WR - HOU ,5.60,E. McPherson K - CIN ,4.00,Saints DEF ,2.00,M. Ryan QB - IND ,28.52,S. Shepard WR - NYG,0.00,L. Fournette RB - TB ,0.00,K. Golladay WR - NYG ,2.80,M. Gesicki TE - MIA ,5.40,49ers DEF ,1.00,,0.00,73.36,Erik,87.76
2021,9,Simi,8,P. Mahomes QB - KC ,10.44,C. Patterson RB - ATL ,13.60,N. Chubb RB - CLE ,28.30,D. Samuel WR - SF ,6.30,C. Lamb WR - DAL ,2.30,M. Andrews TE - BAL ,4.40,B. Scott RB - PHI ,4.00,R. Bullock K - TEN ,4.00,Cowboys DEF ,3.00,M. Gordon RB - DEN ,15.50,A. Collins RB - SEA,0.00,J. McNichols RB - TEN ,3.50,D. Schultz TE - DAL ,5.40,C. Sutton WR - DEN ,2.90,Y. Koo K - ATL ,9.00,,0.00,76.34,Kessi,108.94
2021,9,Tommy,4,J. Herbert QB - LAC ,31.64,D. Booker RB - NYG ,12.20,A. Kamara RB - NO ,16.40,D. Moore WR - CAR ,4.60,C. Claypool WR - PIT ,4.30,G. Kittle TE - SF ,14.10,M. Williams WR - LAC ,5.80,G. Joseph K - MIN ,7.00,Colts DEF ,5.00,J. Jones WR - TEN ,3.50,D. Hopkins WR - ARI,0.00,M. Evans WR - TB ,0.00,J. Burrow QB - CIN ,7.38,J. Jeudy WR - DEN ,6.90,J. Robinson RB - JAX,0.00,,8.00,101.04,Juschka,87.24
2021,9,Juschka,7,L. Jackson QB - BAL ,30.64,A. Jones RB - GB ,5.30,A. Ekeler RB - LAC ,8.20,S. Diggs WR - BUF ,8.50,D. Johnson WR - PIT ,6.70,D. Goedert TE - PHI ,4.30,M. Brown WR - ARI ,11.60,N. Folk K - NE ,6.00,Raiders DEF ,6.00,Z. Ertz TE - ARI ,2.70,T. Patrick WR - DEN ,14.50,D. Williams RB - KC ,7.70,K. Herbert RB - CHI ,1.30,K. Gainwell RB - PHI ,6.30,Buccaneers DEF ,0.00,,0.00,87.24,Tommy,101.04
2021,9,Kessi,1,D. Carr QB - LV ,10.34,J. Conner RB - ARI ,35.30,D. Harris RB - NE ,9.30,C. Beasley WR - BUF ,3.30,C. Kupp WR - LA ,9.50,D. Waller TE - LV ,9.20,K. Drake RB - LV ,10.00,J. Tucker K - BAL ,10.00,Cardinals DEF ,12.00,J. Landry WR - CLE ,1.10,J. McKissic RB - WAS,0.00,K. Murray QB - ARI ,0.00,T. McLaurin WR - WAS ,0.00,D. Metcalf WR - SEA ,0.00,D. Henry RB - TEN ,0.00,,0.00,108.94,Simi,76.34
2021,10,Benni,3,D. Prescott QB - DAL ,26.34,E. Elliott RB - DAL ,17.76,D. Cook RB - MIN ,17.80,D. Adams WR - LV ,7.80,J. Jefferson WR - MIN ,13.90,T. Kelce TE - KC ,11.90,D. Henderson RB - LA ,4.10,D. Carlson K - LV ,2.00,Steelers DEF ,5.00,C. Godwin WR - TB,5.70,A. Mattison RB - MIN ,4.00,M. Pittman WR - IND ,7.10,J. Williams RB - DEN ,4.90,E. Mitchell RB - SF ,9.10,Rams DEF ,1.00,,0.00,106.60,Marv,64.54
2021,10,Erik,2,M. Stafford QB - LA ,9.82,D. Johnson RB - CLE ,15.70,N. Harris RB - PIT ,13.30,K. Allen WR - LAC ,9.80,A. Brown WR - PHI ,2.30,T. Hockenson TE - DET,0.00,C. McCaffrey RB - CAR,16.10,M. Gay K - LA ,4.00,Bills DEF ,12.00,A. Brown WR ,0.00,O. Beckham WR - LA,1.80,Z. Moss RB - BUF ,8.70,T. Higgins WR - CIN ,0.00,J. Hurts QB - PHI ,18.62,A. Gibson RB - WAS ,19.80,,0.00,83.02,Tommy,79.20
2021,10,Ritz,6,T. Brady QB - TB ,13.00,D. Swift RB - DET ,13.50,J. Taylor RB - IND ,18.60,A. Cooper WR - CLE ,5.10,T. Hill WR - MIA ,20.50,D. Knox TE - BUF ,1.70,J. Jacobs RB - LV ,3.60,T. Bass K - BUF ,9.00,Patriots DEF ,11.00,R. Gronkowski TE - TB ,0.00,A. Peterson RB - SEA,2.00,A. Thielen WR - MIN,6.50,T. Lockett WR - SEA ,2.30,S. Barkley RB - NYG ,0.00,M. Carter RB - NYJ ,14.20,,10.48,96.00,Simi,141.04
2021,10,Marv,4,J. Allen QB - BUF ,20.94,L. Fournette RB - TB ,9.20,M. Gaskin RB - MIA ,4.50,E. Sanders WR - BUF ,5.10,D. Harris WR - NO ,7.00,K. Pitts TE - ATL ,6.00,D. Freeman RB - BAL ,5.80,M. Prater K - ARI ,4.00,Saints DEF ,2.00,B. Cooks WR - HOU ,0.00,S. Shepard WR - NYG,0.00,J. Mixon RB - CIN ,0.00,K. Golladay WR - NYG ,0.00,M. Gesicki TE - MIA ,0.00,J. Chase WR - CIN ,0.00,,0.00,64.54,Benni,106.60
2021,10,Simi,5,P. Mahomes QB - KC ,36.24,C. Patterson RB - ATL ,3.90,M. Gordon RB - DEN ,8.30,D. Samuel WR - SF ,25.30,C. Lamb WR - DAL ,22.60,M. Andrews TE - BAL ,12.30,R. Stevenson RB - NE ,23.40,Y. Koo K - ATL ,3.00,Titans DEF ,6.00,R. Wilson QB - DEN ,5.64,J. Howard RB - PHI ,8.30,A. Collins RB - SEA,4.90,D. Schultz TE - DAL ,1.40,C. Sutton WR - DEN ,2.90,Cowboys DEF ,21.00,,0.00,141.04,Ritz,96.00
2021,10,Tommy,8,J. Herbert QB - LAC ,12.00,N. Hines RB - IND ,2.90,J. Robinson RB - JAX,14.40,M. Evans WR - TB ,12.20,D. Moore WR - CAR ,2.40,G. Kittle TE - SF ,11.00,M. Williams WR - LAC ,3.30,G. Joseph K - MIN ,9.00,Colts DEF ,12.00,D. Hopkins WR - ARI,0.00,D. Booker RB - NYG ,0.00,A. Kamara RB - NO ,0.00,D. Montgomery RB - CHI ,0.00,J. Jeudy WR - DEN ,5.10,C. Claypool WR - PIT ,0.00,,0.00,79.20,Erik,83.02
2021,10,Juschka,7,L. Jackson QB - BAL ,15.42,A. Jones RB - GB ,8.60,A. Ekeler RB - LAC ,11.90,S. Diggs WR - BUF ,22.20,M. Brown WR - ARI ,3.70,D. Goedert TE - PHI ,2.80,D. Johnson WR - PIT ,6.30,N. Folk K - NE ,9.00,Buccaneers DEF ,6.00,Z. Ertz TE - ARI ,4.60,T. Patrick WR - DEN ,1.40,D. Williams RB - KC ,20.40,K. Herbert RB - CHI ,0.00,K. Gainwell RB - PHI ,1.40,Raiders DEF ,-2.00,,0.00,85.92,Kessi,64.64
2021,10,Kessi,1,D. Carr QB - LV ,18.24,J. McKissic RB - WAS,3.90,J. Conner RB - ARI ,12.40,T. McLaurin WR - WAS ,5.90,D. Metcalf WR - SEA ,2.60,D. Waller TE - LV ,2.40,C. Kupp WR - LA ,12.20,J. Tucker K - BAL ,4.00,Cardinals DEF ,3.00,C. Beasley WR - BUF ,1.50,J. Landry WR - CLE ,2.60,K. Drake RB - LV ,3.10,D. Harris RB - NE ,0.00,K. Murray QB - ARI ,0.00,D. Henry RB - TEN ,0.00,,5.90,64.64,Juschka,85.92
2021,11,Benni,3,D. Prescott QB - DAL ,2.64,M. Ingram RB - NO ,9.30,D. Cook RB - MIN ,19.50,D. Adams WR - LV ,23.50,J. Jefferson WR - MIN ,29.20,T. Kelce TE - KC ,13.80,E. Elliott RB - DAL ,6.80,G. Zuerlein K - NYJ ,9.00,Browns DEF ,8.00,C. Godwin WR - TB,13.20,D. Henderson RB - LA ,0.00,A. Mattison RB - MIN ,0.50,M. Pittman WR - IND ,2.30,J. Williams RB - DEN ,0.00,E. Mitchell RB - SF ,0.00,,-,121.74,Simi,78.60
2021,11,Erik,1,J. Hurts QB - PHI ,30.78,C. McCaffrey RB - CAR,17.90,J. Wilson RB - SF ,5.80,K. Allen WR - LAC ,11.20,A. Brown WR - PHI ,4.80,T. Hockenson TE - DET,5.10,N. Harris RB - PIT ,11.90,H. Butker K - KC ,9.00,Bills DEF ,-4.00,M. Stafford QB - LA ,0.00,A. Brown WR ,0.00,Z. Moss RB - BUF ,0.50,T. Higgins WR - CIN ,1.50,A. Gibson RB - WAS ,7.50,M. Gay K - LA ,0.00,,0.00,92.48,Kessi,68.90
2021,11,Ritz,6,A. Rodgers QB - GB ,33.50,D. Swift RB - DET ,19.60,J. Taylor RB - IND ,50.40,A. Thielen WR - MIN,14.20,T. Hill WR - MIA ,11.00,D. Knox TE - BUF ,8.00,M. Carter RB - NYJ ,6.50,T. Bass K - BUF ,1.00,Patriots DEF ,28.00,R. Gronkowski TE - TB ,7.10,T. Brady QB - TB ,19.28,S. Barkley RB - NYG ,5.60,J. Jacobs RB - LV ,6.10,M. Sanders RB - PHI ,7.40,J. Waddle WR - MIA ,12.60,,0.00,172.20,Juschka,120.62
2021,11,Marv,5,J. Allen QB - BUF ,16.16,L. Fournette RB - TB ,7.40,J. Mixon RB - CIN ,24.30,B. Cooks WR - HOU ,1.80,J. Chase WR - CIN ,10.00,K. Pitts TE - ATL ,2.90,M. Gaskin RB - MIA ,15.60,M. Prater K - ARI ,7.00,Saints DEF ,4.00,E. Sanders WR - BUF ,2.60,S. Shepard WR - NYG,0.00,D. Foreman RB - CAR ,4.00,K. Golladay WR - NYG ,1.20,M. Gesicki TE - MIA ,5.00,C. Edwards-Helaire RB - KC ,13.60,,0.00,89.16,Tommy,109.88
2021,11,Simi,8,P. Mahomes QB - KC ,7.50,N. Chubb RB - CLE ,20.40,R. Stevenson RB - NE ,7.50,D. Samuel WR - SF ,15.40,C. Lamb WR - DAL ,1.40,M. Andrews TE - BAL ,7.30,D. Smith WR - PHI ,6.10,C. Boswell K - PIT ,13.00,Titans DEF ,0.00,R. Wilson QB - DEN ,8.48,C. Patterson RB - ATL ,0.00,M. Gordon RB - DEN ,0.00,D. Schultz TE - DAL ,5.30,C. Sutton WR - DEN ,0.00,Cowboys DEF ,8.00,,0.00,78.60,Benni,121.74
2021,11,Tommy,4,J. Herbert QB - LAC ,34.28,D. Montgomery RB - CHI ,6.70,J. Robinson RB - JAX,9.80,M. Evans WR - TB ,14.30,D. Moore WR - CAR ,11.00,G. Kittle TE - SF ,9.40,A. Peterson RB - SEA,4.40,G. Joseph K - MIN ,10.00,Colts DEF ,10.00,D. Hopkins WR - ARI,0.00,D. Booker RB - NYG ,2.00,A. Kamara RB - NO ,0.00,M. Williams WR - LAC ,15.70,J. Jeudy WR - DEN ,0.00,C. Claypool WR - PIT ,9.40,,0.00,109.88,Marv,89.16
2021,11,Juschka,7,R. Tannehill QB - TEN ,9.22,D. Williams RB - KC ,2.60,A. Dillon RB - GB ,9.70,S. Diggs WR - BUF ,14.30,D. Johnson WR - PIT ,16.10,D. Goedert TE - PHI ,6.20,A. Ekeler RB - LAC ,35.50,N. Folk K - NE ,15.00,Buccaneers DEF ,12.00,Z. Ertz TE - ARI ,20.80,A. Jones RB - GB ,0.00,L. Jackson QB - BAL ,0.00,M. Brown WR - ARI ,0.00,K. Herbert RB - CHI ,0.00,K. Gainwell RB - PHI ,0.00,,-,120.62,Ritz,172.20
2021,11,Kessi,2,D. Carr QB - LV ,8.60,J. Conner RB - ARI ,15.90,D. Harris RB - NE ,6.50,C. Beasley WR - BUF ,2.30,D. Metcalf WR - SEA ,3.10,D. Waller TE - LV ,11.60,K. Drake RB - LV ,2.90,J. Tucker K - BAL ,10.00,Cardinals DEF ,8.00,J. Landry WR - CLE ,10.20,J. McKissic RB - WAS,5.00,C. Kupp WR - LA ,0.00,K. Murray QB - ARI ,0.00,N. Fant TE - SEA ,0.00,T. McLaurin WR - WAS ,16.30,,0.00,68.90,Erik,92.48
2021,12,Benni,3,D. Prescott QB - DAL ,25.30,E. Elliott RB - DAL ,10.90,D. Cook RB - MIN ,8.30,D. Adams WR - LV ,10.40,J. Jefferson WR - MIN ,9.26,P. Freiermuth TE - PIT ,10.00,D. Henderson RB - LA ,13.30,G. Zuerlein K - NYJ ,7.00,Panthers DEF ,3.00,T. Kelce TE - KC ,0.00,C. Godwin WR - TB,0.70,A. Mattison RB - MIN ,8.80,M. Pittman WR - IND ,5.30,J. Williams RB - DEN ,17.10,E. Mitchell RB - SF ,22.80,,3.10,97.46,Tommy,78.32
2021,12,Erik,1,J. Hurts QB - PHI ,6.86,C. McCaffrey RB - CAR,3.50,N. Harris RB - PIT ,3.70,K. Allen WR - LAC ,8.50,T. Lockett WR - SEA ,9.60,T. Hockenson TE - DET,9.50,A. Gibson RB - WAS ,16.60,M. Gay K - LA ,8.00,Bills DEF ,11.00,M. Stafford QB - LA ,21.98,A. Brown WR ,0.00,D. Freeman RB - BAL ,6.00,Z. Moss RB - BUF ,0.00,T. Higgins WR - CIN ,17.40,B. Aiyuk WR - SF ,9.50,,0.00,77.26,Ritz,89.94
2021,12,Ritz,5,T. Brady QB - TB ,11.24,D. Swift RB - DET ,0.90,J. Taylor RB - IND ,15.70,A. Thielen WR - MIN,18.20,E. Moore WR - NYJ ,5.30,R. Gronkowski TE - TB ,12.30,S. Barkley RB - NYG ,5.30,T. Bass K - BUF ,7.00,Patriots DEF ,14.00,A. Rodgers QB - GB ,26.28,T. Hill WR - MIA ,0.00,J. Jacobs RB - LV ,17.20,D. Knox TE - BUF ,15.20,M. Sanders RB - PHI ,6.40,J. Waddle WR - MIA ,19.70,,0.00,89.94,Erik,77.26
2021,12,Marv,4,J. Allen QB - BUF ,26.70,L. Fournette RB - TB ,37.10,J. Mixon RB - CIN ,28.30,B. Cooks WR - HOU ,10.50,J. Chase WR - CIN ,3.90,K. Pitts TE - ATL ,2.60,E. Sanders WR - BUF ,2.80,E. McPherson K - CIN ,13.00,Saints DEF ,5.00,K. Hunt RB - CLE ,2.00,D. Foreman RB - CAR ,9.20,K. Golladay WR - NYG ,5.00,M. Gesicki TE - MIA ,1.70,M. Gaskin RB - MIA ,17.20,C. Edwards-Helaire RB - KC ,0.00,,-,129.90,Kessi,81.62
2021,12,Simi,6,R. Wilson QB - DEN ,19.48,M. Gordon RB - DEN ,8.80,N. Chubb RB - CLE ,3.90,D. Samuel WR - SF ,19.80,D. Smith WR - PHI ,2.20,M. Andrews TE - BAL ,12.50,C. Patterson RB - ATL ,25.50,C. Boswell K - PIT ,4.00,Cowboys DEF ,5.00,P. Mahomes QB - KC ,0.00,D. Schultz TE - DAL ,12.60,C. Sutton WR - DEN ,1.70,C. Lamb WR - DAL ,0.00,R. Stevenson RB - NE ,4.60,C. Ridley WR - ATL NFI-R ,0.00,,-,101.18,Juschka,87.60
2021,12,Tommy,7,J. Herbert QB - LAC ,19.72,D. Montgomery RB - CHI ,7.40,J. Robinson RB - JAX,9.50,M. Evans WR - TB ,1.60,D. Moore WR - CAR ,10.30,G. Kittle TE - SF ,1.30,D. Mooney WR - CHI ,12.50,R. Gould K - SF ,10.00,Texans DEF ,6.00,D. Hopkins WR - ARI,0.00,D. Booker RB - NYG ,2.70,A. Kamara RB - NO ,0.00,M. Williams WR - LAC ,3.90,J. Jeudy WR - DEN ,2.50,C. Claypool WR - PIT ,8.20,,0.00,78.32,Benni,97.46
2021,12,Juschka,8,L. Jackson QB - BAL ,9.40,A. Jones RB - GB ,2.30,A. Ekeler RB - LAC ,15.90,S. Diggs WR - BUF ,13.40,D. Johnson WR - PIT ,9.50,D. Goedert TE - PHI ,0.00,M. Brown WR - ARI ,5.10,N. Folk K - NE ,20.00,Buccaneers DEF ,12.00,R. Tannehill QB - TEN ,8.12,Z. Ertz TE - ARI ,0.00,D. Williams RB - KC ,0.00,A. Dillon RB - GB ,15.00,K. Herbert RB - CHI ,0.90,K. Gainwell RB - PHI ,3.20,,-,87.60,Simi,101.18
2021,12,Kessi,2,K. Cousins QB - MIN ,15.52,J. McKissic RB - WAS,17.60,D. Harris RB - NE ,11.20,C. Kupp WR - LA ,11.60,T. McLaurin WR - WAS ,5.10,D. Waller TE - LV ,3.30,D. Metcalf WR - SEA ,1.30,J. Tucker K - BAL ,12.00,Bears DEF ,4.00,J. Landry WR - CLE ,9.10,K. Drake RB - LV ,3.00,J. Conner RB - ARI ,0.00,K. Murray QB - ARI ,0.00,N. Fant TE - SEA ,1.20,Cardinals DEF ,0.00,,0.00,81.62,Marv,129.90
2021,13,Benni,2,D. Prescott QB - DAL ,11.22,A. Mattison RB - MIN ,18.40,J. Williams RB - DEN ,23.80,C. Godwin WR - TB,15.20,J. Jefferson WR - MIN ,24.60,T. Kelce TE - KC ,2.70,E. Mitchell RB - SF ,14.40,G. Joseph K - MIN ,9.00,Dolphins DEF ,9.00,D. Adams WR - LV ,0.00,E. Elliott RB - DAL ,4.70,D. Cook RB - MIN ,0.00,D. Henderson RB - LA ,0.00,T. Pollard RB - DAL ,13.40,M. Pittman WR - IND ,11.00,,-,128.32,Juschka,110.62
2021,13,Erik,1,M. Stafford QB - LA ,24.00,A. Gibson RB - WAS ,17.10,N. Harris RB - PIT ,10.70,K. Allen WR - LAC ,17.40,B. Aiyuk WR - SF ,5.50,T. Hockenson TE - DET,10.90,T. Lockett WR - SEA ,12.80,M. Gay K - LA ,13.00,Bills DEF ,3.00,A. Brown WR ,0.00,D. Freeman RB - BAL ,15.70,D. Hilliard RB - TEN ,0.00,T. Higgins WR - CIN ,19.80,J. Hurts QB - PHI ,0.00,C. Hubbard RB - CAR ,0.00,,0.00,114.40,Simi,84.06
2021,13,Ritz,3,T. Brady QB - TB ,28.62,S. Barkley RB - NYG ,7.40,J. Taylor RB - IND ,24.30,A. Thielen WR - MIN,0.00,T. Hill WR - MIA ,2.20,R. Gronkowski TE - TB ,17.80,J. Jacobs RB - LV ,15.00,T. Bass K - BUF ,4.00,Colts DEF ,18.00,A. Rodgers QB - GB ,0.00,A. Cooper WR - CLE ,4.10,M. Sanders RB - PHI ,14.20,D. Swift RB - DET ,0.00,J. Waddle WR - MIA ,9.00,Patriots DEF ,8.00,,-,117.32,Marv,60.50
2021,13,Marv,6,J. Allen QB - BUF ,11.70,L. Fournette RB - TB ,15.20,J. Mixon RB - CIN ,9.40,K. Bourne WR - NE ,0.30,J. Chase WR - CIN ,5.20,K. Pitts TE - ATL ,4.80,M. Gaskin RB - MIA ,4.90,E. McPherson K - CIN ,4.00,Eagles DEF ,5.00,O. Beckham WR - LA,8.80,B. Cooks WR - HOU ,5.40,K. Hunt RB - CLE ,0.00,K. Golladay WR - NYG ,3.70,M. Gesicki TE - MIA ,4.60,C. Edwards-Helaire RB - KC ,8.20,,-,60.50,Ritz,117.32
2021,13,Simi,7,P. Mahomes QB - KC ,12.56,C. Patterson RB - ATL ,9.60,J. Williams RB - DET ,8.00,H. Renfrow WR - LV ,10.20,C. Lamb WR - DAL ,12.20,M. Andrews TE - BAL ,5.00,D. Smith WR - PHI ,1.50,C. Boswell K - PIT ,8.00,Cowboys DEF ,17.00,R. Wilson QB - DEN ,16.74,M. Gordon RB - DEN ,0.00,D. Schultz TE - DAL ,4.30,N. Chubb RB - CLE ,0.00,D. Samuel WR - SF ,0.00,R. Stevenson RB - NE ,7.80,,0.00,84.06,Erik,114.40
2021,13,Tommy,5,J. Herbert QB - LAC ,25.28,D. Montgomery RB - CHI ,20.10,J. Robinson RB - JAX,1.50,D. Hopkins WR - ARI,9.20,M. Evans WR - TB ,9.90,G. Kittle TE - SF ,30.60,M. Ingram RB - NO ,2.60,R. Gould K - SF ,7.00,Rams DEF ,10.00,A. Kamara RB - NO ,0.00,M. Williams WR - LAC ,11.00,D. Moore WR - CAR ,0.00,D. Mooney WR - CHI ,2.70,J. Jeudy WR - DEN ,7.70,C. Claypool WR - PIT ,5.40,,0.00,116.18,Kessi,113.42
2021,13,Juschka,8,L. Jackson QB - BAL ,17.62,A. Ekeler RB - LAC ,12.40,D. Williams RB - KC ,8.00,S. Diggs WR - BUF ,5.10,D. Johnson WR - PIT ,22.50,D. Goedert TE - PHI ,22.50,M. Brown WR - ARI ,5.50,N. Folk K - NE ,6.00,Buccaneers DEF ,11.00,R. Tannehill QB - TEN ,0.00,Z. Ertz TE - ARI ,1.00,A. Jones RB - GB ,0.00,A. Dillon RB - GB ,0.00,K. Herbert RB - CHI ,2.70,K. Gainwell RB - PHI ,14.70,,-,110.62,Benni,128.32
2021,13,Kessi,4,K. Murray QB - ARI ,30.82,J. Conner RB - ARI ,17.10,D. Harris RB - NE ,17.10,C. Kupp WR - LA ,18.90,T. McLaurin WR - WAS ,2.20,N. Fant TE - SEA ,3.30,D. Metcalf WR - SEA ,6.00,J. Tucker K - BAL ,7.00,Cardinals DEF ,11.00,J. Landry WR - CLE ,0.00,D. Waller TE - LV ,0.00,K. Drake RB - LV ,0.80,J. McKissic RB - WAS,0.00,D. Foreman RB - CAR ,0.00,M. Breida RB - NYG ,0.80,,0.00,113.42,Tommy,116.18
2021,14,Benni,2,D. Prescott QB - DAL ,9.94,E. Elliott RB - DAL ,8.00,D. Cook RB - MIN ,34.20,D. Adams WR - LV ,24.10,J. Jefferson WR - MIN ,13.50,T. Kelce TE - KC ,2.70,J. Williams RB - DEN ,20.30,H. Butker K - KC ,14.00,Chiefs DEF ,24.00,C. Godwin WR - TB,10.50,A. Mattison RB - MIN ,2.70,T. Pollard RB - DAL ,0.00,J. Waddle WR - MIA ,0.00,E. Mitchell RB - SF ,0.00,Dolphins DEF ,0.00,,0.00,150.74,Kessi,97.82
2021,14,Erik,1,M. Stafford QB - LA ,23.48,A. Gibson RB - WAS ,2.10,N. Harris RB - PIT ,22.40,T. Lockett WR - SEA ,22.20,T. Higgins WR - CIN ,11.40,D. Knox TE - BUF ,12.00,C. Hubbard RB - CAR ,9.30,M. Gay K - LA ,14.00,Chargers DEF ,6.00,K. Allen WR - LAC ,0.00,D. Freeman RB - BAL ,7.20,T. Hockenson TE - DET,0.00,J. Hurts QB - PHI ,0.00,B. Aiyuk WR - SF ,12.60,Bills DEF ,1.00,,0.00,122.88,Juschka,65.48
2021,14,Ritz,5,A. Rodgers QB - GB ,29.64,S. Barkley RB - NYG ,15.50,J. Jacobs RB - LV ,5.00,T. Hill WR - MIA ,7.60,K. Osborn WR - MIN ,14.30,R. Gronkowski TE - TB ,6.20,A. Cooper WR - CLE ,11.10,T. Bass K - BUF ,9.00,Packers DEF ,13.00,T. Brady QB - TB ,30.12,A. Thielen WR - MIN,0.00,M. Sanders RB - PHI ,0.00,D. Swift RB - DET ,0.00,J. Taylor RB - IND ,0.00,Patriots DEF ,0.00,,-,111.34,Tommy,111.50
2021,14,Marv,4,J. Allen QB - BUF ,35.22,L. Fournette RB - TB ,19.20,J. Mixon RB - CIN ,6.80,J. Chase WR - CIN ,20.30,--empty--,-,K. Pitts TE - ATL ,6.10,C. Edwards-Helaire RB - KC ,16.20,E. McPherson K - CIN ,11.00,Saints DEF ,7.00,O. Beckham WR - LA,13.70,B. Cooks WR - HOU ,10.10,K. Hunt RB - CLE ,1.80,K. Golladay WR - NYG ,1.50,K. Bourne WR - NE ,0.00,M. Gesicki TE - MIA ,0.00,,0.00,121.82,Simi,120.82
2021,14,Simi,7,P. Mahomes QB - KC ,20.32,C. Patterson RB - ATL ,11.90,N. Chubb RB - CLE ,6.50,D. Samuel WR - SF ,11.90,C. Lamb WR - DAL ,7.60,M. Andrews TE - BAL ,17.50,M. Gordon RB - DEN ,23.10,C. Boswell K - PIT ,2.00,Cowboys DEF ,20.00,R. Wilson QB - DEN ,21.20,J. Williams RB - DET ,0.00,D. Schultz TE - DAL ,0.40,H. Renfrow WR - LV ,15.70,R. Stevenson RB - NE ,0.00,D. Smith WR - PHI ,0.00,,0.00,120.82,Marv,121.82
2021,14,Tommy,3,J. Herbert QB - LAC ,24.90,D. Montgomery RB - CHI ,8.10,J. Robinson RB - JAX,0.40,D. Hopkins WR - ARI,5.40,M. Evans WR - TB ,15.10,G. Kittle TE - SF ,21.10,A. Kamara RB - NO ,20.50,R. Gould K - SF ,8.00,Rams DEF ,8.00,M. Ingram RB - NO ,0.00,M. Williams WR - LAC ,6.10,D. Moore WR - CAR ,8.40,D. Mooney WR - CHI ,1.90,J. Jeudy WR - DEN ,4.70,C. Claypool WR - PIT ,9.50,,3.30,111.50,Ritz,111.34
2021,14,Juschka,8,L. Jackson QB - BAL ,1.18,A. Ekeler RB - LAC ,14.40,D. Williams RB - KC ,9.90,S. Diggs WR - BUF ,7.40,D. Johnson WR - PIT ,10.30,Z. Ertz TE - ARI ,4.20,M. Brown WR - ARI ,4.10,M. Crosby K - GB ,9.00,Buccaneers DEF ,5.00,A. Jones RB - GB ,18.50,D. Goedert TE - PHI ,0.00,A. Dillon RB - GB ,7.10,K. Herbert RB - CHI ,0.30,K. Gainwell RB - PHI ,0.00,N. Folk K - NE ,0.00,,-,65.48,Erik,122.88
2021,14,Kessi,6,K. Murray QB - ARI ,17.42,J. Conner RB - ARI ,24.50,D. Foreman RB - CAR ,12.20,C. Kupp WR - LA ,18.30,T. McLaurin WR - WAS ,0.00,N. Fant TE - SEA ,5.10,D. Metcalf WR - SEA ,4.30,J. Tucker K - BAL ,14.00,Cardinals DEF ,2.00,J. Landry WR - CLE ,10.10,D. Waller TE - LV ,0.00,J. McKissic RB - WAS,0.00,S. Michel RB - LA ,7.90,J. Wilson RB - SF ,5.60,D. Harris RB - NE ,0.00,,0.00,97.82,Benni,150.74
2021,15,Benni,2,D. Prescott QB - DAL ,10.58,D. Cook RB - MIN ,9.10,J. Williams RB - DEN ,8.10,D. Adams WR - LV ,10.40,J. Jefferson WR - MIN ,10.70,T. Kelce TE - KC ,31.10,C. Godwin WR - TB,4.90,H. Butker K - KC ,8.00,Dolphins DEF ,9.00,E. Elliott RB - DAL ,13.20,T. Hill QB - NO ,9.46,D. Henderson RB - LA ,2.70,T. Pollard RB - DAL ,8.70,E. Mitchell RB - SF ,0.00,Chiefs DEF ,3.00,,0.00,101.88,Tommy,73.84
2021,15,Erik,1,J. Hurts QB - PHI ,27.64,A. Gibson RB - WAS ,12.50,N. Harris RB - PIT ,2.60,K. Allen WR - LAC ,13.80,B. Aiyuk WR - SF ,3.60,D. Knox TE - BUF ,3.80,T. Higgins WR - CIN ,2.30,M. Prater K - ARI ,6.00,Bills DEF ,7.00,M. Stafford QB - LA ,15.46,D. Freeman RB - BAL ,2.40,C. Edmonds RB - MIA ,5.30,M. Carter RB - NYJ ,2.00,M. Gay K - LA ,10.00,Chargers DEF ,4.00,,0.00,79.24,Marv,98.30
2021,15,Ritz,5,A. Rodgers QB - GB ,23.82,S. Barkley RB - NYG ,5.40,J. Taylor RB - IND ,23.00,A. Cooper WR - CLE ,0.80,T. Hill WR - MIA ,20.80,R. Gronkowski TE - TB ,2.90,J. Jacobs RB - LV ,9.40,T. Bass K - BUF ,7.00,Packers DEF ,0.00,T. Brady QB - TB ,4.76,A. Thielen WR - MIN,0.00,M. Sanders RB - PHI ,14.60,D. Swift RB - DET ,0.00,M. Pittman WR - IND ,0.70,Patriots DEF ,3.00,,-,93.12,Juschka,83.18
2021,15,Marv,4,J. Allen QB - BUF ,20.80,J. Mixon RB - CIN ,6.00,C. Edwards-Helaire RB - KC ,7.00,B. Cooks WR - HOU ,22.20,J. Chase WR - CIN ,0.30,M. Gesicki TE - MIA ,4.30,L. Fournette RB - TB ,6.70,E. McPherson K - CIN ,13.00,Saints DEF ,18.00,K. Cousins QB - MIN ,10.48,O. Beckham WR - LA,0.70,K. Golladay WR - NYG ,5.30,M. Gaskin RB - MIA ,5.40,K. Pitts TE - ATL ,7.70,K. Hunt RB - CLE ,0.00,,6.30,98.30,Erik,79.24
2021,15,Simi,7,P. Mahomes QB - KC ,29.60,C. Patterson RB - ATL ,2.30,N. Chubb RB - CLE ,15.30,D. Samuel WR - SF ,14.90,C. Lamb WR - DAL ,5.00,M. Andrews TE - BAL ,25.60,R. Stevenson RB - NE ,4.00,R. Bullock K - TEN ,7.00,Cowboys DEF ,16.00,R. Wilson QB - DEN ,4.24,M. Gordon RB - DEN ,6.10,J. Williams RB - DET ,0.00,D. Schultz TE - DAL ,12.70,H. Renfrow WR - LV ,3.20,D. Smith WR - PHI ,4.00,,0.00,119.70,Kessi,90.18
2021,15,Tommy,3,J. Herbert QB - LAC ,23.04,A. Kamara RB - NO ,3.10,D. Montgomery RB - CHI ,6.30,M. Evans WR - TB ,1.40,M. Williams WR - LAC ,4.90,G. Kittle TE - SF ,9.30,J. Robinson RB - JAX,14.80,R. Gould K - SF ,7.00,Broncos DEF ,4.00,J. Jones WR - TEN ,0.00,D. Hopkins WR - ARI,0.00,D. Moore WR - CAR ,6.80,D. Mooney WR - CHI ,6.60,J. Jeudy WR - DEN ,0.00,C. Claypool WR - PIT ,1.90,,-,73.84,Benni,101.88
2021,15,Juschka,8,J. Burrow QB - CIN ,12.78,A. Ekeler RB - LAC ,14.20,R. Penny RB - SEA ,4.40,S. Diggs WR - BUF ,9.50,D. Johnson WR - PIT ,4.80,D. Goedert TE - PHI ,13.50,A. Jones RB - GB ,13.00,N. Folk K - NE ,5.00,Buccaneers DEF ,6.00,L. Jackson QB - BAL ,0.00,D. Williams RB - KC ,1.20,M. Brown WR - ARI ,4.30,A. Dillon RB - GB ,9.50,V. Jefferson WR - LA ,3.30,K. Herbert RB - CHI ,3.40,,-,83.18,Ritz,93.12
2021,15,Kessi,6,K. Murray QB - ARI ,12.58,J. Conner RB - ARI ,7.00,D. Foreman RB - CAR ,13.50,C. Kupp WR - LA ,25.70,D. Metcalf WR - SEA ,5.20,N. Fant TE - SEA ,5.70,S. Michel RB - LA ,11.50,J. Tucker K - BAL ,6.00,Cardinals DEF ,3.00,J. Landry WR - CLE ,0.00,D. Waller TE - LV ,0.00,J. McKissic RB - WAS,0.00,J. Wilson RB - SF ,17.90,D. Harris RB - NE ,0.00,T. McLaurin WR - WAS ,5.10,,0.00,90.18,Simi,119.70
2021,16,Benni,2,D. Prescott QB - DAL ,31.30,A. Mattison RB - MIN ,13.00,J. Williams RB - DEN ,8.00,D. Adams WR - LV ,23.40,J. Jefferson WR - MIN ,11.60,J. Cook TE - LAC ,6.40,E. Elliott RB - DAL ,16.20,G. Zuerlein K - NYJ ,8.00,Chiefs DEF ,12.00,Dolphins DEF ,25.00,D. Cook RB - MIN ,0.00,-,-,-,-,-,-,-,-,,-,129.90,Marv,118.46
2021,16,Erik,1,M. Stafford QB - LA ,6.68,R. Jones RB - KC ,14.10,N. Harris RB - PIT ,11.00,K. Allen WR - LAC ,3.50,B. Aiyuk WR - SF ,10.00,D. Knox TE - BUF ,7.10,T. Lockett WR - SEA ,3.00,M. Gay K - LA ,12.00,Chargers DEF ,-3.00,D. Freeman RB - BAL ,8.00,A. Brown WR - PHI ,20.50,T. Higgins WR - CIN ,31.40,J. Hurts QB - PHI ,16.66,A. Gibson RB - WAS ,11.80,M. Carter RB - NYJ ,12.40,,-,64.38,Tommy,61.94
2021,16,Ritz,5,A. Rodgers QB - GB ,19.98,S. Barkley RB - NYG ,2.80,J. Taylor RB - IND ,10.80,T. Hill WR - MIA ,1.90,M. Pittman WR - IND ,8.50,R. Gronkowski TE - TB ,2.30,M. Sanders RB - PHI ,4.80,R. Succop K - TB ,14.00,Patriots DEF ,-1.00,T. Brady QB - TB ,14.38,A. Thielen WR - MIN,4.00,A. Cooper WR - CLE ,14.50,J. Jacobs RB - LV ,10.40,D. Swift RB - DET ,0.00,Packers DEF ,13.00,,-,64.08,Simi,128.02
2021,16,Marv,4,J. Allen QB - BUF ,30.96,J. Mixon RB - CIN ,25.50,C. Edwards-Helaire RB - KC ,9.10,O. Beckham WR - LA,9.70,J. Chase WR - CIN ,12.50,K. Pitts TE - ATL ,10.20,M. Davis RB - ATL ,3.50,E. McPherson K - CIN ,11.00,Saints DEF ,6.00,K. Cousins QB - MIN ,16.30,B. Cooks WR - HOU ,0.00,L. Fournette RB - TB ,0.00,K. Golladay WR - NYG ,2.20,M. Gesicki TE - MIA ,2.20,M. Gaskin RB - MIA ,1.60,,0.00,118.46,Benni,129.90
2021,16,Simi,7,P. Mahomes QB - KC ,22.32,C. Patterson RB - ATL ,7.30,N. Chubb RB - CLE ,24.40,D. Samuel WR - SF ,19.10,C. Lamb WR - DAL ,6.40,M. Andrews TE - BAL ,18.50,M. Gordon RB - DEN ,0.00,R. Bullock K - TEN ,8.00,Cowboys DEF ,22.00,R. Wilson QB - DEN ,16.54,J. Williams RB - DET ,7.70,D. Schultz TE - DAL ,14.20,H. Renfrow WR - LV ,10.00,R. Stevenson RB - NE ,0.00,D. Smith WR - PHI ,14.00,,0.00,128.02,Ritz,64.08
2021,16,Tommy,3,J. Herbert QB - LAC ,16.94,A. Kamara RB - NO ,5.90,D. Montgomery RB - CHI ,16.60,D. Moore WR - CAR ,5.50,D. Mooney WR - CHI ,5.90,G. Kittle TE - SF ,2.10,J. Robinson RB - JAX,1.00,R. Gould K - SF ,5.00,Colts DEF ,3.00,J. Jones WR - TEN ,0.70,D. Hopkins WR - ARI,0.00,M. Evans WR - TB ,0.00,M. Williams WR - LAC ,0.00,J. Jeudy WR - DEN ,6.00,C. Claypool WR - PIT ,4.10,,-,61.94,Erik,64.38
2021,16,Juschka,8,J. Burrow QB - CIN ,38.10,A. Jones RB - GB ,8.70,J. Jackson RB - LAC ,26.20,S. Diggs WR - BUF ,14.50,D. Johnson WR - PIT ,9.10,D. Goedert TE - PHI ,2.80,A. St. Brown WR - DET ,17.00,N. Folk K - NE ,3.00,Buccaneers DEF ,16.00,L. Jackson QB - BAL ,0.00,R. Penny RB - SEA ,19.50,M. Brown WR - ARI ,4.40,D. Singletary RB - BUF ,13.80,V. Jefferson WR - LA ,0.60,A. Ekeler RB - LAC ,0.00,,-,135.40,Kessi,107.80
2021,16,Kessi,6,K. Murray QB - ARI ,21.90,D. Foreman RB - CAR ,7.70,D. Harris RB - NE ,28.30,C. Kupp WR - LA ,11.30,D. Metcalf WR - SEA ,10.10,N. Fant TE - SEA ,3.00,S. Michel RB - LA ,19.50,J. Tucker K - BAL ,3.00,Cardinals DEF ,3.00,J. Landry WR - CLE ,5.50,D. Waller TE - LV ,0.00,J. McKissic RB - WAS,0.00,J. Conner RB - ARI ,0.00,J. Wilson RB - SF ,11.70,T. McLaurin WR - WAS ,4.00,,0.00,107.80,Juschka,135.40
2022,1,Benni,1,P. Mahomes QB - KC,34.9,S. Barkley RB - PHI,27.4,J. Conner RB - ARI,11.5,C. Kupp WR - SEA,18.8,M. Williams WR,1.0,T. Kelce TE - KC,18.1,R. Penny RB,6.7,M. Gay K - WAS,6.7,Colts DEF,6.0,K. Hunt RB - KC,19.0,G. Davis WR - BUF,14.8,J. Waddle WR - MIA,13.7,B. Cooks WR - NO,8.2,D. Pierce RB - HOU,3.9,D. Mooney WR - ATL,0.8,,,131.1,Juschka,94.48
2022,1,Juschka,6,J. Allen QB - BUF,31.48,N. Harris RB - LAC,8.6,J. Jacobs RB - GB,7.3,J. Chase WR - CIN,18.9,M. Evans WR - TB,13.1,M. Gesicki TE - CIN,0.1,D. Montgomery RB - DET,5.0,M. Prater K - BUF,1.0,Rams DEF,9.0,C. Patterson RB,19.6,H. Brown WR - KC,10.3,M. Hardman WR,7.6,D. Johnson WR,5.5,M. Valdes-Scantling WR - SF,4.1,T. Pollard RB - TEN,2.2,,,94.48,Benni,131.1
2022,1,Kessi,4,J. Burrow QB - CIN,18.22,J. Taylor RB - IND,23.5,J. Williams RB - DAL,8.8,K. Allen WR - LAC,6.6,M. Pittman WR - IND,18.1,D. Waller TE - MIA,7.9,A. Jones RB - MIN,7.6,H. Butker K - KC,9.4,Broncos DEF,5.0,A. St. Brown WR - DET,12.4,D. London WR - ATL,7.4,M. Gordon RB,5.2,A. Rodgers QB - PIT,3.7,A. Lazard WR - NYJ,0.0,D. Smith WR - PHI,0.0,,,105.12,Erik,81.1
2022,1,Erik,8,R. Wilson QB - NYG,17.8,C. McCaffrey RB - SF,11.7,C. Akers RB - MIN,0.0,C. Lamb WR - DAL,2.9,D. Moore WR - CHI,5.0,P. Freiermuth TE - PIT,7.5,N. Chubb RB - HOU,14.3,E. McPherson K - CIN,8.9,Buccaneers DEF,13.0,J. Jeudy WR - CLE,16.2,D. Singletary RB - NYG,6.2,C. Godwin WR - TB,3.5,R. Stevenson RB - NE,2.7,A. Robinson WR,1.2,G. Kittle TE - SF,0.0,,,81.1,Kessi,105.12
2022,1,Simi,3,K. Murray QB - ARI,20.62,D. Henry RB - BAL,8.2,D. Swift RB - CHI,23.5,S. Diggs WR - NE,18.2,T. Higgins WR - CIN,2.7,M. Andrews TE - BAL,5.2,E. Mitchell RB - KC,4.1,T. Bass K - BUF,8.1,Bills DEF,17.0,C. Edwards-Helaire RB - KC,19.4,A. Dillon RB - PHI,15.1,C. Sutton WR - DEN,7.2,D. Goedert TE - PHI,6.0,J. Smith-Schuster WR - KC,5.9,T. Lockett WR - TEN,2.8,,,107.62,Marv,122.66
2022,1,Marv,2,J. Herbert QB - LAC,23.26,J. Mixon RB - HOU,14.5,L. Fournette RB,13.7,J. Jefferson WR - MIN,30.4,A. Brown WR - PHI,15.5,T. Hockenson TE - MIN,3.8,C. Edmonds RB - WAS,6.5,W. Lutz K - DEN,11.0,Saints DEF,4.0,T. McLaurin WR - WAS,11.8,D. Harris RB,5.8,D. Prescott QB - DAL,4.46,B. Hall RB - NYJ,4.1,H. Renfrow WR - CAR,2.1,D. Hopkins WR - BAL,0.0,,,122.66,Simi,107.62
2022,1,Ritz,7,L. Jackson QB - BAL,20.22,A. Ekeler RB - WAS,7.2,A. Kamara RB - NO,4.6,D. Adams WR - LAR,20.1,B. Aiyuk WR - SF,4.7,D. Schultz TE - HOU,6.2,E. Elliott RB,4.9,J. Tucker K,6.0,Ravens DEF,11.0,M. Thomas WR,17.7,A. Gibson RB - NE,13.0,M. Carter RB - ARI,10.0,A. Cooper WR,1.7,Packers DEF,1.0,D. Knox TE - BUF,0.5,,,84.92,Tommy,95.52
2022,1,Tommy,5,J. Hurts QB - PHI,24.72,D. Cook RB,10.8,T. Etienne RB - JAX,6.5,T. Hill WR - MIA,10.0,D. Samuel WR - WAS,10.6,K. Pitts TE - ATL,1.9,M. Sanders RB - DAL,16.5,D. Carlson K - LV,9.5,49ers DEF,5.0,C. Olave WR - NO,6.1,C. Claypool WR,5.4,A. Thielen WR - MIN,3.6,D. Metcalf WR - PIT,1.6,R. Woods WR,1.3,J. Dobbins RB - DEN,0.0,,,95.52,Ritz,84.92
2022,2,Benni,6,P. Mahomes QB - KC,17.3,S. Barkley RB - PHI,8.8,R. Penny RB,1.5,C. Kupp WR - SEA,20.8,M. Williams WR,17.3,T. Kelce TE - KC,5.1,J. Conner RB - ARI,5.1,C. York K,6.0,Browns DEF,3.0,J. Waddle WR - MIA,29.1,D. Pierce RB - HOU,7.7,K. Hunt RB - KC,7.4,B. Cooks WR - NO,5.4,G. Davis WR - BUF,0.0,D. Mooney WR - ATL,-0.4,,,84.9,Tommy,127.32
2022,2,Tommy,3,J. Hurts QB - PHI,33.02,D. Cook RB,3.6,J. Robinson RB,13.8,T. Hill WR - MIA,31.0,D. Samuel WR - WAS,9.7,K. Pitts TE - ATL,1.9,M. Sanders RB - DAL,8.6,D. Carlson K - LV,13.7,49ers DEF,12.0,C. Olave WR - NO,6.0,T. Etienne RB - JAX,5.3,A. Thielen WR - MIN,5.2,R. Woods WR,3.9,D. Metcalf WR - PIT,3.5,J. Dobbins RB - DEN,0.0,,,127.32,Benni,84.9
2022,2,Kessi,2,J. Burrow QB - CIN,16.56,J. Taylor RB - IND,6.3,J. Williams RB - DAL,8.5,A. St. Brown WR - DET,30.4,D. London WR - ATL,16.6,D. Waller TE - MIA,11.0,A. Jones RB - MIN,29.0,B. McManus K - GB,12.0,Broncos DEF,7.0,A. Rodgers QB - PIT,16.36,D. Smith WR - PHI,8.0,A. Lazard WR - NYJ,7.3,M. Gordon RB,5.3,K. Allen WR - LAC,0.0,M. Pittman WR - IND,0.0,,,137.36,Marv,69.76
2022,2,Marv,8,J. Herbert QB - LAC,23.46,J. Mixon RB - HOU,8.3,L. Fournette RB,7.4,J. Jefferson WR - MIN,4.8,A. Brown WR - PHI,6.9,T. Hockenson TE - MIN,2.6,T. McLaurin WR - WAS,8.2,W. Lutz K - DEN,4.1,Saints DEF,4.0,D. Harris RB,14.7,B. Hall RB - NYJ,12.0,C. Edmonds RB - WAS,4.1,H. Renfrow WR - CAR,3.9,D. Hopkins WR - BAL,0.0,,,,,69.76,Kessi,137.36
2022,2,Simi,1,K. Murray QB - ARI,25.88,D. Henry RB - BAL,8.5,D. Swift RB - CHI,14.7,S. Diggs WR - NE,32.8,C. Sutton WR - DEN,12.7,M. Andrews TE - BAL,16.7,C. Edwards-Helaire RB - KC,11.8,T. Bass K - BUF,13.6,Bills DEF,20.0,T. Higgins WR - CIN,13.1,T. Lockett WR - TEN,10.7,D. Goedert TE - PHI,8.2,A. Dillon RB - PHI,6.7,J. Smith-Schuster WR - KC,1.0,E. Mitchell RB - KC,0.0,,,156.68,Erik,120.16
2022,2,Erik,4,R. Wilson QB - NYG,11.06,C. McCaffrey RB - SF,12.8,N. Chubb RB - HOU,29.3,C. Lamb WR - DAL,8.1,D. Moore WR - CHI,10.3,Z. Ertz TE - WAS,7.5,J. Jeudy WR - CLE,1.2,E. McPherson K - CIN,13.9,Buccaneers DEF,26.0,A. Robinson WR,11.3,D. Henderson RB,10.7,C. Akers RB - MIN,6.2,D. Singletary RB - NYG,2.1,C. Godwin WR - TB,0.0,G. Kittle TE - SF,0.0,,,120.16,Simi,156.68
2022,2,Ritz,5,L. Jackson QB - BAL,42.62,A. Ekeler RB - WAS,9.4,A. Gibson RB - NE,10.1,D. Adams WR - LAR,7.2,M. Thomas WR,12.5,D. Schultz TE - HOU,-0.2,E. Elliott RB,4.9,J. Tucker K,10.1,Packers DEF,9.0,A. Cooper WR,16.1,Ravens DEF,7.0,B. Aiyuk WR - SF,6.3,M. Carter RB - ARI,5.0,D. Knox TE - BUF,4.1,A. Kamara RB - NO,0.0,,,105.62,Juschka,74.08
2022,2,Juschka,7,J. Allen QB - BUF,29.68,N. Harris RB - LAC,8.9,J. Jacobs RB - GB,8.1,J. Chase WR - CIN,5.8,M. Evans WR - TB,6.1,T. Hill TE - NO,1.4,C. Patterson RB,4.1,M. Prater K - BUF,1.0,Rams DEF,9.0,D. Montgomery RB - DET,13.6,J. Wilson RB - MIA,10.3,D. Johnson WR,7.7,H. Brown WR - KC,6.8,J. Warren RB - PIT,1.5,M. Valdes-Scantling WR - SF,1.3,,,74.08,Ritz,105.62
2022,3,Benni,2,P. Mahomes QB - KC,17.08,D. Pierce RB - HOU,16.1,J. Conner RB - ARI,5.7,C. Kupp WR - SEA,12.4,J. Waddle WR - MIA,11.1,T. Kelce TE - KC,13.9,S. Barkley RB - PHI,18.6,M. Gay K - WAS,9.0,Browns DEF,10.0,M. Williams WR,7.5,R. Penny RB,6.9,K. Hunt RB - KC,6.1,R. Bateman WR - BAL,3.9,G. Davis WR - BUF,3.7,B. Cooks WR - NO,2.2,,,113.88,Ritz,113.92
2022,3,Ritz,1,L. Jackson QB - BAL,39.42,A. Ekeler RB - WAS,5.3,E. Elliott RB,13.5,D. Adams WR - LAR,9.2,A. Cooper WR,16.1,Z. Ertz TE - WAS,4.5,A. Kamara RB - NO,5.3,J. Tucker K,9.6,Ravens DEF,11.0,Packers DEF,11.0,A. Gibson RB - NE,10.0,B. Aiyuk WR - SF,9.9,M. Thomas WR,4.9,M. Carter RB - ARI,4.6,J. Dotson WR - PHI,1.0,,,113.92,Benni,113.88
2022,3,Kessi,7,J. Burrow QB - CIN,23.0,J. Taylor RB - IND,9.1,J. Williams RB - DAL,6.0,A. St. Brown WR - DET,7.3,D. London WR - ATL,11.4,D. Waller TE - MIA,2.2,A. Jones RB - MIN,2.7,B. McManus K - GB,5.5,Broncos DEF,16.0,D. Smith WR - PHI,22.9,A. Rodgers QB - PIT,16.1,M. Gordon RB,11.5,A. Lazard WR - NYJ,10.5,M. Pittman WR - IND,7.2,K. Allen WR - LAC,0.0,,,83.2,Simi,94.76
2022,3,Simi,5,K. Murray QB - ARI,13.36,D. Henry RB - BAL,20.3,D. Swift RB - CHI,4.6,S. Diggs WR - NE,7.4,T. Higgins WR - CIN,9.3,M. Andrews TE - BAL,20.9,C. Edwards-Helaire RB - KC,9.9,T. Bass K - BUF,5.0,Bills DEF,4.0,C. Sutton WR - DEN,9.7,J. Smith-Schuster WR - KC,8.9,D. Goedert TE - PHI,8.6,T. Lockett WR - TEN,7.6,A. Dillon RB - PHI,3.8,E. Mitchell RB - KC,0.0,,,94.76,Kessi,83.2
2022,3,Tommy,3,J. Hurts QB - PHI,27.6,D. Cook RB,13.6,J. Robinson RB,17.6,T. Hill WR - MIA,3.3,D. Samuel WR - WAS,7.9,K. Pitts TE - ATL,8.7,M. Sanders RB - DAL,4.4,D. Carlson K - LV,10.7,49ers DEF,8.0,C. Olave WR - NO,14.7,D. Metcalf WR - PIT,12.4,A. Thielen WR - MIN,12.1,R. Woods WR,8.5,T. Etienne RB - JAX,7.5,J. Dobbins RB - DEN,4.0,,,101.8,Juschka,85.8
2022,3,Juschka,6,J. Allen QB - BUF,26.7,N. Harris RB - LAC,10.1,J. Jacobs RB - GB,9.7,J. Chase WR - CIN,6.7,H. Brown WR - KC,14.0,G. Everett TE,2.5,D. Montgomery RB - DET,1.1,R. Succop K,9.0,Rams DEF,6.0,C. Patterson RB,21.3,J. Wilson RB - MIA,8.6,D. Johnson WR,8.4,G. Wilson WR - NYJ,6.0,M. Valdes-Scantling WR - SF,4.8,M. Evans WR - TB,0.0,,,85.8,Tommy,101.8
2022,3,Erik,4,R. Wilson QB - NYG,9.06,C. McCaffrey RB - SF,11.5,N. Chubb RB - HOU,17.3,C. Kirk WR - HOU,13.2,C. Lamb WR - DAL,14.7,G. Kittle TE - SF,2.8,C. Akers RB - MIN,10.1,E. McPherson K - CIN,10.3,Buccaneers DEF,6.0,D. Singletary RB - NYG,15.1,A. Robinson WR,2.3,D. Henderson RB,1.7,J. Jeudy WR - CLE,1.7,D. Moore WR - CHI,1.5,C. Godwin WR - TB,0.0,,,94.96,Marv,77.28
2022,3,Marv,8,J. Herbert QB - LAC,12.58,J. Mixon RB - HOU,3.8,L. Fournette RB,7.0,J. Jefferson WR - MIN,1.4,A. Brown WR - PHI,14.5,T. Hockenson TE - MIN,7.8,T. McLaurin WR - WAS,10.2,W. Lutz K - DEN,2.0,Eagles DEF,18.0,C. Edmonds RB - WAS,14.7,D. Harris RB,10.6,B. Hall RB - NYJ,9.2,Saints DEF,4.0,D. Hopkins WR - BAL,0.0,H. Renfrow WR - CAR,0.0,,,77.28,Erik,94.96
2022,4,Benni,3,P. Mahomes QB - KC,23.36,S. Barkley RB - PHI,16.2,J. Conner RB - ARI,7.7,C. Kupp WR - SEA,12.2,J. Waddle WR - MIA,3.9,T. Kelce TE - KC,15.2,D. Pierce RB - HOU,19.9,M. Gay K - WAS,9.9,Cowboys DEF,10.0,R. Penny RB,27.7,M. Williams WR,12.0,K. Hunt RB - KC,6.8,R. Bateman WR - BAL,1.7,G. Davis WR - BUF,1.3,T. Pollard RB - TEN,0.8,,,118.36,Simi,119.18
2022,4,Simi,2,K. Murray QB - ARI,22.88,D. Henry RB - BAL,20.7,A. Dillon RB - PHI,8.4,S. Diggs WR - NE,6.2,T. Higgins WR - CIN,18.4,M. Andrews TE - BAL,1.5,C. Edwards-Helaire RB - KC,21.4,T. Bass K - BUF,12.7,Bills DEF,7.0,C. Sutton WR - DEN,11.2,D. Goedert TE - PHI,7.2,T. Lockett WR - TEN,7.1,J. Smith-Schuster WR - KC,4.6,D. Swift RB - CHI,0.0,E. Mitchell RB - KC,0.0,,,119.18,Benni,118.36
2022,4,Kessi,8,J. Burrow QB - CIN,20.08,J. Taylor RB - IND,2.3,J. Williams RB - DAL,2.7,M. Pittman WR - IND,3.1,D. London WR - ATL,1.7,D. Waller TE - MIA,2.4,A. Jones RB - MIN,11.5,B. McManus K - GB,5.0,Broncos DEF,2.0,A. Rodgers QB - PIT,16.14,A. Lazard WR - NYJ,11.6,D. Smith WR - PHI,1.7,K. Allen WR - LAC,0.0,A. St. Brown WR - DET,0.0,M. Gordon RB,-1.2,,,50.78,Ritz,100.56
2022,4,Ritz,7,L. Jackson QB - BAL,13.06,A. Ekeler RB - WAS,28.9,E. Elliott RB,8.1,D. Adams WR - LAR,10.5,A. Cooper WR,0.9,Z. Ertz TE - WAS,10.7,K. Herbert RB - NYJ,10.1,J. Tucker K,11.3,Packers DEF,7.0,T. Hockenson TE - MIN,31.9,A. Gibson RB - NE,6.3,Ravens DEF,5.0,B. Aiyuk WR - SF,3.7,M. Thomas WR,0.0,A. Kamara RB - NO,0.0,,,100.56,Kessi,50.78
2022,4,Tommy,5,J. Hurts QB - PHI,15.96,J. Robinson RB,2.9,M. Sanders RB - DAL,27.6,T. Hill WR - MIA,15.9,D. Samuel WR - WAS,17.7,K. Pitts TE - ATL,2.5,D. Cook RB,8.6,D. Carlson K - LV,14.9,Chargers DEF,8.0,J. Dobbins RB - DEN,18.3,D. Metcalf WR - PIT,14.9,C. Olave WR - NO,12.7,R. Woods WR,9.0,A. Thielen WR - MIN,7.2,T. Etienne RB - JAX,3.2,,,114.06,Erik,125.98
2022,4,Erik,1,R. Wilson QB - NYG,26.48,J. Williams RB,22.9,N. Chubb RB - HOU,18.7,C. Kirk WR - HOU,6.3,C. Lamb WR - DAL,15.7,G. Kittle TE - SF,2.4,C. McCaffrey RB - SF,16.8,E. McPherson K - CIN,11.7,Steelers DEF,5.0,R. Stevenson RB - NE,8.9,D. Singletary RB - NYG,7.6,D. Moore WR - CHI,6.1,C. Godwin WR - TB,5.9,C. Akers RB - MIN,1.3,Buccaneers DEF,1.0,,,125.98,Tommy,114.06
2022,4,Juschka,4,J. Allen QB - BUF,23.52,N. Harris RB - LAC,7.4,C. Patterson RB,9.8,J. Chase WR - CIN,8.1,M. Evans WR - TB,22.3,T. Conklin TE - LAC,5.2,J. Jacobs RB - GB,29.5,R. Succop K,8.5,Rams DEF,1.0,H. Brown WR - KC,14.8,J. Wilson RB - MIA,13.4,R. Doubs WR - GB,8.7,G. Wilson WR - NYJ,4.1,D. Johnson WR,2.2,D. Montgomery RB - DET,0.0,,,115.32,Marv,113.0
2022,4,Marv,6,J. Herbert QB - LAC,21.1,J. Mixon RB - HOU,13.4,L. Fournette RB,11.4,J. Jefferson WR - MIN,21.0,A. Brown WR - PHI,9.5,G. Everett TE,12.1,T. McLaurin WR - WAS,1.5,W. Lutz K - DEN,8.0,Eagles DEF,15.0,D. Harris RB,14.4,B. Hall RB - NYJ,13.8,C. Edmonds RB - WAS,8.0,Saints DEF,4.0,D. Hopkins WR - BAL,0.0,H. Renfrow WR - CAR,0.0,,,113.0,Juschka,115.32
2022,5,Benni,1,P. Mahomes QB - KC,30.48,S. Barkley RB - PHI,16.6,D. Pierce RB - HOU,17.3,C. Kupp WR - SEA,18.9,M. Williams WR,13.4,T. Kelce TE - KC,26.5,J. Conner RB - ARI,6.3,G. Joseph K,3.0,49ers DEF,15.0,G. Davis WR - BUF,29.1,T. Pollard RB - TEN,14.6,K. Hunt RB - KC,11.7,R. Penny RB,5.4,J. Jeudy WR - CLE,5.3,J. Waddle WR - MIA,2.3,B. Cooks WR - NO,2.0,147.48,Marv,85.64
2022,5,Marv,7,J. Herbert QB - LAC,14.42,J. Mixon RB - HOU,8.8,L. Fournette RB,25.9,J. Jefferson WR - MIN,18.32,A. Brown WR - PHI,3.2,G. Everett TE,0.2,D. Harris RB,1.2,W. Lutz K - DEN,9.6,Eagles DEF,4.0,B. Hall RB - NYJ,25.7,T. McLaurin WR - WAS,7.6,H. Renfrow WR - CAR,2.5,C. Edmonds RB - WAS,0.1,D. Hopkins WR - BAL,0.0,L. Murray RB,0.0,,,85.64,Benni,147.48
2022,5,Kessi,8,J. Burrow QB - CIN,17.28,M. Gordon RB,10.3,A. Jones RB - MIN,8.0,M. Pittman WR - IND,5.9,D. London WR - ATL,3.5,D. Waller TE - MIA,0.0,A. St. Brown WR - DET,1.8,B. McManus K - GB,12.2,Broncos DEF,14.0,A. Rodgers QB - PIT,16.88,A. Lazard WR - NYJ,9.5,D. Smith WR - PHI,8.7,B. Robinson RB - SF,2.2,K. Allen WR - LAC,0.0,J. Taylor RB - IND,0.0,,,72.98,Tommy,102.86
2022,5,Tommy,4,J. Hurts QB - PHI,27.66,J. Robinson RB,3.9,M. Sanders RB - DAL,6.4,T. Hill WR - MIA,6.0,D. Samuel WR - WAS,9.2,T. Higbee TE - LAR,4.6,D. Cook RB,24.1,D. Carlson K - LV,17.0,Vikings DEF,4.0,D. Metcalf WR - PIT,12.8,T. Etienne RB - JAX,11.4,C. Olave WR - NO,11.4,J. Dobbins RB - DEN,4.4,A. Thielen WR - MIN,2.7,K. Pitts TE - ATL,0.0,,,102.86,Kessi,72.98
2022,5,Simi,5,K. Murray QB - ARI,16.2,D. Henry RB - BAL,25.2,C. Edwards-Helaire RB - KC,3.5,S. Diggs WR - NE,16.2,T. Higgins WR - CIN,0.0,M. Andrews TE - BAL,14.9,A. Dillon RB - PHI,3.4,T. Bass K - BUF,8.5,Bills DEF,14.0,T. Lockett WR - TEN,22.4,D. Goedert TE - PHI,9.5,C. Sutton WR - DEN,7.4,A. Mattison RB - MIA,4.0,J. Smith-Schuster WR - KC,3.3,N. Hines RB,0.8,D. Swift RB - CHI,0.0,101.9,Juschka,109.76
2022,5,Juschka,3,J. Allen QB - BUF,35.16,N. Harris RB - LAC,3.6,J. Wilson RB - MIA,19.2,J. Chase WR - CIN,5.0,M. Evans WR - TB,8.1,T. Conklin TE - LAC,0.0,J. Jacobs RB - GB,25.3,R. Succop K,8.4,Jaguars DEF,5.0,D. Montgomery RB - DET,14.2,H. Brown WR - KC,13.8,M. Boone RB,8.5,D. Johnson WR,6.0,R. Doubs WR - GB,2.9,G. Wilson WR - NYJ,2.7,C. Patterson RB,0.0,109.76,Simi,101.9
2022,5,Ritz,2,L. Jackson QB - BAL,14.76,A. Ekeler RB - WAS,31.9,A. Kamara RB - NO,17.4,D. Adams WR - LAR,24.4,A. Cooper WR,13.6,Z. Ertz TE - WAS,4.8,K. Herbert RB - NYJ,1.1,J. Tucker K,17.8,Packers DEF,3.0,E. Elliott RB,7.8,Ravens DEF,6.0,T. Allgeier RB - ATL,4.5,A. Gibson RB - NE,3.9,T. Hockenson TE - MIN,0.6,M. Thomas WR,0.0,,,128.76,Erik,88.24
2022,5,Erik,6,T. Brady QB,19.74,J. Williams RB,5.6,N. Chubb RB - HOU,25.4,C. Kirk WR - HOU,1.1,C. Lamb WR - DAL,5.3,G. Kittle TE - SF,2.7,C. McCaffrey RB - SF,16.4,E. McPherson K - CIN,6.0,Buccaneers DEF,6.0,R. Mostert RB - LV,18.2,R. Stevenson RB - NE,17.5,D. Moore WR - CHI,6.7,C. Godwin WR - TB,6.3,D. Singletary RB - NYG,4.6,C. Akers RB - MIN,3.3,,,88.24,Ritz,128.76
2022,6,Benni,8,P. Mahomes QB - KC,19.62,J. Mixon RB - HOU,12.8,S. Barkley RB - PHI,15.5,C. Kupp WR - SEA,9.7,M. Williams WR,1.7,T. Kelce TE - KC,11.2,E. Benjamin RB,6.5,M. Gay K - WAS,6.0,49ers DEF,2.0,G. Davis WR - BUF,13.4,T. Pollard RB - TEN,5.2,R. White RB - TB,2.3,B. Cooks WR - NO,0.0,J. Conner RB - ARI,0.0,D. Pierce RB - HOU,0.0,,,85.02,Erik,97.52
2022,6,Erik,2,T. Brady QB,13.72,R. Stevenson RB - NE,21.1,N. Chubb RB - HOU,7.0,A. Brown WR - PHI,12.7,C. Lamb WR - DAL,7.7,G. Kittle TE - SF,8.3,C. McCaffrey RB - SF,15.8,E. McPherson K - CIN,8.2,Buccaneers DEF,3.0,D. Henderson RB,11.2,D. Singletary RB - NYG,10.7,C. Godwin WR - TB,9.5,D. Moore WR - CHI,0.7,C. Samuel WR - BUF,0.6,J. Williams RB,0.0,C. Akers RB - MIN,0.0,97.52,Benni,85.02
2022,6,Kessi,5,J. Burrow QB - CIN,32.5,B. Robinson RB - SF,12.0,A. Jones RB - MIN,4.4,M. Pittman WR - IND,13.4,D. Smith WR - PHI,10.4,T. Higbee TE - LAR,0.7,M. Gordon RB,0.8,B. McManus K - GB,13.9,Broncos DEF,5.0,A. Lazard WR - NYJ,13.6,D. London WR - ATL,4.0,K. Allen WR - LAC,0.0,D. Waller TE - MIA,0.0,J. Taylor RB - IND,0.0,A. St. Brown WR - DET,0.0,,,93.1,Juschka,86.56
2022,6,Juschka,7,J. Allen QB - BUF,26.36,D. Montgomery RB - DET,8.0,J. Wilson RB - MIA,0.5,J. Chase WR - CIN,25.2,M. Evans WR - TB,4.2,H. Hurst TE,2.1,H. Brown WR - KC,6.8,R. Succop K,14.4,Jaguars DEF,-1.0,G. Smith QB - LV,12.68,N. Harris RB - LAC,10.9,D. Johnson WR,3.6,R. Doubs WR - GB,2.1,M. Boone RB,0.4,C. Patterson RB,0.0,J. Jacobs RB - GB,0.0,86.56,Kessi,93.1
2022,6,Simi,3,K. Murray QB - ARI,14.88,K. Walker RB - SEA,17.0,C. Edwards-Helaire RB - KC,3.3,S. Diggs WR - NE,20.8,C. Sutton WR - DEN,1.4,M. Andrews TE - BAL,16.6,A. Dillon RB - PHI,5.2,T. Bass K - BUF,6.9,Rams DEF,11.0,Bills DEF,8.0,T. Higgins WR - CIN,4.7,D. Goedert TE - PHI,2.2,T. Lockett WR - TEN,1.7,D. Henry RB - BAL,0.0,D. Carlson K - LV,0.0,D. Swift RB - CHI,0.0,97.08,Tommy,88.8
2022,6,Tommy,6,J. Hurts QB - PHI,16.9,D. Cook RB,14.3,M. Sanders RB - DAL,13.2,T. Hill WR - MIA,17.7,D. Samuel WR - WAS,9.0,K. Pitts TE - ATL,7.9,D. Metcalf WR - PIT,3.4,G. Gano K - NYG,6.4,Browns DEF,0.0,A. Thielen WR - MIN,11.6,T. Etienne RB - JAX,10.8,J. Robinson RB,5.5,J. Dobbins RB - DEN,1.5,C. Olave WR - NO,0.0,,,,,88.8,Simi,97.08
2022,6,Ritz,1,L. Jackson QB - BAL,16.1,A. Ekeler RB - WAS,14.3,A. Kamara RB - NO,12.4,B. Aiyuk WR - SF,20.3,A. Cooper WR,10.4,Z. Ertz TE - WAS,7.0,E. Elliott RB,14.6,J. Tucker K,8.4,Packers DEF,2.0,Ravens DEF,6.0,A. Gibson RB - NE,5.3,T. Allgeier RB - ATL,5.1,T. Hill TE - NO,4.54,D. Adams WR - LAR,0.0,M. Thomas WR,0.0,,,105.5,Marv,94.22
2022,6,Marv,4,J. Herbert QB - LAC,8.42,R. Mostert RB - LV,4.8,L. Fournette RB,16.1,J. Jefferson WR - MIN,10.7,J. Waddle WR - MIA,10.9,G. Everett TE,2.9,B. Hall RB - NYJ,18.1,W. Lutz K - DEN,15.3,Eagles DEF,7.0,C. Kirk WR - HOU,6.8,T. McLaurin WR - WAS,5.2,C. Edmonds RB - WAS,3.1,K. Hunt RB - KC,1.2,D. Hopkins WR - BAL,0.0,D. Harris RB,0.0,,,94.22,Ritz,105.5
2022,7,Benni,1,P. Mahomes QB - KC,26.92,J. Mixon RB - HOU,15.1,S. Barkley RB - PHI,13.5,B. Cooks WR - NO,4.6,M. Williams WR,14.6,T. Kelce TE - KC,9.8,D. Pierce RB - HOU,11.7,H. Butker K - KC,6.0,Cowboys DEF,22.0,E. Benjamin RB,19.3,D. Foreman RB,14.5,T. Pollard RB - TEN,10.9,I. Pacheco RB - KC,4.3,C. Kupp WR - SEA,0.0,J. Conner RB - ARI,0.0,G. Davis WR - BUF,0.0,124.22,Kessi,94.84
2022,7,Kessi,5,J. Burrow QB - CIN,39.24,B. Robinson RB - SF,8.6,J. Taylor RB - IND,8.5,A. St. Brown WR - DET,0.4,M. Pittman WR - IND,3.8,G. Everett TE,6.3,A. Jones RB - MIN,19.6,B. McManus K - GB,4.4,Broncos DEF,4.0,A. Lazard WR - NYJ,5.5,K. Allen WR - LAC,1.1,D. London WR - ATL,0.9,K. Drake RB,0.5,D. Waller TE - MIA,0.0,D. Smith WR - PHI,0.0,,,94.84,Benni,124.22
2022,7,Simi,4,K. Murray QB - ARI,17.16,D. Henry RB - BAL,13.8,K. Walker RB - SEA,28.7,T. Higgins WR - CIN,9.3,T. Lockett WR - TEN,4.5,M. Andrews TE - BAL,0.4,C. Edwards-Helaire RB - KC,9.2,D. Carlson K - LV,10.0,Raiders DEF,10.0,C. Sutton WR - DEN,2.3,A. Dillon RB - PHI,1.5,S. Diggs WR - NE,0.0,D. Goedert TE - PHI,0.0,D. Swift RB - CHI,0.0,E. Mitchell RB - KC,0.0,Bills DEF,0.0,103.06,Ritz,108.5
2022,7,Ritz,3,L. Jackson QB - BAL,10.7,E. Elliott RB,17.7,A. Kamara RB - NO,10.5,B. Aiyuk WR - SF,8.2,D. Adams WR - LAR,9.5,Z. Ertz TE - WAS,4.1,A. Ekeler RB - WAS,24.7,J. Tucker K,14.1,Packers DEF,9.0,J. Smith-Schuster WR - KC,18.4,A. Rodgers QB - PIT,15.76,A. Gibson RB - NE,13.7,Ravens DEF,10.0,A. Cooper WR,7.4,M. Thomas WR,0.0,,,108.5,Simi,103.06
2022,7,Tommy,8,D. Prescott QB - DAL,12.28,T. Etienne RB - JAX,17.9,T. Allgeier RB - ATL,11.0,T. Hill WR - MIA,7.2,D. Samuel WR - WAS,4.4,K. Pitts TE - ATL,0.9,D. Metcalf WR - PIT,1.2,B. Maher K,6.0,Dolphins DEF,12.0,C. Olave WR - NO,10.6,A. Thielen WR - MIN,0.0,D. Cook RB,0.0,M. Sanders RB - DAL,0.0,J. Dobbins RB - DEN,0.0,J. Hurts QB - PHI,0.0,J. Robinson RB,0.0,72.88,Marv,92.52
2022,7,Marv,6,J. Herbert QB - LAC,17.12,R. Mostert RB - LV,16.9,L. Fournette RB,2.6,D. Hopkins WR - BAL,10.3,J. Waddle WR - MIA,8.8,D. Njoku TE - CLE,7.1,B. Hall RB - NYJ,13.2,W. Lutz K - DEN,11.5,Patriots DEF,5.0,T. McLaurin WR - WAS,13.3,C. Kirk WR - HOU,10.1,K. Hunt RB - KC,6.8,D. Harris RB,1.0,J. Jefferson WR - MIN,0.0,Eagles DEF,0.0,,,92.52,Tommy,72.88
2022,7,Erik,7,T. Brady QB,11.7,C. McCaffrey RB - SF,6.2,N. Chubb RB - HOU,16.7,C. Godwin WR - TB,4.5,C. Lamb WR - DAL,6.6,G. Kittle TE - SF,15.8,R. Stevenson RB - NE,15.8,E. McPherson K - CIN,5.0,Buccaneers DEF,1.0,D. Moore WR - CHI,12.6,J. Williams RB,6.3,A. Brown WR - PHI,0.0,D. Henderson RB,0.0,D. Singletary RB - NYG,0.0,C. Akers RB - MIN,0.0,,,83.3,Juschka,116.2
2022,7,Juschka,2,G. Smith QB - LV,13.1,J. Jacobs RB - GB,33.5,N. Harris RB - LAC,8.0,J. Chase WR - CIN,25.0,M. Evans WR - TB,9.6,H. Hurst TE,4.8,D. Montgomery RB - DET,12.2,R. Succop K,3.0,Jets DEF,7.0,J. Wilson RB - MIA,5.4,W. Robinson WR - NYG,5.0,D. Johnson WR,4.5,M. Boone RB,2.3,C. Patterson RB,0.0,J. Allen QB - BUF,0.0,R. Doubs WR - GB,0.0,116.2,Erik,83.3
2022,8,Benni,6,D. Jones QB - IND,9.04,D. Pierce RB - HOU,11.1,S. Barkley RB - PHI,12.2,C. Kupp WR - SEA,14.9,G. Davis WR - BUF,3.5,T. Hill TE - NO,7.28,J. Mixon RB - HOU,5.9,T. Bass K - BUF,11.0,Cowboys DEF,11.0,T. Pollard RB - TEN,32.7,D. Foreman RB,31.8,T. Kelce TE - KC,0.0,P. Mahomes QB - KC,0.0,M. Williams WR,0.0,J. Conner RB - ARI,0.0,,,85.92,Juschka,70.58
2022,8,Juschka,7,J. Allen QB - BUF,17.62,J. Jacobs RB - GB,5.4,N. Harris RB - LAC,5.96,W. Robinson WR - NYG,1.5,M. Evans WR - TB,12.3,H. Hurst TE,4.2,D. Montgomery RB - DET,5.5,R. Succop K,10.1,Jets DEF,8.0,R. Doubs WR - GB,12.2,G. Edwards RB,6.5,D. Johnson WR,3.5,M. Goodwin WR,3.3,C. Patterson RB,0.0,J. Chase WR - CIN,0.0,,,70.58,Benni,85.92
2022,8,Kessi,8,J. Burrow QB - CIN,13.48,B. Robinson RB - SF,2.0,J. Taylor RB - IND,5.6,A. St. Brown WR - DET,6.9,M. Pittman WR - IND,5.3,D. Waller TE - MIA,0.0,A. Jones RB - MIN,15.7,B. McManus K - GB,3.0,Broncos DEF,7.0,K. Drake RB,12.7,D. London WR - ATL,3.1,D. Smith WR - PHI,2.3,K. Allen WR - LAC,0.0,G. Everett TE,0.0,A. Lazard WR - NYJ,0.0,,,58.98,Erik,178.04
2022,8,Erik,1,T. Tagovailoa QB - MIA,29.18,R. Stevenson RB - NE,14.3,C. McCaffrey RB - SF,32.26,A. Brown WR - PHI,33.6,C. Lamb WR - DAL,13.8,G. Kittle TE - SF,9.9,N. Chubb RB - HOU,24.4,J. Myers K - SEA,11.6,Patriots DEF,9.0,D. Moore WR - CHI,21.5,J. Williams RB,19.6,D. Singletary RB - NYG,8.3,C. Godwin WR - TB,7.5,D. Henderson RB,3.0,K. Toney WR,0.0,,,178.04,Kessi,58.98
2022,8,Simi,4,K. Murray QB - ARI,24.64,D. Henry RB - BAL,34.8,K. Walker RB - SEA,11.2,S. Diggs WR - NE,16.8,T. Higgins WR - CIN,10.9,M. Andrews TE - BAL,3.3,D. Swift RB - CHI,9.3,D. Carlson K - LV,0.0,Bills DEF,5.0,T. Lockett WR - TEN,10.3,D. Goedert TE - PHI,6.4,A. Dillon RB - PHI,6.3,C. Sutton WR - DEN,1.3,M. Hardman WR,0.0,C. Edwards-Helaire RB - KC,0.0,,,115.94,Marv,119.78
2022,8,Marv,3,K. Cousins QB - ATL,23.48,R. Mostert RB - LV,6.7,L. Fournette RB,11.8,D. Hopkins WR - BAL,21.9,J. Waddle WR - MIA,22.6,I. Smith TE,2.8,J. Jefferson WR - MIN,9.8,W. Lutz K - DEN,6.7,Eagles DEF,14.0,T. McLaurin WR - WAS,10.6,K. Hunt RB - KC,7.2,D. Harris RB,5.2,C. Kirk WR - HOU,4.0,J. Herbert QB - LAC,0.0,,,,,119.78,Simi,115.94
2022,8,Ritz,5,L. Jackson QB - BAL,21.82,E. Benjamin RB,4.5,A. Kamara RB - NO,33.8,B. Aiyuk WR - SF,14.1,D. Adams WR - LAR,0.2,Z. Ertz TE - WAS,9.4,A. Cooper WR,17.1,J. Tucker K,9.0,49ers DEF,3.0,A. Rodgers QB - PIT,15.22,M. Carter RB - ARI,6.1,E. Elliott RB,0.0,M. Thomas WR,0.0,J. Smith-Schuster WR - KC,0.0,A. Ekeler RB - WAS,0.0,,,112.92,Tommy,140.8
2022,8,Tommy,2,J. Hurts QB - PHI,28.4,T. Etienne RB - JAX,22.2,D. Cook RB,20.1,T. Hill WR - MIA,19.5,C. Olave WR - NO,5.2,K. Pitts TE - ATL,14.0,M. Sanders RB - DAL,13.8,G. Gano K - NYG,8.6,Titans DEF,9.0,T. Allgeier RB - ATL,14.5,D. Metcalf WR - PIT,11.5,A. Thielen WR - MIN,6.7,J. Robinson RB,1.7,D. Samuel WR - WAS,0.0,J. Dobbins RB - DEN,0.0,,,140.8,Ritz,112.92
2022,9,Benni,1,P. Mahomes QB - KC,34.14,D. Pierce RB - HOU,13.9,J. Mixon RB - HOU,51.1,C. Kupp WR - SEA,18.8,G. Davis WR - BUF,3.3,T. Kelce TE - KC,10.6,D. Foreman RB,2.1,T. Bass K - BUF,7.1,Bengals DEF,6.0,J. Conner RB - ARI,6.4,D. Duvernay WR - CHI,0.5,M. Williams WR,0.0,S. Barkley RB - PHI,0.0,T. Pollard RB - TEN,0.0,Cowboys DEF,0.0,,,147.04,Tommy,117.22
2022,9,Tommy,2,J. Hurts QB - PHI,20.02,T. Etienne RB - JAX,24.6,D. Cook RB,11.6,T. Hill WR - MIA,20.3,D. Metcalf WR - PIT,9.7,K. Pitts TE - ATL,2.7,M. Sanders RB - DAL,15.3,H. Butker K - KC,6.0,Dolphins DEF,7.0,T. Allgeier RB - ATL,12.3,J. Robinson RB,11.3,C. Olave WR - NO,7.1,A. Thielen WR - MIN,6.7,D. Samuel WR - WAS,0.0,J. Dobbins RB - DEN,0.0,,,117.22,Benni,147.04
2022,9,Kessi,7,J. Burrow QB - CIN,19.14,A. Jones RB - MIN,4.5,K. Drake RB,22.9,A. St. Brown WR - DET,5.5,M. Pittman WR - IND,2.2,G. Everett TE,3.6,A. Lazard WR - NYJ,14.7,E. McPherson K - CIN,6.0,Buccaneers DEF,8.0,B. Robinson RB - SF,3.8,D. Smith WR - PHI,2.2,D. London WR - ATL,0.3,K. Allen WR - LAC,0.0,D. Waller TE - MIA,0.0,J. Taylor RB - IND,0.0,,,86.54,Marv,86.42
2022,9,Marv,8,J. Herbert QB - LAC,12.1,R. Mostert RB - LV,8.6,L. Fournette RB,6.0,D. Hopkins WR - BAL,9.6,J. Waddle WR - MIA,14.5,T. Hill TE - NO,1.12,J. Jefferson WR - MIN,18.5,W. Lutz K - DEN,8.0,Eagles DEF,8.0,K. Cousins QB - ATL,16.4,C. Kirk WR - HOU,13.6,T. Hockenson TE - MIN,7.0,T. McLaurin WR - WAS,5.6,K. Hunt RB - KC,0.0,D. Harris RB,0.0,,,86.42,Kessi,86.54
2022,9,Simi,5,K. Murray QB - ARI,19.0,D. Henry RB - BAL,23.5,K. Walker RB - SEA,24.9,S. Diggs WR - NE,9.3,T. Higgins WR - CIN,6.0,D. Knox TE - BUF,2.5,D. Swift RB - CHI,5.0,D. Carlson K - LV,9.6,Bills DEF,5.0,D. Goedert TE - PHI,16.0,T. Lockett WR - TEN,12.7,A. Dillon RB - PHI,4.4,C. Edwards-Helaire RB - KC,1.9,M. Andrews TE - BAL,0.0,C. Sutton WR - DEN,0.0,,,104.8,Erik,106.38
2022,9,Erik,4,T. Tagovailoa QB - MIA,24.08,R. Stevenson RB - NE,13.0,J. Williams RB,10.1,A. Brown WR - PHI,11.9,D. Moore WR - CHI,2.4,I. Likely TE - BAL,8.4,D. Jackson RB,3.6,J. Myers K - SEA,8.9,Patriots DEF,24.0,D. Singletary RB - NYG,4.8,C. Godwin WR - TB,3.7,C. McCaffrey RB - SF,0.0,G. Kittle TE - SF,0.0,N. Chubb RB - HOU,0.0,C. Lamb WR - DAL,0.0,,,106.38,Simi,104.8
2022,9,Ritz,3,L. Jackson QB - BAL,17.52,A. Ekeler RB - WAS,17.1,A. Kamara RB - NO,6.2,T. Boyd WR,4.4,D. Adams WR - LAR,26.6,Z. Ertz TE - WAS,10.0,J. Smith-Schuster WR - KC,8.8,J. Tucker K,10.3,Vikings DEF,6.0,A. Rodgers QB - PIT,13.64,A. Gibson RB - NE,4.7,A. Cooper WR,0.0,E. Elliott RB,0.0,B. Aiyuk WR - SF,0.0,49ers DEF,0.0,,,106.92,Juschka,87.3
2022,9,Juschka,6,J. Allen QB - BUF,24.8,J. Jacobs RB - GB,8.7,D. Montgomery RB - DET,4.4,R. Doubs WR - GB,1.8,M. Evans WR - TB,4.0,H. Hurst TE,3.5,C. Patterson RB,17.3,R. Succop K,12.8,Jets DEF,10.0,J. Wilson RB - MIA,13.2,G. Edwards RB,0.0,D. Johnson WR,0.0,N. Harris RB - LAC,0.0,J. Chase WR - CIN,0.0,W. Robinson WR - NYG,0.0,,,87.3,Ritz,106.92
2022,10,Benni,1,P. Mahomes QB - KC,31.14,D. Foreman RB,19.0,S. Barkley RB - PHI,22.0,C. Kupp WR - SEA,-0.1,G. Davis WR - BUF,15.3,T. Kelce TE - KC,14.1,D. Pierce RB - HOU,10.2,T. Bass K - BUF,13.9,Cowboys DEF,5.0,J. Fields QB - NYJ,39.38,J. Conner RB - ARI,20.6,T. Pollard RB - TEN,18.8,J. Palmer WR - BUF,4.4,J. Mixon RB - HOU,0.0,M. Williams WR,0.0,,,130.54,Ritz,69.12
2022,10,Ritz,7,T. Brady QB,16.02,A. Ekeler RB - WAS,6.3,A. Kamara RB - NO,4.5,J. Smith-Schuster WR - KC,3.3,D. Adams WR - LAR,18.6,Z. Ertz TE - WAS,1.2,A. Cooper WR,3.2,R. Gould K,10.0,49ers DEF,6.0,A. Gibson RB - NE,11.8,B. Aiyuk WR - SF,6.4,J. Tucker K,0.0,E. Elliott RB,0.0,T. Boyd WR,0.0,L. Jackson QB - BAL,0.0,,,69.12,Benni,130.54
2022,10,Kessi,3,D. Carr QB,17.92,A. Jones RB - MIN,21.6,J. Taylor RB - IND,22.3,D. Smith WR - PHI,7.9,M. Pittman WR - IND,5.3,T. Higbee TE - LAR,7.3,A. Lazard WR - NYJ,4.5,B. McManus K - GB,4.9,Buccaneers DEF,6.0,B. Robinson RB - SF,14.6,A. St. Brown WR - DET,12.1,D. London WR - ATL,9.8,K. Allen WR - LAC,0.0,K. Drake RB,0.0,J. Burrow QB - CIN,0.0,,,97.72,Simi,79.6
2022,10,Simi,6,D. Prescott QB - DAL,19.2,D. Henry RB - BAL,6.7,K. Walker RB - SEA,7.2,S. Diggs WR - NE,12.8,T. Lockett WR - TEN,10.2,D. Goedert TE - PHI,6.3,D. Swift RB - CHI,7.2,D. Carlson K - LV,2.0,Bills DEF,8.0,C. Sutton WR - DEN,6.6,A. Dillon RB - PHI,6.5,M. Andrews TE - BAL,0.0,K. Murray QB - ARI,0.0,T. Higgins WR - CIN,0.0,C. Edwards-Helaire RB - KC,0.0,M. Carter RB - ARI,0.0,79.6,Kessi,97.72
2022,10,Tommy,5,J. Hurts QB - PHI,21.8,T. Etienne RB - JAX,7.3,D. Cook RB,20.6,T. Hill WR - MIA,10.4,D. Metcalf WR - PIT,7.1,K. Pitts TE - ATL,2.8,M. Sanders RB - DAL,5.4,H. Butker K - KC,3.0,Titans DEF,12.0,D. Samuel WR - WAS,5.1,A. Thielen WR - MIN,4.9,C. Olave WR - NO,4.0,T. Allgeier RB - ATL,0.3,J. Jeudy WR - CLE,0.0,J. Robinson RB,0.0,,,90.4,Juschka,59.6
2022,10,Juschka,8,J. Allen QB - BUF,19.6,C. Patterson RB,2.0,D. Montgomery RB - DET,4.4,W. Robinson WR - NYG,1.5,M. Evans WR - TB,5.4,M. Gesicki TE - CIN,3.1,J. Jacobs RB - GB,16.6,R. Succop K,3.0,Seahawks DEF,4.0,J. Wilson RB - MIA,20.3,N. Harris RB - LAC,9.9,D. Johnson WR,6.3,G. Edwards RB,0.0,J. Chase WR - CIN,0.0,R. Doubs WR - GB,0.0,,,59.6,Tommy,90.4
2022,10,Erik,2,T. Tagovailoa QB - MIA,23.4,N. Chubb RB - HOU,12.1,C. McCaffrey RB - SF,13.7,C. Godwin WR - TB,13.1,C. Lamb WR - DAL,27.0,G. Kittle TE - SF,2.1,A. Brown WR - PHI,0.7,J. Myers K - SEA,6.5,Broncos DEF,4.0,D. Singletary RB - NYG,14.7,J. Williams RB,11.9,D. Moore WR - CHI,2.9,J. Dobbins RB - DEN,0.0,R. Stevenson RB - NE,0.0,Patriots DEF,0.0,,,102.6,Marv,95.14
2022,10,Marv,4,J. Herbert QB - LAC,12.04,R. Mostert RB - LV,14.7,L. Fournette RB,9.8,D. Hopkins WR - BAL,9.8,J. Waddle WR - MIA,6.6,T. Hockenson TE - MIN,4.5,J. Jefferson WR - MIN,25.3,W. Lutz K - DEN,5.4,Eagles DEF,7.0,C. Kirk WR - HOU,22.5,K. Cousins QB - ATL,15.48,T. McLaurin WR - WAS,12.8,K. Hunt RB - KC,1.9,T. Hill TE - NO,0.1,D. Harris RB,0.0,,,95.14,Erik,102.6
2022,11,Benni,1,P. Mahomes QB - KC,27.46,S. Barkley RB - PHI,3.5,D. Pierce RB - HOU,1.7,A. Cooper WR,23.3,C. Olave WR - NO,16.2,T. Kelce TE - KC,29.5,T. Pollard RB - TEN,30.9,T. Bass K - BUF,26.2,Cowboys DEF,16.0,C. Watson WR - GB,17.1,J. Conner RB - ARI,11.4,M. Williams WR,1.5,A. Mattison RB - MIA,0.8,O. Beckham WR,0.0,T. Hill WR - MIA,0.0,K. Toney WR,0.0,174.76,Simi,104.7
2022,11,Simi,3,D. Prescott QB - DAL,20.64,D. Henry RB - BAL,23.36,D. Swift RB - CHI,9.2,S. Diggs WR - NE,10.8,T. Higgins WR - CIN,14.8,M. Andrews TE - BAL,6.3,M. Carter RB - ARI,1.7,D. Carlson K - LV,14.9,Bills DEF,3.0,A. Robinson WR,10.7,C. Sutton WR - DEN,8.0,C. Edwards-Helaire RB - KC,0.9,T. Lockett WR - TEN,0.0,K. Murray QB - ARI,0.0,K. Walker RB - SEA,0.0,,,104.7,Benni,174.76
2022,11,Kessi,5,J. Burrow QB - CIN,26.7,A. Jones RB - MIN,8.0,J. Taylor RB - IND,13.4,A. St. Brown WR - DET,8.0,M. Pittman WR - IND,7.5,T. Higbee TE - LAR,4.5,B. Robinson RB - SF,5.7,B. McManus K - GB,15.8,Bengals DEF,1.0,D. Carr QB,20.28,D. Smith WR - PHI,7.8,K. Allen WR - LAC,7.4,D. London WR - ATL,6.2,A. Lazard WR - NYJ,5.7,K. Drake RB,5.3,,,90.6,Ritz,103.96
2022,11,Ritz,4,L. Jackson QB - BAL,15.46,D. Foreman RB,2.4,A. Kamara RB - NO,8.9,B. Aiyuk WR - SF,14.0,D. Adams WR - LAR,26.1,D. Schultz TE - HOU,2.2,A. Ekeler RB - WAS,16.0,J. Tucker K,7.9,49ers DEF,11.0,E. Elliott RB,16.7,A. Gibson RB - NE,10.3,T. Boyd WR,4.2,T. Brady QB,0.0,J. Smith-Schuster WR - KC,0.0,H. Brown WR - KC,0.0,,,103.96,Kessi,90.6
2022,11,Tommy,6,J. Fields QB - NYJ,22.62,M. Sanders RB - DAL,4.8,D. Cook RB,7.2,G. Davis WR - BUF,6.8,D. Samuel WR - WAS,15.4,K. Pitts TE - ATL,4.3,J. Mixon RB - HOU,6.2,H. Butker K - KC,14.5,Titans DEF,2.0,J. Hurts QB - PHI,24.2,E. Mitchell RB - KC,5.9,A. Thielen WR - MIN,2.5,J. Robinson RB,1.0,D. Metcalf WR - PIT,0.0,T. Etienne RB - JAX,0.0,,,83.82,Erik,118.64
2022,11,Erik,2,D. Jones QB - IND,24.64,N. Chubb RB - HOU,6.7,R. Stevenson RB - NE,8.2,J. Jefferson WR - MIN,3.3,C. Lamb WR - DAL,4.5,G. Kittle TE - SF,20.4,C. McCaffrey RB - SF,10.6,B. Maher K,23.3,Ravens DEF,17.0,Patriots DEF,17.0,D. Singletary RB - NYG,15.7,A. Brown WR - PHI,4.0,D. Moore WR - CHI,2.4,T. Tagovailoa QB - MIA,0.0,R. White RB - TB,0.0,,,118.64,Tommy,83.82
2022,11,Juschka,8,J. Allen QB - BUF,12.58,C. Patterson RB,9.9,D. Montgomery RB - DET,18.1,W. Robinson WR - NYG,10.4,V. Jefferson WR - TEN,4.1,C. Kmet TE - CHI,3.5,J. Jacobs RB - GB,16.0,N. Folk K - NYJ,4.0,Vikings DEF,-4.0,N. Harris RB - LAC,23.6,D. Johnson WR,2.2,M. Evans WR - TB,0.0,G. Edwards RB,0.0,J. Wilson RB - MIA,0.0,J. Chase WR - CIN,0.0,,,74.58,Marv,82.9
2022,11,Marv,7,J. Herbert QB - LAC,18.7,J. Williams RB,24.4,K. Hunt RB - KC,5.4,D. Hopkins WR - BAL,9.1,T. McLaurin WR - WAS,5.6,T. Hockenson TE - MIN,3.4,D. Harris RB,9.3,G. Gano K - NYG,0.0,Eagles DEF,7.0,K. Cousins QB - ATL,2.2,R. Mostert RB - LV,0.0,L. Fournette RB,0.0,C. Godwin WR - TB,0.0,C. Kirk WR - HOU,0.0,J. Waddle WR - MIA,0.0,,,82.9,Juschka,74.58
2022,12,Benni,6,P. Mahomes QB - KC,18.4,S. Barkley RB - PHI,11.2,T. Pollard RB - TEN,6.1,T. Hill WR - MIA,9.0,A. Cooper WR,9.4,T. Kelce TE - KC,11.7,J. Conner RB - ARI,18.0,T. Bass K - BUF,11.2,Cowboys DEF,4.0,C. Watson WR - GB,17.0,C. Olave WR - NO,6.2,D. Pierce RB - HOU,1.6,O. Beckham WR,0.0,M. Williams WR,0.0,J. Williams WR - DET,0.0,,,99.0,Marv,63.92
2022,12,Marv,8,G. Smith QB - LV,19.32,L. Fournette RB,0.0,R. Mostert RB - LV,0.0,C. Kirk WR - HOU,4.1,J. Waddle WR - MIA,8.5,T. Hockenson TE - MIN,10.3,T. McLaurin WR - WAS,5.3,J. Myers K - SEA,10.4,Eagles DEF,6.0,C. Godwin WR - TB,17.0,D. Hopkins WR - BAL,14.7,J. Williams RB,10.6,C. Akers RB - MIN,3.7,K. Hunt RB - KC,2.1,D. Harris RB,1.6,,,63.92,Benni,99.0
2022,12,Kessi,7,J. Burrow QB - CIN,18.0,A. Jones RB - MIN,15.9,J. Taylor RB - IND,15.8,A. St. Brown WR - DET,18.9,M. Pittman WR - IND,12.1,T. Higbee TE - LAR,0.0,K. Allen WR - LAC,10.9,B. McManus K - GB,4.0,Bengals DEF,2.0,D. Carr QB,20.8,B. Robinson RB - SF,18.5,D. Smith WR - PHI,5.0,D. London WR - ATL,2.9,A. Lazard WR - NYJ,2.4,K. Drake RB,0.2,,,97.6,Tommy,105.72
2022,12,Tommy,4,J. Hurts QB - PHI,29.82,T. Etienne RB - JAX,0.3,D. Cook RB,5.6,G. Davis WR - BUF,3.8,D. Samuel WR - WAS,4.3,D. Knox TE - BUF,1.7,M. Sanders RB - DAL,28.0,H. Butker K - KC,14.2,Dolphins DEF,18.0,S. Perine RB - CIN,15.3,A. Thielen WR - MIN,12.1,D. Metcalf WR - PIT,9.0,E. Mitchell RB - KC,4.3,J. Mixon RB - HOU,0.0,J. Fields QB - NYJ,0.0,,,105.72,Kessi,97.6
2022,12,Simi,3,D. Prescott QB - DAL,14.84,D. Henry RB - BAL,11.7,K. Walker RB - SEA,15.9,S. Diggs WR - NE,13.7,T. Higgins WR - CIN,17.4,M. Andrews TE - BAL,7.0,L. Murray RB,9.8,D. Carlson K - LV,10.6,Bills DEF,8.0,K. Murray QB - ARI,25.24,T. Lockett WR - TEN,12.8,C. Sutton WR - DEN,7.5,D. Swift RB - CHI,6.3,A. Robinson WR,0.0,,,,,108.94,Juschka,133.02
2022,12,Juschka,1,J. Allen QB - BUF,29.92,J. Wilson RB - MIA,11.2,J. Jacobs RB - GB,42.3,V. Jefferson WR - TEN,8.9,M. Evans WR - TB,3.1,C. Kmet TE - CHI,2.7,N. Harris RB - LAC,9.9,N. Folk K - NYJ,16.0,Vikings DEF,9.0,D. Montgomery RB - DET,11.3,G. Edwards RB,9.2,C. Patterson RB,7.1,D. Johnson WR,4.9,J. Chase WR - CIN,0.0,,,,,133.02,Simi,108.94
2022,12,Ritz,2,L. Jackson QB - BAL,23.06,A. Ekeler RB - WAS,14.0,E. Elliott RB,15.5,B. Aiyuk WR - SF,6.5,D. Adams WR - LAR,7.4,D. Schultz TE - HOU,15.1,A. Kamara RB - NO,1.0,J. Tucker K,15.5,49ers DEF,15.0,T. Brady QB,18.04,I. Pacheco RB - KC,14.6,D. Foreman RB,11.3,A. Gibson RB - NE,5.4,J. Smith-Schuster WR - KC,3.8,T. Boyd WR,1.6,,,113.06,Erik,100.9
2022,12,Erik,5,T. Tagovailoa QB - MIA,15.96,N. Chubb RB - HOU,19.2,R. Stevenson RB - NE,11.2,J. Jefferson WR - MIN,20.34,C. Lamb WR - DAL,11.7,G. Kittle TE - SF,2.6,C. McCaffrey RB - SF,4.9,B. Maher K,4.0,Chiefs DEF,11.0,D. Moore WR - CHI,16.3,R. White RB - TB,10.9,A. Brown WR - PHI,8.6,D. Singletary RB - NYG,8.0,Ravens DEF,5.0,D. Watson QB - CLE,0.0,,,100.9,Ritz,113.06
2022,13,Benni,1,P. Mahomes QB - KC,19.82,S. Barkley RB - PHI,14.1,T. Pollard RB - TEN,22.6,T. Hill WR - MIA,20.6,A. Cooper WR,4.0,T. Kelce TE - KC,3.6,D. Pierce RB - HOU,9.5,T. Bass K - BUF,7.8,Cowboys DEF,20.0,C. Watson WR - GB,21.4,G. Wilson WR - NYJ,16.2,T. Burks WR - TEN,8.5,C. Olave WR - NO,6.5,M. Williams WR,0.0,J. Conner RB - ARI,0.0,,,122.02,Erik,104.2
2022,13,Erik,4,J. Herbert QB - LAC,18.1,N. Chubb RB - HOU,8.0,R. Stevenson RB - NE,7.8,J. Jefferson WR - MIN,11.6,A. Brown WR - PHI,23.9,G. Kittle TE - SF,2.2,C. McCaffrey RB - SF,20.6,B. Maher K,6.0,Ravens DEF,6.0,C. Lamb WR - DAL,15.4,T. Tagovailoa QB - MIA,13.8,D. Singletary RB - NYG,11.1,R. White RB - TB,10.9,Chiefs DEF,1.0,D. Moore WR - CHI,0.0,,,104.2,Benni,122.02
2022,13,Kessi,3,J. Burrow QB - CIN,30.04,A. Jones RB - MIN,5.0,J. Taylor RB - IND,10.3,A. St. Brown WR - DET,23.6,M. Pittman WR - IND,1.6,T. Higbee TE - LAR,1.4,K. Allen WR - LAC,14.8,B. McManus K - GB,14.3,Bengals DEF,4.0,D. Smith WR - PHI,16.2,D. Carr QB,16.0,B. Robinson RB - SF,11.1,D. London WR - ATL,9.5,A. Lazard WR - NYJ,6.7,K. Drake RB,4.6,,,105.04,Juschka,82.52
2022,13,Juschka,7,J. Allen QB - BUF,16.92,D. Montgomery RB - DET,12.7,J. Jacobs RB - GB,19.0,J. Chase WR - CIN,9.7,M. Evans WR - TB,5.9,C. Kmet TE - CHI,7.2,G. Edwards RB,1.2,N. Folk K - NYJ,4.9,Vikings DEF,5.0,B. Knight RB - ARI,11.8,N. Harris RB - LAC,9.2,C. Patterson RB,6.0,V. Jefferson WR - TEN,3.9,J. Wilson RB - MIA,0.3,J. Williams WR - DET,0.0,,,82.52,Kessi,105.04
2022,13,Simi,5,D. Prescott QB - DAL,16.8,D. Henry RB - BAL,3.8,K. Walker RB - SEA,3.6,S. Diggs WR - NE,15.2,T. Higgins WR - CIN,9.5,M. Andrews TE - BAL,5.4,T. Lockett WR - TEN,18.8,D. Carlson K - LV,11.5,Bills DEF,5.0,D. Swift RB - CHI,17.1,L. Murray RB,6.1,A. Robinson WR,0.0,C. Sutton WR - DEN,0.0,K. Murray QB - ARI,0.0,,,,,89.6,Tommy,108.0
2022,13,Tommy,2,J. Hurts QB - PHI,34.4,M. Sanders RB - DAL,9.8,D. Cook RB,14.3,D. Metcalf WR - PIT,18.7,D. Samuel WR - WAS,6.3,D. Knox TE - BUF,0.0,S. Perine RB - CIN,15.5,H. Butker K - KC,6.0,Buccaneers DEF,3.0,J. Fields QB - NYJ,19.26,G. Davis WR - BUF,7.5,T. Etienne RB - JAX,4.6,A. Thielen WR - MIN,2.7,K. Williams RB - LAR,0.9,J. Mixon RB - HOU,0.0,,,108.0,Simi,89.6
2022,13,Ritz,6,L. Jackson QB - BAL,1.34,A. Ekeler RB - WAS,8.2,E. Elliott RB,15.1,B. Aiyuk WR - SF,4.6,D. Adams WR - LAR,29.7,D. Schultz TE - HOU,3.3,A. Kamara RB - NO,3.7,J. Tucker K,4.0,49ers DEF,18.0,A. Dillon RB - PHI,17.9,T. Brady QB,17.14,I. Pacheco RB - KC,14.2,A. Gibson RB - NE,5.9,J. Smith-Schuster WR - KC,3.5,D. Foreman RB,0.0,,,87.94,Marv,63.24
2022,13,Marv,8,D. Watson QB - CLE,5.34,J. Williams RB,9.5,K. Hunt RB - KC,7.4,C. Kirk WR - HOU,10.4,J. Waddle WR - MIA,0.9,T. Hockenson TE - MIN,3.3,C. Godwin WR - TB,6.3,J. Myers K - SEA,10.1,Eagles DEF,10.0,G. Smith QB - LV,22.98,C. Akers RB - MIN,18.0,T. McLaurin WR - WAS,16.5,L. Fournette RB,8.1,R. Mostert RB - LV,3.0,D. Hopkins WR - BAL,0.0,D. Harris RB,0.0,63.24,Ritz,87.94
2022,14,Benni,1,P. Mahomes QB - KC,19.78,J. Conner RB - ARI,17.4,T. Pollard RB - TEN,18.2,T. Hill WR - MIA,20.1,G. Wilson WR - NYJ,7.8,T. Kelce TE - KC,7.1,M. Williams WR,17.6,T. Bass K - BUF,10.7,Cowboys DEF,4.0,D. Pierce RB - HOU,11.8,S. Barkley RB - PHI,4.8,A. Cooper WR,4.2,T. Burks WR - TEN,0.0,C. Olave WR - NO,0.0,C. Watson WR - GB,0.0,,,122.68,Kessi,84.26
2022,14,Kessi,6,J. Burrow QB - CIN,16.56,K. Drake RB,0.2,J. McKinnon RB,25.4,A. St. Brown WR - DET,7.4,D. Smith WR - PHI,12.4,T. Higbee TE - LAR,1.1,K. Allen WR - LAC,9.2,B. McManus K - GB,4.0,Bengals DEF,8.0,G. Everett TE,2.8,A. Jones RB - MIN,0.0,A. Lazard WR - NYJ,0.0,J. Taylor RB - IND,0.0,M. Pittman WR - IND,0.0,B. Robinson RB - SF,0.0,,,84.26,Benni,122.68
2022,14,Simi,8,K. Murray QB - ARI,0.66,D. Henry RB - BAL,17.5,D. Swift RB - CHI,3.9,S. Diggs WR - NE,3.7,T. Higgins WR - CIN,0.0,M. Andrews TE - BAL,1.7,L. Murray RB,3.1,D. Carlson K - LV,12.9,Bills DEF,12.0,D. Prescott QB - DAL,13.66,T. Lockett WR - TEN,12.0,M. Gallup WR,4.0,T. Jones RB,0.2,C. Sutton WR - DEN,0.0,K. Walker RB - SEA,0.0,,,55.46,Ritz,114.0
2022,14,Ritz,3,K. Cousins QB - ATL,25.0,A. Ekeler RB - WAS,16.4,E. Elliott RB,14.1,B. Aiyuk WR - SF,11.7,D. Adams WR - LAR,7.1,D. Schultz TE - HOU,8.7,I. Pacheco RB - KC,9.3,J. Tucker K,11.7,49ers DEF,10.0,J. Smith-Schuster WR - KC,13.4,D. Foreman RB,7.5,A. Kamara RB - NO,0.0,L. Jackson QB - BAL,0.0,A. Dillon RB - PHI,0.0,,,,,114.0,Simi,55.46
2022,14,Tommy,2,J. Hurts QB - PHI,30.38,M. Sanders RB - DAL,27.5,D. Cook RB,7.6,D. Metcalf WR - PIT,13.1,D. Samuel WR - WAS,10.4,P. Freiermuth TE - PIT,9.3,J. Mixon RB - HOU,10.6,H. Butker K - KC,12.0,Seahawks DEF,1.0,A. Thielen WR - MIN,12.5,S. Perine RB - CIN,8.4,T. Etienne RB - JAX,3.2,G. Davis WR - BUF,3.1,K. Williams RB - LAR,2.9,J. Fields QB - NYJ,0.0,,,121.88,Marv,67.66
2022,14,Marv,7,G. Smith QB - LV,20.56,J. Williams RB,3.7,C. Akers RB - MIN,8.3,D. Hopkins WR - BAL,5.9,J. Waddle WR - MIA,3.1,T. Hockenson TE - MIN,5.7,C. Godwin WR - TB,5.4,J. Myers K - SEA,6.0,Eagles DEF,9.0,D. Watson QB - CLE,16.34,L. Fournette RB,4.6,C. Kirk WR - HOU,4.5,R. Mostert RB - LV,4.4,K. Hunt RB - KC,1.2,T. McLaurin WR - WAS,0.0,,,67.66,Tommy,121.88
2022,14,Erik,4,T. Tagovailoa QB - MIA,12.6,N. Chubb RB - HOU,5.4,C. McCaffrey RB - SF,27.3,J. Jefferson WR - MIN,22.3,A. Brown WR - PHI,13.0,G. Kittle TE - SF,2.8,R. Stevenson RB - NE,1.0,B. Maher K,11.6,Chiefs DEF,15.0,J. Herbert QB - LAC,19.48,R. White RB - TB,5.7,D. Singletary RB - NYG,4.3,C. Lamb WR - DAL,3.3,D. Moore WR - CHI,0.6,Titans DEF,-4.0,,,111.0,Juschka,91.88
2022,14,Juschka,5,J. Allen QB - BUF,20.58,J. Wilson RB - MIA,2.6,J. Jacobs RB - GB,17.4,J. Chase WR - CIN,18.5,M. Evans WR - TB,4.4,D. Njoku TE - CLE,11.7,G. Edwards RB,6.6,N. Folk K - NYJ,11.1,Vikings DEF,-1.0,B. Knight RB - ARI,13.7,N. Harris RB - LAC,11.0,V. Jefferson WR - TEN,10.4,C. Patterson RB,0.0,D. Montgomery RB - DET,0.0,C. Kmet TE - CHI,0.0,,,91.88,Erik,111.0
2022,15,Benni,2,P. Mahomes QB - KC,32.74,J. Conner RB - ARI,15.1,T. Pollard RB - TEN,10.6,T. Hill WR - MIA,12.9,M. Williams WR,6.7,T. Kelce TE - KC,10.5,S. Barkley RB - PHI,18.0,T. Bass K - BUF,6.0,Cowboys DEF,6.0,G. Wilson WR - NYJ,9.8,Ravens DEF,7.0,A. Cooper WR,5.8,C. Olave WR - NO,5.3,C. Watson WR - GB,4.6,D. Goedert TE - PHI,0.0,,,118.54,Tommy,91.1
2022,15,Tommy,6,J. Hurts QB - PHI,34.7,M. Sanders RB - DAL,0.9,D. Cook RB,23.0,D. Metcalf WR - PIT,5.5,J. Jeudy WR - CLE,7.6,P. Freiermuth TE - PIT,0.0,J. Mixon RB - HOU,5.4,H. Butker K - KC,4.0,Broncos DEF,10.0,J. Fields QB - NYJ,23.58,D. Waller TE - MIA,10.8,T. Etienne RB - JAX,10.7,A. Thielen WR - MIN,10.1,G. Davis WR - BUF,5.6,D. Samuel WR - WAS,0.0,,,91.1,Benni,118.54
2022,15,Kessi,5,J. Burrow QB - CIN,24.8,A. Jones RB - MIN,16.6,J. Taylor RB - IND,1.3,A. St. Brown WR - DET,8.2,D. Smith WR - PHI,12.6,G. Everett TE,4.2,K. Allen WR - LAC,8.6,B. McManus K - GB,8.2,Bengals DEF,9.0,J. McKinnon RB,26.2,B. Robinson RB - SF,10.7,M. Pittman WR - IND,9.0,T. Higbee TE - LAR,8.7,A. Lazard WR - NYJ,0.7,K. Drake RB,0.0,,,93.5,Marv,81.94
2022,15,Marv,8,D. Watson QB - CLE,12.64,J. Williams RB,3.3,C. Akers RB - MIN,10.0,T. McLaurin WR - WAS,7.0,J. Waddle WR - MIA,17.4,T. Hockenson TE - MIN,5.3,C. Godwin WR - TB,14.3,W. Lutz K - DEN,3.0,Eagles DEF,9.0,R. Mostert RB - LV,15.6,G. Smith QB - LV,15.32,C. Kirk WR - HOU,9.2,L. Fournette RB,7.4,D. Hopkins WR - BAL,6.0,K. Hunt RB - KC,2.7,,,81.94,Kessi,93.5
2022,15,Simi,4,D. Prescott QB - DAL,20.24,D. Henry RB - BAL,22.3,D. Swift RB - CHI,7.5,S. Diggs WR - NE,5.7,T. Lockett WR - TEN,6.8,M. Andrews TE - BAL,3.1,L. Murray RB,20.2,D. Carlson K - LV,7.9,Bills DEF,1.0,T. Higgins WR - CIN,11.3,K. Walker RB - SEA,7.9,M. Gallup WR,0.2,C. Sutton WR - DEN,0.0,K. Murray QB - ARI,0.0,T. Jones RB,0.0,,,94.74,Juschka,104.96
2022,15,Juschka,3,J. Allen QB - BUF,35.86,N. Harris RB - LAC,14.6,J. Jacobs RB - GB,11.0,J. Chase WR - CIN,12.0,M. Evans WR - TB,8.3,D. Njoku TE - CLE,2.8,B. Knight RB - ARI,2.3,N. Folk K - NYJ,14.1,Vikings DEF,4.0,D. Montgomery RB - DET,21.1,C. Patterson RB,11.2,G. Edwards RB,5.5,V. Jefferson WR - TEN,3.2,C. Kmet TE - CHI,2.5,J. Wilson RB - MIA,0.0,,,104.96,Simi,94.74
2022,15,Ritz,7,K. Cousins QB - ATL,32.4,A. Kamara RB - NO,10.4,E. Elliott RB,13.1,B. Aiyuk WR - SF,1.9,D. Adams WR - LAR,2.8,D. Schultz TE - HOU,1.5,A. Ekeler RB - WAS,13.0,J. Tucker K,5.3,49ers DEF,9.0,A. Dillon RB - PHI,19.1,J. Dobbins RB - DEN,12.8,I. Pacheco RB - KC,7.7,J. Smith-Schuster WR - KC,6.8,D. Foreman RB,0.9,L. Jackson QB - BAL,0.0,,,89.4,Erik,124.12
2022,15,Erik,1,J. Herbert QB - LAC,8.72,N. Chubb RB - HOU,9.9,C. McCaffrey RB - SF,19.8,J. Jefferson WR - MIN,18.3,A. Brown WR - PHI,18.1,G. Kittle TE - SF,21.3,C. Lamb WR - DAL,12.7,B. Maher K,12.3,Chiefs DEF,3.0,R. Stevenson RB - NE,22.8,T. Tagovailoa QB - MIA,18.06,D. Moore WR - CHI,13.3,Titans DEF,8.0,D. Singletary RB - NYG,7.0,R. White RB - TB,4.3,,,124.12,Ritz,89.4
2022,16,Benni,2,P. Mahomes QB - KC,23.76,S. Barkley RB - PHI,19.3,T. Pollard RB - TEN,8.0,T. Hill WR - MIA,10.3,C. Watson WR - GB,4.9,T. Kelce TE - KC,11.3,J. Conner RB - ARI,18.0,C. Dicker K - LAC,8.0,Ravens DEF,8.0,T. Allgeier RB - ATL,11.7,M. Williams WR,7.6,A. Cooper WR,7.2,Cowboys DEF,7.0,D. Goedert TE - PHI,6.7,Browns DEF,3.0,G. Wilson WR - NYJ,1.0,111.56,Erik,123.3
2022,16,Erik,1,J. Herbert QB - LAC,5.5,N. Chubb RB - HOU,10.2,R. Stevenson RB - NE,1.3,J. Jefferson WR - MIN,19.3,C. Lamb WR - DAL,24.0,G. Kittle TE - SF,24.0,C. McCaffrey RB - SF,11.8,B. Maher K,19.2,Buccaneers DEF,8.0,D. Singletary RB - NYG,18.5,D. Moore WR - CHI,15.1,R. White RB - TB,11.3,T. Tagovailoa QB - MIA,10.4,A. Brown WR - PHI,10.3,Titans DEF,4.0,,,123.3,Benni,111.56
2022,16,Kessi,3,J. Burrow QB - CIN,23.5,A. Jones RB - MIN,3.4,J. McKinnon RB,9.8,A. St. Brown WR - DET,7.6,D. Smith WR - PHI,23.3,G. Everett TE,0.0,K. Allen WR - LAC,10.4,B. McManus K - GB,10.3,Bengals DEF,10.0,T. Higbee TE - LAR,21.4,A. Lazard WR - NYJ,6.1,B. Robinson RB - SF,5.8,M. Pittman WR - IND,3.9,K. Drake RB,0.0,J. Taylor RB - IND,0.0,,,98.3,Juschka,55.98
2022,16,Juschka,8,J. Allen QB - BUF,22.98,N. Harris RB - LAC,9.5,J. Jacobs RB - GB,5.0,J. Chase WR - CIN,5.9,M. Evans WR - TB,2.9,D. Njoku TE - CLE,1.4,B. Knight RB - ARI,1.3,N. Folk K - NYJ,0.0,Vikings DEF,7.0,J. Wilson RB - MIA,10.0,G. Edwards RB,9.9,D. Montgomery RB - DET,6.4,C. Patterson RB,3.1,C. Kmet TE - CHI,2.7,V. Jefferson WR - TEN,1.9,,,55.98,Kessi,98.3
2022,16,Simi,5,T. Lawrence QB - JAX,18.26,D. Henry RB - BAL,16.6,K. Walker RB - SEA,10.5,S. Diggs WR - NE,2.6,T. Higgins WR - CIN,18.8,M. Andrews TE - BAL,4.5,L. Murray RB,6.0,D. Carlson K - LV,5.0,Bills DEF,10.0,D. Prescott QB - DAL,27.98,M. Gallup WR,9.6,Z. Moss RB,7.0,D. Swift RB - CHI,2.5,T. Lockett WR - TEN,0.0,K. Murray QB - ARI,0.0,,,92.26,Marv,80.54
2022,16,Marv,6,T. Brady QB,11.34,J. Williams RB,1.4,R. Mostert RB - LV,2.9,D. Hopkins WR - BAL,0.4,J. Waddle WR - MIA,20.3,T. Hockenson TE - MIN,22.9,C. Godwin WR - TB,6.3,W. Lutz K - DEN,5.0,Eagles DEF,10.0,C. Akers RB - MIN,32.7,L. Fournette RB,16.2,T. McLaurin WR - WAS,13.7,G. Smith QB - LV,12.2,C. Kirk WR - HOU,2.6,K. Hunt RB - KC,2.2,,,80.54,Simi,92.26
2022,16,Ritz,4,K. Cousins QB - ATL,24.16,A. Kamara RB - NO,17.0,A. Dillon RB - PHI,10.8,J. Smith-Schuster WR - KC,2.7,D. Adams WR - LAR,1.5,D. Schultz TE - HOU,4.3,A. Ekeler RB - WAS,19.9,J. Tucker K,9.0,49ers DEF,7.0,D. Foreman RB,22.5,E. Elliott RB,12.1,I. Pacheco RB - KC,9.0,B. Aiyuk WR - SF,8.1,J. Dobbins RB - DEN,5.9,L. Jackson QB - BAL,0.0,,,96.36,Tommy,62.76
2022,16,Tommy,7,J. Fields QB - NYJ,9.86,M. Sanders RB - DAL,5.1,D. Cook RB,7.7,J. Jeudy WR - CLE,11.7,D. Metcalf WR - PIT,8.1,D. Waller TE - MIA,5.8,J. Mixon RB - HOU,10.8,H. Butker K - KC,7.7,Broncos DEF,-4.0,T. Etienne RB - JAX,11.2,G. Davis WR - BUF,8.5,P. Freiermuth TE - PIT,6.6,A. Thielen WR - MIN,0.6,D. Samuel WR - WAS,0.0,J. Hurts QB - PHI,0.0,,,62.76,Ritz,96.36
2023,1,Benni,5,L. Jackson QB - BAL,6.56,D. Pierce RB - HOU,4.7,C. Akers RB - MIN,8.9,D. Adams WR - LAR,6.6,T. Hill WR - MIA,33.5,E. Engram TE - DEN,4.9,K. Walker RB - SEA,6.7,Y. Koo K - NYG,7.9,Commanders DEF,11.0,J. Addison WR - MIN,12.1,C. Godwin WR - TB,5.1,M. Williams WR,4.5,J. Dotson WR - PHI,4.0,J. Smith-Njigba WR - SEA,1.3,T. Kelce TE - KC,0.0,A. Kamara RB - NO,0.0,90.76,Erik,105.06
2023,1,Erik,1,J. Herbert QB - LAC,20.86,C. McCaffrey RB - SF,22.9,J. Mixon RB - HOU,7.3,C. Ridley WR - TEN,16.1,C. Lamb WR - DAL,7.7,D. Waller TE - MIA,3.6,J. Dobbins RB - DEN,9.7,J. Tucker K,5.9,Ravens DEF,11.0,B. Aiyuk WR - SF,24.9,T. Higbee TE - LAR,4.9,R. White RB - TB,4.9,V. Jefferson WR - TEN,2.4,T. Lockett WR - TEN,1.0,C. Kupp WR - SEA,0.0,J. Jeudy WR - CLE,0.0,105.06,Benni,90.76
2023,1,Kessi,8,J. Hurts QB - PHI,12.5,J. Conner RB - ARI,7.0,B. Robinson RB - ATL,14.3,G. Wilson WR - NYJ,9.4,J. Waddle WR - MIA,7.8,G. Kittle TE - SF,1.9,T. McLaurin WR - WAS,3.1,D. Carlson K - LV,5.0,Dolphins DEF,2.0,S. Perine RB - CIN,7.8,D. Hopkins WR - BAL,6.5,G. Davis WR - BUF,3.2,B. Cooks WR - NO,2.2,Z. Charbonnet RB - SEA,1.1,I. Likely TE - BAL,0.4,J. Taylor RB - IND,0.0,63.0,Juschka,93.88
2023,1,Juschka,4,J. Burrow QB - CIN,3.18,N. Chubb RB - HOU,12.7,J. Gibbs RB - DET,6.0,S. Diggs WR - NE,16.2,C. Olave WR - NO,11.2,K. Pitts TE - ATL,4.4,B. Robinson RB - SF,12.6,J. Sanders K - MIA,14.6,Eagles DEF,13.0,B. Hall RB - NYJ,14.7,D. Smith WR - PHI,10.7,K. Herbert RB - NYJ,8.4,E. Mitchell RB - KC,1.0,R. Penny RB,0.0,D. London WR - ATL,0.0,,,93.88,Kessi,63.0
2023,1,Simi,2,T. Lawrence QB - JAX,17.74,A. Ekeler RB - WAS,22.4,A. Jones RB - MIN,24.7,A. Brown WR - PHI,7.9,D. Moore WR - CHI,2.5,T. Hockenson TE - MIN,3.5,N. Harris RB - LAC,3.3,T. Bass K - BUF,13.4,Patriots DEF,6.0,M. Pittman WR - IND,15.7,D. Montgomery RB - DET,13.4,A. Mattison RB - MIA,10.4,A. Cooper WR,3.7,E. Elliott RB,2.3,C. Kirk WR - HOU,0.9,,,101.44,Marv,88.34
2023,1,Marv,6,J. Fields QB - NYJ,14.54,T. Pollard RB - TEN,20.2,I. Pacheco RB - KC,5.4,J. Jefferson WR - MIN,15.0,D. Samuel WR - WAS,6.3,J. Johnson TE - NO,3.6,R. Stevenson RB - NE,8.9,H. Butker K - KC,9.4,Bills DEF,5.0,M. Thomas WR,6.1,J. Williams RB - DAL,5.7,J. Williams RB,5.2,G. Pickens WR - DAL,3.6,J. Smith-Schuster WR - KC,3.3,M. Andrews TE - BAL,0.0,K. Toney WR,0.0,88.34,Simi,101.44
2023,1,Ritz,7,P. Mahomes QB - KC,19.54,D. Henry RB - BAL,11.9,J. Jacobs RB - GB,7.1,T. Higgins WR - CIN,0.0,M. Evans WR - TB,12.6,D. Njoku TE - CLE,2.4,D. Metcalf WR - PIT,10.7,E. McPherson K - CIN,4.2,49ers DEF,13.0,C. Sutton WR - DEN,9.2,J. Cook RB - BUF,6.3,D. Cook RB,5.9,A. Dillon RB - PHI,3.6,D. Singletary RB - NYG,1.5,C. Watson WR - GB,0.0,,,81.44,Tommy,100.54
2023,1,Tommy,3,J. Allen QB - BUF,9.04,S. Barkley RB - PHI,6.3,T. Etienne RB - JAX,16.4,J. Chase WR - CIN,4.1,A. St. Brown WR - DET,13.1,D. Goedert TE - PHI,0.0,M. Sanders RB - DAL,7.8,J. Myers K - SEA,8.8,Cowboys DEF,35.0,Z. Flowers WR - BAL,8.7,K. Allen WR - LAC,8.2,D. Johnson WR,4.8,D. Swift RB - CHI,0.3,A. Gibson RB - NE,-0.1,D. Jackson RB,-1.2,,,100.54,Ritz,81.44
2023,2,Benni,2,L. Jackson QB - BAL,22.88,D. Pierce RB - HOU,3.5,K. Walker RB - SEA,17.4,D. Adams WR - LAR,14.4,M. Williams WR,8.6,T. Kelce TE - KC,8.6,T. Hill WR - MIA,10.0,J. Moody K - CHI,14.7,Saints DEF,7.0,R. Mostert RB - LV,24.7,P. Nacua WR - LAR,15.1,J. Addison WR - MIN,13.2,J. Warren RB - PIT,8.6,C. Godwin WR - TB,5.8,J. Smith-Njigba WR - SEA,3.4,J. Dotson WR - PHI,2.2,107.08,Juschka,78.18
2023,2,Juschka,7,J. Burrow QB - CIN,15.38,N. Chubb RB - HOU,6.4,J. Gibbs RB - DET,5.6,S. Diggs WR - NE,6.6,D. Smith WR - PHI,19.1,K. Pitts TE - ATL,1.5,C. Olave WR - NO,8.6,J. Sanders K - MIA,6.0,Eagles DEF,9.0,B. Robinson RB - SF,26.9,D. London WR - ATL,12.7,K. Herbert RB - NYJ,5.8,R. Penny RB,1.4,B. Hall RB - NYJ,0.9,K. Gainwell RB - PIT,0.0,,,78.18,Benni,107.08
2023,2,Kessi,4,J. Hurts QB - PHI,25.22,J. Conner RB - ARI,16.6,B. Robinson RB - ATL,17.2,G. Wilson WR - NYJ,14.3,J. Waddle WR - MIA,8.4,G. Kittle TE - SF,3.0,D. Hopkins WR - BAL,4.0,D. Carlson K - LV,5.7,Dolphins DEF,9.0,G. Davis WR - BUF,15.2,D. Watson QB - CLE,11.6,T. McLaurin WR - WAS,11.4,Z. Charbonnet RB - SEA,3.0,S. Perine RB - CIN,2.4,B. Cooks WR - NO,0.0,J. Taylor RB - IND,0.0,103.42,Erik,92.0
2023,2,Erik,6,J. Herbert QB - LAC,22.2,C. McCaffrey RB - SF,19.5,J. Mixon RB - HOU,9.5,C. Ridley WR - TEN,3.2,B. Aiyuk WR - SF,4.3,D. Waller TE - MIA,7.6,C. Lamb WR - DAL,14.3,J. Tucker K,11.4,Broncos DEF,0.0,T. Lockett WR - TEN,17.9,R. White RB - TB,16.3,J. Hill RB - BAL,5.3,Ravens DEF,3.0,J. Jeudy WR - CLE,2.5,T. Higbee TE - LAR,1.2,C. Kupp WR - SEA,0.0,92.0,Kessi,103.42
2023,2,Simi,8,T. Lawrence QB - JAX,9.24,D. Montgomery RB - DET,11.4,J. Kelley RB,3.9,A. Brown WR - PHI,2.9,A. Cooper WR,9.0,T. Hockenson TE - MIN,18.6,M. Pittman WR - IND,5.6,T. Bass K - BUF,8.0,Patriots DEF,3.0,C. Kirk WR - HOU,10.96,D. Moore WR - CHI,10.4,N. Harris RB - LAC,4.3,A. Mattison RB - MIA,1.9,A. Jones RB - MIN,0.0,A. Ekeler RB - WAS,0.0,,,71.64,Tommy,107.66
2023,2,Tommy,1,J. Allen QB - BUF,23.66,S. Barkley RB - PHI,21.2,T. Etienne RB - JAX,4.2,J. Chase WR - CIN,3.1,A. St. Brown WR - DET,8.2,D. Goedert TE - PHI,2.2,K. Allen WR - LAC,23.1,J. Myers K - SEA,7.0,Cowboys DEF,15.0,D. Swift RB - CHI,24.1,Z. Flowers WR - BAL,6.8,A. Gibson RB - NE,5.3,T. Allgeier RB - ATL,4.8,M. Sanders RB - DAL,4.7,D. Johnson WR,0.0,,,107.66,Simi,71.64
2023,2,Ritz,3,P. Mahomes QB - KC,21.2,D. Henry RB - BAL,15.5,J. Jacobs RB - GB,4.9,T. Higgins WR - CIN,20.9,M. Evans WR - TB,23.1,D. Njoku TE - CLE,2.8,D. Metcalf WR - PIT,7.5,E. McPherson K - CIN,6.0,49ers DEF,5.0,K. Williams RB - LAR,22.0,J. Cook RB - BUF,15.9,C. Sutton WR - DEN,6.6,A. Dillon RB - PHI,6.3,C. Watson WR - GB,0.0,D. Cook RB,-0.8,,,106.9,Marv,98.84
2023,2,Marv,5,J. Fields QB - NYJ,14.74,T. Pollard RB - TEN,12.9,J. Williams RB,2.9,J. Jefferson WR - MIN,13.9,D. Samuel WR - WAS,16.1,M. Andrews TE - BAL,10.5,R. Stevenson RB - NE,12.0,H. Butker K - KC,5.8,Bills DEF,10.0,G. Pickens WR - DAL,18.7,I. Pacheco RB - KC,7.0,J. Williams RB - DAL,5.8,M. Thomas WR,5.5,K. Toney WR,3.8,J. Johnson TE - NO,1.3,,,98.84,Ritz,106.9
2023,3,Benni,1,L. Jackson QB - BAL,28.18,R. Mostert RB - LV,38.2,K. Walker RB - SEA,27.6,T. Hill WR - MIA,21.7,D. Adams WR - LAR,29.2,T. Kelce TE - KC,12.9,P. Nacua WR - LAR,7.2,J. Moody K - CHI,12.6,Chiefs DEF,11.0,Z. Moss RB,20.5,M. Williams WR,18.1,J. Ford RB - CLE,17.1,T. Atwell WR - LAR,13.2,D. Pierce RB - HOU,11.9,C. Godwin WR - TB,5.2,J. Addison WR - MIN,5.2,188.58,Kessi,82.68
2023,3,Kessi,7,J. Hurts QB - PHI,19.88,J. Conner RB - ARI,17.6,B. Robinson RB - ATL,6.0,T. McLaurin WR - WAS,4.1,G. Wilson WR - NYJ,4.8,G. Kittle TE - SF,9.0,G. Davis WR - BUF,9.3,D. Carlson K - LV,4.0,Dolphins DEF,8.0,D. Hopkins WR - BAL,4.8,Z. Charbonnet RB - SEA,4.5,S. Perine RB - CIN,2.4,B. Cooks WR - NO,1.7,N. Chubb RB - HOU,0.0,J. Taylor RB - IND,0.0,J. Waddle WR - MIA,0.0,82.68,Benni,188.58
2023,3,Simi,4,T. Lawrence QB - JAX,14.36,J. Kelley RB,1.7,A. Mattison RB - MIA,12.5,A. Brown WR - PHI,13.1,A. Cooper WR,17.6,T. Hockenson TE - MIN,5.8,M. Pittman WR - IND,7.7,T. Bass K - BUF,16.2,Patriots DEF,9.0,C. Kirk WR - HOU,11.4,D. Moore WR - CHI,10.1,N. Harris RB - LAC,6.5,A. Jones RB - MIN,0.0,A. Ekeler RB - WAS,0.0,D. Montgomery RB - DET,0.0,,,97.96,Ritz,87.68
2023,3,Ritz,6,P. Mahomes QB - KC,25.68,D. Henry RB - BAL,2.0,J. Jacobs RB - GB,8.0,T. Higgins WR - CIN,2.1,M. Evans WR - TB,12.0,D. Njoku TE - CLE,2.0,K. Williams RB - LAR,6.5,E. McPherson K - CIN,21.4,49ers DEF,8.0,T. Tagovailoa QB - MIA,28.36,D. Metcalf WR - PIT,11.2,J. Cook RB - BUF,11.2,A. Dillon RB - PHI,3.3,D. Cook RB,2.9,C. Watson WR - GB,0.0,,,87.68,Simi,97.96
2023,3,Tommy,3,J. Allen QB - BUF,21.32,D. Swift RB - CHI,13.8,T. Etienne RB - JAX,13.8,J. Chase WR - CIN,14.1,A. St. Brown WR - DET,10.6,D. Goedert TE - PHI,4.1,K. Allen WR - LAC,27.46,J. Myers K - SEA,20.7,Cowboys DEF,1.0,M. Sanders RB - DAL,12.2,G. Edwards RB,5.1,Z. Flowers WR - BAL,5.0,N. Collins WR - HOU,3.4,T. Allgeier RB - ATL,2.9,S. Barkley RB - PHI,0.0,D. Johnson WR,0.0,126.88,Marv,139.88
2023,3,Marv,2,K. Cousins QB - ATL,25.68,T. Pollard RB - TEN,12.1,R. Stevenson RB - NE,6.2,J. Jefferson WR - MIN,20.9,D. Samuel WR - WAS,19.1,M. Andrews TE - BAL,3.5,G. Pickens WR - DAL,7.5,H. Butker K - KC,12.9,Bills DEF,32.0,I. Pacheco RB - KC,13.8,B. Aubrey K - DAL,11.9,J. Fields QB - NYJ,10.66,J. Williams RB - DAL,6.5,M. Thomas WR,5.0,J. Williams RB,0.0,,,139.88,Tommy,126.88
2023,3,Erik,5,J. Herbert QB - LAC,29.3,C. McCaffrey RB - SF,17.9,R. White RB - TB,4.2,C. Ridley WR - TEN,4.0,C. Lamb WR - DAL,6.2,D. Waller TE - MIA,2.0,J. Mixon RB - HOU,13.0,J. Tucker K,7.0,Ravens DEF,7.0,J. Jeudy WR - CLE,8.1,T. Lockett WR - TEN,5.4,K. Hunt RB - KC,3.5,C. Kupp WR - SEA,0.0,J. Hill RB - BAL,0.0,B. Aiyuk WR - SF,0.0,C. Akers RB - MIN,0.0,90.6,Juschka,79.56
2023,3,Juschka,8,D. Prescott QB - DAL,14.36,B. Robinson RB - SF,7.0,J. Gibbs RB - DET,8.2,S. Diggs WR - NE,11.1,C. Olave WR - NO,10.4,K. Pitts TE - ATL,3.7,D. Smith WR - PHI,2.8,J. Sanders K - MIA,10.0,Eagles DEF,12.0,J. Burrow QB - CIN,8.16,M. Breida RB,7.8,K. Gainwell RB - PIT,4.8,D. London WR - ATL,3.1,B. Hall RB - NYJ,2.7,K. Herbert RB - NYJ,1.5,,,79.56,Erik,90.6
2023,4,Benni,6,L. Jackson QB - BAL,28.14,R. Mostert RB - LV,2.5,K. Walker RB - SEA,13.9,T. Hill WR - MIA,7.2,D. Adams WR - LAR,7.5,T. Kelce TE - KC,6.0,Z. Moss RB,9.0,J. Moody K - CHI,5.0,Chiefs DEF,5.0,P. Nacua WR - LAR,22.3,C. Godwin WR - TB,11.4,D. Pierce RB - HOU,10.8,A. Kamara RB - NO,8.4,J. Ford RB - CLE,4.5,J. Addison WR - MIN,0.0,,,84.24,Simi,103.28
2023,4,Simi,4,T. Lawrence QB - JAX,16.48,D. Achane RB - MIA,24.0,A. Jones RB - MIN,1.4,A. Brown WR - PHI,29.5,A. Cooper WR,1.6,T. Hockenson TE - MIN,2.4,N. Harris RB - LAC,10.3,T. Bass K - BUF,14.6,Patriots DEF,3.0,D. Montgomery RB - DET,32.1,D. Moore WR - CHI,19.1,A. Mattison RB - MIA,9.8,C. Kirk WR - HOU,8.4,M. Pittman WR - IND,3.5,A. Ekeler RB - WAS,0.0,,,103.28,Benni,84.24
2023,4,Kessi,7,J. Hurts QB - PHI,24.16,J. Conner RB - ARI,5.6,B. Robinson RB - ATL,13.7,T. McLaurin WR - WAS,14.6,G. Wilson WR - NYJ,6.0,G. Kittle TE - SF,0.9,G. Davis WR - BUF,12.1,D. Carlson K - LV,5.0,Dolphins DEF,-2.0,J. Palmer WR - BUF,7.7,D. Hopkins WR - BAL,6.3,J. Waddle WR - MIA,4.6,Z. Charbonnet RB - SEA,4.0,S. Perine RB - CIN,3.5,B. Cooks WR - NO,2.7,J. Taylor RB - IND,0.0,80.06,Ritz,92.4
2023,4,Ritz,5,P. Mahomes QB - KC,13.22,D. Henry RB - BAL,23.38,J. Cook RB - BUF,13.7,D. Metcalf WR - PIT,9.4,T. Higgins WR - CIN,1.9,E. Engram TE - DEN,5.9,J. Jacobs RB - GB,19.9,E. McPherson K - CIN,3.0,49ers DEF,2.0,K. Williams RB - LAR,24.7,T. Tagovailoa QB - MIA,13.98,C. Watson WR - GB,8.5,M. Evans WR - TB,4.0,D. Cook RB,1.8,A. Dillon RB - PHI,1.1,,,92.4,Kessi,80.06
2023,4,Tommy,2,J. Allen QB - BUF,36.5,D. Swift RB - CHI,13.9,T. Etienne RB - JAX,7.2,J. Chase WR - CIN,7.3,K. Allen WR - LAC,9.2,K. Pitts TE - ATL,2.1,J. Kelley RB,6.5,J. Myers K - SEA,6.4,Cowboys DEF,27.0,N. Collins WR - HOU,28.8,A. St. Brown WR - DET,11.6,Z. Flowers WR - BAL,5.0,G. Edwards RB,4.9,M. Sanders RB - DAL,3.2,D. Goedert TE - PHI,2.5,S. Barkley RB - PHI,0.0,116.1,Juschka,70.7
2023,4,Juschka,8,J. Burrow QB - CIN,4.7,B. Robinson RB - SF,11.1,J. Gibbs RB - DET,5.1,S. Diggs WR - NE,30.0,C. Olave WR - NO,0.4,S. LaPorta TE - DET,5.6,D. Smith WR - PHI,7.8,J. Sanders K - MIA,2.0,Eagles DEF,4.0,K. Herbert RB - NYJ,18.2,D. Prescott QB - DAL,14.34,D. London WR - ATL,8.8,M. Breida RB,7.8,B. Hall RB - NYJ,6.9,K. Gainwell RB - PIT,4.1,,,70.7,Tommy,116.1
2023,4,Erik,1,J. Herbert QB - LAC,23.38,J. Mixon RB - HOU,7.6,C. McCaffrey RB - SF,41.7,C. Ridley WR - TEN,9.8,C. Lamb WR - DAL,10.8,D. Waller TE - MIA,2.1,R. White RB - TB,7.8,J. Tucker K,4.0,Ravens DEF,17.0,B. Aiyuk WR - SF,14.8,T. Lockett WR - TEN,5.4,J. Jeudy WR - CLE,5.2,C. Akers RB - MIN,5.1,J. Hill RB - BAL,3.3,R. Johnson RB - CHI,1.5,C. Kupp WR - SEA,0.0,124.18,Marv,105.7
2023,4,Marv,3,J. Fields QB - NYJ,27.9,T. Pollard RB - TEN,6.0,R. Stevenson RB - NE,4.0,J. Jefferson WR - MIN,20.5,M. Thomas WR,5.3,M. Andrews TE - BAL,20.0,D. Samuel WR - WAS,0.6,H. Butker K - KC,12.4,Bills DEF,9.0,I. Pacheco RB - KC,21.8,B. Aubrey K - DAL,12.3,K. Cousins QB - ATL,9.56,T. Dell WR - HOU,2.9,G. Pickens WR - DAL,2.5,J. Williams RB - DAL,0.9,J. Williams RB,0.0,105.7,Erik,124.18
2023,5,Benni,3,L. Jackson QB - BAL,9.94,R. Mostert RB - LV,13.8,A. Kamara RB - NO,15.7,T. Hill WR - MIA,24.1,D. Adams WR - LAR,4.5,T. Kelce TE - KC,12.7,P. Nacua WR - LAR,13.1,J. Elliott K - PHI,11.4,Lions DEF,7.0,J. McLaughlin RB - DEN,14.9,D. Pierce RB - HOU,8.2,A. Richardson QB - IND,4.42,J. Williams WR - DET,0.2,C. Godwin WR - TB,0.0,J. Ford RB - CLE,0.0,K. Walker RB - SEA,0.0,112.24,Marv,83.88
2023,5,Marv,8,J. Fields QB - NYJ,32.98,T. Pollard RB - TEN,4.4,R. Stevenson RB - NE,2.4,J. Jefferson WR - MIN,2.8,M. Thomas WR,6.5,M. Andrews TE - BAL,6.5,D. Samuel WR - WAS,8.5,H. Butker K - KC,10.8,Bills DEF,9.0,G. Pickens WR - DAL,20.6,K. Cousins QB - ATL,19.86,I. Pacheco RB - KC,12.4,B. Aubrey K - DAL,6.0,T. Dell WR - HOU,5.3,J. Williams RB,0.0,J. Williams RB - DAL,0.0,83.88,Benni,112.24
2023,5,Kessi,4,J. Hurts QB - PHI,27.32,J. Conner RB - ARI,4.6,B. Robinson RB - ATL,9.8,J. Waddle WR - MIA,9.5,T. McLaurin WR - WAS,4.9,G. Kittle TE - SF,24.7,J. Taylor RB - IND,3.4,D. Carlson K - LV,5.0,Dolphins DEF,11.0,G. Davis WR - BUF,16.0,D. Hopkins WR - BAL,14.0,S. Perine RB - CIN,7.5,G. Wilson WR - NYJ,5.4,B. Cooks WR - NO,1.3,Z. Charbonnet RB - SEA,0.0,,,100.22,Tommy,131.96
2023,5,Tommy,1,J. Allen QB - BUF,27.76,D. Swift RB - CHI,10.8,T. Etienne RB - JAX,32.4,J. Chase WR - CIN,37.2,N. Collins WR - HOU,3.9,D. Goedert TE - PHI,17.7,M. Sanders RB - DAL,1.2,B. Maher K,2.0,Cowboys DEF,-1.0,K. Pitts TE - ATL,8.7,Z. Flowers WR - BAL,7.3,K. Allen WR - LAC,0.0,S. Barkley RB - PHI,0.0,D. Johnson WR,0.0,J. Kelley RB,0.0,A. St. Brown WR - DET,0.0,131.96,Kessi,100.22
2023,5,Simi,2,T. Lawrence QB - JAX,15.7,D. Montgomery RB - DET,18.9,D. Achane RB - MIA,20.5,A. Brown WR - PHI,12.7,D. Moore WR - CHI,41.0,T. Hockenson TE - MIN,5.1,A. Jones RB - MIN,0.0,T. Bass K - BUF,2.0,Patriots DEF,1.0,A. Mattison RB - MIA,10.6,C. Kirk WR - HOU,8.4,M. Pittman WR - IND,5.2,N. Harris RB - LAC,4.0,A. Cooper WR,0.0,A. Ekeler RB - WAS,0.0,,,116.9,Erik,89.74
2023,5,Erik,6,J. Goff QB - DET,27.44,J. Mixon RB - HOU,9.4,C. McCaffrey RB - SF,11.8,C. Kupp WR - SEA,11.8,C. Lamb WR - DAL,4.9,D. Waller TE - MIA,8.6,B. Aiyuk WR - SF,5.8,J. Tucker K,4.0,Ravens DEF,6.0,C. Ridley WR - TEN,13.6,J. Jeudy WR - CLE,5.0,G. Edwards RB,4.8,C. Akers RB - MIN,1.8,J. Herbert QB - LAC,0.0,R. White RB - TB,0.0,,,89.74,Simi,116.9
2023,5,Ritz,7,P. Mahomes QB - KC,19.24,D. Henry RB - BAL,6.2,J. Cook RB - BUF,2.1,C. Watson WR - GB,8.6,H. Brown WR - KC,12.1,E. Engram TE - DEN,2.8,J. Jacobs RB - GB,14.9,J. Moody K - CHI,6.0,49ers DEF,16.0,T. Tagovailoa QB - MIA,16.92,A. Thielen WR - MIN,16.7,K. Williams RB - LAR,5.7,M. Evans WR - TB,0.0,D. Metcalf WR - PIT,0.0,T. Higgins WR - CIN,0.0,,,87.94,Juschka,97.46
2023,5,Juschka,5,C. Stroud QB - HOU,14.16,B. Robinson RB - SF,4.3,B. Hall RB - NYJ,25.4,S. Diggs WR - NE,16.1,C. Olave WR - NO,7.2,S. LaPorta TE - DET,16.7,D. Smith WR - PHI,0.6,J. Sanders K - MIA,8.0,Eagles DEF,5.0,J. Burrow QB - CIN,23.38,D. London WR - ATL,8.68,K. Herbert RB - NYJ,7.6,K. Gainwell RB - PIT,2.4,M. Wilson WR - ARI,1.8,J. Gibbs RB - DET,0.0,,,97.46,Ritz,87.94
2023,6,Benni,1,L. Jackson QB - BAL,17.12,K. Walker RB - SEA,14.9,A. Kamara RB - NO,10.4,T. Hill WR - MIA,22.3,D. Adams WR - LAR,2.9,T. Kelce TE - KC,12.4,R. Mostert RB - LV,31.2,J. Elliott K - PHI,2.0,Chiefs DEF,14.0,Z. Moss RB,11.9,J. Ford RB - CLE,9.1,C. Godwin WR - TB,7.7,J. McLaughlin RB - DEN,4.2,D. Pierce RB - HOU,3.4,P. Nacua WR - LAR,2.6,,,127.22,Tommy,100.26
2023,6,Tommy,3,J. Allen QB - BUF,13.86,D. Swift RB - CHI,9.8,T. Etienne RB - JAX,20.3,J. Chase WR - CIN,8.0,K. Allen WR - LAC,14.5,D. Goedert TE - PHI,4.2,S. Barkley RB - PHI,9.8,B. Maher K,15.8,Cowboys DEF,4.0,A. St. Brown WR - DET,18.4,Z. Flowers WR - BAL,11.1,K. Pitts TE - ATL,10.3,N. Collins WR - HOU,8.0,J. Kelley RB,0.4,D. Johnson WR,0.0,M. Sanders RB - DAL,0.0,100.26,Benni,127.22
2023,6,Kessi,7,J. Hurts QB - PHI,19.9,J. Taylor RB - IND,6.5,B. Robinson RB - ATL,8.0,J. Waddle WR - MIA,11.1,D. Hopkins WR - BAL,2.0,G. Kittle TE - SF,0.1,G. Davis WR - BUF,0.1,D. Carlson K - LV,13.7,Dolphins DEF,5.0,B. Cooks WR - NO,11.0,G. Wilson WR - NYJ,9.0,T. McLaurin WR - WAS,8.1,J. Palmer WR - BUF,6.0,Z. Charbonnet RB - SEA,1.9,J. Conner RB - ARI,0.0,S. Perine RB - CIN,-0.4,66.4,Marv,76.92
2023,6,Marv,6,J. Fields QB - NYJ,4.92,T. Pollard RB - TEN,11.0,I. Pacheco RB - KC,9.8,D. Samuel WR - WAS,1.1,M. Thomas WR,4.5,M. Andrews TE - BAL,6.9,R. Stevenson RB - NE,13.0,H. Butker K - KC,18.7,Bills DEF,7.0,K. Cousins QB - ATL,8.74,J. Williams RB - DAL,7.2,K. Ingram RB - KC,5.1,K. Osborn WR,4.8,J. Williams RB,0.0,J. Jefferson WR - MIN,0.0,G. Pickens WR - DAL,0.0,76.92,Kessi,66.4
2023,6,Simi,8,T. Lawrence QB - JAX,14.74,A. Ekeler RB - WAS,6.2,D. Montgomery RB - DET,3.3,A. Brown WR - PHI,13.1,D. Moore WR - CHI,5.1,T. Hockenson TE - MIN,5.0,A. Mattison RB - MIA,7.2,T. Bass K - BUF,2.0,Saints DEF,5.0,C. Kirk WR - HOU,10.9,M. Pittman WR - IND,10.9,A. Cooper WR,10.8,Patriots DEF,3.0,A. Jones RB - MIN,0.0,N. Harris RB - LAC,0.0,D. Achane RB - MIA,0.0,61.64,Juschka,80.3
2023,6,Juschka,5,J. Burrow QB - CIN,13.8,B. Robinson RB - SF,11.6,B. Hall RB - NYJ,15.3,D. Smith WR - PHI,4.4,C. Olave WR - NO,9.6,S. LaPorta TE - DET,3.6,S. Diggs WR - NE,10.0,J. Sanders K - MIA,6.0,Eagles DEF,6.0,C. Stroud QB - HOU,14.16,D. London WR - ATL,12.5,M. Wilson WR - ARI,6.2,K. Gainwell RB - PIT,1.7,K. Herbert RB - NYJ,0.0,J. Gibbs RB - DET,0.0,,,80.3,Simi,61.64
2023,6,Ritz,4,P. Mahomes QB - KC,17.34,K. Williams RB - LAR,21.8,J. Jacobs RB - GB,9.3,D. Metcalf WR - PIT,6.9,M. Evans WR - TB,4.9,E. Engram TE - DEN,4.1,J. Cook RB - BUF,7.1,J. Moody K - CHI,5.0,49ers DEF,7.0,T. Tagovailoa QB - MIA,22.48,A. Thielen WR - MIN,17.5,D. Henry RB - BAL,17.3,H. Brown WR - KC,3.4,T. Higgins WR - CIN,2.0,C. Watson WR - GB,0.0,,,83.44,Erik,102.18
2023,6,Erik,2,J. Herbert QB - LAC,18.08,J. Mixon RB - HOU,6.2,C. McCaffrey RB - SF,11.2,C. Kupp WR - SEA,20.8,C. Ridley WR - TEN,2.6,C. Kmet TE - CHI,0.9,C. Lamb WR - DAL,11.7,J. Tucker K,19.7,Ravens DEF,11.0,J. Addison WR - MIN,8.8,B. Aiyuk WR - SF,7.6,G. Edwards RB,5.3,D. Waller TE - MIA,4.3,R. White RB - TB,3.8,R. Johnson RB - CHI,0.0,J. Wilson RB - MIA,0.0,102.18,Ritz,83.44
2023,7,Benni,1,L. Jackson QB - BAL,33.88,K. Walker RB - SEA,11.1,A. Kamara RB - NO,17.3,T. Hill WR - MIA,14.8,D. Adams WR - LAR,5.7,T. Kelce TE - KC,23.9,R. Mostert RB - LV,5.1,J. Elliott K - PHI,7.0,Commanders DEF,9.0,J. Ford RB - CLE,15.4,P. Nacua WR - LAR,15.4,C. Godwin WR - TB,6.6,Z. Moss RB,6.2,D. Pierce RB - HOU,0.0,Cowboys DEF,0.0,,,127.78,Ritz,87.26
2023,7,Ritz,5,P. Mahomes QB - KC,33.86,J. Cook RB - BUF,16.2,J. Jacobs RB - GB,4.1,D. Metcalf WR - PIT,0.0,M. Evans WR - TB,14.2,E. Engram TE - DEN,4.5,H. Brown WR - KC,4.9,J. Moody K - CHI,7.5,49ers DEF,2.0,T. Tagovailoa QB - MIA,10.34,C. Watson WR - GB,2.7,A. Thielen WR - MIN,0.0,D. Henry RB - BAL,0.0,T. Higgins WR - CIN,0.0,K. Williams RB - LAR,0.0,,,87.26,Benni,127.78
2023,7,Kessi,7,J. Hurts QB - PHI,23.26,J. Taylor RB - IND,18.0,B. Robinson RB - ATL,0.3,J. Waddle WR - MIA,6.3,T. McLaurin WR - WAS,9.0,G. Kittle TE - SF,8.0,G. Davis WR - BUF,0.6,D. Carlson K - LV,7.0,Dolphins DEF,12.0,J. Palmer WR - BUF,13.3,S. Perine RB - CIN,4.1,D. Hopkins WR - BAL,0.0,B. Cooks WR - NO,0.0,J. Conner RB - ARI,0.0,G. Wilson WR - NYJ,0.0,Z. Charbonnet RB - SEA,0.0,84.46,Simi,85.26
2023,7,Simi,6,T. Lawrence QB - JAX,18.06,A. Ekeler RB - WAS,4.6,A. Jones RB - MIN,5.7,A. Brown WR - PHI,19.7,A. Cooper WR,2.2,T. Hockenson TE - MIN,8.6,N. Harris RB - LAC,12.8,T. Bass K - BUF,5.6,Seahawks DEF,8.0,M. Pittman WR - IND,14.3,C. Kirk WR - HOU,13.0,D. Moore WR - CHI,5.4,A. Mattison RB - MIA,4.2,Saints DEF,4.0,D. Montgomery RB - DET,0.0,D. Achane RB - MIA,0.0,85.26,Kessi,84.46
2023,7,Tommy,2,J. Allen QB - BUF,24.3,D. Swift RB - CHI,7.5,T. Etienne RB - JAX,19.7,A. St. Brown WR - DET,10.2,K. Allen WR - LAC,5.5,D. Goedert TE - PHI,13.7,S. Barkley RB - PHI,15.8,B. Maher K,4.1,Jaguars DEF,9.0,D. Foreman RB,30.0,Z. Flowers WR - BAL,7.5,K. Pitts TE - ATL,4.7,M. Sanders RB - DAL,0.0,J. Chase WR - CIN,0.0,N. Collins WR - HOU,0.0,,,109.8,Erik,89.46
2023,7,Erik,4,J. Herbert QB - LAC,10.86,R. White RB - TB,9.9,C. McCaffrey RB - SF,19.6,C. Kupp WR - SEA,4.9,C. Ridley WR - TEN,0.5,D. Waller TE - MIA,15.8,B. Aiyuk WR - SF,5.7,J. Tucker K,8.2,Browns DEF,14.0,J. Addison WR - MIN,24.3,Ravens DEF,14.0,J. Wilson RB - MIA,0.4,R. Johnson RB - CHI,0.0,J. Mixon RB - HOU,0.0,C. Lamb WR - DAL,0.0,E. Mitchell RB - KC,-0.1,89.46,Tommy,109.8
2023,7,Juschka,8,B. Purdy QB - SF,12.78,B. Robinson RB - SF,8.3,J. Gibbs RB - DET,18.6,S. Diggs WR - NE,11.8,C. Olave WR - NO,5.7,S. LaPorta TE - DET,5.2,D. Smith WR - PHI,4.9,J. Sanders K - MIA,6.0,Steelers DEF,5.0,K. Gainwell RB - PIT,7.6,D. London WR - ATL,5.4,M. Wilson WR - ARI,2.6,J. Burrow QB - CIN,0.0,K. Herbert RB - NYJ,0.0,B. Hall RB - NYJ,0.0,,,78.28,Marv,92.56
2023,7,Marv,3,G. Smith QB - LV,13.76,R. Stevenson RB - NE,8.5,I. Pacheco RB - KC,12.0,G. Pickens WR - DAL,10.7,M. Thomas WR,10.2,M. Andrews TE - BAL,18.3,J. Williams RB - DAL,9.6,H. Butker K - KC,7.5,Bills DEF,2.0,K. Cousins QB - ATL,21.02,K. Osborn WR,4.7,J. Williams RB,1.4,D. Samuel WR - WAS,0.0,T. Pollard RB - TEN,0.0,J. Jefferson WR - MIN,0.0,J. Fields QB - NYJ,0.0,92.56,Juschka,78.28
2023,8,Benni,6,L. Jackson QB - BAL,11.98,K. Walker RB - SEA,7.0,A. Kamara RB - NO,23.0,T. Hill WR - MIA,17.2,D. Adams WR - LAR,1.1,T. Kelce TE - KC,5.8,R. Mostert RB - LV,10.6,J. Elliott K - PHI,10.1,Jets DEF,8.0,Z. Moss RB,13.4,Cowboys DEF,13.0,C. Godwin WR - TB,12.8,D. Pierce RB - HOU,4.6,P. Nacua WR - LAR,4.3,J. Ford RB - CLE,3.9,,,94.78,Erik,118.02
2023,8,Erik,3,J. Herbert QB - LAC,24.02,J. Mixon RB - HOU,17.0,C. McCaffrey RB - SF,23.8,C. Kupp WR - SEA,2.1,C. Lamb WR - DAL,29.0,D. Waller TE - MIA,0.4,B. Aiyuk WR - SF,10.9,J. Tucker K,8.8,Eagles DEF,2.0,J. Addison WR - MIN,14.4,D. Kincaid TE - BUF,12.5,R. White RB - TB,10.9,C. Ridley WR - TEN,8.3,Ravens DEF,6.0,R. Johnson RB - CHI,3.1,,,118.02,Benni,94.78
2023,8,Kessi,4,J. Hurts QB - PHI,27.36,J. Taylor RB - IND,9.7,B. Robinson RB - ATL,12.2,J. Waddle WR - MIA,18.1,T. McLaurin WR - WAS,12.3,G. Kittle TE - SF,14.9,G. Wilson WR - NYJ,10.6,D. Carlson K - LV,2.0,Dolphins DEF,6.0,D. Hopkins WR - BAL,30.8,G. Davis WR - BUF,14.7,B. Cooks WR - NO,11.2,Z. Charbonnet RB - SEA,6.4,J. Palmer WR - BUF,2.4,S. Perine RB - CIN,2.1,J. Conner RB - ARI,0.0,113.16,Juschka,124.02
2023,8,Juschka,1,J. Burrow QB - CIN,27.62,B. Hall RB - NYJ,15.3,J. Gibbs RB - DET,24.9,S. Diggs WR - NE,7.0,C. Olave WR - NO,4.6,S. LaPorta TE - DET,11.7,D. Smith WR - PHI,15.9,J. Sanders K - MIA,7.0,Steelers DEF,10.0,B. Purdy QB - SF,18.3,B. Robinson RB - SF,7.9,J. Downs WR - IND,7.2,D. London WR - ATL,5.5,K. Gainwell RB - PIT,0.6,K. Herbert RB - NYJ,0.0,,,124.02,Kessi,113.16
2023,8,Simi,5,T. Lawrence QB - JAX,14.68,A. Ekeler RB - WAS,16.3,N. Harris RB - LAC,5.5,A. Brown WR - PHI,25.0,D. Moore WR - CHI,5.5,T. Hockenson TE - MIN,14.8,A. Jones RB - MIN,4.6,T. Bass K - BUF,6.7,Seahawks DEF,10.0,M. Pittman WR - IND,10.0,A. Cooper WR,8.9,C. Kirk WR - HOU,4.6,Saints DEF,4.0,A. Mattison RB - MIA,3.3,D. Montgomery RB - DET,0.0,D. Achane RB - MIA,0.0,103.08,Marv,75.06
2023,8,Marv,8,K. Cousins QB - ATL,19.86,R. Stevenson RB - NE,5.0,I. Pacheco RB - KC,3.7,G. Pickens WR - DAL,8.2,M. Thomas WR,6.8,M. Andrews TE - BAL,10.0,T. Pollard RB - TEN,5.5,H. Butker K - KC,12.0,Bills DEF,4.0,G. Edwards RB,27.4,J. Williams RB - DAL,15.8,K. Osborn WR,9.9,J. Williams RB,3.8,D. Samuel WR - WAS,0.0,J. Jefferson WR - MIN,0.0,J. Fields QB - NYJ,0.0,75.06,Simi,103.08
2023,8,Ritz,7,P. Mahomes QB - KC,5.6,J. Cook RB - BUF,7.3,D. Henry RB - BAL,12.2,H. Brown WR - KC,9.3,M. Evans WR - TB,9.9,E. Engram TE - DEN,6.8,J. Jacobs RB - GB,14.8,J. Moody K - CHI,5.6,49ers DEF,4.0,T. Tagovailoa QB - MIA,21.76,K. Hunt RB - KC,12.7,A. Thielen WR - MIN,7.2,T. Higgins WR - CIN,6.9,D. Metcalf WR - PIT,6.7,C. Watson WR - GB,3.3,K. Williams RB - LAR,0.0,75.5,Tommy,121.86
2023,8,Tommy,2,J. Allen QB - BUF,29.06,D. Swift RB - CHI,12.4,T. Etienne RB - JAX,22.9,J. Chase WR - CIN,15.2,K. Allen WR - LAC,6.9,D. Goedert TE - PHI,3.6,S. Barkley RB - PHI,12.8,D. Hopkins K,8.0,Jaguars DEF,11.0,A. St. Brown WR - DET,10.8,D. Foreman RB,3.6,K. Pitts TE - ATL,3.5,N. Collins WR - HOU,3.0,Z. Flowers WR - BAL,1.9,M. Sanders RB - DAL,0.0,,,121.86,Ritz,75.5
2023,9,Benni,8,L. Jackson QB - BAL,11.48,R. Mostert RB - LV,14.5,A. Kamara RB - NO,7.0,T. Hill WR - MIA,4.5,D. Adams WR - LAR,3.4,T. Kelce TE - KC,1.4,K. Walker RB - SEA,1.7,J. Elliott K - PHI,4.0,Cowboys DEF,2.0,D. Johnson WR,15.0,J. Ford RB - CLE,7.7,P. Nacua WR - LAR,3.2,Z. Moss RB,2.6,C. Godwin WR - TB,1.6,D. Pierce RB - HOU,0.0,,,49.98,Juschka,102.94
2023,9,Juschka,4,J. Burrow QB - CIN,22.32,B. Hall RB - NYJ,6.0,B. Robinson RB - SF,10.7,S. Diggs WR - NE,16.6,C. Olave WR - NO,10.6,T. Hill TE - NO,16.62,D. Smith WR - PHI,11.1,J. Sanders K - MIA,2.0,Steelers DEF,7.0,K. Gainwell RB - PIT,8.3,J. Downs WR - IND,1.0,S. LaPorta TE - DET,0.0,K. Herbert RB - NYJ,0.0,D. London WR - ATL,0.0,J. Gibbs RB - DET,0.0,,,102.94,Benni,49.98
2023,9,Kessi,5,J. Hurts QB - PHI,25.88,J. Taylor RB - IND,12.9,B. Robinson RB - ATL,3.9,J. Waddle WR - MIA,5.4,T. McLaurin WR - WAS,7.3,J. Ferguson TE - DAL,15.1,D. Hopkins WR - BAL,6.5,D. Carlson K - LV,14.7,Dolphins DEF,5.0,G. Wilson WR - NYJ,6.0,Z. Charbonnet RB - SEA,1.3,B. Cooks WR - NO,0.7,J. Conner RB - ARI,0.0,G. Kittle TE - SF,0.0,G. Davis WR - BUF,0.0,J. Palmer WR - BUF,0.0,96.68,Erik,107.34
2023,9,Erik,3,J. Herbert QB - LAC,7.14,J. Mixon RB - HOU,12.8,R. White RB - TB,23.9,C. Kupp WR - SEA,4.8,C. Lamb WR - DAL,17.1,D. Kincaid TE - BUF,6.1,J. Addison WR - MIN,5.2,J. Tucker K,15.3,Ravens DEF,15.0,T. McBride TE - ARI,2.2,R. Johnson RB - CHI,1.5,L. Fournette RB,0.0,C. McCaffrey RB - SF,0.0,C. Ridley WR - TEN,0.0,B. Aiyuk WR - SF,0.0,,,107.34,Kessi,96.68
2023,9,Simi,1,D. Prescott QB - DAL,28.36,A. Ekeler RB - WAS,19.0,N. Harris RB - LAC,13.6,A. Brown WR - PHI,12.6,A. Cooper WR,19.9,T. Hockenson TE - MIN,6.9,A. Jones RB - MIN,13.9,T. Bass K - BUF,4.4,Saints DEF,13.0,A. Mattison RB - MIA,15.3,M. Pittman WR - IND,6.4,D. Moore WR - CHI,2.4,C. Kirk WR - HOU,0.0,D. Montgomery RB - DET,0.0,T. Lawrence QB - JAX,0.0,D. Achane RB - MIA,0.0,131.66,Tommy,76.82
2023,9,Tommy,6,J. Allen QB - BUF,24.72,D. Swift RB - CHI,7.4,S. Barkley RB - PHI,11.3,J. Chase WR - CIN,4.1,K. Allen WR - LAC,7.7,D. Goedert TE - PHI,5.0,Z. Flowers WR - BAL,1.1,D. Hopkins K,10.5,Vikings DEF,5.0,N. Collins WR - HOU,11.4,D. Foreman RB,8.3,M. Sanders RB - DAL,6.1,K. Pitts TE - ATL,5.6,T. Etienne RB - JAX,0.0,A. St. Brown WR - DET,0.0,,,76.82,Simi,131.66
2023,9,Ritz,2,P. Mahomes QB - KC,15.8,J. Jacobs RB - GB,21.8,D. Henry RB - BAL,16.2,A. Thielen WR - MIN,2.9,M. Evans WR - TB,8.7,D. Njoku TE - CLE,8.6,K. Hunt RB - KC,9.8,Y. Koo K - NYG,19.9,Browns DEF,23.0,T. Tagovailoa QB - MIA,12.42,T. Higgins WR - CIN,11.0,D. Metcalf WR - PIT,5.0,J. Cook RB - BUF,3.9,H. Brown WR - KC,2.4,K. Williams RB - LAR,0.0,49ers DEF,0.0,126.7,Marv,58.74
2023,9,Marv,7,D. Carr QB,16.74,G. Edwards RB,17.2,I. Pacheco RB - KC,6.6,G. Pickens WR - DAL,-0.1,M. Thomas WR,0.0,M. Andrews TE - BAL,8.0,T. Pollard RB - TEN,6.3,H. Butker K - KC,3.0,Bills DEF,1.0,R. Stevenson RB - NE,18.9,K. Osborn WR,1.7,J. Williams RB,1.2,D. Samuel WR - WAS,0.0,J. Jefferson WR - MIN,0.0,J. Williams RB - DAL,0.0,J. Fields QB - NYJ,0.0,58.74,Ritz,126.7
2023,10,Benni,7,L. Jackson QB - BAL,13.02,J. Ford RB - CLE,10.9,A. Kamara RB - NO,11.5,D. Johnson WR,1.7,D. Adams WR - LAR,8.6,D. Schultz TE - HOU,7.1,K. Walker RB - SEA,18.7,B. Aubrey K - DAL,7.0,Cowboys DEF,8.0,C. Godwin WR - TB,5.4,Z. Moss RB,0.2,T. Kelce TE - KC,0.0,R. Mostert RB - LV,0.0,T. Hill WR - MIA,0.0,P. Nacua WR - LAR,0.0,Chiefs DEF,0.0,86.52,Kessi,88.46
2023,10,Kessi,6,W. Levis QB - TEN,5.96,J. Taylor RB - IND,13.5,B. Robinson RB - ATL,16.6,D. Hopkins WR - BAL,2.7,T. McLaurin WR - WAS,3.3,G. Kittle TE - SF,17.6,J. Conner RB - ARI,7.3,D. Carlson K - LV,14.5,Bears DEF,7.0,B. Cooks WR - NO,23.3,G. Wilson WR - NYJ,9.3,G. Davis WR - BUF,7.6,Z. Charbonnet RB - SEA,6.2,J. Hurts QB - PHI,0.0,J. Waddle WR - MIA,0.0,,,88.46,Benni,86.52
2023,10,Simi,3,D. Prescott QB - DAL,37.86,A. Ekeler RB - WAS,17.5,D. Montgomery RB - DET,17.6,A. Cooper WR,9.8,D. Moore WR - CHI,5.9,T. Hockenson TE - MIN,19.4,A. Jones RB - MIN,5.4,T. Bass K - BUF,2.0,Saints DEF,1.0,N. Harris RB - LAC,15.6,C. Kirk WR - HOU,8.4,M. Pittman WR - IND,8.4,A. Mattison RB - MIA,3.3,T. Lawrence QB - JAX,2.1,A. Brown WR - PHI,0.0,D. Achane RB - MIA,0.0,116.46,Ritz,101.04
2023,10,Ritz,5,B. Purdy QB - SF,23.84,J. Jacobs RB - GB,10.7,D. Henry RB - BAL,2.0,A. Thielen WR - MIN,4.2,M. Evans WR - TB,20.3,C. Kmet TE - CHI,4.6,D. Metcalf WR - PIT,9.8,Y. Koo K - NYG,5.6,49ers DEF,20.0,Browns DEF,13.0,J. Cook RB - BUF,10.0,K. Hunt RB - KC,9.2,H. Brown WR - KC,2.8,P. Mahomes QB - KC,0.0,T. Higgins WR - CIN,0.0,K. Williams RB - LAR,0.0,101.04,Simi,116.46
2023,10,Tommy,2,J. Allen QB - BUF,14.38,T. Etienne RB - JAX,4.4,S. Barkley RB - PHI,6.1,J. Chase WR - CIN,18.4,K. Allen WR - LAC,29.5,K. Pitts TE - ATL,3.0,A. St. Brown WR - DET,22.5,D. Hopkins K,14.6,Jets DEF,8.0,D. Foreman RB,15.2,Z. Flowers WR - BAL,7.3,M. Sanders RB - DAL,1.0,D. Goedert TE - PHI,0.0,D. Swift RB - CHI,0.0,N. Collins WR - HOU,0.0,,,120.88,Marv,76.8
2023,10,Marv,8,D. Carr QB,5.4,T. Pollard RB - TEN,5.5,J. Williams RB - DAL,17.0,G. Pickens WR - DAL,4.5,M. Thomas WR,0.9,M. Andrews TE - BAL,4.4,R. Stevenson RB - NE,10.2,J. Myers K - SEA,22.9,Bills DEF,6.0,D. Samuel WR - WAS,11.9,G. Edwards RB,8.8,J. Williams RB,1.0,H. Butker K - KC,0.0,J. Jefferson WR - MIN,0.0,J. Fields QB - NYJ,0.0,I. Pacheco RB - KC,0.0,76.8,Tommy,120.88
2023,10,Erik,1,J. Herbert QB - LAC,28.42,J. Mixon RB - HOU,10.5,C. McCaffrey RB - SF,14.2,B. Aiyuk WR - SF,11.5,C. Lamb WR - DAL,28.5,D. Kincaid TE - BUF,11.1,R. White RB - TB,15.8,J. Tucker K,7.7,Ravens DEF,14.0,K. Mitchell RB - BAL,12.6,J. Addison WR - MIN,6.9,C. Ridley WR - TEN,2.0,L. Fournette RB,0.0,C. Kupp WR - SEA,0.0,T. Tagovailoa QB - MIA,0.0,,,141.72,Juschka,107.18
2023,10,Juschka,4,J. Burrow QB - CIN,19.88,B. Hall RB - NYJ,7.5,B. Robinson RB - SF,21.7,S. Diggs WR - NE,3.4,C. Olave WR - NO,15.4,S. LaPorta TE - DET,4.0,J. Gibbs RB - DET,23.2,M. Gay K - WAS,6.1,Steelers DEF,6.0,J. Downs WR - IND,4.0,D. London WR - ATL,3.6,T. Hill TE - NO,2.3,D. Smith WR - PHI,0.0,K. Gainwell RB - PIT,0.0,K. Herbert RB - NYJ,0.0,,,107.18,Erik,141.72
2023,11,Benni,1,L. Jackson QB - BAL,23.96,J. Jacobs RB - GB,5.1,K. Walker RB - SEA,1.6,T. Hill WR - MIA,20.6,D. Adams WR - LAR,14.2,T. Kelce TE - KC,8.4,D. Singletary RB - NYG,17.8,B. Aubrey K - DAL,9.0,Cowboys DEF,21.0,D. Metcalf WR - PIT,15.4,C. Stroud QB - HOU,15.34,P. Nacua WR - LAR,13.7,Chiefs DEF,7.0,D. Johnson WR,1.6,A. Kamara RB - NO,0.0,,,121.66,Simi,85.46
2023,11,Simi,6,D. Prescott QB - DAL,16.16,A. Ekeler RB - WAS,5.0,D. Montgomery RB - DET,15.8,A. Brown WR - PHI,0.8,D. Moore WR - CHI,15.6,T. Hockenson TE - MIN,5.5,A. Jones RB - MIN,1.7,J. Myers K - SEA,15.9,Commanders DEF,9.0,T. Lawrence QB - JAX,32.18,A. Mattison RB - MIA,6.0,N. Harris RB - LAC,3.6,A. Cooper WR,3.4,D. Achane RB - MIA,0.5,M. Pittman WR - IND,0.0,,,85.46,Benni,121.66
2023,11,Kessi,5,J. Hurts QB - PHI,18.9,J. Conner RB - ARI,6.3,J. Warren RB - PIT,20.5,D. Hopkins WR - BAL,11.9,T. McLaurin WR - WAS,4.3,G. Kittle TE - SF,14.9,J. Waddle WR - MIA,5.5,D. Carlson K - LV,9.1,Bears DEF,9.0,Z. Charbonnet RB - SEA,6.9,B. Cooks WR - NO,4.2,J. Taylor RB - IND,0.0,G. Davis WR - BUF,0.0,B. Robinson RB - ATL,0.0,G. Wilson WR - NYJ,-1.1,,,100.4,Ritz,77.58
2023,11,Ritz,7,P. Mahomes QB - KC,16.88,J. Ford RB - CLE,9.9,D. Henry RB - BAL,4.4,T. Boyd WR,2.2,M. Evans WR - TB,10.3,D. Njoku TE - CLE,5.6,R. Mostert RB - LV,9.3,E. McPherson K - CIN,10.0,49ers DEF,9.0,A. Thielen WR - MIN,7.4,D. Foreman RB,7.4,N. Collins WR - HOU,6.5,K. Hunt RB - KC,3.7,H. Brown WR - KC,1.2,T. Higgins WR - CIN,0.0,K. Williams RB - LAR,0.0,77.58,Kessi,100.4
2023,11,Tommy,2,J. Allen QB - BUF,22.5,T. Etienne RB - JAX,5.9,S. Barkley RB - PHI,26.0,J. Chase WR - CIN,7.2,K. Allen WR - LAC,17.6,J. Ferguson TE - DAL,3.2,A. St. Brown WR - DET,13.7,D. Hopkins K,7.4,Browns DEF,7.0,C. Ridley WR - TEN,24.1,D. Swift RB - CHI,16.7,J. Cook RB - BUF,16.2,Z. Flowers WR - BAL,5.0,Jets DEF,2.0,D. Goedert TE - PHI,0.0,,,110.5,Juschka,77.14
2023,11,Juschka,8,J. Burrow QB - CIN,8.74,J. Gibbs RB - DET,15.5,B. Robinson RB - SF,13.2,S. Diggs WR - NE,2.7,D. Smith WR - PHI,9.9,S. LaPorta TE - DET,3.8,B. Hall RB - NYJ,13.3,M. Ammendola K,3.0,Steelers DEF,7.0,S. Howell QB - PHI,17.74,T. Lockett WR - TEN,5.1,K. Herbert RB - NYJ,4.1,M. Gay K - WAS,0.0,C. Olave WR - NO,0.0,J. Downs WR - IND,0.0,,,77.14,Tommy,110.5
2023,11,Erik,4,J. Herbert QB - LAC,25.7,J. Mixon RB - HOU,16.0,C. McCaffrey RB - SF,16.3,C. Kupp WR - SEA,1.1,C. Lamb WR - DAL,10.5,D. Kincaid TE - BUF,4.6,T. Pollard RB - TEN,14.0,J. Tucker K,11.7,Ravens DEF,6.0,J. Goff QB - DET,13.74,C. Sutton WR - DEN,12.6,R. White RB - TB,11.8,Eagles DEF,6.0,J. Addison WR - MIN,4.4,T. McBride TE - ARI,4.3,J. Jefferson WR - MIN,0.0,105.9,Marv,110.3
2023,11,Marv,3,T. Tagovailoa QB - MIA,17.6,I. Pacheco RB - KC,9.1,J. Williams RB - DAL,5.3,B. Aiyuk WR - SF,21.6,D. Samuel WR - WAS,6.2,M. Andrews TE - BAL,2.3,T. Dell WR - HOU,20.9,H. Butker K - KC,6.3,Bills DEF,21.0,J. Fields QB - NYJ,21.16,G. Edwards RB,19.0,R. Freeman RB,7.3,K. Mitchell RB - BAL,4.1,G. Pickens WR - DAL,3.7,T. Hill TE - NO,0.0,R. Stevenson RB - NE,0.0,110.3,Erik,105.9
2023,12,Benni,5,L. Jackson QB - BAL,14.98,J. Jacobs RB - GB,18.5,A. Kamara RB - NO,11.9,T. Hill WR - MIA,16.4,P. Nacua WR - LAR,2.7,T. Kelce TE - KC,9.1,D. Adams WR - LAR,7.3,B. Aubrey K - DAL,9.2,Cowboys DEF,16.0,C. Stroud QB - HOU,30.86,D. Singletary RB - NYG,7.2,D. Johnson WR,5.0,D. Metcalf WR - PIT,3.2,Chiefs DEF,2.0,K. Walker RB - SEA,0.0,,,106.08,Marv,99.38
2023,12,Marv,6,J. Fields QB - NYJ,10.58,I. Pacheco RB - KC,20.9,R. Stevenson RB - NE,16.7,B. Aiyuk WR - SF,11.0,T. Dell WR - HOU,12.2,T. Hill TE - NO,6.1,G. Edwards RB,3.7,H. Butker K - KC,7.2,Vikings DEF,11.0,D. Samuel WR - WAS,15.4,K. Mitchell RB - BAL,8.9,T. Tagovailoa QB - MIA,7.82,J. Williams RB - DAL,7.1,G. Pickens WR - DAL,5.8,Bills DEF,2.0,,,99.38,Benni,106.08
2023,12,Kessi,4,J. Hurts QB - PHI,34.5,J. Taylor RB - IND,21.1,B. Robinson RB - ATL,24.3,J. Waddle WR - MIA,11.4,D. Hopkins WR - BAL,4.9,G. Kittle TE - SF,1.9,J. Conner RB - ARI,3.2,D. Carlson K - LV,5.4,Bears DEF,14.0,G. Davis WR - BUF,16.5,B. Cooks WR - NO,13.2,G. Wilson WR - NYJ,10.4,Z. Charbonnet RB - SEA,5.8,T. McLaurin WR - WAS,5.0,J. Warren RB - PIT,4.2,,,120.7,Tommy,92.76
2023,12,Tommy,7,J. Allen QB - BUF,39.66,T. Etienne RB - JAX,8.6,S. Barkley RB - PHI,5.2,J. Chase WR - CIN,8.1,K. Allen WR - LAC,8.6,J. Ferguson TE - DAL,3.5,A. St. Brown WR - DET,9.5,D. Hopkins K,6.6,Browns DEF,3.0,Z. Flowers WR - BAL,18.2,C. Ridley WR - TEN,16.9,Jets DEF,13.0,B. Purdy QB - SF,10.46,J. Cook RB - BUF,10.0,D. Swift RB - CHI,8.4,,,92.76,Kessi,120.7
2023,12,Simi,2,D. Prescott QB - DAL,32.24,A. Ekeler RB - WAS,4.4,D. Montgomery RB - DET,15.1,A. Brown WR - PHI,9.7,D. Moore WR - CHI,11.4,T. Hockenson TE - MIN,11.0,N. Harris RB - LAC,15.9,J. Myers K - SEA,9.1,Broncos DEF,16.0,T. Lawrence QB - JAX,24.56,M. Pittman WR - IND,10.7,A. Mattison RB - MIA,6.3,A. Cooper WR,1.6,A. Jones RB - MIN,0.0,D. Achane RB - MIA,0.0,,,124.84,Erik,124.54
2023,12,Erik,3,K. Murray QB - ARI,20.44,T. Pollard RB - TEN,16.3,C. McCaffrey RB - SF,25.9,C. Kupp WR - SEA,1.8,C. Lamb WR - DAL,13.3,D. Kincaid TE - BUF,3.8,R. White RB - TB,11.0,J. Tucker K,11.0,Dolphins DEF,21.0,J. Herbert QB - LAC,13.38,C. Sutton WR - DEN,6.1,J. Mixon RB - HOU,6.0,T. McBride TE - ARI,6.0,J. Addison WR - MIN,3.9,Eagles DEF,2.0,J. Jefferson WR - MIN,0.0,124.54,Simi,124.84
2023,12,Ritz,1,P. Mahomes QB - KC,20.82,R. Mostert RB - LV,21.4,D. Henry RB - BAL,19.6,C. Kirk WR - HOU,8.9,M. Evans WR - TB,19.0,D. Njoku TE - CLE,5.9,K. Williams RB - LAR,32.4,J. Elliott K - PHI,9.9,49ers DEF,14.0,N. Collins WR - HOU,16.4,J. Ford RB - CLE,7.9,K. Hunt RB - KC,2.2,A. Thielen WR - MIN,0.2,D. Foreman RB,0.0,T. Higgins WR - CIN,0.0,,,151.92,Juschka,86.4
2023,12,Juschka,8,S. Howell QB - PHI,17.3,J. Gibbs RB - DET,7.3,B. Robinson RB - SF,6.4,S. Diggs WR - NE,13.4,C. Olave WR - NO,11.4,S. LaPorta TE - DET,12.7,B. Hall RB - NYJ,4.9,M. Ammendola K,3.0,Steelers DEF,10.0,D. Smith WR - PHI,16.6,M. Gay K - WAS,11.2,J. Reed WR - GB,11.0,J. Downs WR - IND,4.3,K. Herbert RB - NYJ,3.8,T. Lockett WR - TEN,3.0,,,86.4,Ritz,151.92
2023,13,Benni,1,C. Stroud QB - HOU,16.06,D. Singletary RB - NYG,4.0,A. Kamara RB - NO,22.9,T. Hill WR - MIA,27.3,D. Metcalf WR - PIT,31.4,T. Kelce TE - KC,8.1,P. Nacua WR - LAR,19.9,B. Aubrey K - DAL,16.1,Cowboys DEF,-1.0,D. Johnson WR,9.3,Chiefs DEF,2.0,D. Adams WR - LAR,0.0,L. Jackson QB - BAL,0.0,J. Jacobs RB - GB,0.0,K. Walker RB - SEA,0.0,,,144.76,Tommy,103.38
2023,13,Tommy,6,B. Purdy QB - SF,29.46,T. Etienne RB - JAX,13.9,D. Swift RB - CHI,2.0,J. Chase WR - CIN,20.62,K. Allen WR - LAC,5.8,J. Ferguson TE - DAL,13.7,A. St. Brown WR - DET,10.9,D. Hopkins K,8.0,Browns DEF,-1.0,Jets DEF,9.0,C. Ridley WR - TEN,3.3,S. Barkley RB - PHI,0.0,J. Allen QB - BUF,0.0,J. Cook RB - BUF,0.0,Z. Flowers WR - BAL,0.0,,,103.38,Benni,144.76
2023,13,Kessi,8,J. Hurts QB - PHI,23.92,J. Conner RB - ARI,22.5,B. Robinson RB - ATL,7.9,J. Waddle WR - MIA,5.2,T. McLaurin WR - WAS,0.0,G. Kittle TE - SF,6.8,B. Cooks WR - NO,12.5,J. Sanders K - MIA,10.9,Bears DEF,0.0,Z. Charbonnet RB - SEA,15.9,D. Hopkins WR - BAL,13.9,J. Warren RB - PIT,5.5,G. Wilson WR - NYJ,5.0,J. Taylor RB - IND,0.0,G. Davis WR - BUF,0.0,,,89.72,Marv,110.0
2023,13,Marv,5,T. Tagovailoa QB - MIA,19.2,I. Pacheco RB - KC,18.3,R. Stevenson RB - NE,1.9,B. Aiyuk WR - SF,10.6,D. Samuel WR - WAS,31.8,T. Hill TE - NO,13.4,J. Williams RB - DAL,7.0,H. Butker K - KC,7.8,Vikings DEF,0.0,G. Pickens WR - DAL,8.6,G. Edwards RB,0.0,J. Fields QB - NYJ,0.0,T. Dell WR - HOU,0.0,K. Mitchell RB - BAL,0.0,Bills DEF,0.0,,,110.0,Kessi,89.72
2023,13,Simi,4,D. Prescott QB - DAL,28.26,A. Ekeler RB - WAS,2.7,N. Harris RB - LAC,7.7,A. Brown WR - PHI,11.4,M. Pittman WR - IND,16.5,E. Engram TE - DEN,14.2,D. Achane RB - MIA,22.3,B. McManus K - GB,8.0,Buccaneers DEF,7.0,T. Lawrence QB - JAX,25.12,D. Montgomery RB - DET,11.5,A. Cooper WR,3.4,L. Thomas TE,2.0,A. Jones RB - MIN,0.0,D. Moore WR - CHI,0.0,T. Hockenson TE - MIN,0.0,118.06,Juschka,98.48
2023,13,Juschka,7,S. Howell QB - PHI,19.18,J. Gibbs RB - DET,5.4,B. Robinson RB - SF,5.3,D. Smith WR - PHI,15.6,C. Olave WR - NO,11.9,S. LaPorta TE - DET,20.0,B. Hall RB - NYJ,4.5,M. Gay K - WAS,14.6,Steelers DEF,2.0,T. Lockett WR - TEN,4.7,J. Reed WR - GB,1.6,J. Downs WR - IND,1.4,S. Diggs WR - NE,0.0,K. Herbert RB - NYJ,0.0,,,,,98.48,Simi,118.06
2023,13,Ritz,2,P. Mahomes QB - KC,13.0,R. Mostert RB - LV,11.1,D. Henry RB - BAL,24.0,N. Collins WR - HOU,25.1,M. Evans WR - TB,22.2,D. Njoku TE - CLE,1.7,K. Williams RB - LAR,17.2,J. Elliott K - PHI,7.9,49ers DEF,4.0,J. Ford RB - CLE,11.2,A. Dillon RB - PHI,8.7,T. Higgins WR - CIN,3.6,C. Kirk WR - HOU,2.6,A. Thielen WR - MIN,2.5,D. Foreman RB,0.0,,,126.2,Erik,121.58
2023,13,Erik,3,J. Herbert QB - LAC,7.98,T. Pollard RB - TEN,14.3,C. McCaffrey RB - SF,19.3,C. Kupp WR - SEA,9.9,C. Lamb WR - DAL,20.6,T. McBride TE - ARI,14.9,R. White RB - TB,16.6,J. Moody K - CHI,6.0,Dolphins DEF,12.0,J. Mixon RB - HOU,23.7,K. Murray QB - ARI,11.8,Z. Moss RB,5.7,D. Kincaid TE - BUF,0.0,J. Tucker K,0.0,J. Jefferson WR - MIN,0.0,Eagles DEF,-2.0,121.58,Ritz,126.2
2023,14,Benni,3,L. Jackson QB - BAL,31.64,J. Jacobs RB - GB,5.0,A. Kamara RB - NO,10.5,T. Hill WR - MIA,6.1,D. Adams WR - LAR,5.3,T. Kelce TE - KC,8.3,C. Hubbard RB - CAR,9.6,B. Aubrey K - DAL,24.4,Texans DEF,5.0,D. Metcalf WR - PIT,11.2,Cowboys DEF,11.0,P. Nacua WR - LAR,9.0,Chiefs DEF,6.0,K. Walker RB - SEA,5.4,C. Stroud QB - HOU,3.64,,,105.84,Ritz,106.84
2023,14,Ritz,2,P. Mahomes QB - KC,13.64,R. Mostert RB - LV,22.0,D. Henry RB - BAL,17.1,N. Collins WR - HOU,1.3,M. Evans WR - TB,0.8,D. Njoku TE - CLE,21.1,K. Williams RB - LAR,11.3,J. Elliott K - PHI,10.6,49ers DEF,9.0,J. Ford RB - CLE,8.2,A. Dillon RB - PHI,7.8,A. Thielen WR - MIN,7.4,D. Foreman RB,7.2,T. Higgins WR - CIN,7.2,C. Edwards-Helaire RB - KC,6.8,C. Kirk WR - HOU,0.0,106.84,Benni,105.84
2023,14,Kessi,4,J. Hurts QB - PHI,8.88,J. Warren RB - PIT,4.0,B. Robinson RB - ATL,14.8,J. Waddle WR - MIA,7.9,D. Hopkins WR - BAL,18.4,G. Kittle TE - SF,13.6,B. Cooks WR - NO,3.7,J. Sanders K - MIA,9.1,Bears DEF,14.0,G. Wilson WR - NYJ,11.1,Z. Charbonnet RB - SEA,4.8,J. Conner RB - ARI,0.0,T. McLaurin WR - WAS,0.0,J. Taylor RB - IND,0.0,G. Davis WR - BUF,0.0,,,94.38,Simi,93.04
2023,14,Simi,6,D. Prescott QB - DAL,17.94,A. Ekeler RB - WAS,16.0,D. Achane RB - MIA,7.1,A. Brown WR - PHI,7.4,D. Moore WR - CHI,20.8,T. Hockenson TE - MIN,5.3,D. Montgomery RB - DET,8.5,B. McManus K - GB,3.0,Ravens DEF,7.0,T. Lawrence QB - JAX,17.38,M. Pittman WR - IND,11.5,Colts DEF,7.0,A. Cooper WR,5.7,N. Harris RB - LAC,4.8,A. Jones RB - MIN,0.0,,,93.04,Kessi,94.38
2023,14,Tommy,1,J. Allen QB - BUF,20.52,T. Etienne RB - JAX,13.2,S. Barkley RB - PHI,20.1,A. St. Brown WR - DET,2.1,K. Allen WR - LAC,6.8,J. Ferguson TE - DAL,7.2,J. Cook RB - BUF,20.1,D. Hopkins K,9.5,Browns DEF,12.0,B. Purdy QB - SF,21.42,Z. Flowers WR - BAL,14.0,Jets DEF,12.0,C. Ridley WR - TEN,5.3,D. Swift RB - CHI,3.9,J. Chase WR - CIN,2.9,,,111.52,Erik,85.24
2023,14,Erik,7,J. Herbert QB - LAC,1.84,Z. Moss RB,5.6,C. McCaffrey RB - SF,15.3,J. Jefferson WR - MIN,2.7,C. Lamb WR - DAL,13.1,D. Kincaid TE - BUF,2.1,R. White RB - TB,19.5,J. Tucker K,13.1,Dolphins DEF,12.0,J. Mixon RB - HOU,18.5,C. Kupp WR - SEA,17.5,Eagles DEF,10.0,T. Pollard RB - TEN,9.6,K. Murray QB - ARI,0.0,T. McBride TE - ARI,0.0,,,85.24,Tommy,111.52
2023,14,Juschka,8,J. Love QB - GB,8.92,J. Gibbs RB - DET,14.2,B. Hall RB - NYJ,18.6,D. Smith WR - PHI,5.3,C. Olave WR - NO,8.8,S. LaPorta TE - DET,2.7,S. Diggs WR - NE,2.4,M. Gay K - WAS,0.0,Steelers DEF,4.0,J. Reed WR - GB,12.5,T. Lockett WR - TEN,8.9,J. Downs WR - IND,3.2,K. Herbert RB - NYJ,0.8,B. Robinson RB - SF,0.0,S. Howell QB - PHI,0.0,,,64.92,Marv,94.2
2023,14,Marv,5,T. Tagovailoa QB - MIA,9.1,K. Mitchell RB - BAL,6.2,J. Williams RB - DAL,15.1,B. Aiyuk WR - SF,10.6,D. Samuel WR - WAS,27.0,D. Goedert TE - PHI,3.0,C. Sutton WR - DEN,12.2,H. Butker K - KC,5.0,Bills DEF,6.0,J. Fields QB - NYJ,24.72,G. Pickens WR - DAL,1.9,G. Edwards RB,1.5,T. Hill TE - NO,0.0,R. Stevenson RB - NE,0.0,I. Pacheco RB - KC,0.0,,,94.2,Juschka,64.92
2023,15,Benni,7,L. Jackson QB - BAL,18.54,E. Elliott RB,4.6,A. Kamara RB - NO,11.0,D. Metcalf WR - PIT,7.8,P. Nacua WR - LAR,5.3,T. Kelce TE - KC,2.8,C. Hubbard RB - CAR,10.3,B. Aubrey K - DAL,4.2,Chiefs DEF,7.0,K. Walker RB - SEA,17.2,D. Adams WR - LAR,16.1,T. Hill WR - MIA,0.0,J. Jacobs RB - GB,0.0,Cowboys DEF,0.0,Broncos DEF,-2.0,,,71.54,Tommy,109.56
2023,15,Tommy,2,J. Allen QB - BUF,16.16,T. Etienne RB - JAX,5.9,S. Barkley RB - PHI,3.7,A. St. Brown WR - DET,17.2,J. Chase WR - CIN,6.4,J. Ferguson TE - DAL,4.4,J. Cook RB - BUF,34.1,D. Hopkins K,8.7,Browns DEF,13.0,B. Purdy QB - SF,25.68,D. Swift RB - CHI,7.5,C. Ridley WR - TEN,3.9,Jets DEF,2.0,Z. Flowers WR - BAL,0.7,K. Allen WR - LAC,0.0,,,109.56,Benni,71.54
2023,15,Kessi,4,J. Hurts QB - PHI,21.92,J. Conner RB - ARI,14.9,B. Robinson RB - ATL,-0.6,J. Waddle WR - MIA,20.2,D. Hopkins WR - BAL,2.1,G. Kittle TE - SF,5.4,Z. Charbonnet RB - SEA,1.6,J. Sanders K - MIA,13.2,Bears DEF,17.0,T. McLaurin WR - WAS,20.1,J. Warren RB - PIT,6.8,G. Wilson WR - NYJ,2.9,B. Cooks WR - NO,1.0,J. Taylor RB - IND,0.0,G. Davis WR - BUF,0.0,,,95.72,Marv,75.96
2023,15,Marv,6,T. Tagovailoa QB - MIA,12.96,K. Mitchell RB - BAL,8.8,J. Williams RB - DAL,2.0,B. Aiyuk WR - SF,3.7,D. Samuel WR - WAS,17.9,D. Goedert TE - PHI,3.1,C. Sutton WR - DEN,7.1,H. Butker K - KC,11.4,Bills DEF,9.0,G. Edwards RB,12.9,J. Fields QB - NYJ,9.64,G. Pickens WR - DAL,4.7,T. Hill TE - NO,0.5,R. Stevenson RB - NE,0.0,I. Pacheco RB - KC,0.0,,,75.96,Kessi,95.72
2023,15,Simi,8,D. Prescott QB - DAL,6.06,A. Ekeler RB - WAS,3.8,D. Montgomery RB - DET,8.2,A. Brown WR - PHI,5.6,D. Moore WR - CHI,5.2,T. Hockenson TE - MIN,6.3,D. Achane RB - MIA,6.2,B. McManus K - GB,1.0,Ravens DEF,9.0,A. Cooper WR,16.9,T. Lawrence QB - JAX,14.66,Colts DEF,14.0,M. Pittman WR - IND,7.8,A. Jones RB - MIN,6.9,N. Harris RB - LAC,1.3,,,51.36,Erik,156.42
2023,15,Erik,1,M. Stafford QB - LAR,18.52,R. White RB - TB,19.9,C. McCaffrey RB - SF,36.7,C. Kupp WR - SEA,17.1,C. Lamb WR - DAL,11.6,T. McBride TE - ARI,10.2,T. Pollard RB - TEN,5.7,J. Tucker K,12.7,Dolphins DEF,24.0,K. Murray QB - ARI,13.34,J. Mixon RB - HOU,12.1,Z. Moss RB,9.3,J. Jefferson WR - MIN,8.4,Eagles DEF,3.0,D. Kincaid TE - BUF,0.0,,,156.42,Simi,51.36
2023,15,Ritz,3,P. Mahomes QB - KC,15.7,R. Mostert RB - LV,16.3,D. Henry RB - BAL,1.0,D. London WR - ATL,2.4,M. Evans WR - TB,11.7,D. Njoku TE - CLE,16.4,K. Williams RB - LAR,19.5,J. Elliott K - PHI,5.0,49ers DEF,12.0,T. Higgins WR - CIN,18.1,J. Palmer WR - BUF,17.3,J. Ford RB - CLE,3.1,C. Kirk WR - HOU,0.0,A. Dillon RB - PHI,0.0,N. Collins WR - HOU,0.0,D. Foreman RB,-0.6,100.0,Juschka,92.78
2023,15,Juschka,5,S. Howell QB - PHI,8.28,J. Gibbs RB - DET,22.8,B. Hall RB - NYJ,1.8,S. Diggs WR - NE,4.8,J. Reed WR - GB,11.2,S. LaPorta TE - DET,23.6,D. Smith WR - PHI,5.0,M. Gay K - WAS,13.3,Steelers DEF,2.0,J. Love QB - GB,17.46,T. Lockett WR - TEN,2.1,J. Downs WR - IND,1.9,K. Herbert RB - NYJ,1.2,C. Olave WR - NO,0.0,B. Robinson RB - SF,0.0,,,92.78,Ritz,100.0
2023,16,Benni,6,L. Jackson QB - BAL,22.58,E. Elliott RB,12.0,A. Kamara RB - NO,3.5,T. Hill WR - MIA,9.9,D. Metcalf WR - PIT,11.6,T. Kelce TE - KC,4.4,K. Walker RB - SEA,5.6,B. Aubrey K - DAL,9.6,Broncos DEF,5.0,P. Nacua WR - LAR,24.0,C. Hubbard RB - CAR,11.1,Chiefs DEF,6.0,Cowboys DEF,1.0,D. Adams WR - LAR,0.4,N. Chubb RB - HOU,0.0,J. Jacobs RB - GB,0.0,84.18,Simi,72.72
2023,16,Simi,7,D. Prescott QB - DAL,18.62,A. Ekeler RB - WAS,8.6,D. Montgomery RB - DET,12.9,A. Brown WR - PHI,8.0,D. Moore WR - CHI,1.8,T. Hockenson TE - MIN,5.8,A. Jones RB - MIN,13.5,E. McPherson K - CIN,3.5,Colts DEF,0.0,A. Cooper WR,40.5,Ravens DEF,15.0,N. Harris RB - LAC,13.8,T. Lawrence QB - JAX,9.34,D. Achane RB - MIA,3.1,M. Pittman WR - IND,0.0,,,72.72,Benni,84.18
2023,16,Kessi,4,J. Hurts QB - PHI,23.44,J. Conner RB - ARI,17.2,B. Robinson RB - ATL,12.2,J. Waddle WR - MIA,5.2,D. Hopkins WR - BAL,2.0,G. Kittle TE - SF,12.6,T. McLaurin WR - WAS,5.0,J. Sanders K - MIA,23.8,Bears DEF,3.0,G. Davis WR - BUF,19.0,J. Taylor RB - IND,10.3,B. Cooks WR - NO,8.3,G. Wilson WR - NYJ,6.8,J. Warren RB - PIT,5.4,Z. Charbonnet RB - SEA,-0.4,,,104.44,Ritz,136.18
2023,16,Ritz,1,P. Mahomes QB - KC,16.7,K. Williams RB - LAR,16.4,D. Henry RB - BAL,20.38,T. Higgins WR - CIN,20.0,M. Evans WR - TB,20.6,D. Njoku TE - CLE,10.4,R. Mostert RB - LV,11.0,J. Elliott K - PHI,17.7,49ers DEF,3.0,N. Collins WR - HOU,9.8,J. Ford RB - CLE,8.3,A. Dillon RB - PHI,7.2,J. Palmer WR - BUF,4.7,D. London WR - ATL,3.9,D. Foreman RB,0.0,C. Kirk WR - HOU,0.0,136.18,Kessi,104.44
2023,16,Tommy,5,J. Allen QB - BUF,24.98,T. Etienne RB - JAX,3.1,S. Barkley RB - PHI,16.4,A. St. Brown WR - DET,16.6,R. Rice WR - KC,5.7,J. Ferguson TE - DAL,4.5,J. Cook RB - BUF,5.0,D. Hopkins K,2.0,Browns DEF,7.0,C. Ridley WR - TEN,19.8,D. Swift RB - CHI,15.2,Z. Flowers WR - BAL,13.2,Jets DEF,6.0,B. Purdy QB - SF,2.4,J. Chase WR - CIN,0.0,,,85.28,Erik,120.32
2023,16,Erik,3,M. Stafford QB - LAR,20.72,R. White RB - TB,13.7,T. Pollard RB - TEN,4.3,J. Jefferson WR - MIN,20.1,C. Lamb WR - DAL,19.2,T. McBride TE - ARI,3.1,C. McCaffrey RB - SF,19.1,J. Tucker K,16.1,Eagles DEF,4.0,K. Murray QB - ARI,20.4,J. Mixon RB - HOU,7.0,Dolphins DEF,7.0,C. Kupp WR - SEA,4.9,D. Kincaid TE - BUF,0.7,Z. Moss RB,0.0,,,120.32,Tommy,85.28
2023,16,Juschka,2,B. Mayfield QB - TB,19.82,J. Gibbs RB - DET,20.0,B. Hall RB - NYJ,31.1,S. Diggs WR - NE,2.9,C. Olave WR - NO,14.3,S. LaPorta TE - DET,1.8,D. Smith WR - PHI,13.9,M. Gay K - WAS,4.3,Steelers DEF,13.0,J. Love QB - GB,23.96,K. Herbert RB - NYJ,18.1,T. Lockett WR - TEN,8.1,J. Reed WR - GB,0.0,B. Robinson RB - SF,0.0,S. Howell QB - PHI,-1.76,,,121.12,Marv,68.0
2023,16,Marv,8,J. Fields QB - NYJ,24.5,G. Edwards RB,13.0,I. Pacheco RB - KC,6.6,B. Aiyuk WR - SF,11.3,D. Samuel WR - WAS,5.4,T. Hill TE - NO,0.2,C. Sutton WR - DEN,0.0,H. Butker K - KC,2.0,Bills DEF,5.0,G. Pickens WR - DAL,31.5,T. Tagovailoa QB - MIA,15.52,J. Williams RB - DAL,7.9,D. Goedert TE - PHI,7.1,R. Stevenson RB - NE,0.0,K. Mitchell RB - BAL,0.0,,,68.0,Juschka,121.12
2024,1,Benni,4,J. Hurts QB - PHI,16.42,B. Robinson RB - ATL,11.1,J. Gibbs RB - DET,13.4,B. Aiyuk WR - SF,2.8,J. Waddle WR - MIA,11.2,S. LaPorta TE - DET,4.5,D. Singletary RB - NYG,5.2,J. Elliott K - PHI,10.8,Bears DEF,22.0,J. Love QB - GB,16.4,M. Nabers WR - NYG,6.6,T. Dell WR - HOU,5.9,T. Spears RB - TEN,3.2,J. Williams RB - DAL,2.3,Jets DEF,2.0,T. Higgins WR - CIN,0.0,97.42,Kessi,93.84
2024,1,Kessi,6,P. Mahomes QB - KC,14.14,D. Montgomery RB - DET,15.3,J. Taylor RB - IND,10.8,J. Chase WR - CIN,6.2,C. Olave WR - NO,1.1,G. Kittle TE - SF,4.0,C. Kupp WR - SEA,18.0,B. Aubrey K - DAL,22.3,Browns DEF,2.0,T. Pollard RB - TEN,15.4,Z. Moss RB,12.1,N. Harris RB - LAC,7.9,C. Ridley WR - TEN,5.0,B. Corum RB - LAR,0.0,H. Brown WR - KC,0.0,,,93.84,Benni,97.42
2024,1,Simi,7,C. Stroud QB - HOU,18.66,D. Henry RB - BAL,10.6,J. Jacobs RB - GB,10.4,C. Lamb WR - DAL,8.6,M. Evans WR - TB,18.1,D. Kincaid TE - BUF,1.1,D. Samuel WR - WAS,13.7,E. McPherson K - CIN,6.1,Ravens DEF,4.0,J. Reed WR - GB,29.1,R. Stevenson RB - NE,18.6,E. Elliott RB,10.9,D. Moore WR - CHI,5.0,Z. White RB - LV,2.6,D. Hopkins WR - BAL,0.8,,,91.26,Tommy,117.92
2024,1,Tommy,2,L. Jackson QB - BAL,25.12,S. Barkley RB - PHI,31.2,A. Jones RB - MIN,16.9,A. St. Brown WR - DET,1.3,N. Collins WR - HOU,11.7,T. Kelce TE - KC,3.4,A. Kamara RB - NO,17.0,H. Butker K - KC,9.3,Bengals DEF,2.0,D. Smith WR - PHI,8.4,A. Ekeler RB - WAS,6.2,B. Bowers TE - LV,5.8,K. Allen WR - LAC,2.9,J. Warren RB - PIT,2.0,J. Palmer WR - BUF,1.5,,,117.92,Simi,91.26
2024,1,Ritz,3,J. Burrow QB - CIN,8.06,K. Walker RB - SEA,16.9,I. Pacheco RB - KC,13.8,T. Hill WR - MIA,19.0,S. Diggs WR - NE,15.9,M. Andrews TE - BAL,1.4,K. Williams RB - LAR,11.4,J. Tucker K,8.2,49ers DEF,6.0,X. Worthy WR - KC,18.8,J. Herbert QB - LAC,10.36,R. Rice WR - KC,10.3,J. Addison WR - MIN,3.5,D. Metcalf WR - PIT,2.9,C. Hubbard RB - CAR,1.4,J. Brooks RB - CAR,0.0,100.66,Marv,128.98
2024,1,Marv,1,J. Allen QB - BUF,31.18,B. Hall RB - NYJ,13.3,R. White RB - TB,10.6,A. Brown WR - PHI,17.9,D. Adams WR - LAR,5.9,K. Pitts TE - ATL,8.6,J. Cook RB - BUF,10.3,K. Fairbairn K - HOU,17.2,Saints DEF,14.0,A. Richardson QB - IND,26.08,Z. Flowers WR - BAL,5.1,C. Sutton WR - DEN,3.8,R. Dowdle RB - CAR,3.2,T. McLaurin WR - WAS,1.7,N. Chubb RB - HOU,0.0,,,128.98,Ritz,100.66
2024,1,Erik,5,K. Murray QB - ARI,14.18,J. Mason RB - MIN,21.2,J. Mixon RB - HOU,23.8,A. Cooper WR,1.6,M. Harrison WR - ARI,0.4,T. McBride TE - ARI,3.0,P. Nacua WR - LAR,4.2,J. Sanders K - MIA,10.9,Cowboys DEF,17.0,C. Godwin WR - TB,14.3,J. Ford RB - CLE,12.9,G. Pickens WR - DAL,7.5,G. Edwards RB,2.8,C. Brown RB - CIN,2.3,R. Mostert RB - LV,1.9,C. McCaffrey RB - SF,0.0,96.28,Juschka,74.56
2024,1,Juschka,8,D. Prescott QB - DAL,11.46,T. Etienne RB - JAX,9.9,J. Conner RB - ARI,16.3,J. Jefferson WR - MIN,11.9,G. Wilson WR - NYJ,6.0,J. Ferguson TE - DAL,1.5,D. London WR - ATL,1.5,Y. Koo K - NYG,4.0,Steelers DEF,12.0,T. Tagovailoa QB - MIA,18.62,D. Achane RB - MIA,16.0,B. Robinson RB - SF,14.9,D. Swift RB - CHI,5.0,M. Pittman WR - IND,3.1,C. Kirk WR - HOU,3.0,,,74.56,Erik,96.28
2024,2,Benni,8,J. Hurts QB - PHI,23.82,B. Robinson RB - ATL,12.2,J. Gibbs RB - DET,10.6,B. Aiyuk WR - SF,4.3,J. Waddle WR - MIA,4.5,S. LaPorta TE - DET,1.3,D. Singletary RB - NYG,13.5,J. Elliott K - PHI,7.0,Jets DEF,9.0,M. Nabers WR - NYG,18.7,J. Daniels QB - WAS,13.44,J. Williams WR - DET,9.4,J. Williams RB - DAL,6.5,T. Dell WR - HOU,1.3,T. Higgins WR - CIN,0.0,,,86.22,Marv,125.46
2024,2,Marv,2,J. Allen QB - BUF,9.76,B. Hall RB - NYJ,17.4,J. Cook RB - BUF,27.5,T. McLaurin WR - WAS,2.2,D. Adams WR - LAR,17.0,K. Pitts TE - ATL,2.0,J. Dobbins RB - DEN,19.1,K. Fairbairn K - HOU,22.5,Saints DEF,8.0,Z. Flowers WR - BAL,15.1,A. Richardson QB - IND,9.86,R. White RB - TB,2.3,J. Wilson RB - MIA,1.2,N. Chubb RB - HOU,0.0,A. Brown WR - PHI,0.0,,,125.46,Benni,86.22
2024,2,Kessi,6,P. Mahomes QB - KC,12.94,D. Montgomery RB - DET,13.0,J. Taylor RB - IND,13.5,C. Kupp WR - SEA,3.7,C. Olave WR - NO,8.8,G. Kittle TE - SF,13.6,J. Chase WR - CIN,3.5,B. Aubrey K - DAL,18.8,Browns DEF,10.0,C. Ridley WR - TEN,20.7,T. Pollard RB - TEN,10.2,N. Harris RB - LAC,7.4,Z. Moss RB,4.7,B. Corum RB - LAR,2.8,H. Brown WR - KC,0.0,,,97.84,Ritz,93.02
2024,2,Ritz,7,J. Burrow QB - CIN,17.22,K. Williams RB - LAR,11.2,I. Pacheco RB - KC,11.1,T. Hill WR - MIA,3.6,S. Diggs WR - NE,3.7,M. Andrews TE - BAL,5.1,D. Metcalf WR - PIT,18.9,J. Tucker K,14.2,49ers DEF,8.0,R. Rice WR - KC,13.5,J. Herbert QB - LAC,11.0,C. Hubbard RB - CAR,7.6,X. Worthy WR - KC,2.2,J. Brooks RB - CAR,0.0,K. Walker RB - SEA,0.0,J. Addison WR - MIN,0.0,93.02,Kessi,97.84
2024,2,Simi,5,C. Stroud QB - HOU,14.3,D. Henry RB - BAL,15.6,J. Jacobs RB - GB,13.1,C. Lamb WR - DAL,15.0,M. Evans WR - TB,4.2,D. Kincaid TE - BUF,3.3,D. Samuel WR - WAS,10.0,E. McPherson K - CIN,17.4,Ravens DEF,7.0,R. Stevenson RB - NE,15.0,D. Moore WR - CHI,5.3,J. Reed WR - GB,4.6,Z. White RB - LV,3.8,E. Elliott RB,3.2,D. Hopkins WR - BAL,0.9,,,99.9,Erik,115.14
2024,2,Erik,3,K. Murray QB - ARI,28.54,J. Mason RB - MIN,16.4,J. Ford RB - CLE,6.4,C. Godwin WR - TB,17.7,M. Harrison WR - ARI,25.0,T. McBride TE - ARI,12.7,J. Mixon RB - HOU,5.0,J. Sanders K - MIA,4.4,Cowboys DEF,-1.0,C. Brown RB - CIN,3.1,G. Pickens WR - DAL,2.9,A. Cooper WR,1.1,A. Lazard WR - NYJ,1.1,R. Mostert RB - LV,0.0,C. McCaffrey RB - SF,0.0,P. Nacua WR - LAR,0.0,115.14,Simi,99.9
2024,2,Tommy,1,L. Jackson QB - BAL,16.38,S. Barkley RB - PHI,13.6,A. Jones RB - MIN,4.8,A. St. Brown WR - DET,11.9,N. Collins WR - HOU,19.5,T. Kelce TE - KC,0.6,A. Kamara RB - NO,42.0,H. Butker K - KC,10.1,Chargers DEF,11.0,D. Smith WR - PHI,13.6,Z. Charbonnet RB - SEA,12.9,B. Bowers TE - LV,9.8,A. Ekeler RB - WAS,8.5,J. Warren RB - PIT,6.1,K. Allen WR - LAC,0.0,,,129.88,Juschka,108.72
2024,2,Juschka,4,D. Prescott QB - DAL,12.92,B. Robinson RB - SF,13.6,J. Conner RB - ARI,18.4,J. Jefferson WR - MIN,19.3,G. Wilson WR - NYJ,6.2,I. Likely TE - BAL,2.6,D. London WR - ATL,11.4,Y. Koo K - NYG,11.3,Steelers DEF,13.0,D. Achane RB - MIA,22.5,T. Etienne RB - JAX,11.8,T. Tagovailoa QB - MIA,5.5,D. Swift RB - CHI,4.2,M. Pittman WR - IND,2.1,C. Kirk WR - HOU,-0.1,,,108.72,Tommy,129.88
2024,3,Benni,7,J. Hurts QB - PHI,10.94,B. Robinson RB - ATL,11.2,J. Gibbs RB - DET,16.3,B. Aiyuk WR - SF,4.8,M. Nabers WR - NYG,20.2,S. LaPorta TE - DET,3.6,J. Williams WR - DET,0.2,J. Elliott K - PHI,1.0,Jets DEF,16.0,D. Singletary RB - NYG,14.8,T. Dell WR - HOU,6.2,T. Higgins WR - CIN,3.9,J. Smith-Njigba WR - SEA,3.9,J. Waddle WR - MIA,2.6,J. Williams RB - DAL,2.1,,,84.24,Ritz,101.88
2024,3,Ritz,3,J. Burrow QB - CIN,25.36,K. Williams RB - LAR,29.6,C. Akers RB - MIN,8.9,T. Hill WR - MIA,4.0,S. Diggs WR - NE,9.92,M. Andrews TE - BAL,0.0,R. Rice WR - KC,17.1,J. Tucker K,4.0,49ers DEF,3.0,D. Metcalf WR - PIT,16.4,S. Perine RB - CIN,4.0,J. Brooks RB - CAR,0.0,K. Walker RB - SEA,0.0,I. Pacheco RB - KC,0.0,R. Shaheed WR - NO,0.0,J. Addison WR - MIN,0.0,101.88,Benni,84.24
2024,3,Kessi,2,P. Mahomes QB - KC,16.38,D. Montgomery RB - DET,18.2,J. Taylor RB - IND,25.5,J. Chase WR - CIN,23.8,C. Olave WR - NO,14.6,J. Ferguson TE - DAL,9.5,C. Ridley WR - TEN,0.9,B. Aubrey K - DAL,12.6,Browns DEF,6.0,Z. Moss RB,15.7,N. Harris RB - LAC,8.6,T. Pollard RB - TEN,2.9,C. Kupp WR - SEA,0.0,G. Kittle TE - SF,0.0,,,,,127.48,Marv,85.62
2024,3,Marv,6,J. Allen QB - BUF,30.92,B. Hall RB - NYJ,14.3,J. Cook RB - BUF,14.7,Z. Flowers WR - BAL,2.3,D. Adams WR - LAR,4.0,K. Pitts TE - ATL,5.9,R. White RB - TB,3.5,K. Fairbairn K - HOU,1.0,Saints DEF,9.0,T. McLaurin WR - WAS,16.0,Q. Johnston WR - LAC,10.4,J. Dobbins RB - DEN,5.4,A. Richardson QB - IND,5.08,K. Hunt RB - KC,0.0,N. Chubb RB - HOU,0.0,A. Brown WR - PHI,0.0,85.62,Kessi,127.48
2024,3,Simi,8,C. Stroud QB - HOU,9.8,D. Henry RB - BAL,29.4,J. Jacobs RB - GB,4.8,C. Lamb WR - DAL,4.7,M. Evans WR - TB,1.7,D. Kincaid TE - BUF,10.1,R. Stevenson RB - NE,0.3,E. McPherson K - CIN,9.1,Ravens DEF,5.0,D. Hopkins WR - BAL,13.3,D. Moore WR - CHI,7.2,J. Reed WR - GB,6.9,Z. White RB - LV,3.4,E. Elliott RB,1.2,D. Samuel WR - WAS,0.0,,,74.9,Juschka,86.86
2024,3,Juschka,5,D. Prescott QB - DAL,29.86,D. Achane RB - MIA,5.8,J. Conner RB - ARI,2.5,J. Jefferson WR - MIN,14.1,G. Wilson WR - NYJ,9.3,I. Likely TE - BAL,0.4,T. Etienne RB - JAX,8.5,Y. Koo K - NYG,7.4,Steelers DEF,9.0,D. London WR - ATL,12.7,B. Robinson RB - SF,9.7,C. Kirk WR - HOU,7.9,D. Swift RB - CHI,4.2,M. Pittman WR - IND,3.6,T. Tagovailoa QB - MIA,0.0,,,86.86,Simi,74.9
2024,3,Tommy,1,L. Jackson QB - BAL,25.98,S. Barkley RB - PHI,29.6,A. Kamara RB - NO,12.7,A. St. Brown WR - DET,13.5,N. Collins WR - HOU,8.6,B. Bowers TE - LV,4.1,Z. Charbonnet RB - SEA,22.7,H. Butker K - KC,13.7,Chargers DEF,5.0,A. Jones RB - MIN,20.8,A. Ekeler RB - WAS,11.7,D. Smith WR - PHI,7.9,T. Kelce TE - KC,3.0,J. Warren RB - PIT,0.1,K. Allen WR - LAC,0.0,,,135.88,Erik,96.38
2024,3,Erik,4,K. Murray QB - ARI,14.78,J. Mason RB - MIN,8.8,J. Ford RB - CLE,7.0,C. Godwin WR - TB,11.3,A. Cooper WR,20.6,T. McBride TE - ARI,2.5,M. Harrison WR - ARI,12.4,J. Moody K - CHI,6.0,Seahawks DEF,13.0,C. Steele RB - KC,7.4,G. Pickens WR - DAL,5.7,R. Mostert RB - LV,0.0,J. Mixon RB - HOU,0.0,C. McCaffrey RB - SF,0.0,P. Nacua WR - LAR,0.0,Cowboys DEF,-1.0,96.38,Tommy,135.88
2024,4,Benni,6,J. Daniels QB - WAS,24.02,B. Robinson RB - ATL,7.4,D. Singletary RB - NYG,3.8,B. Aiyuk WR - SF,4.8,M. Nabers WR - NYG,11.1,D. Goedert TE - PHI,6.2,J. Gibbs RB - DET,19.8,B. Grupe K - NO,7.3,Jets DEF,6.0,J. Hurts QB - PHI,16.32,J. Williams WR - DET,14.0,T. Higgins WR - CIN,6.0,S. LaPorta TE - DET,5.3,J. Waddle WR - MIA,3.6,T. Dell WR - HOU,0.0,,,90.42,Erik,81.88
2024,4,Erik,7,K. Murray QB - ARI,9.98,J. Mason RB - MIN,22.0,J. Ford RB - CLE,8.5,C. Godwin WR - TB,6.9,M. Harrison WR - ARI,10.5,C. Kmet TE - CHI,3.4,A. Cooper WR,3.5,J. Moody K - CHI,13.1,Cowboys DEF,4.0,G. Pickens WR - DAL,9.3,Seahawks DEF,1.0,J. Mixon RB - HOU,0.0,C. McCaffrey RB - SF,0.0,T. McBride TE - ARI,0.0,P. Nacua WR - LAR,0.0,C. Steele RB - KC,-1.4,81.88,Benni,90.42
2024,4,Kessi,5,P. Mahomes QB - KC,13.0,D. Montgomery RB - DET,14.0,J. Taylor RB - IND,16.8,J. Chase WR - CIN,14.5,C. Olave WR - NO,8.7,J. Ferguson TE - DAL,4.9,C. Ridley WR - TEN,1.5,B. Aubrey K - DAL,12.0,Browns DEF,11.0,T. Pollard RB - TEN,16.8,Z. Moss RB,13.8,G. Kittle TE - SF,10.5,N. Harris RB - LAC,7.3,C. Kupp WR - SEA,0.0,,,,,96.4,Juschka,97.14
2024,4,Juschka,4,D. Prescott QB - DAL,16.74,B. Robinson RB - SF,17.3,J. Conner RB - ARI,17.3,J. Jefferson WR - MIN,14.5,G. Wilson WR - NYJ,2.1,I. Likely TE - BAL,2.6,D. Achane RB - MIA,2.9,Y. Koo K - NYG,21.7,Steelers DEF,2.0,D. Swift RB - CHI,22.5,C. Kirk WR - HOU,12.1,M. Pittman WR - IND,11.3,J. Jennings WR - SF,8.8,D. London WR - ATL,6.4,T. Etienne RB - JAX,6.0,,,97.14,Kessi,96.4
2024,4,Simi,1,C. Stroud QB - HOU,23.5,D. Henry RB - BAL,32.9,J. Jacobs RB - GB,7.8,C. Lamb WR - DAL,16.6,M. Evans WR - TB,15.4,D. Kincaid TE - BUF,4.7,D. Moore WR - CHI,8.2,E. McPherson K - CIN,14.2,Vikings DEF,8.0,J. Reed WR - GB,20.1,C. Hubbard RB - CAR,18.1,Ravens DEF,9.0,D. Samuel WR - WAS,7.2,R. Stevenson RB - NE,4.2,D. Hopkins WR - BAL,3.1,,,131.3,Marv,44.5
2024,4,Marv,8,J. Allen QB - BUF,7.3,B. Hall RB - NYJ,1.8,J. Cook RB - BUF,4.8,T. McLaurin WR - WAS,11.2,Z. Flowers WR - BAL,1.0,K. Pitts TE - ATL,0.0,R. White RB - TB,8.4,K. Fairbairn K - HOU,6.0,Saints DEF,4.0,K. Hunt RB - KC,8.5,J. Dobbins RB - DEN,6.2,A. Richardson QB - IND,5.24,Q. Johnston WR - LAC,1.3,D. Adams WR - LAR,0.0,N. Chubb RB - HOU,0.0,A. Brown WR - PHI,0.0,44.5,Simi,131.3
2024,4,Ritz,3,J. Burrow QB - CIN,16.28,K. Williams RB - LAR,16.4,K. Walker RB - SEA,29.6,T. Hill WR - MIA,4.2,S. Diggs WR - NE,13.5,M. Andrews TE - BAL,0.0,R. Rice WR - KC,0.0,J. Tucker K,5.0,49ers DEF,22.0,J. Addison WR - MIN,19.9,D. Metcalf WR - PIT,8.4,R. Shaheed WR - NO,7.7,C. Akers RB - MIN,5.3,R. Odunze WR - CHI,1.0,J. Brooks RB - CAR,0.0,I. Pacheco RB - KC,0.0,106.98,Tommy,123.52
2024,4,Tommy,2,L. Jackson QB - BAL,23.64,S. Barkley RB - PHI,11.6,A. Kamara RB - NO,17.9,A. St. Brown WR - DET,14.78,N. Collins WR - HOU,21.1,T. Kelce TE - KC,8.9,A. Jones RB - MIN,13.9,H. Butker K - KC,5.7,Chiefs DEF,6.0,Bears DEF,8.0,Z. Charbonnet RB - SEA,5.4,B. Bowers TE - LV,3.1,K. Allen WR - LAC,1.9,A. Ekeler RB - WAS,0.0,D. Smith WR - PHI,0.0,J. Warren RB - PIT,0.0,123.52,Ritz,106.98
2024,5,Benni,1,J. Daniels QB - WAS,19.72,B. Robinson RB - ATL,7.7,T. Sermon RB - PIT,12.3,B. Aiyuk WR - SF,14.7,T. Higgins WR - CIN,20.3,T. Kraft TE - GB,20.8,D. Johnson WR,2.9,A. Seibert K,10.0,Jets DEF,9.0,B. Thomas WR - JAX,18.2,S. LaPorta TE - DET,0.0,M. Nabers WR - NYG,0.0,J. Hurts QB - PHI,0.0,J. Williams WR - DET,0.0,J. Gibbs RB - DET,0.0,,,117.42,Juschka,114.18
2024,5,Juschka,2,D. Prescott QB - DAL,16.38,B. Robinson RB - SF,13.8,J. Conner RB - ARI,12.0,J. Jefferson WR - MIN,9.2,G. Wilson WR - NYJ,16.1,I. Likely TE - BAL,13.3,T. Etienne RB - JAX,6.0,Y. Koo K - NYG,18.4,Steelers DEF,9.0,D. London WR - ATL,21.4,D. Swift RB - CHI,18.0,M. Pittman WR - IND,9.7,C. Kirk WR - HOU,8.8,D. Achane RB - MIA,1.7,J. Jennings WR - SF,1.3,,,114.18,Benni,117.42
2024,5,Kessi,7,P. Mahomes QB - KC,13.44,N. Harris RB - LAC,7.7,J. Hill RB - BAL,2.5,J. Chase WR - CIN,31.3,C. Olave WR - NO,1.0,G. Kittle TE - SF,12.4,Z. Moss RB,5.2,B. Aubrey K - DAL,10.8,Browns DEF,6.0,J. Ferguson TE - DAL,7.0,C. Kupp WR - SEA,0.0,C. Ridley WR - TEN,0.0,D. Montgomery RB - DET,0.0,T. Pollard RB - TEN,0.0,J. Taylor RB - IND,0.0,,,90.34,Erik,76.3
2024,5,Erik,8,K. Murray QB - ARI,24.1,J. Mason RB - MIN,7.8,J. Ford RB - CLE,4.9,C. Godwin WR - TB,6.6,M. Harrison WR - ARI,3.6,T. McBride TE - ARI,5.3,A. Cooper WR,6.0,J. Moody K - CHI,8.0,Seahawks DEF,10.0,B. Allen RB - NYJ,2.8,G. Pickens WR - DAL,2.6,D. Wicks WR - GB,2.0,C. Steele RB - KC,1.2,J. Mixon RB - HOU,0.0,C. McCaffrey RB - SF,0.0,P. Nacua WR - LAR,0.0,76.3,Kessi,90.34
2024,5,Simi,4,C. Stroud QB - HOU,15.94,D. Henry RB - BAL,15.6,J. Jacobs RB - GB,15.4,C. Lamb WR - DAL,6.4,M. Evans WR - TB,18.2,D. Kincaid TE - BUF,3.4,C. Hubbard RB - CAR,13.5,E. McPherson K - CIN,4.0,Vikings DEF,16.0,D. Moore WR - CHI,22.5,R. Stevenson RB - NE,15.2,J. Reed WR - GB,9.7,D. Samuel WR - WAS,2.0,Ravens DEF,1.0,D. Hopkins WR - BAL,0.0,,,108.44,Ritz,101.48
2024,5,Ritz,5,J. Burrow QB - CIN,33.78,K. Williams RB - LAR,14.5,K. Walker RB - SEA,7.6,T. Hill WR - MIA,6.9,S. Diggs WR - NE,8.2,C. Otton TE - TB,4.4,D. Metcalf WR - PIT,3.5,J. Tucker K,13.6,49ers DEF,9.0,C. Akers RB - MIN,10.7,X. Worthy WR - KC,8.8,M. Andrews TE - BAL,5.5,B. Irving RB - TB,3.6,J. Addison WR - MIN,3.6,J. Brooks RB - CAR,0.0,I. Pacheco RB - KC,0.0,101.48,Simi,108.44
2024,5,Tommy,3,L. Jackson QB - BAL,33.42,A. Jones RB - MIN,5.3,A. Kamara RB - NO,6.6,K. Allen WR - LAC,3.3,N. Collins WR - HOU,13.8,T. Kelce TE - KC,7.0,R. Dowdle RB - CAR,17.4,H. Butker K - KC,15.2,Chiefs DEF,7.0,B. Bowers TE - LV,15.7,A. Ekeler RB - WAS,9.7,Z. Charbonnet RB - SEA,3.0,S. Barkley RB - PHI,0.0,D. Smith WR - PHI,0.0,A. St. Brown WR - DET,0.0,,,109.02,Marv,92.64
2024,5,Marv,6,J. Allen QB - BUF,14.64,B. Hall RB - NYJ,3.7,J. Cook RB - BUF,15.9,T. McLaurin WR - WAS,9.4,Z. Flowers WR - BAL,12.0,K. Pitts TE - ATL,8.8,R. White RB - TB,6.6,K. Fairbairn K - HOU,17.6,Saints DEF,4.0,K. Hunt RB - KC,17.7,D. Adams WR - LAR,0.0,N. Chubb RB - HOU,0.0,A. Brown WR - PHI,0.0,J. Dobbins RB - DEN,0.0,A. Richardson QB - IND,0.0,Q. Johnston WR - LAC,0.0,92.64,Tommy,109.02
2024,6,Benni,4,J. Daniels QB - WAS,20.96,B. Robinson RB - ATL,22.5,J. Gibbs RB - DET,9.1,B. Aiyuk WR - SF,3.7,T. Higgins WR - CIN,7.7,T. Kraft TE - GB,1.5,T. Tracy RB - NYG,16.7,C. McLaughlin K - TB,9.0,Texans DEF,12.0,J. Hurts QB - PHI,21.86,J. Williams WR - DET,14.7,D. Johnson WR,13.8,S. LaPorta TE - DET,11.2,B. Thomas WR - JAX,2.7,M. Nabers WR - NYG,0.0,,,103.16,Simi,89.18
2024,6,Simi,6,C. Stroud QB - HOU,18.38,D. Henry RB - BAL,25.2,J. Jacobs RB - GB,9.0,C. Lamb WR - DAL,9.1,M. Evans WR - TB,3.4,D. Kincaid TE - BUF,5.1,C. Hubbard RB - CAR,10.3,E. McPherson K - CIN,5.7,Ravens DEF,3.0,D. Samuel WR - WAS,17.7,J. Reed WR - GB,8.8,D. Hopkins WR - BAL,5.4,D. Moore WR - CHI,2.0,R. Stevenson RB - NE,0.0,Vikings DEF,0.0,,,89.18,Benni,103.16
2024,6,Kessi,1,J. Love QB - GB,25.62,D. Montgomery RB - DET,20.0,N. Harris RB - LAC,18.2,J. Chase WR - CIN,7.2,C. Olave WR - NO,-1.5,G. Kittle TE - SF,17.8,T. Pollard RB - TEN,14.8,B. Aubrey K - DAL,13.1,Browns DEF,8.0,C. Ridley WR - TEN,0.9,J. Hill RB - BAL,0.4,C. Kupp WR - SEA,0.0,P. Mahomes QB - KC,0.0,J. Taylor RB - IND,0.0,Z. Moss RB,-0.5,,,123.22,Tommy,79.42
2024,6,Tommy,8,L. Jackson QB - BAL,18.92,S. Barkley RB - PHI,5.4,A. Kamara RB - NO,12.4,A. St. Brown WR - DET,9.7,D. Smith WR - PHI,12.4,B. Bowers TE - LV,7.1,R. Dowdle RB - CAR,5.5,C. Santos K - CHI,5.0,Broncos DEF,3.0,K. Allen WR - LAC,16.1,T. Dell WR - HOU,11.7,A. Ekeler RB - WAS,6.8,Z. Charbonnet RB - SEA,3.5,T. Kelce TE - KC,0.0,A. Jones RB - MIN,0.0,N. Collins WR - HOU,0.0,79.42,Kessi,123.22
2024,6,Ritz,5,J. Burrow QB - CIN,19.82,K. Walker RB - SEA,12.9,T. Bigsby RB - PHI,2.4,D. Metcalf WR - PIT,4.8,S. Diggs WR - NE,13.7,M. Andrews TE - BAL,12.6,D. Mooney WR - ATL,3.8,J. Tucker K,14.6,49ers DEF,7.0,B. Irving RB - TB,16.5,J. Brooks RB - CAR,0.0,X. Worthy WR - KC,0.0,R. Mostert RB - LV,0.0,T. Hill WR - MIA,0.0,K. Williams RB - LAR,0.0,I. Pacheco RB - KC,0.0,91.62,Juschka,80.02
2024,6,Juschka,7,D. Prescott QB - DAL,3.22,T. Etienne RB - JAX,-0.1,D. Swift RB - CHI,17.9,D. London WR - ATL,13.4,G. Wilson WR - NYJ,16.7,I. Likely TE - BAL,2.7,J. Conner RB - ARI,2.6,Y. Koo K - NYG,12.6,Steelers DEF,11.0,M. Pittman WR - IND,9.5,C. Kirk WR - HOU,3.9,J. Jennings WR - SF,2.7,J. Jefferson WR - MIN,0.0,B. Robinson RB - SF,0.0,D. Achane RB - MIA,0.0,,,80.02,Ritz,91.62
2024,6,Erik,3,K. Murray QB - ARI,11.96,J. Mason RB - MIN,8.2,J. Mixon RB - HOU,25.2,C. Godwin WR - TB,24.5,M. Harrison WR - ARI,0.0,T. McBride TE - ARI,9.6,A. Cooper WR,4.2,C. Boswell K - PIT,19.4,Eagles DEF,6.0,G. Pickens WR - DAL,5.3,J. Ford RB - CLE,1.4,D. Wicks WR - GB,0.9,B. Allen RB - NYJ,0.8,C. McCaffrey RB - SF,0.0,H. Butker K - KC,0.0,D. Singletary RB - NYG,0.0,109.06,Marv,122.5
2024,6,Marv,2,J. Allen QB - BUF,24.4,B. Hall RB - NYJ,16.9,T. Johnson RB - BUF,3.4,A. Brown WR - PHI,17.6,Z. Flowers WR - BAL,13.4,K. Pitts TE - ATL,7.0,T. McLaurin WR - WAS,17.3,K. Fairbairn K - HOU,13.5,Bears DEF,9.0,J. Dobbins RB - DEN,16.2,Q. Johnston WR - LAC,2.2,D. Adams WR - LAR,0.0,K. Hunt RB - KC,0.0,N. Chubb RB - HOU,0.0,R. White RB - TB,0.0,J. Cook RB - BUF,0.0,122.5,Erik,109.06
2024,7,Benni,5,J. Daniels QB - WAS,5.24,B. Robinson RB - ATL,20.3,J. Gibbs RB - DET,28.0,D. Johnson WR,1.7,T. Higgins WR - CIN,14.2,S. LaPorta TE - DET,2.5,M. Nabers WR - NYG,4.1,C. McLaughlin K - TB,5.0,Bills DEF,11.0,J. Hurts QB - PHI,22.76,B. Thomas WR - JAX,17.1,T. Kraft TE - GB,9.3,S. Tucker RB - TB,3.8,T. Tracy RB - NYG,3.2,B. Aiyuk WR - SF,2.3,J. Williams WR - DET,-0.4,92.04,Tommy,119.64
2024,7,Tommy,2,L. Jackson QB - BAL,34.44,S. Barkley RB - PHI,24.7,A. Kamara RB - NO,2.4,A. St. Brown WR - DET,17.2,D. Smith WR - PHI,-0.2,T. Kelce TE - KC,1.7,A. Jones RB - MIN,17.6,W. Lutz K - DEN,19.8,Saints DEF,2.0,B. Bowers TE - LV,9.3,A. Ekeler RB - WAS,2.0,Z. Charbonnet RB - SEA,0.9,K. Allen WR - LAC,0.0,R. Dowdle RB - CAR,0.0,N. Collins WR - HOU,0.0,T. Dell WR - HOU,0.0,119.64,Benni,92.04
2024,7,Kessi,8,J. Love QB - GB,16.8,D. Montgomery RB - DET,5.0,T. Pollard RB - TEN,6.5,J. Chase WR - CIN,12.6,J. Whittington WR - LAR,0.0,G. Kittle TE - SF,9.2,N. Harris RB - LAC,16.2,T. Bass K - BUF,10.0,Browns DEF,3.0,P. Mahomes QB - KC,12.06,Z. Moss RB,4.0,B. Means WR - NO,3.7,B. Aubrey K - DAL,0.0,C. Kupp WR - SEA,0.0,J. Taylor RB - IND,0.0,C. Olave WR - NO,0.0,79.3,Simi,84.64
2024,7,Simi,6,C. Stroud QB - HOU,5.34,D. Henry RB - BAL,24.2,C. Hubbard RB - CAR,11.2,D. Samuel WR - WAS,0.0,M. Evans WR - TB,8.5,D. Kincaid TE - BUF,5.2,J. Jacobs RB - GB,15.2,A. Seibert K,18.0,Jets DEF,-3.0,Vikings DEF,11.0,R. Stevenson RB - NE,2.5,J. Reed WR - GB,1.0,D. Moore WR - CHI,0.0,C. Lamb WR - DAL,0.0,D. Hopkins WR - BAL,-0.2,,,84.64,Kessi,79.3
2024,7,Ritz,1,J. Burrow QB - CIN,14.94,K. Walker RB - SEA,21.3,T. Bigsby RB - PHI,23.8,D. Metcalf WR - PIT,15.9,S. Diggs WR - NE,2.3,M. Andrews TE - BAL,16.1,K. Williams RB - LAR,19.6,J. Tucker K,13.2,Bengals DEF,15.0,B. Irving RB - TB,13.7,49ers DEF,5.0,R. Mostert RB - LV,3.0,X. Worthy WR - KC,2.4,T. Hill WR - MIA,1.3,J. Brooks RB - CAR,0.0,I. Pacheco RB - KC,0.0,142.14,Erik,96.3
2024,7,Erik,4,B. Mayfield QB - TB,27.0,C. Brown RB - CIN,5.3,J. Mixon RB - HOU,24.4,C. Godwin WR - TB,6.5,M. Harrison WR - ARI,2.1,T. McBride TE - ARI,5.1,J. Mason RB - MIN,6.9,H. Butker K - KC,4.0,Eagles DEF,15.0,K. Murray QB - ARI,20.2,G. Pickens WR - DAL,17.1,A. Cooper WR,12.6,A. Mattison RB - MIA,12.3,J. Addison WR - MIN,6.6,C. McCaffrey RB - SF,0.0,P. Nacua WR - LAR,0.0,96.3,Ritz,142.14
2024,7,Juschka,7,B. Purdy QB - SF,17.18,D. Achane RB - MIA,8.5,B. Robinson RB - SF,13.1,D. London WR - ATL,12.3,J. Jefferson WR - MIN,14.4,I. Likely TE - BAL,1.7,G. Wilson WR - NYJ,8.1,Y. Koo K - NYG,2.0,Steelers DEF,6.0,J. Conner RB - ARI,15.2,M. Pittman WR - IND,6.3,C. Kirk WR - HOU,2.4,D. Prescott QB - DAL,0.0,D. Swift RB - CHI,0.0,T. Etienne RB - JAX,0.0,,,83.28,Marv,110.62
2024,7,Marv,3,J. Allen QB - BUF,21.02,B. Hall RB - NYJ,20.1,J. Dobbins RB - DEN,6.6,A. Brown WR - PHI,14.9,Z. Flowers WR - BAL,3.0,K. Pitts TE - ATL,6.5,T. McLaurin WR - WAS,9.8,K. Fairbairn K - HOU,12.7,Commanders DEF,16.0,R. White RB - TB,23.1,K. Hunt RB - KC,20.3,N. Chubb RB - HOU,9.2,J. Cook RB - BUF,9.2,D. Adams WR - LAR,3.0,C. Kmet TE - CHI,0.0,Bears DEF,0.0,110.62,Juschka,83.28
2024,8,Benni,2,J. Hurts QB - PHI,35.14,B. Robinson RB - ATL,16.6,J. Gibbs RB - DET,19.3,B. Thomas WR - JAX,12.0,M. Nabers WR - NYG,7.1,D. Njoku TE - CLE,12.1,J. Williams RB - DAL,5.2,W. Reichard K - MIN,8.5,Broncos DEF,7.0,J. Daniels QB - WAS,22.24,T. Tracy RB - NYG,21.0,T. Kraft TE - GB,13.8,Chargers DEF,12.0,D. Johnson WR,0.0,T. Higgins WR - CIN,0.0,J. Williams WR - DET,0.0,122.94,Kessi,102.76
2024,8,Kessi,5,J. Love QB - GB,5.74,D. Montgomery RB - DET,13.92,N. Harris RB - LAC,13.1,J. Chase WR - CIN,11.4,C. Kupp WR - SEA,11.1,G. Kittle TE - SF,18.8,J. Taylor RB - IND,17.7,B. Aubrey K - DAL,6.0,Packers DEF,5.0,P. Mahomes QB - KC,18.18,T. Pollard RB - TEN,11.7,C. Olave WR - NO,10.7,C. Sutton WR - DEN,9.12,J. Waddle WR - MIA,4.5,Z. Moss RB,3.9,,,102.76,Benni,122.94
2024,8,Simi,4,C. Stroud QB - HOU,12.4,D. Henry RB - BAL,13.7,C. Hubbard RB - CAR,7.1,C. Lamb WR - DAL,26.6,D. Moore WR - CHI,3.4,D. Kincaid TE - BUF,9.1,J. Jacobs RB - GB,24.5,A. Seibert K,13.7,Ravens DEF,3.0,R. Stevenson RB - NE,20.5,D. Samuel WR - WAS,8.6,J. Reed WR - GB,5.5,D. Hopkins WR - BAL,2.9,Vikings DEF,1.0,M. Evans WR - TB,0.0,,,113.5,Tommy,92.96
2024,8,Tommy,6,L. Jackson QB - BAL,24.16,S. Barkley RB - PHI,11.1,A. Kamara RB - NO,12.2,A. St. Brown WR - DET,6.7,D. Smith WR - PHI,14.5,B. Bowers TE - LV,5.8,A. Jones RB - MIN,9.5,W. Lutz K - DEN,4.0,Saints DEF,5.0,T. Kelce TE - KC,15.0,T. Dell WR - HOU,9.5,Z. Charbonnet RB - SEA,8.4,A. Ekeler RB - WAS,5.8,K. Allen WR - LAC,3.9,R. Dowdle RB - CAR,0.0,N. Collins WR - HOU,0.0,92.96,Simi,113.5
2024,8,Ritz,8,J. Burrow QB - CIN,12.86,K. Walker RB - SEA,4.5,K. Williams RB - LAR,17.6,T. Hill WR - MIA,7.2,S. Diggs WR - NE,7.7,M. Andrews TE - BAL,9.6,B. Irving RB - TB,8.4,J. Tucker K,7.9,49ers DEF,6.0,R. Mostert RB - LV,15.0,S. LaPorta TE - DET,10.8,X. Worthy WR - KC,9.7,T. Bigsby RB - PHI,8.6,J. Brooks RB - CAR,0.0,D. Metcalf WR - PIT,0.0,I. Pacheco RB - KC,0.0,81.76,Marv,129.62
2024,8,Marv,1,J. Allen QB - BUF,19.82,B. Hall RB - NYJ,8.9,K. Hunt RB - KC,12.3,A. Brown WR - PHI,8.4,D. Adams WR - LAR,5.4,K. Pitts TE - ATL,21.1,J. Cook RB - BUF,25.3,K. Fairbairn K - HOU,12.4,Lions DEF,16.0,J. Dobbins RB - DEN,12.8,T. McLaurin WR - WAS,12.5,Z. Flowers WR - BAL,11.5,R. White RB - TB,10.7,N. Chubb RB - HOU,5.2,C. Kmet TE - CHI,3.4,,,129.62,Ritz,81.76
2024,8,Erik,7,K. Murray QB - ARI,22.18,J. Mason RB - MIN,1.8,J. Mixon RB - HOU,19.4,A. Cooper WR,0.3,G. Pickens WR - DAL,7.4,T. McBride TE - ARI,12.4,C. Brown RB - CIN,9.4,H. Butker K - KC,10.2,Chiefs DEF,8.0,B. Mayfield QB - TB,22.3,M. Harrison WR - ARI,17.1,P. Nacua WR - LAR,11.1,R. Pearsall WR - SF,7.7,A. Mattison RB - MIA,4.4,J. Addison WR - MIN,2.2,C. McCaffrey RB - SF,0.0,91.08,Juschka,121.0
2024,8,Juschka,3,B. Purdy QB - SF,26.0,D. Swift RB - CHI,18.9,D. Achane RB - MIA,20.7,D. London WR - ATL,3.4,J. Jefferson WR - MIN,11.5,I. Likely TE - BAL,4.7,J. Conner RB - ARI,12.9,Y. Koo K - NYG,7.9,Steelers DEF,15.0,D. Prescott QB - DAL,13.62,G. Wilson WR - NYJ,11.3,B. Robinson RB - SF,7.6,C. Kirk WR - HOU,5.9,M. Pittman WR - IND,1.6,T. Etienne RB - JAX,0.0,,,121.0,Erik,91.08
2024,9,Benni,4,J. Hurts QB - PHI,29.9,B. Robinson RB - ATL,14.5,J. Gibbs RB - DET,13.6,B. Thomas WR - JAX,4.2,M. Nabers WR - NYG,5.9,D. Njoku TE - CLE,2.9,T. Tracy RB - NYG,6.9,W. Reichard K - MIN,3.0,Chargers DEF,16.0,J. Daniels QB - WAS,19.86,J. Williams RB - DAL,8.4,T. Kraft TE - GB,3.6,J. Moody K - CHI,0.0,D. Johnson WR,0.0,T. Higgins WR - CIN,0.0,J. Williams WR - DET,0.0,96.9,Marv,91.1
2024,9,Marv,6,J. Allen QB - BUF,22.1,J. Cook RB - BUF,6.9,B. Hall RB - NYJ,8.5,A. Brown WR - PHI,3.6,T. McLaurin WR - WAS,13.9,C. Kmet TE - CHI,0.0,K. Hunt RB - KC,17.7,K. Fairbairn K - HOU,9.4,Lions DEF,9.0,Z. Flowers WR - BAL,24.7,J. Dobbins RB - DEN,22.5,D. Adams WR - LAR,15.1,R. White RB - TB,9.5,N. Chubb RB - HOU,3.5,K. Pitts TE - ATL,1.1,,,91.1,Benni,96.9
2024,9,Kessi,7,P. Mahomes QB - KC,24.54,D. Montgomery RB - DET,9.6,J. Taylor RB - IND,5.9,J. Chase WR - CIN,4.3,C. Kupp WR - SEA,10.4,J. Ferguson TE - DAL,7.1,C. Olave WR - NO,1.3,B. Aubrey K - DAL,10.1,Packers DEF,2.0,C. Sutton WR - DEN,16.28,T. Pollard RB - TEN,15.4,J. Waddle WR - MIA,5.6,G. Kittle TE - SF,0.0,Z. Moss RB,0.0,N. Harris RB - LAC,0.0,,,75.24,Ritz,91.94
2024,9,Ritz,5,J. Burrow QB - CIN,29.14,K. Walker RB - SEA,10.7,K. Williams RB - LAR,9.5,T. Hill WR - MIA,8.0,L. McConkey WR - LAC,6.4,S. LaPorta TE - DET,2.8,B. Irving RB - TB,3.4,J. Tucker K,12.0,Bengals DEF,10.0,M. Andrews TE - BAL,2.6,J. Brooks RB - CAR,0.0,I. Guerendo RB - SF,0.0,D. Metcalf WR - PIT,0.0,I. Pacheco RB - KC,0.0,49ers DEF,0.0,X. Worthy WR - KC,-1.0,91.94,Kessi,75.24
2024,9,Simi,2,K. Cousins QB - ATL,17.78,D. Henry RB - BAL,25.3,C. Hubbard RB - CAR,19.2,C. Lamb WR - DAL,8.2,D. Moore WR - CHI,3.3,D. Kincaid TE - BUF,3.2,J. Jacobs RB - GB,10.8,A. Seibert K,9.1,Vikings DEF,11.0,D. Hopkins WR - BAL,20.6,R. Stevenson RB - NE,17.4,C. Stroud QB - HOU,11.54,J. Reed WR - GB,11.3,M. Evans WR - TB,0.0,D. Samuel WR - WAS,0.0,,,107.88,Erik,70.26
2024,9,Erik,8,K. Murray QB - ARI,4.76,C. Brown RB - CIN,21.7,J. Mixon RB - HOU,16.6,M. Harrison WR - ARI,1.4,P. Nacua WR - LAR,1.1,T. McBride TE - ARI,9.7,J. Downs WR - IND,6.0,H. Butker K - KC,7.0,Chiefs DEF,2.0,B. Mayfield QB - TB,18.0,C. Tillman WR - CLE,13.5,A. Mattison RB - MIA,3.6,A. Cooper WR,0.0,C. McCaffrey RB - SF,0.0,G. Pickens WR - DAL,0.0,J. Mason RB - MIN,0.0,70.26,Simi,107.88
2024,9,Tommy,1,L. Jackson QB - BAL,23.6,S. Barkley RB - PHI,29.9,A. Kamara RB - NO,21.5,A. St. Brown WR - DET,11.6,D. Smith WR - PHI,14.7,T. Kelce TE - KC,8.0,A. Jones RB - MIN,8.2,W. Lutz K - DEN,4.7,Saints DEF,3.0,R. Dowdle RB - CAR,16.7,A. Ekeler RB - WAS,14.3,T. Dell WR - HOU,12.6,B. Bowers TE - LV,10.5,K. Coleman WR - BUF,4.1,K. Allen WR - LAC,3.6,N. Collins WR - HOU,0.0,125.2,Juschka,99.5
2024,9,Juschka,3,D. Prescott QB - DAL,12.32,D. Swift RB - CHI,8.2,D. Achane RB - MIA,24.1,D. London WR - ATL,8.7,J. Jefferson WR - MIN,14.58,C. Otton TE - TB,13.7,J. Conner RB - ARI,11.9,Y. Koo K - NYG,3.0,Bills DEF,3.0,G. Wilson WR - NYJ,21.0,T. Etienne RB - JAX,3.0,M. Pittman WR - IND,1.4,B. Robinson RB - SF,0.0,B. Purdy QB - SF,0.0,Steelers DEF,0.0,,,99.5,Tommy,125.2
2024,10,Benni,2,J. Hurts QB - PHI,29.68,B. Robinson RB - ATL,26.4,T. Tracy RB - NYG,14.4,D. Mooney WR - ATL,9.6,M. Nabers WR - NYG,4.8,T. Hill TE - NO,5.0,J. Gibbs RB - DET,10.8,J. Moody K - CHI,12.7,Chargers DEF,8.0,J. Daniels QB - WAS,8.58,J. Williams WR - DET,5.3,B. Thomas WR - JAX,1.2,J. Williams RB - DAL,0.7,D. Johnson WR,0.6,D. Njoku TE - CLE,0.0,T. Higgins WR - CIN,0.0,121.38,Ritz,87.32
2024,10,Ritz,7,J. Burrow QB - CIN,33.72,B. Irving RB - TB,14.7,K. Williams RB - LAR,6.2,K. Shakir WR - BUF,5.8,J. Addison WR - MIN,2.9,M. Andrews TE - BAL,12.8,L. McConkey WR - LAC,5.2,J. Tucker K,3.0,49ers DEF,3.0,S. LaPorta TE - DET,12.6,T. Hill WR - MIA,8.7,X. Worthy WR - KC,1.1,J. Brooks RB - CAR,0.0,D. Metcalf WR - PIT,0.0,K. Walker RB - SEA,0.0,I. Pacheco RB - KC,0.0,87.32,Benni,121.38
2024,10,Kessi,1,P. Mahomes QB - KC,16.54,D. Montgomery RB - DET,11.6,J. Taylor RB - IND,12.2,J. Chase WR - CIN,44.4,C. Kupp WR - SEA,8.0,G. Kittle TE - SF,11.7,T. Pollard RB - TEN,6.3,B. Aubrey K - DAL,7.6,Eagles DEF,20.0,C. Sutton WR - DEN,13.0,N. Harris RB - LAC,11.3,J. Waddle WR - MIA,5.6,J. Ferguson TE - DAL,0.4,Z. Moss RB,0.0,C. Olave WR - NO,0.0,Packers DEF,0.0,138.34,Marv,80.8
2024,10,Marv,8,J. Allen QB - BUF,18.2,J. Cook RB - BUF,14.5,B. Hall RB - NYJ,8.3,D. Adams WR - LAR,3.1,Z. Flowers WR - BAL,3.4,C. Kmet TE - CHI,1.3,K. Hunt RB - KC,10.0,K. Fairbairn K - HOU,14.0,Lions DEF,8.0,R. White RB - TB,13.0,T. McLaurin WR - WAS,11.3,A. Brown WR - PHI,10.9,J. Dobbins RB - DEN,5.5,K. Pitts TE - ATL,5.5,N. Chubb RB - HOU,0.0,,,80.8,Kessi,138.34
2024,10,Simi,6,K. Cousins QB - ATL,10.24,D. Henry RB - BAL,13.1,C. Hubbard RB - CAR,20.9,C. Lamb WR - DAL,2.4,D. Samuel WR - WAS,7.6,D. Kincaid TE - BUF,2.4,R. Stevenson RB - NE,7.7,H. Butker K - KC,10.6,Vikings DEF,13.0,C. Stroud QB - HOU,9.78,D. Hopkins WR - BAL,5.6,D. Moore WR - CHI,2.7,J. Reed WR - GB,0.0,M. Evans WR - TB,0.0,J. Jacobs RB - GB,0.0,,,87.94,Juschka,89.22
2024,10,Juschka,4,B. Purdy QB - SF,23.82,D. Swift RB - CHI,6.5,D. Achane RB - MIA,5.2,G. Wilson WR - NYJ,4.1,J. Jefferson WR - MIN,4.8,C. Otton TE - TB,3.5,J. Conner RB - ARI,17.3,Y. Koo K - NYG,5.0,Bills DEF,19.0,D. London WR - ATL,9.7,Steelers DEF,5.0,T. Etienne RB - JAX,4.3,D. Prescott QB - DAL,0.0,M. Pittman WR - IND,0.0,B. Robinson RB - SF,0.0,,,89.22,Simi,87.94
2024,10,Tommy,3,L. Jackson QB - BAL,32.9,S. Barkley RB - PHI,7.8,A. Kamara RB - NO,10.9,A. St. Brown WR - DET,12.0,D. Smith WR - PHI,1.4,T. Kelce TE - KC,12.4,A. Jones RB - MIN,10.1,T. Bass K - BUF,13.7,Bears DEF,4.0,A. Ekeler RB - WAS,17.1,R. Dowdle RB - CAR,5.6,K. Allen WR - LAC,4.4,T. Dell WR - HOU,3.3,B. Bowers TE - LV,0.0,N. Collins WR - HOU,0.0,,,105.2,Erik,88.44
2024,10,Erik,5,B. Mayfield QB - TB,8.94,C. Brown RB - CIN,13.4,C. McCaffrey RB - SF,10.7,G. Pickens WR - DAL,15.5,P. Nacua WR - LAR,9.8,T. McBride TE - ARI,7.1,J. Mixon RB - HOU,15.0,C. Boswell K - PIT,4.0,Giants DEF,4.0,K. Murray QB - ARI,28.74,M. Harrison WR - ARI,11.4,J. Downs WR - IND,7.2,J. Mason RB - MIN,0.5,C. Tillman WR - CLE,0.0,A. Cooper WR,0.0,,,88.44,Tommy,105.2
2024,11,Benni,2,J. Hurts QB - PHI,18.74,J. Gibbs RB - DET,18.3,B. Robinson RB - ATL,6.3,C. Ridley WR - TEN,5.8,T. Higgins WR - CIN,20.8,D. Njoku TE - CLE,10.1,J. Jennings WR - SF,15.1,J. Moody K - CHI,5.3,Texans DEF,19.0,J. Williams WR - DET,18.6,J. Daniels QB - WAS,13.44,B. Thomas WR - JAX,8.6,D. Mooney WR - ATL,2.7,M. Nabers WR - NYG,0.0,T. Tracy RB - NYG,0.0,,,119.44,Erik,136.68
2024,11,Erik,1,J. Goff QB - DET,34.58,C. Brown RB - CIN,14.3,C. McCaffrey RB - SF,10.6,G. Pickens WR - DAL,8.9,P. Nacua WR - LAR,18.3,T. Hockenson TE - MIN,1.3,J. Mixon RB - HOU,33.3,J. Bates K - DET,12.4,Jets DEF,3.0,J. Downs WR - IND,14.4,A. Cooper WR,5.5,M. Harrison WR - ARI,0.0,B. Mayfield QB - TB,0.0,K. Murray QB - ARI,0.0,T. McBride TE - ARI,0.0,,,136.68,Benni,119.44
2024,11,Kessi,4,P. Mahomes QB - KC,15.84,D. Montgomery RB - DET,21.5,J. Taylor RB - IND,6.0,J. Chase WR - CIN,19.5,C. Kupp WR - SEA,22.6,J. Ferguson TE - DAL,1.1,N. Harris RB - LAC,9.3,B. Aubrey K - DAL,6.3,Eagles DEF,6.0,M. Valdes-Scantling WR - SF,14.7,C. Sutton WR - DEN,7.8,J. Waddle WR - MIA,3.7,T. Pollard RB - TEN,2.9,T. Benson RB - ARI,0.0,G. Kittle TE - SF,0.0,C. Olave WR - NO,0.0,108.14,Juschka,86.56
2024,11,Juschka,8,B. Purdy QB - SF,18.36,D. Swift RB - CHI,14.4,D. Achane RB - MIA,16.5,G. Wilson WR - NYJ,1.8,J. Jefferson WR - MIN,8.1,D. Goedert TE - PHI,6.1,D. London WR - ATL,6.1,Y. Koo K - NYG,9.2,Bills DEF,6.0,B. Robinson RB - SF,13.2,M. Pittman WR - IND,4.6,T. Etienne RB - JAX,3.3,A. Estime RB - PHI,2.5,J. Conner RB - ARI,0.0,C. Otton TE - TB,0.0,,,86.56,Kessi,108.14
2024,11,Simi,3,J. Herbert QB - LAC,24.38,D. Henry RB - BAL,10.5,J. Jacobs RB - GB,19.4,C. Lamb WR - DAL,10.6,D. Samuel WR - WAS,2.1,T. Kraft TE - GB,0.0,R. Stevenson RB - NE,8.9,C. Boswell K - PIT,25.3,Vikings DEF,11.0,C. Stroud QB - HOU,10.88,J. Reed WR - GB,7.8,D. Moore WR - CHI,6.7,D. Hopkins WR - BAL,2.9,M. Evans WR - TB,0.0,C. Hubbard RB - CAR,0.0,,,112.18,Marv,103.68
2024,11,Marv,6,J. Allen QB - BUF,23.98,J. Cook RB - BUF,14.7,B. Hall RB - NYJ,24.1,D. Adams WR - LAR,7.2,A. Brown WR - PHI,6.5,K. Pitts TE - ATL,0.9,K. Hunt RB - KC,6.0,K. Fairbairn K - HOU,10.3,Lions DEF,10.0,J. Dobbins RB - DEN,17.9,Z. Flowers WR - BAL,9.9,N. Chubb RB - HOU,5.0,C. Kmet TE - CHI,4.2,T. McLaurin WR - WAS,1.0,R. White RB - TB,0.0,,,103.68,Simi,112.18
2024,11,Ritz,7,J. Burrow QB - CIN,29.04,K. Walker RB - SEA,11.9,K. Williams RB - LAR,8.6,D. Metcalf WR - PIT,7.0,T. Hill WR - MIA,12.1,M. Andrews TE - BAL,2.2,L. McConkey WR - LAC,12.3,J. Tucker K,6.4,49ers DEF,7.0,T. Tagovailoa QB - MIA,23.52,J. Addison WR - MIN,12.1,K. Shakir WR - BUF,7.0,S. LaPorta TE - DET,0.0,J. Brooks RB - CAR,0.0,B. Irving RB - TB,0.0,I. Pacheco RB - KC,0.0,96.54,Tommy,107.08
2024,11,Tommy,5,L. Jackson QB - BAL,14.88,S. Barkley RB - PHI,31.8,A. Kamara RB - NO,8.9,A. St. Brown WR - DET,27.7,N. Collins WR - HOU,5.4,T. Kelce TE - KC,0.8,A. Jones RB - MIN,4.3,T. Bass K - BUF,6.3,Rams DEF,7.0,B. Bowers TE - LV,18.3,A. Ekeler RB - WAS,9.6,T. Dell WR - HOU,5.8,K. Allen WR - LAC,4.1,R. Dowdle RB - CAR,3.4,D. Smith WR - PHI,2.9,,,107.08,Ritz,96.54
2024,12,Benni,5,J. Hurts QB - PHI,15.06,J. Gibbs RB - DET,21.9,T. Tracy RB - NYG,5.0,M. Nabers WR - NYG,6.4,C. Ridley WR - TEN,9.3,D. Njoku TE - CLE,2.9,J. Williams WR - DET,6.8,A. Seibert K,9.2,Steelers DEF,7.0,J. Daniels QB - WAS,30.4,Texans DEF,19.0,J. Jennings WR - SF,4.0,T. Higgins WR - CIN,0.0,D. Mooney WR - ATL,0.0,B. Robinson RB - ATL,0.0,,,83.56,Juschka,69.46
2024,12,Juschka,8,G. Smith QB - LV,12.36,D. Swift RB - CHI,6.5,D. Achane RB - MIA,17.6,N. Westbrook-Ikhine WR - MIA,10.8,J. Jefferson WR - MIN,2.7,C. Otton TE - TB,3.0,B. Robinson RB - SF,2.4,J. Sanders K - MIA,12.1,Commanders DEF,2.0,M. Pittman WR - IND,9.6,J. Conner RB - ARI,4.9,T. Etienne RB - JAX,0.0,D. London WR - ATL,0.0,G. Wilson WR - NYJ,0.0,B. Purdy QB - SF,0.0,,,69.46,Benni,83.56
2024,12,Kessi,2,P. Mahomes QB - KC,28.76,D. Montgomery RB - DET,13.3,J. Taylor RB - IND,3.5,C. Sutton WR - DEN,21.7,C. Kupp WR - SEA,12.0,G. Kittle TE - SF,14.2,T. Pollard RB - TEN,18.9,B. Aubrey K - DAL,13.4,Eagles DEF,8.0,J. Waddle WR - MIA,20.4,Z. Ertz TE - WAS,9.8,N. Harris RB - LAC,5.4,T. Benson RB - ARI,1.8,M. Valdes-Scantling WR - SF,0.0,J. Chase WR - CIN,0.0,C. Olave WR - NO,0.0,133.76,Erik,72.7
2024,12,Erik,7,K. Murray QB - ARI,10.3,J. Mixon RB - HOU,4.5,C. McCaffrey RB - SF,4.8,G. Pickens WR - DAL,4.8,P. Nacua WR - LAR,11.7,T. McBride TE - ARI,13.3,M. Harrison WR - ARI,4.7,J. Bates K - DET,8.6,Broncos DEF,10.0,B. Mayfield QB - TB,18.66,J. Goff QB - DET,10.76,J. Downs WR - IND,2.7,Chiefs DEF,2.0,A. Cooper WR,0.0,C. Brown RB - CIN,0.0,,,72.7,Kessi,133.76
2024,12,Simi,3,J. Herbert QB - LAC,17.62,D. Henry RB - BAL,14.0,C. Hubbard RB - CAR,14.0,C. Lamb WR - DAL,6.8,M. Evans WR - TB,6.8,J. Smith TE - PIT,14.7,J. Jacobs RB - GB,28.6,C. Boswell K - PIT,8.8,Vikings DEF,5.0,D. Moore WR - CHI,19.9,D. Hopkins WR - BAL,9.5,R. Stevenson RB - NE,3.3,J. Reed WR - GB,2.6,D. Samuel WR - WAS,2.1,T. Hill TE - NO,0.0,,,116.32,Ritz,81.38
2024,12,Ritz,6,T. Tagovailoa QB - MIA,28.48,K. Walker RB - SEA,9.3,K. Williams RB - LAR,11.2,D. Metcalf WR - PIT,5.9,T. Hill WR - MIA,4.8,S. LaPorta TE - DET,1.9,L. McConkey WR - LAC,8.3,J. Tucker K,7.5,Bears DEF,4.0,J. Addison WR - MIN,22.2,B. Irving RB - TB,21.2,M. Andrews TE - BAL,10.6,J. Brooks RB - CAR,0.7,J. Burrow QB - CIN,0.0,I. Pacheco RB - KC,0.0,49ers DEF,-2.0,81.38,Simi,116.32
2024,12,Tommy,1,L. Jackson QB - BAL,22.58,S. Barkley RB - PHI,42.2,A. Jones RB - MIN,16.9,A. St. Brown WR - DET,6.2,N. Collins WR - HOU,15.2,T. Kelce TE - KC,6.2,A. Ekeler RB - WAS,2.4,C. Dicker K - LAC,16.6,Buccaneers DEF,10.0,K. Allen WR - LAC,14.6,R. Dowdle RB - CAR,7.8,T. Dell WR - HOU,7.2,B. Bowers TE - LV,3.8,A. Kamara RB - NO,0.0,D. Smith WR - PHI,0.0,,,138.28,Marv,105.72
2024,12,Marv,4,B. Nix QB - DEN,19.42,K. Hunt RB - KC,8.7,N. Chubb RB - HOU,18.0,Z. Flowers WR - BAL,6.2,A. Brown WR - PHI,16.9,D. Goedert TE - PHI,1.9,T. McLaurin WR - WAS,16.2,K. Fairbairn K - HOU,11.4,Lions DEF,7.0,R. White RB - TB,10.7,J. Dobbins RB - DEN,5.9,D. Adams WR - LAR,0.0,J. Allen QB - BUF,0.0,J. Cook RB - BUF,0.0,B. Hall RB - NYJ,0.0,,,105.72,Tommy,138.28
2024,13,Benni,2,J. Hurts QB - PHI,17.62,J. Gibbs RB - DET,8.4,B. Robinson RB - ATL,19.5,M. Nabers WR - NYG,7.3,T. Higgins WR - CIN,12.9,D. Njoku TE - CLE,17.2,T. Tracy RB - NYG,12.5,P. Romo K - ATL,15.0,Texans DEF,3.0,J. Daniels QB - WAS,27.64,J. Smith-Njigba WR - SEA,7.9,J. Williams WR - DET,4.6,C. Ridley WR - TEN,4.5,B. Allen RB - NYJ,2.7,D. Mooney WR - ATL,2.0,,,113.42,Simi,86.88
2024,13,Simi,6,J. Herbert QB - LAC,7.98,D. Henry RB - BAL,11.1,C. Hubbard RB - CAR,2.3,C. Lamb WR - DAL,3.9,M. Evans WR - TB,17.8,T. Hill TE - NO,4.7,J. Jacobs RB - GB,17.7,C. Boswell K - PIT,16.4,Vikings DEF,5.0,J. Reed WR - GB,16.7,D. Moore WR - CHI,15.7,J. Smith TE - PIT,11.3,R. Stevenson RB - NE,9.4,D. Hopkins WR - BAL,9.0,D. Samuel WR - WAS,0.0,,,86.88,Benni,113.42
2024,13,Kessi,8,P. Mahomes QB - KC,16.64,D. Montgomery RB - DET,12.4,J. Taylor RB - IND,16.3,J. Chase WR - CIN,14.6,C. Kupp WR - SEA,1.7,G. Kittle TE - SF,0.7,T. Pollard RB - TEN,4.8,B. Aubrey K - DAL,9.3,Eagles DEF,4.0,N. Harris RB - LAC,18.9,C. Sutton WR - DEN,10.2,M. Valdes-Scantling WR - SF,9.6,Z. Ertz TE - WAS,9.5,J. Waddle WR - MIA,7.3,T. Benson RB - ARI,2.0,C. Olave WR - NO,0.0,80.44,Tommy,103.78
2024,13,Tommy,5,L. Jackson QB - BAL,25.38,S. Barkley RB - PHI,17.7,A. Jones RB - MIN,6.8,A. St. Brown WR - DET,7.3,N. Collins WR - HOU,11.9,T. Kelce TE - KC,6.8,A. Kamara RB - NO,11.9,C. Dicker K - LAC,13.0,Buccaneers DEF,3.0,B. Bowers TE - LV,20.2,K. Allen WR - LAC,19.3,R. Dowdle RB - CAR,18.3,T. Dell WR - HOU,2.3,A. Ekeler RB - WAS,0.0,D. Smith WR - PHI,0.0,,,103.78,Kessi,80.44
2024,13,Ritz,3,J. Burrow QB - CIN,19.26,K. Walker RB - SEA,4.6,K. Williams RB - LAR,17.3,D. Metcalf WR - PIT,6.6,T. Hill WR - MIA,14.3,M. Andrews TE - BAL,12.9,B. Irving RB - TB,24.5,J. Tucker K,9.4,Bears DEF,4.0,T. Tagovailoa QB - MIA,25.2,S. LaPorta TE - DET,12.6,L. McConkey WR - LAC,11.7,J. Addison WR - MIN,5.4,I. Pacheco RB - KC,4.9,J. Brooks RB - CAR,4.1,,,112.86,Juschka,85.94
2024,13,Juschka,7,G. Smith QB - LV,12.44,J. Conner RB - ARI,8.1,D. Achane RB - MIA,13.0,D. London WR - ATL,8.3,J. Jefferson WR - MIN,9.9,C. Otton TE - TB,2.0,B. Robinson RB - SF,16.9,J. Sanders K - MIA,3.3,Bills DEF,12.0,N. Westbrook-Ikhine WR - MIA,18.1,D. Swift RB - CHI,7.4,T. Etienne RB - JAX,5.8,M. Pittman WR - IND,4.2,G. Wilson WR - NYJ,4.1,B. Purdy QB - SF,2.16,,,85.94,Ritz,112.86
2024,13,Erik,4,B. Mayfield QB - TB,10.2,J. Mixon RB - HOU,17.9,C. Brown RB - CIN,16.0,G. Pickens WR - DAL,13.4,P. Nacua WR - LAR,12.3,T. McBride TE - ARI,9.6,C. McCaffrey RB - SF,6.7,J. Bates K - DET,13.4,Chiefs DEF,6.0,K. Murray QB - ARI,15.2,M. Harrison WR - ARI,12.0,A. Abdullah RB - IND,5.3,G. Edwards RB,3.3,A. Cooper WR,1.2,J. Downs WR - IND,0.0,,,105.5,Marv,119.72
2024,13,Marv,1,J. Allen QB - BUF,28.42,J. Cook RB - BUF,18.0,B. Hall RB - NYJ,6.0,D. Adams WR - LAR,12.6,A. Brown WR - PHI,6.6,D. Goedert TE - PHI,9.5,T. McLaurin WR - WAS,19.3,K. Fairbairn K - HOU,13.3,Lions DEF,6.0,B. Nix QB - DEN,12.16,N. Chubb RB - HOU,10.5,R. White RB - TB,7.8,Z. Flowers WR - BAL,7.1,K. Hunt RB - KC,1.5,J. Dobbins RB - DEN,0.0,,,119.72,Erik,105.5
2024,14,Benni,7,J. Hurts QB - PHI,24.22,J. Gibbs RB - DET,13.3,B. Robinson RB - ATL,18.1,C. Ridley WR - TEN,5.9,T. Higgins WR - CIN,2.3,D. Njoku TE - CLE,10.2,T. Tracy RB - NYG,14.3,W. Reichard K - MIN,6.0,Cardinals DEF,-1.0,J. Smith-Njigba WR - SEA,14.6,J. Jeudy WR - CLE,12.4,M. Nabers WR - NYG,9.9,J. Williams WR - DET,8.0,J. Daniels QB - WAS,0.0,Ravens DEF,0.0,Broncos DEF,0.0,93.32,Tommy,76.96
2024,14,Tommy,8,C. Williams QB - CHI,14.06,S. Barkley RB - PHI,14.4,A. Jones RB - MIN,14.4,A. St. Brown WR - DET,5.3,K. Allen WR - LAC,3.0,B. Bowers TE - LV,5.2,A. Kamara RB - NO,7.9,C. Dicker K - LAC,5.7,Seahawks DEF,7.0,R. Dowdle RB - CAR,14.1,D. Smith WR - PHI,9.7,T. Kelce TE - KC,4.5,L. Jackson QB - BAL,0.0,N. Collins WR - HOU,0.0,T. Dell WR - HOU,0.0,,,76.96,Benni,93.32
2024,14,Kessi,2,P. Mahomes QB - KC,14.1,D. Montgomery RB - DET,14.4,N. Harris RB - LAC,11.3,J. Chase WR - CIN,31.1,C. Kupp WR - SEA,15.2,G. Kittle TE - SF,15.1,T. Pollard RB - TEN,12.4,B. Aubrey K - DAL,10.2,Eagles DEF,4.0,J. Waddle WR - MIA,11.9,M. Valdes-Scantling WR - SF,5.1,T. Benson RB - ARI,1.9,Z. Ertz TE - WAS,0.0,C. Sutton WR - DEN,0.0,J. Taylor RB - IND,0.0,C. Olave WR - NO,0.0,127.8,Simi,114.02
2024,14,Simi,4,J. Herbert QB - LAC,13.72,J. Jacobs RB - GB,24.6,C. Hubbard RB - CAR,16.7,C. Lamb WR - DAL,15.4,M. Evans WR - TB,6.9,J. Smith TE - PIT,10.4,D. Moore WR - CHI,4.9,C. Boswell K - PIT,11.4,Steelers DEF,10.0,Vikings DEF,7.0,D. Samuel WR - WAS,3.5,J. Reed WR - GB,0.0,D. Henry RB - BAL,0.0,J. Williams RB - DAL,0.0,R. Stevenson RB - NE,0.0,,,114.02,Kessi,127.8
2024,14,Ritz,5,J. Burrow QB - CIN,24.56,B. Irving RB - TB,1.8,K. Williams RB - LAR,21.7,D. Metcalf WR - PIT,4.9,T. Hill WR - MIA,18.1,S. LaPorta TE - DET,5.4,I. Guerendo RB - SF,24.8,J. Elliott K - PHI,2.0,Bengals DEF,8.0,J. Addison WR - MIN,31.3,I. Pacheco RB - KC,6.1,L. McConkey WR - LAC,0.0,M. Andrews TE - BAL,0.0,K. Walker RB - SEA,0.0,J. Brooks RB - CAR,-0.3,,,111.26,Erik,138.2
2024,14,Erik,1,B. Mayfield QB - TB,19.0,B. Allen RB - NYJ,8.1,Z. Charbonnet RB - SEA,31.3,M. Harrison WR - ARI,4.9,P. Nacua WR - LAR,29.8,T. McBride TE - ARI,7.0,C. Brown RB - CIN,18.3,J. Bates K - DET,11.8,Saints DEF,8.0,K. Murray QB - ARI,17.96,G. Edwards RB,9.6,Chiefs DEF,4.0,J. Mixon RB - HOU,0.0,C. McCaffrey RB - SF,0.0,G. Pickens WR - DAL,0.0,J. Downs WR - IND,0.0,138.2,Ritz,111.26
2024,14,Juschka,6,B. Purdy QB - SF,22.1,J. Conner RB - ARI,18.2,D. Achane RB - MIA,12.9,D. London WR - ATL,7.0,J. Jefferson WR - MIN,25.2,C. Otton TE - TB,7.0,D. Swift RB - CHI,4.0,J. Sanders K - MIA,17.8,Bills DEF,-4.0,S. Darnold QB - SEA,34.58,G. Wilson WR - NYJ,11.4,T. Etienne RB - JAX,7.0,N. Westbrook-Ikhine WR - MIA,1.9,M. Pittman WR - IND,0.0,B. Robinson RB - SF,0.0,,,110.2,Marv,116.18
2024,14,Marv,3,J. Allen QB - BUF,51.88,J. Cook RB - BUF,2.9,N. Chubb RB - HOU,4.8,D. Adams WR - LAR,16.9,A. Brown WR - PHI,4.3,T. Hockenson TE - MIN,4.5,R. White RB - TB,22.9,T. Bass K - BUF,6.0,Lions DEF,2.0,K. Hunt RB - KC,2.9,B. Nix QB - DEN,0.0,K. Fairbairn K - HOU,0.0,T. McLaurin WR - WAS,0.0,B. Hall RB - NYJ,0.0,Z. Flowers WR - BAL,0.0,,,116.18,Juschka,110.2
2024,15,Benni,3,J. Daniels QB - WAS,23.64,B. Robinson RB - ATL,13.5,J. Gibbs RB - DET,23.4,J. Smith-Njigba WR - SEA,8.3,T. Higgins WR - CIN,14.8,T. Kraft TE - GB,3.4,J. Jeudy WR - CLE,10.8,W. Reichard K - MIN,15.9,Ravens DEF,6.0,J. Hurts QB - PHI,28.1,M. Nabers WR - NYG,14.2,C. Ridley WR - TEN,6.0,T. Tracy RB - NYG,3.5,Bills DEF,1.0,D. Njoku TE - CLE,0.0,,,119.74,Kessi,77.16
2024,15,Kessi,8,P. Mahomes QB - KC,15.76,D. Montgomery RB - DET,3.5,J. Taylor RB - IND,9.1,J. Chase WR - CIN,9.4,C. Kupp WR - SEA,0.0,G. Kittle TE - SF,6.1,T. Pollard RB - TEN,8.5,B. Aubrey K - DAL,16.8,Eagles DEF,8.0,C. Sutton WR - DEN,9.2,M. Valdes-Scantling WR - SF,6.8,Z. Ertz TE - WAS,2.5,T. Benson RB - ARI,2.2,N. Harris RB - LAC,2.1,J. Waddle WR - MIA,0.0,C. Olave WR - NO,0.0,77.16,Benni,119.74
2024,15,Simi,4,J. Herbert QB - LAC,13.8,D. Henry RB - BAL,6.7,J. Jacobs RB - GB,17.6,C. Lamb WR - DAL,17.6,M. Evans WR - TB,27.9,J. Smith TE - PIT,10.8,C. Hubbard RB - CAR,4.9,C. Boswell K - PIT,9.6,Vikings DEF,8.0,J. Goff QB - DET,41.06,R. Stevenson RB - NE,8.5,D. Moore WR - CHI,7.0,Steelers DEF,7.0,J. Reed WR - GB,6.1,D. Samuel WR - WAS,1.9,,,116.9,Juschka,87.18
2024,15,Juschka,6,B. Purdy QB - SF,3.98,J. Conner RB - ARI,25.8,D. Achane RB - MIA,7.6,D. London WR - ATL,11.3,J. Jefferson WR - MIN,13.3,C. Otton TE - TB,2.4,B. Robinson RB - SF,8.7,J. Sanders K - MIA,9.1,Cardinals DEF,5.0,G. Wilson WR - NYJ,11.6,D. Swift RB - CHI,8.9,T. Etienne RB - JAX,8.5,M. Pittman WR - IND,3.8,I. Davis RB - NYJ,2.6,N. Westbrook-Ikhine WR - MIA,0.9,,,87.18,Simi,116.9
2024,15,Ritz,5,J. Burrow QB - CIN,16.84,I. Guerendo RB - SF,7.5,K. Williams RB - LAR,11.2,J. Addison WR - MIN,6.3,T. Hill WR - MIA,3.6,M. Andrews TE - BAL,8.4,I. Pacheco RB - KC,4.7,Y. Koo K - NYG,9.8,Bengals DEF,19.0,L. McConkey WR - LAC,11.8,B. Irving RB - TB,11.3,S. LaPorta TE - DET,11.1,D. Metcalf WR - PIT,2.8,P. Taylor RB - SF,0.0,K. Walker RB - SEA,0.0,,,87.34,Erik,79.94
2024,15,Erik,7,T. Tagovailoa QB - MIA,3.84,J. Mixon RB - HOU,5.6,C. Brown RB - CIN,23.3,J. Jennings WR - SF,3.1,P. Nacua WR - LAR,10.8,T. McBride TE - ARI,8.7,Z. Charbonnet RB - SEA,12.6,J. Bates K - DET,6.0,Commanders DEF,6.0,B. Mayfield QB - TB,28.02,Chiefs DEF,21.0,K. Murray QB - ARI,10.06,M. Harrison WR - ARI,3.2,S. McCormick RB - SF,2.5,C. McCaffrey RB - SF,0.0,G. Pickens WR - DAL,0.0,79.94,Ritz,87.34
2024,15,Tommy,2,L. Jackson QB - BAL,36.1,S. Barkley RB - PHI,7.4,A. Jones RB - MIN,16.6,A. St. Brown WR - DET,23.3,N. Collins WR - HOU,13.7,T. Kelce TE - KC,2.7,A. Kamara RB - NO,13.0,C. Dicker K - LAC,6.1,Seahawks DEF,1.0,B. Thomas WR - JAX,22.5,D. Smith WR - PHI,17.0,R. Dowdle RB - CAR,14.9,K. Allen WR - LAC,14.2,T. Dell WR - HOU,4.1,B. Bowers TE - LV,3.5,,,119.9,Marv,164.08
2024,15,Marv,1,J. Allen QB - BUF,41.28,J. Cook RB - BUF,25.3,B. Hall RB - NYJ,11.1,D. Adams WR - LAR,33.8,A. Brown WR - PHI,17.0,T. Hockenson TE - MIN,5.2,T. McLaurin WR - WAS,19.3,T. Bass K - BUF,15.1,Lions DEF,-4.0,B. Nix QB - DEN,13.5,R. White RB - TB,12.1,K. Fairbairn K - HOU,9.4,Z. Flowers WR - BAL,5.3,K. Hunt RB - KC,4.9,N. Chubb RB - HOU,2.1,,,164.08,Tommy,119.9
2024,16,Benni,7,J. Hurts QB - PHI,4.54,B. Robinson RB - ATL,22.3,J. Gibbs RB - DET,21.4,M. Nabers WR - NYG,6.8,T. Higgins WR - CIN,11.8,D. Njoku TE - CLE,6.6,J. Smith-Njigba WR - SEA,16.0,C. McLaughlin K - TB,7.5,Bills DEF,14.0,J. Daniels QB - WAS,34.42,T. Tracy RB - NYG,12.9,T. Kraft TE - GB,6.5,Broncos DEF,3.0,P. Taylor RB - SF,2.5,J. Jeudy WR - CLE,2.0,P. Freiermuth TE - PIT,1.6,110.94,Marv,112.96
2024,16,Marv,5,J. Allen QB - BUF,11.16,J. Cook RB - BUF,24.6,B. Hall RB - NYJ,9.0,D. Adams WR - LAR,12.8,A. Brown WR - PHI,15.7,T. Hockenson TE - MIN,2.7,T. McLaurin WR - WAS,12.0,T. Bass K - BUF,8.0,Packers DEF,17.0,Z. Flowers WR - BAL,10.3,K. Fairbairn K - HOU,8.1,Lions DEF,7.0,Colts DEF,6.0,R. White RB - TB,4.0,B. Snell RB,0.0,,,112.96,Benni,110.94
2024,16,Kessi,1,P. Mahomes QB - KC,23.7,T. Pollard RB - TEN,6.0,J. Taylor RB - IND,39.8,J. Chase WR - CIN,16.4,C. Kupp WR - SEA,2.4,G. Kittle TE - SF,10.6,C. Sutton WR - DEN,5.0,B. Aubrey K - DAL,23.8,Eagles DEF,7.0,N. Harris RB - LAC,4.2,Z. Ertz TE - WAS,1.2,T. Benson RB - ARI,0.0,M. Valdes-Scantling WR - SF,0.0,D. Montgomery RB - DET,0.0,J. Waddle WR - MIA,0.0,C. Olave WR - NO,0.0,134.7,Tommy,112.38
2024,16,Tommy,6,L. Jackson QB - BAL,20.48,S. Barkley RB - PHI,27.0,A. Jones RB - MIN,9.3,A. St. Brown WR - DET,13.0,N. Collins WR - HOU,6.0,T. Kelce TE - KC,3.0,B. Thomas WR - JAX,19.2,C. Dicker K - LAC,11.4,Seahawks DEF,3.0,K. Allen WR - LAC,20.1,T. Dell WR - HOU,15.8,B. Bowers TE - LV,9.9,R. Dowdle RB - CAR,5.1,D. Smith WR - PHI,5.1,A. Kamara RB - NO,0.0,,,112.38,Kessi,134.7
2024,16,Simi,3,J. Goff QB - DET,25.34,D. Henry RB - BAL,18.9,J. Jacobs RB - GB,16.7,C. Lamb WR - DAL,10.5,M. Evans WR - TB,6.9,J. Smith TE - PIT,6.2,C. Hubbard RB - CAR,28.5,C. Boswell K - PIT,7.1,Vikings DEF,6.0,J. Herbert QB - LAC,22.16,D. Samuel WR - WAS,18.1,R. Stevenson RB - NE,11.3,J. Reed WR - GB,8.1,D. Moore WR - CHI,7.0,T. Tebow TE,0.0,,,126.14,Ritz,130.58
2024,16,Ritz,2,J. Burrow QB - CIN,21.98,B. Irving RB - TB,15.2,K. Williams RB - LAR,18.9,D. Metcalf WR - PIT,11.7,T. Hill WR - MIA,8.9,M. Andrews TE - BAL,9.8,J. Addison WR - MIN,9.5,C. Ryland K - ARI,16.6,Bengals DEF,18.0,S. LaPorta TE - DET,10.3,L. McConkey WR - LAC,8.7,K. Walker RB - SEA,5.9,I. Pacheco RB - KC,2.5,A. Cooper WR,1.0,I. Guerendo RB - SF,0.0,,,130.58,Simi,126.14
2024,16,Erik,8,B. Mayfield QB - TB,22.32,J. Mixon RB - HOU,7.1,C. Brown RB - CIN,10.9,J. Jennings WR - SF,5.1,P. Nacua WR - LAR,5.6,T. McBride TE - ARI,2.0,M. Harrison WR - ARI,3.9,J. Bates K - DET,10.4,Falcons DEF,25.0,K. Murray QB - ARI,20.38,J. Ford RB - CLE,19.1,Commanders DEF,7.0,K. Miller RB - NO,3.1,Z. Charbonnet RB - SEA,1.3,C. McCaffrey RB - SF,0.0,G. Pickens WR - DAL,0.0,92.32,Juschka,125.32
2024,16,Juschka,4,B. Purdy QB - SF,21.12,J. Conner RB - ARI,22.6,D. Achane RB - MIA,25.0,D. London WR - ATL,5.9,J. Jefferson WR - MIN,26.4,D. Kincaid TE - BUF,1.5,B. Robinson RB - SF,0.1,J. Sanders K - MIA,23.7,Cardinals DEF,-1.0,N. Westbrook-Ikhine WR - MIA,7.7,G. Wilson WR - NYJ,5.4,D. Swift RB - CHI,5.3,T. Etienne RB - JAX,3.7,M. Pittman WR - IND,1.9,I. Davis RB - NYJ,1.2,,,125.32,Erik,92.32
2025,1,Benni,3,J. Daniels QB - WAS,20.12,J. Taylor RB - IND,9.8,J. Conner RB - ARI,10.4,J. Jefferson WR - MIN,10.8,M. Nabers WR - NYG,7.1,G. Kittle TE - SF,8.5,R. Harvey RB - DEN,6.9,C. Ryland K - ARI,11.2,Broncos DEF,14.0,E. Egbuka WR - TB,19.6,J. Croskey-Merritt RB - WAS,14.2,T. McMillan WR - CAR,6.8,N. Chubb RB - HOU,6.0,T. Hunter WR - JAX,3.3,J. Williams WR - DET,2.6,,,98.82,Simi,86.38
2025,1,Simi,5,J. Hurts QB - PHI,24.28,J. Gibbs RB - DET,5.0,B. Irving RB - TB,10.5,B. Thomas WR - JAX,8.0,T. Hill WR - MIA,4.0,T. Hockenson TE - MIN,1.5,B. Hall RB - NYJ,14.5,C. Boswell K - PIT,15.6,Eagles DEF,3.0,Z. Flowers WR - BAL,21.1,Z. Charbonnet RB - SEA,10.7,T. Pollard RB - TEN,6.9,R. White RB - TB,1.6,R. Rice WR - KC,0.0,J. Addison WR - MIN,0.0,,,86.38,Benni,98.82
2025,1,Kessi,2,P. Mahomes QB - KC,26.02,D. Henry RB - BAL,28.2,C. Brown RB - CIN,11.1,A. St. Brown WR - DET,4.5,T. Higgins WR - CIN,3.3,B. Bowers TE - LV,10.3,J. Waddle WR - MIA,3.0,B. Aubrey K - DAL,11.4,Buccaneers DEF,2.0,J. Dobbins RB - DEN,12.8,C. Sutton WR - DEN,12.1,K. Shakir WR - BUF,6.4,R. Stevenson RB - NE,2.7,Q. Judkins RB - CLE,0.0,J. Mixon RB - HOU,0.0,,,99.82,Tommy,92.82
2025,1,Tommy,4,J. Herbert QB - LAC,27.92,S. Barkley RB - PHI,14.4,D. Achane RB - MIA,13.5,A. Brown WR - PHI,0.8,T. McLaurin WR - WAS,2.7,T. McBride TE - ARI,6.1,D. Montgomery RB - DET,4.3,T. Loop K - BAL,14.1,49ers DEF,9.0,A. Jones RB - MIN,12.7,R. Odunze WR - CHI,9.7,D. Metcalf WR - PIT,8.3,T. Warren TE - IND,7.9,G. Pickens WR - DAL,3.0,B. Aiyuk WR - SF,0.0,,,92.82,Kessi,99.82
2025,1,Ritz,4,J. Burrow QB - CIN,8.82,B. Robinson RB - ATL,18.4,A. Kamara RB - NO,11.7,L. McConkey WR - LAC,7.4,J. Smith-Njigba WR - SEA,10.4,T. Kelce TE - KC,10.7,K. Williams RB - LAR,12.9,C. Dicker K - LAC,10.5,Steelers DEF,2.0,J. Warren RB - PIT,11.9,R. Pearsall WR - SF,10.8,D. Sampson RB - CLE,9.3,D. Moore WR - CHI,5.6,B. Robinson RB - SF,3.7,I. Pacheco RB - KC,2.8,,,92.82,Marv,122.96
2025,1,Marv,1,J. Allen QB - BUF,38.76,A. Jeanty RB - LV,10.0,O. Hampton RB - LAC,6.1,P. Nacua WR - LAR,13.1,M. Harrison WR - ARI,13.1,S. LaPorta TE - DET,7.9,J. Cook RB - BUF,16.2,J. Elliott K - PHI,8.8,Commanders DEF,9.0,J. Williams RB - DAL,18.4,J. Jeudy WR - CLE,6.6,C. Olave WR - NO,5.4,T. Tracy RB - NYG,3.5,C. Kupp WR - SEA,1.5,X. Worthy WR - KC,0.0,,,122.96,Ritz,92.82
2025,1,Erik,6,L. Jackson QB - BAL,29.36,K. Walker RB - SEA,2.4,C. Hubbard RB - CAR,14.9,C. Lamb WR - DAL,11.0,D. London WR - ATL,5.5,D. Njoku TE - CLE,3.7,N. Collins WR - HOU,2.5,C. McLaughlin K - TB,6.8,Vikings DEF,5.0,D. Samuel WR - WAS,15.6,J. Mason RB - MIN,7.5,T. Henderson RB - NE,5.1,D. Smith WR - PHI,1.6,N. Harris RB - LAC,1.0,K. Johnson RB - PIT,-0.2,,,81.16,Juschka,70.68
2025,1,Juschka,7,B. Mayfield QB - TB,22.58,C. McCaffrey RB - SF,14.2,J. Jacobs RB - GB,13.0,J. Chase WR - CIN,2.6,M. Evans WR - TB,5.1,M. Andrews TE - BAL,0.5,D. Swift RB - CHI,6.5,W. Lutz K - DEN,9.2,Ravens DEF,-3.0,T. Etienne RB - JAX,15.6,G. Wilson WR - NYJ,15.5,J. Reed WR - GB,10.5,D. Adams WR - LAR,5.1,C. Ridley WR - TEN,2.7,R. Dowdle RB - CAR,1.6,T. Spears RB - TEN,0.0,70.68,Erik,81.16
2025,2,Benni,1,J. Daniels QB - WAS,19.7,J. Taylor RB - IND,27.5,J. Conner RB - ARI,11.2,J. Jefferson WR - MIN,8.1,M. Nabers WR - NYG,28.7,K. Pitts TE - ATL,3.7,J. Croskey-Merritt RB - WAS,1.7,S. Shrader K - IND,19.4,Broncos DEF,0.0,J. Williams WR - DET,16.8,N. Chubb RB - HOU,13.2,T. McMillan WR - CAR,10.0,E. Egbuka WR - TB,8.9,R. Harvey RB - DEN,2.4,T. Hunter WR - JAX,2.2,G. Kittle TE - SF,0.0,120.0,Juschka,107.4
2025,2,Juschka,3,B. Mayfield QB - TB,19.9,C. McCaffrey RB - SF,16.7,J. Jacobs RB - GB,14.4,J. Chase WR - CIN,22.5,M. Evans WR - TB,5.6,M. Andrews TE - BAL,0.4,D. Swift RB - CHI,10.9,W. Lutz K - DEN,4.0,Ravens DEF,13.0,D. Adams WR - LAR,16.6,T. Etienne RB - JAX,14.9,C. Ridley WR - TEN,5.7,G. Wilson WR - NYJ,5.0,R. Dowdle RB - CAR,1.9,J. Reed WR - GB,0.0,T. Spears RB - TEN,0.0,107.4,Benni,120.0
2025,2,Kessi,2,P. Mahomes QB - KC,22.08,D. Henry RB - BAL,2.3,C. Brown RB - CIN,6.5,A. St. Brown WR - DET,30.2,T. Higgins WR - CIN,11.6,B. Bowers TE - LV,3.8,C. Sutton WR - DEN,0.6,B. Aubrey K - DAL,24.5,Bills DEF,10.0,R. Stevenson RB - NE,16.2,J. Dobbins RB - DEN,14.5,J. Waddle WR - MIA,12.8,Q. Judkins RB - CLE,7.1,Buccaneers DEF,4.0,K. Shakir WR - BUF,1.2,J. Mixon RB - HOU,0.0,111.58,Ritz,76.84
2025,2,Ritz,8,J. Burrow QB - CIN,7.04,A. Kamara RB - NO,10.0,K. Williams RB - LAR,8.0,L. McConkey WR - LAC,4.8,J. Smith-Njigba WR - SEA,10.3,T. Kelce TE - KC,6.1,B. Robinson RB - ATL,16.8,C. Dicker K - LAC,8.8,Steelers DEF,5.0,J. Warren RB - PIT,13.4,D. Sampson RB - CLE,7.9,R. Pearsall WR - SF,5.2,D. Moore WR - CHI,4.6,I. Pacheco RB - KC,2.9,B. Robinson RB - SF,1.9,,,76.84,Kessi,111.58
2025,2,Simi,7,J. Hurts QB - PHI,11.54,J. Gibbs RB - DET,16.4,B. Hall RB - NYJ,3.8,B. Thomas WR - JAX,4.9,T. Hill WR - MIA,10.9,T. Hockenson TE - MIN,1.2,B. Irving RB - TB,12.1,C. Boswell K - PIT,14.1,Eagles DEF,5.0,R. White RB - TB,12.6,T. Pollard RB - TEN,9.2,Z. Flowers WR - BAL,7.9,Z. Charbonnet RB - SEA,1.0,R. Rice WR - KC,0.0,J. Addison WR - MIN,0.0,,,79.94,Erik,91.1
2025,2,Erik,6,L. Jackson QB - BAL,26.3,T. Henderson RB - NE,4.0,C. Hubbard RB - CAR,13.7,C. Lamb WR - DAL,11.2,D. London WR - ATL,2.9,D. Njoku TE - CLE,4.0,N. Collins WR - HOU,11.2,K. Fairbairn K - HOU,9.8,Rams DEF,8.0,K. Walker RB - SEA,17.8,D. Samuel WR - WAS,10.4,D. Smith WR - PHI,5.3,T. Benson RB - ARI,4.4,J. Mason RB - MIN,3.8,H. Brown WR - KC,3.0,,,91.1,Simi,79.94
2025,2,Tommy,5,J. Herbert QB - LAC,18.78,S. Barkley RB - PHI,15.4,D. Achane RB - MIA,18.2,A. Brown WR - PHI,2.7,T. McLaurin WR - WAS,4.8,T. McBride TE - ARI,7.8,D. Montgomery RB - DET,12.1,T. Loop K - BAL,12.5,49ers DEF,5.0,R. Odunze WR - CHI,24.8,G. Pickens WR - DAL,12.8,D. Metcalf WR - PIT,8.0,T. Warren TE - IND,7.9,K. Coleman WR - BUF,2.6,A. Jones RB - MIN,2.3,,,97.28,Marv,100.52
2025,2,Marv,4,J. Allen QB - BUF,11.82,A. Jeanty RB - LV,4.4,J. Williams RB - DAL,19.0,P. Nacua WR - LAR,19.6,M. Harrison WR - ARI,2.7,S. LaPorta TE - DET,2.6,J. Cook RB - BUF,25.5,J. Elliott K - PHI,12.9,Commanders DEF,2.0,C. Kupp WR - SEA,9.0,C. Olave WR - NO,5.4,T. Tracy RB - NYG,5.1,J. Jeudy WR - CLE,5.1,O. Hampton RB - LAC,2.5,X. Worthy WR - KC,0.0,,,100.52,Tommy,97.28
2025,3,Benni,5,D. Prescott QB - DAL,12.04,J. Taylor RB - IND,29.8,J. Croskey-Merritt RB - WAS,9.1,J. Jefferson WR - MIN,7.5,M. Nabers WR - NYG,1.3,T. Kraft TE - GB,2.9,J. Conner RB - ARI,3.7,S. Shrader K - IND,11.6,Broncos DEF,9.0,E. Egbuka WR - TB,8.5,T. McMillan WR - CAR,4.8,J. Williams WR - DET,4.3,N. Chubb RB - HOU,4.0,T. Hunter WR - JAX,2.1,J. Daniels QB - WAS,0.0,G. Kittle TE - SF,0.0,86.94,Erik,126.62
2025,3,Erik,1,L. Jackson QB - BAL,27.02,J. Mason RB - MIN,23.6,K. Walker RB - SEA,17.0,N. Collins WR - HOU,14.4,D. London WR - ATL,5.5,J. Johnson TE - NO,5.1,C. Lamb WR - DAL,0.0,K. Fairbairn K - HOU,4.0,Vikings DEF,30.0,D. Smith WR - PHI,12.0,C. Hubbard RB - CAR,7.6,T. Benson RB - ARI,5.1,T. Henderson RB - NE,4.7,H. Brown WR - KC,4.2,D. Samuel WR - WAS,2.9,,,126.62,Benni,86.94
2025,3,Kessi,8,P. Mahomes QB - KC,13.16,D. Henry RB - BAL,9.7,C. Brown RB - CIN,2.0,A. St. Brown WR - DET,13.7,T. Higgins WR - CIN,1.5,B. Bowers TE - LV,5.8,R. Stevenson RB - NE,1.6,B. Aubrey K - DAL,8.6,Bills DEF,2.0,D. Maye QB - NE,19.22,C. Sutton WR - DEN,17.8,Q. Judkins RB - CLE,15.5,J. Dobbins RB - DEN,14.3,K. Shakir WR - BUF,10.5,J. Waddle WR - MIA,9.9,J. Mixon RB - HOU,0.0,58.06,Marv,84.82
2025,3,Marv,7,J. Allen QB - BUF,23.02,A. Jeanty RB - LV,6.3,J. Williams RB - DAL,7.2,P. Nacua WR - LAR,11.8,M. Harrison WR - ARI,4.4,S. LaPorta TE - DET,3.3,J. Cook RB - BUF,17.8,J. Elliott K - PHI,3.0,Packers DEF,8.0,O. Hampton RB - LAC,18.9,C. Olave WR - NO,5.7,T. Tracy RB - NYG,3.6,C. Kupp WR - SEA,3.1,J. Jeudy WR - CLE,1.7,X. Worthy WR - KC,0.0,,,84.82,Kessi,58.06
2025,3,Simi,3,J. Hurts QB - PHI,29.04,J. Gibbs RB - DET,21.9,B. Hall RB - NYJ,5.2,B. Thomas WR - JAX,5.5,T. Hill WR - MIA,10.9,T. Hockenson TE - MIN,10.9,B. Irving RB - TB,9.9,C. Boswell K - PIT,3.0,Eagles DEF,9.0,T. Pollard RB - TEN,11.9,R. White RB - TB,1.4,Z. Flowers WR - BAL,1.3,R. Rice WR - KC,0.0,Z. Charbonnet RB - SEA,0.0,J. Addison WR - MIN,0.0,,,105.34,Juschka,86.42
2025,3,Juschka,6,B. Mayfield QB - TB,17.72,C. McCaffrey RB - SF,14.0,J. Jacobs RB - GB,7.4,J. Chase WR - CIN,3.9,M. Evans WR - TB,9.3,M. Andrews TE - BAL,21.1,D. Swift RB - CHI,7.8,W. Lutz K - DEN,9.2,Ravens DEF,-4.0,G. Wilson WR - NYJ,14.4,D. Adams WR - LAR,11.6,T. Etienne RB - JAX,11.6,R. Dowdle RB - CAR,9.8,C. Ridley WR - TEN,2.7,J. Reed WR - GB,0.0,T. Spears RB - TEN,0.0,86.42,Simi,105.34
2025,3,Ritz,4,D. Jones QB - IND,15.82,B. Robinson RB - ATL,11.1,K. Williams RB - LAR,17.2,L. McConkey WR - LAC,4.1,J. Smith-Njigba WR - SEA,15.6,T. Kelce TE - KC,2.6,J. Warren RB - PIT,8.1,C. Dicker K - LAC,12.5,Colts DEF,13.0,R. Pearsall WR - SF,11.7,J. Love QB - GB,11.12,D. Moore WR - CHI,8.8,A. Kamara RB - NO,5.6,I. Pacheco RB - KC,4.8,B. Robinson RB - SF,2.2,,,100.02,Tommy,110.4
2025,3,Tommy,2,J. Herbert QB - LAC,14.6,S. Barkley RB - PHI,5.5,D. Achane RB - MIA,9.1,D. Metcalf WR - PIT,9.2,R. Odunze WR - CHI,12.2,T. McBride TE - ARI,10.3,D. Montgomery RB - DET,28.4,T. Loop K - BAL,7.1,Seahawks DEF,14.0,C. Skattebo RB - NYG,18.1,A. Brown WR - PHI,16.9,G. Pickens WR - DAL,12.8,T. McLaurin WR - WAS,7.4,T. Warren TE - IND,3.8,A. Jones RB - MIN,0.0,,,110.4,Ritz,100.02
2025,4,Benni,7,C. Williams QB - CHI,11.78,J. Taylor RB - IND,9.6,N. Chubb RB - HOU,6.2,J. Jefferson WR - MIN,12.6,M. Nabers WR - NYG,2.0,T. Kraft TE - GB,5.6,E. Egbuka WR - TB,16.1,S. Shrader K - IND,11.0,Broncos DEF,10.0,J. Ferguson TE - DAL,10.0,T. McMillan WR - CAR,6.2,J. Croskey-Merritt RB - WAS,5.7,J. Williams WR - DET,3.7,B. Tuten RB - JAX,2.2,J. Daniels QB - WAS,0.0,G. Kittle TE - SF,0.0,84.88,Tommy,82.52
2025,4,Tommy,8,J. Herbert QB - LAC,12.52,S. Barkley RB - PHI,13.4,D. Achane RB - MIA,16.1,A. Brown WR - PHI,0.7,R. Odunze WR - CHI,12.9,T. McBride TE - ARI,5.2,D. Montgomery RB - DET,1.2,T. Loop K - BAL,9.5,Seahawks DEF,11.0,G. Pickens WR - DAL,25.4,D. Metcalf WR - PIT,18.6,T. Warren TE - IND,13.3,C. Skattebo RB - NYG,11.0,K. Allen WR - LAC,3.7,A. Jones RB - MIN,0.0,T. McLaurin WR - WAS,0.0,82.52,Benni,84.88
2025,4,Kessi,2,P. Mahomes QB - KC,27.3,D. Henry RB - BAL,5.8,J. Dobbins RB - DEN,10.5,A. St. Brown WR - DET,19.0,C. Sutton WR - DEN,14.1,B. Bowers TE - LV,4.6,Q. Judkins RB - CLE,17.5,B. Aubrey K - DAL,8.0,Bills DEF,6.0,D. Maye QB - NE,23.22,K. Shakir WR - BUF,12.9,C. Brown RB - CIN,7.1,J. Waddle WR - MIA,4.8,R. Stevenson RB - NE,4.1,T. Higgins WR - CIN,3.2,J. Mixon RB - HOU,0.0,112.8,Simi,101.2
2025,4,Simi,3,J. Hurts QB - PHI,19.4,J. Gibbs RB - DET,15.7,B. Irving RB - TB,20.5,B. Thomas WR - JAX,5.6,T. Hill WR - MIA,6.7,T. Hockenson TE - MIN,3.9,B. Hall RB - NYJ,11.1,C. Boswell K - PIT,6.3,Eagles DEF,12.0,J. Addison WR - MIN,11.4,Z. Charbonnet RB - SEA,10.4,T. Pollard RB - TEN,7.6,Z. Flowers WR - BAL,7.4,R. White RB - TB,4.6,R. Rice WR - KC,0.0,,,101.2,Kessi,112.8
2025,4,Ritz,5,J. Love QB - GB,26.28,B. Robinson RB - ATL,24.1,K. Williams RB - LAR,7.4,R. Pearsall WR - SF,4.6,J. Smith-Njigba WR - SEA,9.0,D. Kincaid TE - BUF,8.8,J. Warren RB - PIT,0.0,C. Dicker K - LAC,5.3,Steelers DEF,10.0,I. Pacheco RB - KC,10.8,A. Kamara RB - NO,7.2,T. Kelce TE - KC,4.8,T. Tucker WR - LV,2.2,B. Robinson RB - SF,2.1,L. McConkey WR - LAC,1.1,,,95.48,Erik,88.48
2025,4,Erik,6,L. Jackson QB - BAL,10.68,T. Benson RB - ARI,5.4,K. Walker RB - SEA,11.0,N. Collins WR - HOU,7.9,D. London WR - ATL,17.0,J. Johnson TE - NO,2.8,J. Mason RB - MIN,7.2,M. Prater K - BUF,7.5,Lions DEF,19.0,D. Samuel WR - WAS,14.1,T. Henderson RB - NE,10.6,C. Hubbard RB - CAR,6.9,D. Smith WR - PHI,2.9,C. Godwin WR - TB,2.6,C. Lamb WR - DAL,0.0,,,88.48,Ritz,95.48
2025,4,Juschka,4,B. Mayfield QB - TB,18.86,C. McCaffrey RB - SF,20.1,J. Jacobs RB - GB,27.7,J. Chase WR - CIN,2.3,D. Adams WR - LAR,11.6,M. Andrews TE - BAL,3.0,D. Swift RB - CHI,12.0,W. Lutz K - DEN,4.0,Ravens DEF,-3.0,T. Etienne RB - JAX,18.5,G. Wilson WR - NYJ,14.2,C. Ridley WR - TEN,3.0,R. Dowdle RB - CAR,3.0,J. Reed WR - GB,0.0,M. Evans WR - TB,0.0,T. Spears RB - TEN,0.0,96.56,Marv,135.76
2025,4,Marv,1,J. Allen QB - BUF,24.86,A. Jeanty RB - LV,31.5,J. Williams RB - DAL,16.0,P. Nacua WR - LAR,23.0,X. Worthy WR - KC,12.1,S. LaPorta TE - DET,3.9,J. Cook RB - BUF,19.5,J. Elliott K - PHI,7.9,Packers DEF,-3.0,O. Hampton RB - LAC,22.5,M. Harrison WR - ARI,12.6,C. Olave WR - NO,6.0,J. Jeudy WR - CLE,4.8,C. Kupp WR - SEA,2.6,T. Tracy RB - NYG,0.0,,,135.76,Juschka,96.56
2025,5,Benni,1,J. Daniels QB - WAS,17.14,J. Taylor RB - IND,28.6,W. Marks RB - HOU,2.4,J. Jefferson WR - MIN,12.3,E. Egbuka WR - TB,24.3,J. Ferguson TE - DAL,16.9,T. McMillan WR - CAR,7.3,S. Shrader K - IND,2.0,Vikings DEF,3.0,J. Croskey-Merritt RB - WAS,25.0,N. Chubb RB - HOU,12.1,Patriots DEF,8.0,R. Harvey RB - DEN,3.0,J. Williams WR - DET,1.0,G. Kittle TE - SF,0.0,T. Kraft TE - GB,0.0,113.94,Kessi,107.42
2025,5,Kessi,4,P. Mahomes QB - KC,26.72,D. Henry RB - BAL,9.3,J. Dobbins RB - DEN,14.4,A. St. Brown WR - DET,10.0,C. Sutton WR - DEN,9.9,D. Kincaid TE - BUF,10.8,Q. Judkins RB - CLE,12.8,B. Aubrey K - DAL,7.5,Bills DEF,6.0,J. Waddle WR - MIA,17.0,D. Maye QB - NE,12.12,T. Higgins WR - CIN,8.2,K. Shakir WR - BUF,5.0,C. Brown RB - CIN,4.8,B. Bowers TE - LV,0.0,J. Mixon RB - HOU,0.0,107.42,Benni,113.94
2025,5,Simi,7,J. Hurts QB - PHI,19.5,J. Gibbs RB - DET,14.7,B. Hall RB - NYJ,13.5,B. Thomas WR - JAX,8.0,Q. Johnston WR - LAC,2.9,T. Hockenson TE - MIN,3.8,R. White RB - TB,19.1,J. Myers K - SEA,5.0,Eagles DEF,2.0,T. Pollard RB - TEN,11.8,Z. Charbonnet RB - SEA,10.8,J. Addison WR - MIN,10.1,Z. Flowers WR - BAL,7.2,R. Rice WR - KC,0.0,B. Irving RB - TB,0.0,,,88.5,Tommy,78.36
2025,5,Tommy,8,J. Herbert QB - LAC,14.64,S. Barkley RB - PHI,14.8,D. Achane RB - MIA,10.6,A. Brown WR - PHI,4.3,G. Pickens WR - DAL,11.7,T. McBride TE - ARI,4.1,D. Montgomery RB - DET,17.22,T. Loop K - BAL,4.0,Seahawks DEF,-3.0,T. Warren TE - IND,10.4,C. Skattebo RB - NYG,8.4,K. Allen WR - LAC,5.8,R. Odunze WR - CHI,0.0,A. Jones RB - MIN,0.0,D. Metcalf WR - PIT,0.0,T. McLaurin WR - WAS,0.0,78.36,Simi,88.5
2025,5,Ritz,2,D. Jones QB - IND,16.68,A. Kamara RB - NO,5.5,K. Williams RB - LAR,23.1,M. Pittman WR - IND,9.9,J. Smith-Njigba WR - SEA,19.2,T. Kelce TE - KC,12.1,L. McConkey WR - LAC,9.9,C. Dicker K - LAC,6.5,Browns DEF,7.0,I. Pacheco RB - KC,5.6,R. Pearsall WR - SF,0.0,J. Love QB - GB,0.0,J. Warren RB - PIT,0.0,B. Robinson RB - ATL,0.0,Steelers DEF,0.0,,,109.88,Juschka,107.56
2025,5,Juschka,3,B. Mayfield QB - TB,26.66,C. McCaffrey RB - SF,19.9,T. Etienne RB - JAX,5.8,J. Chase WR - CIN,23.0,D. Adams WR - LAR,8.8,M. Andrews TE - BAL,2.2,G. Wilson WR - NYJ,13.1,W. Lutz K - DEN,10.1,Ravens DEF,-2.0,R. Dowdle RB - CAR,29.4,C. Ridley WR - TEN,13.1,T. Spears RB - TEN,1.4,J. Reed WR - GB,0.0,M. Evans WR - TB,0.0,J. Jacobs RB - GB,0.0,D. Swift RB - CHI,0.0,107.56,Ritz,109.88
2025,5,Erik,6,J. Fields QB - NYJ,25.92,T. Henderson RB - NE,2.7,J. Mason RB - MIN,9.6,N. Collins WR - HOU,12.0,D. Samuel WR - WAS,15.6,H. Henry TE - NE,4.6,K. Walker RB - SEA,8.6,J. Bates K - DET,5.0,Lions DEF,10.0,E. Demercado RB - ARI,6.1,C. Godwin WR - TB,2.6,T. Benson RB - ARI,0.0,L. Jackson QB - BAL,0.0,C. Lamb WR - DAL,0.0,C. Hubbard RB - CAR,0.0,D. London WR - ATL,0.0,94.02,Marv,107.02
2025,5,Marv,5,J. Allen QB - BUF,19.42,A. Jeanty RB - LV,10.9,J. Williams RB - DAL,25.9,P. Nacua WR - LAR,14.5,X. Worthy WR - KC,5.1,S. LaPorta TE - DET,15.2,J. Cook RB - BUF,4.9,J. Elliott K - PHI,5.1,Cardinals DEF,6.0,M. Harrison WR - ARI,9.8,O. Hampton RB - LAC,7.0,C. Kupp WR - SEA,5.9,C. Olave WR - NO,5.9,J. Jeudy WR - CLE,1.5,T. Tracy RB - NYG,0.0,,,107.02,Erik,94.02
2025,6,Benni,4,J. Daniels QB - WAS,21.64,J. Taylor RB - IND,19.7,J. Croskey-Merritt RB - WAS,4.8,T. McMillan WR - CAR,14.9,S. Diggs WR - NE,2.8,J. Ferguson TE - DAL,9.3,E. Egbuka WR - TB,2.4,C. McLaughlin K - TB,7.5,Colts DEF,4.0,Broncos DEF,13.0,T. Kraft TE - GB,10.3,R. Harvey RB - DEN,2.5,W. Marks RB - HOU,0.0,G. Kittle TE - SF,0.0,N. Chubb RB - HOU,0.0,J. Jefferson WR - MIN,0.0,87.04,Marv,67.8
2025,6,Marv,7,J. Allen QB - BUF,15.4,A. Jeanty RB - LV,14.6,J. Williams RB - DAL,3.4,P. Nacua WR - LAR,2.8,M. Harrison WR - ARI,3.2,S. LaPorta TE - DET,11.5,J. Cook RB - BUF,8.7,J. Elliott K - PHI,6.2,Cardinals DEF,2.0,C. Kupp WR - SEA,10.0,C. Olave WR - NO,9.8,X. Worthy WR - KC,8.6,J. Jeudy WR - CLE,4.3,H. Haskins RB - LAC,2.3,T. Tracy RB - NYG,0.6,O. Hampton RB - LAC,0.0,67.8,Benni,87.04
2025,6,Kessi,8,P. Mahomes QB - KC,31.48,Q. Judkins RB - CLE,3.6,J. Dobbins RB - DEN,4.0,A. St. Brown WR - DET,4.7,C. Sutton WR - DEN,1.7,D. Kincaid TE - BUF,0.0,J. Waddle WR - MIA,9.82,B. Aubrey K - DAL,9.0,Bills DEF,2.0,D. Maye QB - NE,27.24,D. Henry RB - BAL,13.0,C. Brown RB - CIN,6.9,T. Higgins WR - CIN,6.2,K. Shakir WR - BUF,3.3,B. Bowers TE - LV,0.0,J. Mixon RB - HOU,0.0,66.3,Erik,74.04
2025,6,Erik,6,D. Prescott QB - DAL,22.34,Z. Knight RB - ARI,11.4,K. Walker RB - SEA,3.7,D. London WR - ATL,21.8,D. Samuel WR - WAS,1.4,D. Njoku TE - CLE,2.8,T. Henderson RB - NE,3.6,J. Bates K - DET,5.0,Packers DEF,2.0,T. Benson RB - ARI,0.0,C. Godwin WR - TB,0.0,L. Jackson QB - BAL,0.0,C. Lamb WR - DAL,0.0,N. Collins WR - HOU,0.0,C. Hubbard RB - CAR,0.0,J. Mason RB - MIN,0.0,74.04,Kessi,66.3
2025,6,Simi,5,J. Hurts QB - PHI,20.62,J. Gibbs RB - DET,6.5,R. White RB - TB,14.6,B. Thomas WR - JAX,15.0,Z. Flowers WR - BAL,2.6,D. Goedert TE - PHI,17.0,B. Hall RB - NYJ,5.9,M. Prater K - BUF,2.0,Eagles DEF,1.0,T. Pollard RB - TEN,4.7,Z. Charbonnet RB - SEA,3.7,R. Rice WR - KC,0.0,B. Irving RB - TB,0.0,Q. Johnston WR - LAC,0.0,J. Addison WR - MIN,0.0,,,85.22,Ritz,125.56
2025,6,Ritz,2,J. Love QB - GB,14.96,J. Warren RB - PIT,6.3,K. Williams RB - LAR,14.7,M. Pittman WR - IND,2.0,J. Smith-Njigba WR - SEA,22.2,D. Waller TE - MIA,7.2,B. Robinson RB - ATL,29.8,C. Dicker K - LAC,18.4,Steelers DEF,10.0,D. Jones QB - IND,22.48,L. McConkey WR - LAC,16.0,T. Kelce TE - KC,7.8,A. Kamara RB - NO,7.6,I. Pacheco RB - KC,5.1,R. Pearsall WR - SF,0.0,,,125.56,Simi,85.22
2025,6,Tommy,3,J. Herbert QB - LAC,18.76,S. Barkley RB - PHI,6.7,D. Achane RB - MIA,27.0,A. Brown WR - PHI,8.0,G. Pickens WR - DAL,22.8,T. Warren TE - IND,12.3,D. Montgomery RB - DET,6.1,T. Loop K - BAL,3.7,Seahawks DEF,11.0,C. Skattebo RB - NYG,29.0,D. Metcalf WR - PIT,15.5,T. McBride TE - ARI,13.2,R. Odunze WR - CHI,3.2,K. Allen WR - LAC,2.7,A. Jones RB - MIN,0.0,T. McLaurin WR - WAS,0.0,116.36,Juschka,129.94
2025,6,Juschka,1,B. Mayfield QB - TB,19.64,C. McCaffrey RB - SF,17.1,R. Dowdle RB - CAR,29.9,J. Chase WR - CIN,15.1,D. Adams WR - LAR,3.9,M. Andrews TE - BAL,2.6,J. Jacobs RB - GB,27.0,W. Lutz K - DEN,9.7,Ravens DEF,5.0,D. Swift RB - CHI,23.5,T. Etienne RB - JAX,5.5,T. Spears RB - TEN,5.0,C. Ridley WR - TEN,1.8,G. Wilson WR - NYJ,1.3,J. Reed WR - GB,0.0,M. Evans WR - TB,0.0,129.94,Tommy,116.36
2025,7,Benni,5,J. Daniels QB - WAS,17.74,J. Taylor RB - IND,31.2,J. Croskey-Merritt RB - WAS,3.2,T. McMillan WR - CAR,3.3,J. Jefferson WR - MIN,7.9,G. Kittle TE - SF,0.0,D. Swift RB - CHI,19.8,E. Pineiro K - SF,11.8,Broncos DEF,5.0,S. Diggs WR - NE,6.9,R. Harvey RB - DEN,6.2,E. Egbuka WR - TB,5.8,E. Wilson RB - GB,1.5,N. Chubb RB - HOU,1.1,J. Williams WR - DET,0.0,,,99.94,Ritz,89.56
2025,7,Ritz,7,J. Love QB - GB,13.36,J. Warren RB - PIT,15.8,K. Williams RB - LAR,6.5,L. McConkey WR - LAC,6.7,J. Smith-Njigba WR - SEA,18.3,T. Kelce TE - KC,5.4,B. Robinson RB - ATL,15.2,C. Dicker K - LAC,7.3,Steelers DEF,1.0,K. Boutte WR - NE,11.5,I. Pacheco RB - KC,11.4,K. Vidal RB - LAC,3.5,A. Kamara RB - NO,2.9,R. Pearsall WR - SF,0.0,D. Waller TE - MIA,0.0,,,89.56,Benni,99.94
2025,7,Kessi,2,P. Mahomes QB - KC,26.24,Q. Judkins RB - CLE,26.4,J. Dobbins RB - DEN,8.0,A. St. Brown WR - DET,14.6,C. Sutton WR - DEN,10.7,B. Bowers TE - LV,0.0,J. Waddle WR - MIA,1.5,B. Aubrey K - DAL,18.8,Bills DEF,0.0,D. Maye QB - NE,23.08,T. Higgins WR - CIN,15.6,C. Brown RB - CIN,10.0,D. Kincaid TE - BUF,0.0,D. Henry RB - BAL,0.0,J. Mixon RB - HOU,0.0,K. Shakir WR - BUF,0.0,106.24,Juschka,147.02
2025,7,Juschka,1,B. Mayfield QB - TB,11.12,C. McCaffrey RB - SF,32.1,R. Dowdle RB - CAR,9.6,J. Chase WR - CIN,22.1,D. Adams WR - LAR,21.5,J. Ferguson TE - DAL,14.9,J. Jacobs RB - GB,17.8,W. Lutz K - DEN,5.9,Eagles DEF,12.0,T. Etienne RB - JAX,5.5,T. Spears RB - TEN,4.0,J. Reed WR - GB,0.0,M. Evans WR - TB,0.0,C. Ridley WR - TEN,0.0,M. Andrews TE - BAL,0.0,G. Wilson WR - NYJ,0.0,147.02,Kessi,106.24
2025,7,Simi,4,J. Hurts QB - PHI,24.04,J. Gibbs RB - DET,33.8,R. White RB - TB,4.4,B. Thomas WR - JAX,3.1,R. Rice WR - KC,16.2,D. Goedert TE - PHI,1.8,B. Hall RB - NYJ,5.2,M. Gay K - WAS,2.0,Rams DEF,11.0,Z. Charbonnet RB - SEA,17.5,J. Addison WR - MIN,12.8,Q. Johnston WR - LAC,9.0,T. Pollard RB - TEN,6.1,B. Irving RB - TB,0.0,Z. Flowers WR - BAL,0.0,,,101.54,Marv,82.66
2025,7,Marv,8,A. Rodgers QB - PIT,22.56,A. Jeanty RB - LV,3.4,J. Williams RB - DAL,17.8,C. Olave WR - NO,21.8,M. Harrison WR - ARI,5.8,S. LaPorta TE - DET,1.5,X. Worthy WR - KC,4.8,J. Elliott K - PHI,4.0,Cardinals DEF,1.0,J. Jeudy WR - CLE,1.7,C. Kupp WR - SEA,1.2,H. Haskins RB - LAC,0.5,O. Hampton RB - LAC,0.0,J. Allen QB - BUF,0.0,J. Cook RB - BUF,0.0,P. Nacua WR - LAR,0.0,82.66,Simi,101.54
2025,7,Tommy,3,J. Herbert QB - LAC,27.9,S. Barkley RB - PHI,4.2,D. Achane RB - MIA,9.8,D. Metcalf WR - PIT,5.0,G. Pickens WR - DAL,8.2,T. Warren TE - IND,12.9,C. Skattebo RB - NYG,15.4,J. Myers K - SEA,10.7,Seahawks DEF,9.0,A. Brown WR - PHI,24.1,T. McBride TE - ARI,19.4,K. Allen WR - LAC,17.9,D. Montgomery RB - DET,3.9,R. Odunze WR - CHI,3.1,A. Jones RB - MIN,0.0,T. McLaurin WR - WAS,0.0,103.1,Erik,98.76
2025,7,Erik,6,D. Prescott QB - DAL,23.26,K. Walker RB - SEA,6.6,J. Mason RB - MIN,11.7,D. London WR - ATL,4.2,C. Lamb WR - DAL,17.0,K. Pitts TE - ATL,6.2,N. Collins WR - HOU,2.7,C. Boswell K - PIT,8.1,Patriots DEF,19.0,Colts DEF,7.0,Z. Knight RB - ARI,6.4,C. Hubbard RB - CAR,5.5,T. Henderson RB - NE,0.5,T. Benson RB - ARI,0.0,L. Jackson QB - BAL,0.0,D. Samuel WR - WAS,0.0,98.76,Tommy,103.1
2025,8,Benni,6,B. Nix QB - DEN,23.78,J. Taylor RB - IND,35.4,D. Swift RB - CHI,13.1,E. Egbuka WR - TB,3.5,J. Jefferson WR - MIN,7.4,G. Kittle TE - SF,10.3,R. Stevenson RB - NE,4.9,E. Pineiro K - SF,1.0,Falcons DEF,0.0,R. Harvey RB - DEN,23.1,T. McMillan WR - CAR,9.9,S. Diggs WR - NE,7.4,Broncos DEF,6.0,J. Croskey-Merritt RB - WAS,2.5,J. Daniels QB - WAS,0.0,T. Hunter WR - JAX,0.0,99.38,Simi,153.12
2025,8,Simi,1,J. Hurts QB - PHI,25.36,R. White RB - TB,6.1,B. Hall RB - NYJ,30.86,R. Rice WR - KC,16.5,Z. Flowers WR - BAL,7.1,T. Kraft TE - GB,26.3,M. Pittman WR - IND,15.5,K. Fairbairn K - HOU,15.4,Chiefs DEF,10.0,J. Addison WR - MIN,8.6,B. Irving RB - TB,0.0,B. Thomas WR - JAX,0.0,M. Stafford QB - LAR,0.0,J. Gibbs RB - DET,0.0,Z. Charbonnet RB - SEA,0.0,Rams DEF,0.0,153.12,Benni,99.38
2025,8,Kessi,5,P. Mahomes QB - KC,22.96,Q. Judkins RB - CLE,1.7,J. Dobbins RB - DEN,12.1,C. Sutton WR - DEN,6.7,J. Waddle WR - MIA,15.9,D. Kincaid TE - BUF,2.3,D. Henry RB - BAL,19.1,B. Aubrey K - DAL,6.0,Bills DEF,17.0,D. Maye QB - NE,26.28,C. Brown RB - CIN,22.5,K. Shakir WR - BUF,14.8,T. Higgins WR - CIN,10.4,B. Bowers TE - LV,0.0,J. Mixon RB - HOU,0.0,A. St. Brown WR - DET,0.0,103.76,Tommy,108.38
2025,8,Tommy,3,J. Herbert QB - LAC,25.28,S. Barkley RB - PHI,29.4,D. Achane RB - MIA,15.1,D. Metcalf WR - PIT,11.5,G. Pickens WR - DAL,7.8,T. Warren TE - IND,5.3,C. Skattebo RB - NYG,9.0,H. Butker K - KC,4.0,Bears DEF,1.0,R. Odunze WR - CHI,11.4,K. Allen WR - LAC,4.4,A. Jones RB - MIN,3.0,A. Brown WR - PHI,0.0,D. Montgomery RB - DET,0.0,T. McBride TE - ARI,0.0,,,108.38,Kessi,103.76
2025,8,Ritz,2,D. Jones QB - IND,23.18,K. Vidal RB - LAC,18.7,B. Robinson RB - ATL,2.8,L. McConkey WR - LAC,14.8,D. Smith WR - PHI,8.4,T. Kelce TE - KC,15.9,J. Warren RB - PIT,7.3,C. Dicker K - LAC,16.2,Buccaneers DEF,26.0,K. Boutte WR - NE,13.5,I. Pacheco RB - KC,5.8,A. Kamara RB - NO,4.5,R. Pearsall WR - SF,0.0,K. Williams RB - LAR,0.0,J. Smith-Njigba WR - SEA,0.0,,,133.28,Marv,104.82
2025,8,Marv,4,J. Allen QB - BUF,23.22,J. Cook RB - BUF,33.6,J. Williams RB - DAL,16.9,C. Olave WR - NO,6.0,J. Jeudy WR - CLE,0.0,D. Goedert TE - PHI,14.8,X. Worthy WR - KC,5.3,J. Elliott K - PHI,9.0,Bengals DEF,-4.0,S. LaPorta TE - DET,0.0,M. Harrison WR - ARI,0.0,O. Hampton RB - LAC,0.0,A. Jeanty RB - LV,0.0,C. Kupp WR - SEA,0.0,H. Haskins RB - LAC,0.0,P. Nacua WR - LAR,0.0,104.82,Ritz,133.28
2025,8,Erik,7,D. Prescott QB - DAL,6.62,J. Mason RB - MIN,0.6,C. Hubbard RB - CAR,9.4,D. Samuel WR - WAS,1.2,C. Lamb WR - DAL,7.6,K. Pitts TE - ATL,5.9,W. Marks RB - HOU,11.1,C. McLaughlin K - TB,18.1,Colts DEF,7.0,Patriots DEF,11.0,T. Benson RB - ARI,0.0,L. Jackson QB - BAL,0.0,N. Collins WR - HOU,0.0,D. London WR - ATL,0.0,Z. Knight RB - ARI,0.0,K. Walker RB - SEA,0.0,67.52,Juschka,55.38
2025,8,Juschka,8,B. Mayfield QB - TB,4.08,C. McCaffrey RB - SF,6.8,R. Dowdle RB - CAR,5.4,J. Chase WR - CIN,9.1,T. Johnson WR - TB,4.3,J. Ferguson TE - DAL,0.0,J. Jacobs RB - GB,10.5,W. Lutz K - DEN,9.2,Eagles DEF,6.0,T. Spears RB - TEN,14.2,M. Andrews TE - BAL,3.4,J. Reed WR - GB,0.0,D. Adams WR - LAR,0.0,C. Ridley WR - TEN,0.0,T. Etienne RB - JAX,0.0,G. Wilson WR - NYJ,0.0,55.38,Erik,67.52
2025,9,Benni,5,D. Prescott QB - DAL,15.4,J. Taylor RB - IND,5.7,K. Monangai RB - CHI,19.8,S. Diggs WR - NE,9.8,J. Jefferson WR - MIN,10.7,G. Kittle TE - SF,2.9,T. Henderson RB - NE,8.7,E. Pineiro K - SF,12.7,Chargers DEF,5.0,J. Daniels QB - WAS,15.22,R. Harvey RB - DEN,11.6,T. McMillan WR - CAR,4.6,J. Croskey-Merritt RB - WAS,4.1,E. Egbuka WR - TB,0.0,D. Swift RB - CHI,0.0,Browns DEF,0.0,90.7,Juschka,145.6
2025,9,Juschka,1,J. Flacco QB - CIN,30.7,C. McCaffrey RB - SF,29.3,R. Dowdle RB - CAR,26.1,J. Chase WR - CIN,11.1,D. Adams WR - LAR,18.0,J. Ferguson TE - DAL,3.0,J. Jacobs RB - GB,16.0,W. Lutz K - DEN,4.4,Lions DEF,7.0,M. Andrews TE - BAL,14.6,T. Etienne RB - JAX,11.5,T. Spears RB - TEN,6.2,J. Reed WR - GB,0.0,B. Mayfield QB - TB,0.0,G. Wilson WR - NYJ,0.0,Eagles DEF,0.0,145.6,Benni,90.7
2025,9,Kessi,7,P. Mahomes QB - KC,10.5,D. Henry RB - BAL,12.1,J. Dobbins RB - DEN,5.9,A. St. Brown WR - DET,9.7,J. Waddle WR - MIA,8.2,D. Kincaid TE - BUF,16.1,C. Brown RB - CIN,11.2,B. Aubrey K - DAL,5.0,Bills DEF,5.0,B. Bowers TE - LV,31.3,T. Higgins WR - CIN,26.1,D. Maye QB - NE,16.36,C. Sutton WR - DEN,9.0,K. Shakir WR - BUF,4.3,Q. Judkins RB - CLE,0.0,J. Mixon RB - HOU,0.0,83.7,Ritz,86.48
2025,9,Ritz,6,D. Jones QB - IND,14.08,K. Vidal RB - LAC,3.0,B. Robinson RB - ATL,9.6,L. McConkey WR - LAC,5.6,J. Smith-Njigba WR - SEA,14.0,T. Kelce TE - KC,8.6,K. Williams RB - LAR,17.4,C. Dicker K - LAC,11.2,Jaguars DEF,3.0,J. Warren RB - PIT,14.9,R. Pearsall WR - SF,0.0,D. Smith WR - PHI,0.0,I. Pacheco RB - KC,0.0,K. Boutte WR - NE,0.0,A. Kamara RB - NO,-0.3,,,86.48,Kessi,83.7
2025,9,Simi,4,M. Stafford QB - LAR,26.84,J. Gibbs RB - DET,2.8,Z. Charbonnet RB - SEA,4.6,R. Rice WR - KC,14.6,Z. Flowers WR - BAL,6.4,T. Kraft TE - GB,2.0,M. Pittman WR - IND,11.5,K. Fairbairn K - HOU,19.0,Rams DEF,9.0,J. Addison WR - MIN,6.4,B. Thomas WR - JAX,5.5,B. Irving RB - TB,0.0,J. Hurts QB - PHI,0.0,R. White RB - TB,0.0,B. Hall RB - NYJ,0.0,,,96.74,Erik,103.76
2025,9,Erik,3,L. Jackson QB - BAL,25.56,K. Walker RB - SEA,6.1,K. Hunt RB - KC,11.5,D. London WR - ATL,29.8,N. Collins WR - HOU,7.5,O. Gadsden TE - LAC,6.8,C. Lamb WR - DAL,8.5,T. Loop K - BAL,4.0,Packers DEF,4.0,Z. Knight RB - ARI,4.7,D. Samuel WR - WAS,4.4,J. Mason RB - MIN,3.7,W. Marks RB - HOU,2.7,C. Hubbard RB - CAR,1.7,Patriots DEF,1.0,T. Benson RB - ARI,0.0,103.76,Simi,96.74
2025,9,Tommy,8,J. Herbert QB - LAC,27.7,T. Tracy RB - NYG,3.7,D. Achane RB - MIA,10.6,D. Metcalf WR - PIT,0.6,G. Pickens WR - DAL,7.9,T. Warren TE - IND,2.6,R. Odunze WR - CHI,0.0,C. Boswell K - PIT,10.6,Bears DEF,5.0,T. McBride TE - ARI,11.5,A. Jones RB - MIN,9.8,D. Montgomery RB - DET,9.0,K. Allen WR - LAC,4.1,S. Barkley RB - PHI,0.0,A. Brown WR - PHI,0.0,,,68.7,Marv,123.72
2025,9,Marv,2,J. Allen QB - BUF,28.82,J. Cook RB - BUF,12.5,J. Williams RB - DAL,6.3,P. Nacua WR - LAR,15.8,M. Harrison WR - ARI,15.6,S. LaPorta TE - DET,15.7,A. Jeanty RB - LV,14.9,J. Myers K - SEA,9.1,Colts DEF,5.0,C. Olave WR - NO,5.7,X. Worthy WR - KC,3.0,O. Hampton RB - LAC,0.0,C. Kupp WR - SEA,0.0,D. Goedert TE - PHI,0.0,J. Jeudy WR - CLE,0.0,H. Haskins RB - LAC,0.0,123.72,Tommy,68.7
2025,10,Benni,1,J. Dart QB - NYG,26.28,T. Henderson RB - NE,27.0,D. Swift RB - CHI,9.8,E. Egbuka WR - TB,17.5,J. Jefferson WR - MIN,3.7,G. Kittle TE - SF,14.4,J. Taylor RB - IND,46.6,E. Pineiro K - SF,2.0,Browns DEF,5.0,Texans DEF,14.0,S. Diggs WR - NE,10.6,K. Monangai RB - CHI,8.8,T. McMillan WR - CAR,6.0,J. Croskey-Merritt RB - WAS,3.0,R. Harvey RB - DEN,1.8,R. Doubs WR - GB,0.5,152.28,Erik,96.84
2025,10,Erik,5,L. Jackson QB - BAL,16.64,K. Walker RB - SEA,7.0,W. Marks RB - HOU,14.1,D. London WR - ATL,18.4,N. Collins WR - HOU,15.6,O. Gadsden TE - LAC,1.3,W. Robinson WR - NYG,6.2,C. McLaughlin K - TB,5.6,Broncos DEF,12.0,S. Tucker RB - TB,5.1,J. Mason RB - MIN,3.1,Patriots DEF,2.0,T. Benson RB - ARI,0.0,C. Lamb WR - DAL,0.0,R. Stevenson RB - NE,0.0,I. Pacheco RB - KC,0.0,96.84,Benni,152.28
2025,10,Kessi,7,D. Maye QB - NE,18.1,Q. Judkins RB - CLE,8.5,J. Dobbins RB - DEN,8.4,A. St. Brown WR - DET,11.8,J. Waddle WR - MIA,14.4,D. Kincaid TE - BUF,3.7,D. Henry RB - BAL,8.4,J. Bates K - DET,13.8,Bills DEF,3.0,B. Bowers TE - LV,2.7,C. Sutton WR - DEN,2.4,B. Aubrey K - DAL,0.0,J. Mixon RB - HOU,0.0,P. Mahomes QB - KC,0.0,T. Higgins WR - CIN,0.0,C. Brown RB - CIN,0.0,90.1,Marv,103.94
2025,10,Marv,4,J. Allen QB - BUF,19.34,J. Cook RB - BUF,5.7,A. Jeanty RB - LV,12.3,P. Nacua WR - LAR,12.4,M. Harrison WR - ARI,11.3,S. LaPorta TE - DET,5.3,C. Olave WR - NO,16.4,J. Myers K - SEA,16.2,Colts DEF,5.0,J. Jeudy WR - CLE,13.8,C. Kupp WR - SEA,7.4,D. Goedert TE - PHI,4.3,X. Worthy WR - KC,0.0,O. Hampton RB - LAC,0.0,J. Williams RB - DAL,0.0,H. Haskins RB - LAC,0.0,103.94,Kessi,90.1
2025,10,Simi,6,J. Hurts QB - PHI,12.02,J. Gibbs RB - DET,35.2,B. Hall RB - NYJ,18.5,Z. Flowers WR - BAL,8.1,M. Pittman WR - IND,1.9,H. Henry TE - NE,0.9,R. White RB - TB,5.4,W. Reichard K - MIN,10.2,Rams DEF,4.0,M. Stafford QB - LAR,26.9,Z. Charbonnet RB - SEA,14.3,J. Addison WR - MIN,3.5,R. Rice WR - KC,0.0,B. Irving RB - TB,0.0,B. Thomas WR - JAX,0.0,,,96.22,Juschka,86.82
2025,10,Juschka,8,B. Mayfield QB - TB,22.92,C. McCaffrey RB - SF,9.6,R. Dowdle RB - CAR,12.3,G. Wilson WR - NYJ,0.0,D. Adams WR - LAR,13.7,M. Andrews TE - BAL,7.4,J. Jacobs RB - GB,14.7,W. Lutz K - DEN,4.2,Lions DEF,2.0,P. Washington WR - JAX,14.9,T. Etienne RB - JAX,13.7,J. Reed WR - GB,0.0,J. Flacco QB - CIN,0.0,J. Chase WR - CIN,0.0,J. Ferguson TE - DAL,0.0,T. Spears RB - TEN,0.0,86.82,Simi,96.22
2025,10,Ritz,2,C. Williams QB - CHI,25.1,K. Williams RB - LAR,20.4,B. Robinson RB - ATL,8.8,L. McConkey WR - LAC,16.7,J. Smith-Njigba WR - SEA,15.3,T. Johnson TE - NYG,7.5,D. Smith WR - PHI,12.9,C. Dicker K - LAC,15.3,Seahawks DEF,21.0,K. Vidal RB - LAC,16.8,A. Kamara RB - NO,11.5,J. Warren RB - PIT,9.1,R. Pearsall WR - SF,0.0,T. Kelce TE - KC,0.0,D. Moore WR - CHI,0.0,,,143.0,Tommy,105.8
2025,10,Tommy,3,J. Herbert QB - LAC,14.7,S. Barkley RB - PHI,10.1,D. Achane RB - MIA,34.5,D. Metcalf WR - PIT,3.5,A. Brown WR - PHI,1.3,T. McBride TE - ARI,18.7,D. Montgomery RB - DET,9.1,C. Boswell K - PIT,6.9,Bears DEF,7.0,R. Odunze WR - CHI,14.6,A. Jones RB - MIN,12.9,T. Warren TE - IND,9.9,T. Tracy RB - NYG,7.1,K. Allen WR - LAC,1.9,G. Pickens WR - DAL,0.0,,,105.8,Ritz,143.0
2025,11,Benni,1,D. Prescott QB - DAL,24.32,T. Henderson RB - NE,27.3,D. Swift RB - CHI,9.0,E. Egbuka WR - TB,4.0,J. Jefferson WR - MIN,6.1,G. Kittle TE - SF,18.7,R. Harvey RB - DEN,5.0,E. Pineiro K - SF,16.2,Texans DEF,9.0,T. McMillan WR - CAR,25.0,J. Williams WR - DET,15.7,S. Diggs WR - NE,10.5,Seahawks DEF,2.0,J. Dart QB - NYG,0.0,J. Taylor RB - IND,0.0,,,119.62,Tommy,110.74
2025,11,Tommy,2,J. Herbert QB - LAC,3.34,S. Barkley RB - PHI,9.0,D. Achane RB - MIA,16.5,A. Brown WR - PHI,4.9,G. Pickens WR - DAL,20.4,T. McBride TE - ARI,17.5,A. Jones RB - MIN,8.1,C. Boswell K - PIT,10.0,Steelers DEF,21.0,T. Tracy RB - NYG,13.9,K. Allen WR - LAC,5.3,D. Metcalf WR - PIT,4.9,R. Odunze WR - CHI,4.1,D. Montgomery RB - DET,3.7,T. Warren TE - IND,0.0,,,110.74,Benni,119.62
2025,11,Kessi,7,D. Maye QB - NE,15.44,Q. Judkins RB - CLE,5.9,C. Brown RB - CIN,12.7,A. St. Brown WR - DET,4.2,J. Waddle WR - MIA,5.2,B. Bowers TE - LV,7.2,D. Henry RB - BAL,18.2,B. Aubrey K - DAL,9.0,Bills DEF,4.0,P. Mahomes QB - KC,13.34,T. Higgins WR - CIN,12.3,C. Sutton WR - DEN,5.9,J. Bates K - DET,5.4,D. Kincaid TE - BUF,0.0,J. Mixon RB - HOU,0.0,J. Dobbins RB - DEN,0.0,81.84,Simi,70.4
2025,11,Simi,8,J. Hurts QB - PHI,14.5,J. Gibbs RB - DET,14.6,B. Hall RB - NYJ,6.4,Z. Flowers WR - BAL,8.3,R. Rice WR - KC,3.8,H. Henry TE - NE,4.5,R. White RB - TB,6.2,W. Reichard K - MIN,5.1,Packers DEF,7.0,M. Stafford QB - LAR,13.2,Rams DEF,9.0,Z. Charbonnet RB - SEA,4.7,B. Irving RB - TB,0.0,B. Thomas WR - JAX,0.0,M. Pittman WR - IND,0.0,,,70.4,Kessi,81.84
2025,11,Ritz,5,C. Williams QB - CHI,10.32,J. Warren RB - PIT,6.7,B. Robinson RB - ATL,26.3,L. McConkey WR - LAC,1.3,J. Smith-Njigba WR - SEA,11.6,T. Kelce TE - KC,15.1,K. Williams RB - LAR,15.6,C. Dicker K - LAC,8.7,Chargers DEF,-2.0,J. Love QB - GB,17.66,D. Moore WR - CHI,2.1,K. Vidal RB - LAC,1.2,D. Smith WR - PHI,0.8,R. Pearsall WR - SF,0.0,A. Kamara RB - NO,0.0,,,93.62,Erik,83.72
2025,11,Erik,6,L. Jackson QB - BAL,4.72,K. Walker RB - SEA,17.1,W. Marks RB - HOU,5.1,D. London WR - ATL,11.9,N. Collins WR - HOU,15.2,O. Gadsden TE - LAC,4.1,C. Lamb WR - DAL,12.6,C. McLaughlin K - TB,8.0,Patriots DEF,5.0,S. Tucker RB - TB,32.0,Jaguars DEF,12.0,J. Mason RB - MIN,10.5,W. Robinson WR - NYG,3.6,T. Benson RB - ARI,0.0,R. Stevenson RB - NE,0.0,I. Pacheco RB - KC,0.0,83.72,Ritz,93.62
2025,11,Juschka,4,B. Mayfield QB - TB,16.82,J. Jacobs RB - GB,4.0,R. Dowdle RB - CAR,10.0,J. Chase WR - CIN,3.0,D. Adams WR - LAR,6.1,J. Ferguson TE - DAL,7.6,C. McCaffrey RB - SF,30.1,W. Lutz K - DEN,19.7,Lions DEF,2.0,T. Etienne RB - JAX,19.3,M. Andrews TE - BAL,12.7,J. Flacco QB - CIN,9.86,T. Spears RB - TEN,3.4,P. Washington WR - JAX,2.0,J. Reed WR - GB,0.0,G. Wilson WR - NYJ,0.0,99.32,Marv,109.28
2025,11,Marv,3,J. Allen QB - BUF,42.68,J. Cook RB - BUF,17.4,A. Jeanty RB - LV,3.4,P. Nacua WR - LAR,7.3,J. Jeudy WR - CLE,2.1,D. Goedert TE - PHI,2.4,J. Williams RB - DAL,9.3,J. Myers K - SEA,15.7,Ravens DEF,9.0,X. Worthy WR - KC,2.5,S. LaPorta TE - DET,0.0,M. Harrison WR - ARI,0.0,O. Hampton RB - LAC,0.0,H. Haskins RB - LAC,0.0,C. Olave WR - NO,0.0,Colts DEF,0.0,109.28,Juschka,99.32
2025,12,Benni,8,D. Prescott QB - DAL,27.06,T. Henderson RB - NE,8.1,J. Taylor RB - IND,6.6,E. Egbuka WR - TB,3.2,J. Williams WR - DET,0.0,G. Kittle TE - SF,7.8,D. Swift RB - CHI,0.9,K. Fairbairn K - HOU,12.3,Seahawks DEF,4.0,Texans DEF,15.0,T. McMillan WR - CAR,9.5,J. Jefferson WR - MIN,4.8,S. Diggs WR - NE,2.0,R. Harvey RB - DEN,0.0,J. Dart QB - NYG,0.0,,,69.96,Kessi,109.16
2025,12,Kessi,3,D. Maye QB - NE,15.96,Q. Judkins RB - CLE,16.7,C. Brown RB - CIN,13.0,A. St. Brown WR - DET,20.9,T. Higgins WR - CIN,3.1,B. Bowers TE - LV,5.5,D. Henry RB - BAL,20.8,B. Aubrey K - DAL,7.2,Bills DEF,6.0,P. Mahomes QB - KC,17.08,J. Bates K - DET,13.6,D. Kincaid TE - BUF,0.0,J. Mixon RB - HOU,0.0,C. Sutton WR - DEN,0.0,J. Dobbins RB - DEN,0.0,J. Waddle WR - MIA,0.0,109.16,Benni,69.96
2025,12,Simi,1,J. Hurts QB - PHI,30.86,J. Gibbs RB - DET,44.4,B. Hall RB - NYJ,9.9,Z. Flowers WR - BAL,6.9,R. Rice WR - KC,16.1,H. Henry TE - NE,17.5,Z. Charbonnet RB - SEA,9.5,W. Reichard K - MIN,11.1,Packers DEF,18.0,M. Stafford QB - LAR,22.92,Rams DEF,18.0,M. Pittman WR - IND,8.7,R. White RB - TB,4.2,B. Irving RB - TB,0.0,B. Thomas WR - JAX,0.0,,,164.26,Tommy,91.46
2025,12,Tommy,6,J. Goff QB - DET,17.16,S. Barkley RB - PHI,5.4,A. Jones RB - MIN,5.7,A. Brown WR - PHI,17.0,G. Pickens WR - DAL,20.6,T. McBride TE - ARI,7.9,D. Montgomery RB - DET,3.7,C. Boswell K - PIT,4.0,Steelers DEF,10.0,D. Metcalf WR - PIT,9.4,R. Odunze WR - CHI,5.3,T. Warren TE - IND,4.5,K. Allen WR - LAC,0.0,J. Herbert QB - LAC,0.0,D. Achane RB - MIA,0.0,,,91.46,Simi,164.26
2025,12,Ritz,2,B. Purdy QB - SF,7.32,J. Warren RB - PIT,12.8,B. Robinson RB - ATL,12.7,D. Smith WR - PHI,8.9,J. Smith-Njigba WR - SEA,29.1,T. Kelce TE - KC,4.4,K. Williams RB - LAR,4.8,A. Borregales K - NE,18.8,Browns DEF,16.0,A. Kamara RB - NO,1.5,R. Pearsall WR - SF,0.8,L. McConkey WR - LAC,0.0,K. Vidal RB - LAC,0.0,J. Burrow QB - CIN,0.0,C. Dicker K - LAC,0.0,Buccaneers DEF,0.0,114.82,Juschka,95.74
2025,12,Juschka,4,B. Mayfield QB - TB,3.54,T. Etienne RB - JAX,17.6,R. Dowdle RB - CAR,7.4,P. Washington WR - JAX,13.1,D. Adams WR - LAR,18.2,M. Andrews TE - BAL,1.1,C. McCaffrey RB - SF,20.2,T. Loop K - BAL,11.6,Lions DEF,3.0,J. Flacco QB - CIN,9.62,J. Ferguson TE - DAL,6.1,T. Spears RB - TEN,2.5,J. Reed WR - GB,0.0,J. Jacobs RB - GB,0.0,J. Chase WR - CIN,0.0,G. Wilson WR - NYJ,0.0,95.74,Ritz,114.82
2025,12,Erik,7,L. Jackson QB - BAL,7.22,K. Walker RB - SEA,10.1,W. Marks RB - HOU,6.9,C. Lamb WR - DAL,7.5,N. Collins WR - HOU,5.5,K. Pitts TE - ATL,2.5,E. Wilson RB - GB,24.5,C. McLaughlin K - TB,1.0,Patriots DEF,10.0,Jaguars DEF,7.0,S. Tucker RB - TB,4.6,R. Stevenson RB - NE,1.0,C. Rodriguez RB - WAS,0.0,T. Benson RB - ARI,0.0,O. Gadsden TE - LAC,0.0,D. London WR - ATL,0.0,75.22,Marv,92.82
2025,12,Marv,5,J. Allen QB - BUF,8.12,J. Cook RB - BUF,18.9,A. Jeanty RB - LV,16.8,P. Nacua WR - LAR,9.7,J. Jeudy WR - CLE,1.9,D. Goedert TE - PHI,2.0,J. Williams RB - DAL,10.1,J. Myers K - SEA,14.3,Ravens DEF,11.0,Colts DEF,8.0,C. Olave WR - NO,7.0,X. Worthy WR - KC,5.9,S. LaPorta TE - DET,0.0,M. Harrison WR - ARI,0.0,O. Hampton RB - LAC,0.0,H. Haskins RB - LAC,0.0,92.82,Erik,75.22
2025,13,Benni,2,D. Prescott QB - DAL,20.6,R. Harvey RB - DEN,18.2,J. Taylor RB - IND,12.1,E. Egbuka WR - TB,4.2,T. McMillan WR - CAR,10.3,G. Kittle TE - SF,6.7,T. Henderson RB - NE,8.6,K. Fairbairn K - HOU,9.3,Seahawks DEF,30.0,J. Williams WR - DET,19.9,D. Swift RB - CHI,19.8,J. Dart QB - NYG,13.56,S. Diggs WR - NE,2.6,Texans DEF,2.0,J. Jefferson WR - MIN,0.4,,,120.0,Marv,95.42
2025,13,Marv,5,J. Allen QB - BUF,16.72,J. Cook RB - BUF,15.7,A. Jeanty RB - LV,6.1,P. Nacua WR - LAR,7.2,C. Olave WR - NO,10.7,D. Goedert TE - PHI,2.7,J. Williams RB - DAL,14.0,J. Myers K - SEA,20.3,Ravens DEF,2.0,B. Strange TE - JAX,10.5,X. Worthy WR - KC,7.4,M. Harrison WR - ARI,6.9,D. Neal RB - NO,6.9,J. Jeudy WR - CLE,2.6,S. LaPorta TE - DET,0.0,O. Hampton RB - LAC,0.0,95.42,Benni,120.0
2025,13,Kessi,1,P. Mahomes QB - KC,29.44,Q. Judkins RB - CLE,12.9,C. Brown RB - CIN,11.3,A. St. Brown WR - DET,0.0,C. Sutton WR - DEN,12.2,B. Bowers TE - LV,18.3,D. Henry RB - BAL,16.4,B. Aubrey K - DAL,13.5,Bills DEF,15.0,D. Maye QB - NE,20.48,J. Bates K - DET,6.1,J. Waddle WR - MIA,4.0,D. Kincaid TE - BUF,0.0,T. Higgins WR - CIN,0.0,J. Dobbins RB - DEN,0.0,,,129.04,Erik,75.14
2025,13,Erik,8,L. Jackson QB - BAL,6.54,K. Walker RB - SEA,7.4,W. Marks RB - HOU,6.7,C. Lamb WR - DAL,17.2,N. Collins WR - HOU,16.5,O. Gadsden TE - LAC,2.7,M. Wilson WR - ARI,3.6,C. Little K - JAX,6.5,Chargers DEF,8.0,Jaguars DEF,14.0,C. Rodriguez RB - WAS,10.1,E. Wilson RB - GB,1.4,T. Benson RB - ARI,0.0,D. London WR - ATL,0.0,S. Tucker RB - TB,0.0,,,75.14,Kessi,129.04
2025,13,Simi,6,J. Hurts QB - PHI,16.3,J. Gibbs RB - DET,8.6,B. Hall RB - NYJ,13.6,Z. Flowers WR - BAL,-1.4,R. Rice WR - KC,21.4,H. Henry TE - NE,7.3,B. Irving RB - TB,14.1,W. Reichard K - MIN,0.0,Rams DEF,2.0,M. Stafford QB - LAR,11.62,Z. Charbonnet RB - SEA,11.2,Packers DEF,3.0,R. White RB - TB,2.9,B. Thomas WR - JAX,2.8,M. Pittman WR - IND,1.3,,,81.9,Ritz,108.64
2025,13,Ritz,4,J. Burrow QB - CIN,19.24,K. Williams RB - LAR,13.2,B. Robinson RB - ATL,25.3,D. Smith WR - PHI,4.8,J. Smith-Njigba WR - SEA,2.3,T. Kelce TE - KC,10.5,K. Vidal RB - LAC,19.7,C. Dicker K - LAC,9.6,Broncos DEF,4.0,B. Purdy QB - SF,17.12,J. Warren RB - PIT,10.4,L. McConkey WR - LAC,9.9,Buccaneers DEF,7.0,T. Tracy RB - NYG,3.3,R. Pearsall WR - SF,1.4,,,108.64,Simi,81.9
2025,13,Tommy,3,J. Herbert QB - LAC,12.84,S. Barkley RB - PHI,5.6,D. Achane RB - MIA,19.4,A. Brown WR - PHI,25.2,G. Pickens WR - DAL,10.8,T. McBride TE - ARI,14.2,D. Montgomery RB - DET,10.8,C. Boswell K - PIT,1.0,49ers DEF,11.0,J. Goff QB - DET,20.64,T. Warren TE - IND,8.2,D. Metcalf WR - PIT,3.2,K. Allen WR - LAC,3.0,R. Odunze WR - CHI,0.8,A. Jones RB - MIN,0.5,,,110.84,Juschka,75.56
2025,13,Juschka,7,B. Mayfield QB - TB,14.46,T. Etienne RB - JAX,4.1,C. McCaffrey RB - SF,13.4,J. Chase WR - CIN,11.0,D. Adams WR - LAR,17.8,M. Andrews TE - BAL,4.7,J. Jacobs RB - GB,9.1,T. Loop K - BAL,2.0,Lions DEF,-1.0,R. Dowdle RB - CAR,7.9,J. Ferguson TE - DAL,3.6,P. Washington WR - JAX,2.6,T. Spears RB - TEN,2.4,J. Reed WR - GB,0.0,J. Flacco QB - CIN,0.0,G. Wilson WR - NYJ,0.0,75.56,Tommy,110.84
2025,14,Benni,5,D. Prescott QB - DAL,18.44,R. Harvey RB - DEN,16.0,J. Taylor RB - IND,11.4,E. Egbuka WR - TB,1.5,J. Williams WR - DET,10.3,K. Pitts TE - ATL,9.0,D. Swift RB - CHI,8.2,K. Fairbairn K - HOU,8.5,Seahawks DEF,17.0,B. Corum RB - LAR,25.1,Texans DEF,12.0,J. Jefferson WR - MIN,1.1,T. McMillan WR - CAR,0.0,T. Henderson RB - NE,0.0,G. Kittle TE - SF,0.0,,,100.34,Ritz,117.26
2025,14,Ritz,2,J. Burrow QB - CIN,23.36,K. Williams RB - LAR,15.7,B. Robinson RB - ATL,7.4,D. Smith WR - PHI,3.7,J. Smith-Njigba WR - SEA,21.1,T. Kelce TE - KC,0.8,J. Warren RB - PIT,12.2,C. Dicker K - LAC,22.0,Broncos DEF,11.0,K. Vidal RB - LAC,10.4,Buccaneers DEF,5.0,L. McConkey WR - LAC,1.2,T. Tracy RB - NYG,0.0,B. Purdy QB - SF,0.0,,,,,117.26,Benni,100.34
2025,14,Kessi,4,P. Mahomes QB - KC,5.3,Q. Judkins RB - CLE,8.4,C. Brown RB - CIN,15.5,A. St. Brown WR - DET,9.2,C. Sutton WR - DEN,6.2,B. Bowers TE - LV,10.6,D. Henry RB - BAL,10.2,B. Aubrey K - DAL,25.7,Bills DEF,10.0,T. Higgins WR - CIN,21.2,J. Bates K - DET,18.1,J. Waddle WR - MIA,13.1,D. Kincaid TE - BUF,10.1,D. Maye QB - NE,0.0,J. Dobbins RB - DEN,0.0,,,101.1,Juschka,76.68
2025,14,Juschka,8,B. Mayfield QB - TB,11.08,T. Etienne RB - JAX,20.2,C. McCaffrey RB - SF,0.0,J. Chase WR - CIN,5.2,D. Adams WR - LAR,2.9,M. Andrews TE - BAL,0.9,J. Jacobs RB - GB,15.2,T. Loop K - BAL,11.2,Lions DEF,10.0,J. Ferguson TE - DAL,5.8,J. Reed WR - GB,5.3,T. Spears RB - TEN,4.7,J. Flacco QB - CIN,0.0,R. Dowdle RB - CAR,0.0,G. Wilson WR - NYJ,0.0,P. Washington WR - JAX,0.0,76.68,Kessi,101.1
2025,14,Simi,6,J. Hurts QB - PHI,0.4,J. Gibbs RB - DET,30.0,B. Irving RB - TB,14.1,Z. Flowers WR - BAL,12.6,R. Rice WR - KC,3.4,H. Fannin TE - CLE,17.4,B. Hall RB - NYJ,4.3,E. McPherson K - CIN,4.0,Rams DEF,6.0,M. Stafford QB - LAR,23.24,B. Thomas WR - JAX,8.7,Z. Charbonnet RB - SEA,6.6,R. White RB - TB,5.5,Packers DEF,3.0,H. Henry TE - NE,0.0,,,92.2,Marv,118.44
2025,14,Marv,1,J. Allen QB - BUF,37.84,J. Cook RB - BUF,9.1,A. Jeanty RB - LV,3.8,P. Nacua WR - LAR,28.7,C. Olave WR - NO,3.0,D. Goedert TE - PHI,7.8,J. Williams RB - DAL,12.7,J. Myers K - SEA,15.5,Ravens DEF,0.0,D. Neal RB - NO,14.4,J. Jeudy WR - CLE,13.6,O. Hampton RB - LAC,12.7,X. Worthy WR - KC,5.5,B. Strange TE - JAX,2.7,M. Harrison WR - ARI,0.0,H. Haskins RB - LAC,0.0,118.44,Simi,92.2
2025,14,Tommy,3,J. Herbert QB - LAC,12.16,S. Barkley RB - PHI,18.2,D. Achane RB - MIA,16.5,A. Brown WR - PHI,10.0,G. Pickens WR - DAL,3.7,T. McBride TE - ARI,5.8,D. Montgomery RB - DET,13.3,C. Boswell K - PIT,9.0,Dolphins DEF,16.0,J. Goff QB - DET,16.16,D. Metcalf WR - PIT,14.8,A. Jones RB - MIN,7.6,K. Allen WR - LAC,2.2,T. Warren TE - IND,1.7,R. Odunze WR - CHI,0.0,,,104.66,Erik,89.16
2025,14,Erik,7,L. Jackson QB - BAL,21.06,K. Walker RB - SEA,2.8,K. Monangai RB - CHI,7.7,C. Lamb WR - DAL,12.1,N. Collins WR - HOU,12.1,O. Gadsden TE - LAC,0.7,C. Watson WR - GB,20.9,C. McLaughlin K - TB,9.8,Browns DEF,2.0,M. Wilson WR - ARI,26.2,W. Marks RB - HOU,13.6,Eagles DEF,13.0,C. Rodriguez RB - WAS,5.2,T. Benson RB - ARI,0.0,D. Singletary RB - NYG,0.0,D. London WR - ATL,0.0,89.16,Tommy,104.66
2025,15,Benni,2,D. Prescott QB - DAL,11.96,R. Harvey RB - DEN,10.5,J. Taylor RB - IND,10.1,J. Jefferson WR - MIN,2.2,J. Williams WR - DET,19.4,G. Kittle TE - SF,14.8,T. Henderson RB - NE,28.1,K. Fairbairn K - HOU,18.8,Seahawks DEF,4.0,D. Swift RB - CHI,21.6,T. McLaurin WR - WAS,12.9,Texans DEF,7.0,E. Egbuka WR - TB,6.4,T. McMillan WR - CAR,2.5,B. Robinson RB - SF,2.1,,,119.86,Marv,158.22
2025,15,Marv,1,J. Allen QB - BUF,24.52,J. Cook RB - BUF,29.1,A. Jeanty RB - LV,4.2,P. Nacua WR - LAR,18.9,C. Olave WR - NO,14.5,B. Strange TE - JAX,2.6,J. Williams RB - DAL,15.1,J. Myers K - SEA,26.3,Ravens DEF,23.0,D. Goedert TE - PHI,19.0,D. Neal RB - NO,9.2,O. Hampton RB - LAC,6.5,X. Worthy WR - KC,3.5,J. Jeudy WR - CLE,2.2,M. Harrison WR - ARI,0.0,,,158.22,Benni,119.86
2025,15,Kessi,7,P. Mahomes QB - KC,13.06,Q. Judkins RB - CLE,1.7,C. Brown RB - CIN,9.0,A. St. Brown WR - DET,28.4,J. Waddle WR - MIA,2.6,B. Bowers TE - LV,2.8,D. Henry RB - BAL,10.0,B. Aubrey K - DAL,17.5,Bills DEF,4.0,D. Maye QB - NE,20.5,C. Sutton WR - DEN,17.3,J. Bates K - DET,11.8,D. Kincaid TE - BUF,3.4,T. Higgins WR - CIN,0.0,J. Dobbins RB - DEN,0.0,,,89.06,Ritz,107.5
2025,15,Ritz,4,J. Burrow QB - CIN,5.5,K. Williams RB - LAR,20.8,B. Robinson RB - ATL,21.5,D. Smith WR - PHI,5.0,J. Smith-Njigba WR - SEA,11.3,T. Kelce TE - KC,7.0,K. Gainwell RB - PIT,12.6,C. Dicker K - LAC,13.8,Jaguars DEF,10.0,B. Purdy QB - SF,26.2,T. Tracy RB - NYG,21.7,M. Evans WR - TB,13.2,Broncos DEF,7.0,K. Vidal RB - LAC,4.8,J. Warren RB - PIT,4.8,L. McConkey WR - LAC,2.0,107.5,Kessi,89.06
2025,15,Simi,8,M. Stafford QB - LAR,20.92,J. Gibbs RB - DET,5.8,B. Irving RB - TB,7.1,Z. Flowers WR - BAL,12.8,R. Rice WR - KC,5.1,H. Fannin TE - CLE,5.0,B. Hall RB - NYJ,3.7,J. Elliott K - PHI,7.0,Steelers DEF,7.0,J. Hurts QB - PHI,22.9,B. Thomas WR - JAX,13.1,Z. Charbonnet RB - SEA,3.1,R. White RB - TB,2.6,H. Henry TE - NE,1.8,Rams DEF,0.0,,,74.42,Juschka,111.68
2025,15,Juschka,3,B. Mayfield QB - TB,19.18,T. Etienne RB - JAX,28.5,C. McCaffrey RB - SF,14.7,J. Chase WR - CIN,13.2,D. Adams WR - LAR,7.1,M. Andrews TE - BAL,1.8,J. Jacobs RB - GB,21.2,T. Loop K - BAL,6.0,Lions DEF,0.0,R. Dowdle RB - CAR,11.4,J. Reed WR - GB,5.5,P. Washington WR - JAX,5.3,T. Spears RB - TEN,3.6,J. Ferguson TE - DAL,1.6,J. Flacco QB - CIN,0.0,G. Wilson WR - NYJ,0.0,111.68,Simi,74.42
2025,15,Tommy,6,J. Herbert QB - LAC,10.4,S. Barkley RB - PHI,15.2,D. Achane RB - MIA,12.7,A. Brown WR - PHI,10.1,G. Pickens WR - DAL,3.3,T. McBride TE - ARI,25.4,D. Metcalf WR - PIT,11.5,C. Boswell K - PIT,4.0,49ers DEF,0.0,J. Dart QB - NYG,22.14,D. Montgomery RB - DET,9.2,A. Jones RB - MIN,6.5,K. Allen WR - LAC,3.6,T. Warren TE - IND,1.9,R. Odunze WR - CHI,0.0,,,92.6,Erik,96.9
2025,15,Erik,5,L. Jackson QB - BAL,14.6,D. Singletary RB - NYG,1.4,W. Marks RB - HOU,9.8,M. Wilson WR - ARI,11.4,N. Collins WR - HOU,20.5,I. Likely TE - BAL,0.0,C. Lamb WR - DAL,11.1,C. McLaughlin K - TB,12.1,Eagles DEF,16.0,Saints DEF,4.0,C. Watson WR - GB,2.9,K. Walker RB - SEA,1.9,J. Wright RB - MIA,1.1,C. Rodriguez RB - WAS,0.0,T. Benson RB - ARI,0.0,D. London WR - ATL,0.0,96.9,Tommy,92.6
2025,16,Benni,3,B. Purdy QB - SF,30.9,R. Harvey RB - DEN,18.1,J. Taylor RB - IND,13.9,J. Jennings WR - SF,13.1,J. Williams WR - DET,7.0,G. Kittle TE - SF,17.5,T. Henderson RB - NE,1.2,K. Fairbairn K - HOU,17.4,Texans DEF,11.0,D. Prescott QB - DAL,19.16,T. McMillan WR - CAR,13.3,D. Swift RB - CHI,7.0,M. Carter RB - ARI,6.5,T. McLaurin WR - WAS,5.3,E. Egbuka WR - TB,4.0,Chiefs DEF,2.0,130.1,Kessi,123.1
2025,16,Kessi,5,D. Maye QB - NE,23.7,Q. Judkins RB - CLE,5.1,C. Brown RB - CIN,28.9,A. St. Brown WR - DET,5.4,C. Sutton WR - DEN,14.6,B. Bowers TE - LV,9.3,D. Henry RB - BAL,22.8,B. Aubrey K - DAL,5.3,Bills DEF,8.0,T. Higgins WR - CIN,11.3,J. Waddle WR - MIA,7.2,J. Bates K - DET,6.6,D. Kincaid TE - BUF,0.0,P. Mahomes QB - KC,0.0,J. Dobbins RB - DEN,0.0,,,123.1,Benni,130.1
2025,16,Simi,6,J. Hurts QB - PHI,19.4,J. Gibbs RB - DET,12.8,B. Irving RB - TB,7.1,Z. Flowers WR - BAL,14.2,B. Thomas WR - JAX,1.8,H. Fannin TE - CLE,15.5,B. Hall RB - NYJ,6.3,C. Little K - JAX,11.7,Rams DEF,6.0,M. Stafford QB - LAR,30.88,Z. Charbonnet RB - SEA,13.4,H. Henry TE - NE,9.5,R. White RB - TB,6.0,Steelers DEF,5.0,R. Rice WR - KC,0.0,,,94.8,Tommy,130.8
2025,16,Tommy,2,J. Herbert QB - LAC,30.2,S. Barkley RB - PHI,21.2,D. Achane RB - MIA,15.0,A. Brown WR - PHI,9.5,G. Pickens WR - DAL,19.0,T. McBride TE - ARI,2.7,A. Jones RB - MIN,9.3,C. Boswell K - PIT,11.9,49ers DEF,12.0,K. Allen WR - LAC,4.4,D. Metcalf WR - PIT,4.2,T. Warren TE - IND,3.0,D. Montgomery RB - DET,1.4,J. Dart QB - NYG,0.02,R. Odunze WR - CHI,0.0,,,130.8,Simi,94.8
2025,16,Ritz,4,J. Burrow QB - CIN,28.96,K. Williams RB - LAR,8.5,B. Robinson RB - ATL,22.8,D. Smith WR - PHI,10.2,J. Smith-Njigba WR - SEA,15.6,K. Pitts TE - ATL,11.7,M. Evans WR - TB,9.1,C. Dicker K - LAC,10.7,Vikings DEF,11.0,J. Warren RB - PIT,27.1,L. McConkey WR - LAC,10.3,J. Jefferson WR - MIN,8.5,T. Tracy RB - NYG,7.8,K. Vidal RB - LAC,1.1,T. Kelce TE - KC,0.6,,,128.56,Marv,131.6
2025,16,Marv,1,J. Allen QB - BUF,6.9,J. Cook RB - BUF,25.4,O. Hampton RB - LAC,15.5,P. Nacua WR - LAR,34.5,C. Olave WR - NO,26.8,D. Goedert TE - PHI,9.2,J. Williams RB - DAL,4.3,J. Myers K - SEA,2.0,Ravens DEF,7.0,A. Jeanty RB - LV,30.8,B. Strange TE - JAX,9.9,X. Worthy WR - KC,4.1,M. Harrison WR - ARI,1.4,J. Jeudy WR - CLE,1.2,D. Neal RB - NO,0.0,,,131.6,Ritz,128.56
2025,16,Erik,8,L. Jackson QB - BAL,4.74,K. Walker RB - SEA,22.4,A. Estime RB - NO,3.6,D. London WR - ATL,2.7,N. Collins WR - HOU,5.9,C. Parkinson TE - LAR,2.1,C. Lamb WR - DAL,5.1,C. McLaughlin K - TB,10.0,Eagles DEF,5.0,Saints DEF,19.0,C. Rodriguez RB - WAS,12.9,J. Wright RB - MIA,11.3,M. Wilson WR - ARI,11.2,C. Watson WR - GB,1.7,T. Benson RB - ARI,0.0,W. Marks RB - HOU,0.0,61.54,Promille Böörds,78.6
2025,16,Promille Böörds,7,B. Mayfield QB - TB,12.7,T. Etienne RB - JAX,12.6,C. McCaffrey RB - SF,26.6,J. Chase WR - CIN,10.9,D. Adams WR - LAR,0.0,M. Andrews TE - BAL,2.4,J. Jacobs RB - GB,2.8,T. Loop K - BAL,6.6,Lions DEF,4.0,P. Washington WR - JAX,20.5,T. Spears RB - TEN,16.5,R. Dowdle RB - CAR,4.3,J. Reed WR - GB,4.1,J. Ferguson TE - DAL,1.9,J. Flacco QB - CIN,0.16,G. Wilson WR - NYJ,0.0,78.6,Erik,61.54
