season,week,team,opponent,points_for,points_against,rank,is_playoff,matchup_key,week_team_count,week_rank,is_week_high,is_week_low,is_top_tier,is_bottom_tier,is_top_half,is_bottom_half,all_play_wins,all_play_losses,all_play_win_pct,margin,abs_margin,is_win,is_loss,is_tie,points_share,opp_points_share,is_blowout_win,is_blowout_loss,is_narrow_win,is_narrow_loss
2015,1,Benni,Erik,93.5,118.14,5,False,2015-1-benni__vs__erik,8,4,False,False,False,False,True,False,4.0,3.0,0.5714285714285714,-24.64,24.64,False,True,False,0.44178794178794184,0.5582120582120582,False,False,False,False
2015,1,Erik,Benni,118.14,93.5,1,False,2015-1-benni__vs__erik,8,1,True,False,True,False,True,False,7.0,0.0,1.0,24.64,24.64,True,False,False,0.5582120582120582,0.44178794178794184,False,False,False,False
2015,1,Ritz,Kessi,73.94,114.14,7,False,2015-1-kessi__vs__ritz,8,7,False,False,False,True,False,True,1.0,6.0,0.14285714285714285,-40.2,40.2,False,True,False,0.3931305827307529,0.6068694172692471,False,True,False,False
2015,1,Marv,Juschka,91.06,75.7,4,False,2015-1-juschka__vs__marv,8,5,False,False,False,False,False,True,3.0,4.0,0.42857142857142855,15.36,15.36,True,False,False,0.5460542096426002,0.4539457903573999,False,False,False,False
2015,1,Simi,Tommy,99.04,64.72,3,False,2015-1-simi__vs__tommy,8,3,False,False,True,False,True,False,5.0,2.0,0.7142857142857143,34.32000000000001,34.32000000000001,True,False,False,0.6047874938935027,0.39521250610649733,True,False,False,False
2015,1,Tommy,Simi,64.72,99.04,8,False,2015-1-simi__vs__tommy,8,8,False,True,False,True,False,True,0.0,7.0,0.0,-34.32000000000001,34.32000000000001,False,True,False,0.39521250610649733,0.6047874938935027,False,True,False,False
2015,1,Juschka,Marv,75.7,91.06,6,False,2015-1-juschka__vs__marv,8,6,False,False,False,True,False,True,2.0,5.0,0.2857142857142857,-15.36,15.36,False,True,False,0.4539457903573999,0.5460542096426002,False,False,False,False
2015,1,Kessi,Ritz,114.14,73.94,2,False,2015-1-kessi__vs__ritz,8,2,False,False,True,False,True,False,6.0,1.0,0.8571428571428571,40.2,40.2,True,False,False,0.6068694172692471,0.3931305827307529,True,False,False,False
2015,2,Benni,Ritz,86.4,90.96,7,False,2015-2-benni__vs__ritz,8,4,False,False,False,False,True,False,4.0,3.0,0.5714285714285714,-4.559999999999988,4.559999999999988,False,True,False,0.48714479025710417,0.5128552097428958,False,False,False,True
2015,2,Erik,Marv,103.8,67.96,1,False,2015-2-erik__vs__marv,8,1,True,False,True,False,True,False,7.0,0.0,1.0,35.84,35.84,True,False,False,0.604331625523987,0.39566837447601305,True,False,False,False
2015,2,Ritz,Benni,90.96,86.4,4,False,2015-2-benni__vs__ritz,8,3,False,False,True,False,True,False,5.0,2.0,0.7142857142857143,4.559999999999988,4.559999999999988,True,False,False,0.5128552097428958,0.48714479025710417,False,False,True,False
2015,2,Marv,Erik,67.96,103.8,5,False,2015-2-erik__vs__marv,8,7,False,False,False,True,False,True,1.0,6.0,0.14285714285714285,-35.84,35.84,False,True,False,0.39566837447601305,0.604331625523987,False,True,False,False
2015,2,Simi,Kessi,80.74,98.74,3,False,2015-2-kessi__vs__simi,8,6,False,False,False,True,False,True,2.0,5.0,0.2857142857142857,-18.0,18.0,False,True,False,0.44985513706262537,0.5501448629373746,False,False,False,False
2015,2,Tommy,Juschka,85.7,63.1,6,False,2015-2-juschka__vs__tommy,8,5,False,False,False,False,False,True,3.0,4.0,0.42857142857142855,22.6,22.6,True,False,False,0.5759408602150538,0.4240591397849462,False,False,False,False
2015,2,Juschka,Tommy,63.1,85.7,8,False,2015-2-juschka__vs__tommy,8,8,False,True,False,True,False,True,0.0,7.0,0.0,-22.6,22.6,False,True,False,0.4240591397849462,0.5759408602150538,False,False,False,False
2015,2,Kessi,Simi,98.74,80.74,2,False,2015-2-kessi__vs__simi,8,2,False,False,True,False,True,False,6.0,1.0,0.8571428571428571,18.0,18.0,True,False,False,0.5501448629373746,0.44985513706262537,False,False,False,False
2015,3,Benni,Marv,106.94,134.32,7,False,2015-3-benni__vs__marv,8,6,False,False,False,True,False,True,2.0,5.0,0.2857142857142857,-27.379999999999995,27.379999999999995,False,True,False,0.44325623808339554,0.5567437619166045,False,False,False,False
2015,3,Erik,Tommy,144.6,124.0,1,False,2015-3-erik__vs__tommy,8,1,True,False,True,False,True,False,7.0,0.0,1.0,20.599999999999994,20.599999999999994,True,False,False,0.5383469843633655,0.46165301563663436,False,False,False,False
2015,3,Ritz,Simi,91.88,108.3,6,False,2015-3-ritz__vs__simi,8,7,False,False,False,True,False,True,1.0,6.0,0.14285714285714285,-16.42,16.42,False,True,False,0.4589869117793985,0.5410130882206015,False,False,False,False
2015,3,Marv,Benni,134.32,106.94,3,False,2015-3-benni__vs__marv,8,2,False,False,True,False,True,False,6.0,1.0,0.8571428571428571,27.379999999999995,27.379999999999995,True,False,False,0.5567437619166045,0.44325623808339554,False,False,False,False
2015,3,Simi,Ritz,108.3,91.88,4,False,2015-3-ritz__vs__simi,8,5,False,False,False,False,False,True,3.0,4.0,0.42857142857142855,16.42,16.42,True,False,False,0.5410130882206015,0.4589869117793985,False,False,False,False
2015,3,Tommy,Erik,124.0,144.6,5,False,2015-3-erik__vs__tommy,8,3,False,False,True,False,True,False,5.0,2.0,0.7142857142857143,-20.599999999999994,20.599999999999994,False,True,False,0.46165301563663436,0.5383469843633655,False,False,False,False
2015,3,Juschka,Kessi,38.1,122.02,8,False,2015-3-juschka__vs__kessi,8,8,False,True,False,True,False,True,0.0,7.0,0.0,-83.91999999999999,83.91999999999999,False,True,False,0.2379465400949288,0.7620534599050711,False,True,False,False
2015,3,Kessi,Juschka,122.02,38.1,2,False,2015-3-juschka__vs__kessi,8,4,False,False,False,False,True,False,4.0,3.0,0.5714285714285714,83.91999999999999,83.91999999999999,True,False,False,0.7620534599050711,0.2379465400949288,True,False,False,False
2015,4,Benni,Simi,92.52,84.88,8,False,2015-4-benni__vs__simi,8,3,False,False,True,False,True,False,5.0,2.0,0.7142857142857143,7.640000000000001,7.640000000000001,True,False,False,0.521533258173619,0.4784667418263811,False,False,False,False
2015,4,Erik,Kessi,66.84,102.64,2,False,2015-4-erik__vs__kessi,8,7,False,False,False,True,False,True,1.0,6.0,0.14285714285714285,-35.8,35.8,False,True,False,0.3943828180316261,0.6056171819683738,False,True,False,False
2015,4,Ritz,Juschka,83.22,108.16,6,False,2015-4-juschka__vs__ritz,8,5,False,False,False,False,False,True,3.0,4.0,0.42857142857142855,-24.939999999999998,24.939999999999998,False,True,False,0.43484167624621173,0.5651583237537883,False,False,False,False
2015,4,Marv,Tommy,75.46,61.4,3,False,2015-4-marv__vs__tommy,8,6,False,False,False,True,False,True,2.0,5.0,0.2857142857142857,14.059999999999995,14.059999999999995,True,False,False,0.5513663597837206,0.44863364021627944,False,False,False,False
2015,4,Simi,Benni,84.88,92.52,4,False,2015-4-benni__vs__simi,8,4,False,False,False,False,True,False,4.0,3.0,0.5714285714285714,-7.640000000000001,7.640000000000001,False,True,False,0.4784667418263811,0.521533258173619,False,False,False,False
2015,4,Tommy,Marv,61.4,75.46,5,False,2015-4-marv__vs__tommy,8,8,False,True,False,True,False,True,0.0,7.0,0.0,-14.059999999999995,14.059999999999995,False,True,False,0.44863364021627944,0.5513663597837206,False,False,False,False
2015,4,Juschka,Ritz,108.16,83.22,7,False,2015-4-juschka__vs__ritz,8,1,True,False,True,False,True,False,7.0,0.0,1.0,24.939999999999998,24.939999999999998,True,False,False,0.5651583237537883,0.43484167624621173,False,False,False,False
2015,4,Kessi,Erik,102.64,66.84,1,False,2015-4-erik__vs__kessi,8,2,False,False,True,False,True,False,6.0,1.0,0.8571428571428571,35.8,35.8,True,False,False,0.6056171819683738,0.3943828180316261,True,False,False,False
2015,5,Benni,Tommy,118.44,83.68,6,False,2015-5-benni__vs__tommy,8,3,False,False,True,False,True,False,5.0,2.0,0.7142857142857143,34.75999999999999,34.75999999999999,True,False,False,0.5859885216702948,0.41401147832970514,True,False,False,False
2015,5,Erik,Ritz,79.76,106.6,2,False,2015-5-erik__vs__ritz,8,8,False,True,False,True,False,True,0.0,7.0,0.0,-26.83999999999999,26.83999999999999,False,True,False,0.42798883880661087,0.572011161193389,False,False,False,False
2015,5,Ritz,Erik,106.6,79.76,5,False,2015-5-erik__vs__ritz,8,4,False,False,False,False,True,False,4.0,3.0,0.5714285714285714,26.83999999999999,26.83999999999999,True,False,False,0.572011161193389,0.42798883880661087,False,False,False,False
2015,5,Marv,Kessi,84.04,132.0,4,False,2015-5-kessi__vs__marv,8,5,False,False,False,False,False,True,3.0,4.0,0.42857142857142855,-47.959999999999994,47.959999999999994,False,True,False,0.3890020366598778,0.6109979633401221,False,True,False,False
2015,5,Simi,Juschka,124.42,83.6,3,False,2015-5-juschka__vs__simi,8,2,False,False,True,False,True,False,6.0,1.0,0.8571428571428571,40.82000000000001,40.82000000000001,True,False,False,0.5981155658109798,0.4018844341890203,True,False,False,False
2015,5,Tommy,Benni,83.68,118.44,7,False,2015-5-benni__vs__tommy,8,6,False,False,False,True,False,True,2.0,5.0,0.2857142857142857,-34.75999999999999,34.75999999999999,False,True,False,0.41401147832970514,0.5859885216702948,False,True,False,False
2015,5,Juschka,Simi,83.6,124.42,8,False,2015-5-juschka__vs__simi,8,7,False,False,False,True,False,True,1.0,6.0,0.14285714285714285,-40.82000000000001,40.82000000000001,False,True,False,0.4018844341890203,0.5981155658109798,False,True,False,False
2015,5,Kessi,Marv,132.0,84.04,1,False,2015-5-kessi__vs__marv,8,1,True,False,True,False,True,False,7.0,0.0,1.0,47.959999999999994,47.959999999999994,True,False,False,0.6109979633401221,0.3890020366598778,True,False,False,False
2015,6,Benni,Juschka,100.64,127.18,6,False,2015-6-benni__vs__juschka,8,5,False,False,False,False,False,True,3.0,4.0,0.42857142857142855,-26.540000000000006,26.540000000000006,False,True,False,0.4417522605565798,0.5582477394434203,False,False,False,False
2015,6,Erik,Simi,107.8,86.74,2,False,2015-6-erik__vs__simi,8,3,False,False,True,False,True,False,5.0,2.0,0.7142857142857143,21.060000000000002,21.060000000000002,True,False,False,0.554127685822967,0.445872314177033,False,False,False,False
2015,6,Ritz,Marv,94.02,86.5,4,False,2015-6-marv__vs__ritz,8,6,False,False,False,True,False,True,2.0,5.0,0.2857142857142857,7.519999999999996,7.519999999999996,True,False,False,0.5208287170396633,0.47917128296033684,False,False,False,False
2015,6,Marv,Ritz,86.5,94.02,5,False,2015-6-marv__vs__ritz,8,8,False,True,False,True,False,True,0.0,7.0,0.0,-7.519999999999996,7.519999999999996,False,True,False,0.47917128296033684,0.5208287170396633,False,False,False,False
2015,6,Simi,Erik,86.74,107.8,3,False,2015-6-erik__vs__simi,8,7,False,False,False,True,False,True,1.0,6.0,0.14285714285714285,-21.060000000000002,21.060000000000002,False,True,False,0.445872314177033,0.554127685822967,False,False,False,False
2015,6,Tommy,Kessi,119.58,100.88,7,False,2015-6-kessi__vs__tommy,8,2,False,False,True,False,True,False,6.0,1.0,0.8571428571428571,18.700000000000003,18.700000000000003,True,False,False,0.5424113217817291,0.45758867821827093,False,False,False,False
2015,6,Juschka,Benni,127.18,100.64,8,False,2015-6-benni__vs__juschka,8,1,True,False,True,False,True,False,7.0,0.0,1.0,26.540000000000006,26.540000000000006,True,False,False,0.5582477394434203,0.4417522605565798,False,False,False,False
2015,6,Kessi,Tommy,100.88,119.58,1,False,2015-6-kessi__vs__tommy,8,4,False,False,False,False,True,False,4.0,3.0,0.5714285714285714,-18.700000000000003,18.700000000000003,False,True,False,0.45758867821827093,0.5424113217817291,False,False,False,False
2015,7,Benni,Kessi,77.9,117.3,6,False,2015-7-benni__vs__kessi,8,7,False,False,False,True,False,True,1.0,6.0,0.14285714285714285,-39.39999999999999,39.39999999999999,False,True,False,0.39907786885245905,0.600922131147541,False,True,False,False
2015,7,Erik,Juschka,140.74,86.9,2,False,2015-7-erik__vs__juschka,8,1,True,False,True,False,True,False,7.0,0.0,1.0,53.84,53.84,True,False,False,0.6182568968546829,0.3817431031453172,True,False,False,False
2015,7,Ritz,Tommy,112.04,101.02,4,False,2015-7-ritz__vs__tommy,8,4,False,False,False,False,True,False,4.0,3.0,0.5714285714285714,11.02000000000001,11.02000000000001,True,False,False,0.5258612597390406,0.4741387402609593,False,False,False,False
2015,7,Marv,Simi,61.58,117.7,5,False,2015-7-marv__vs__simi,8,8,False,True,False,True,False,True,0.0,7.0,0.0,-56.120000000000005,56.120000000000005,False,True,False,0.34348505131637663,0.6565149486836234,False,True,False,False
2015,7,Simi,Marv,117.7,61.58,3,False,2015-7-marv__vs__simi,8,2,False,False,True,False,True,False,6.0,1.0,0.8571428571428571,56.120000000000005,56.120000000000005,True,False,False,0.6565149486836234,0.34348505131637663,True,False,False,False
2015,7,Tommy,Ritz,101.02,112.04,7,False,2015-7-ritz__vs__tommy,8,5,False,False,False,False,False,True,3.0,4.0,0.42857142857142855,-11.02000000000001,11.02000000000001,False,True,False,0.4741387402609593,0.5258612597390406,False,False,False,False
2015,7,Juschka,Erik,86.9,140.74,8,False,2015-7-erik__vs__juschka,8,6,False,False,False,True,False,True,2.0,5.0,0.2857142857142857,-53.84,53.84,False,True,False,0.3817431031453172,0.6182568968546829,False,True,False,False
2015,7,Kessi,Benni,117.3,77.9,1,False,2015-7-benni__vs__kessi,8,3,False,False,True,False,True,False,5.0,2.0,0.7142857142857143,39.39999999999999,39.39999999999999,True,False,False,0.600922131147541,0.39907786885245905,True,False,False,False
2015,8,Benni,Erik,134.16,107.88,7,False,2015-8-benni__vs__erik,8,1,True,False,True,False,True,False,7.0,0.0,1.0,26.28,26.28,True,False,False,0.5542885473475458,0.44571145265245415,False,False,False,False
2015,8,Erik,Benni,107.88,134.16,2,False,2015-8-benni__vs__erik,8,3,False,False,True,False,True,False,5.0,2.0,0.7142857142857143,-26.28,26.28,False,True,False,0.44571145265245415,0.5542885473475458,False,False,False,False
2015,8,Ritz,Kessi,81.64,100.24,4,False,2015-8-kessi__vs__ritz,8,5,False,False,False,False,False,True,3.0,4.0,0.42857142857142855,-18.599999999999994,18.599999999999994,False,True,False,0.4488673850890697,0.5511326149109302,False,False,False,False
2015,8,Marv,Juschka,74.28,121.0,6,False,2015-8-juschka__vs__marv,8,6,False,False,False,True,False,True,2.0,5.0,0.2857142857142857,-46.72,46.72,False,True,False,0.38037689471528063,0.6196231052847194,False,True,False,False
2015,8,Simi,Tommy,70.6,70.34,3,False,2015-8-simi__vs__tommy,8,7,False,False,False,True,False,True,1.0,6.0,0.14285714285714285,0.2599999999999909,0.2599999999999909,True,False,False,0.5009223783170142,0.4990776216829857,False,False,True,False
2015,8,Tommy,Simi,70.34,70.6,8,False,2015-8-simi__vs__tommy,8,8,False,True,False,True,False,True,0.0,7.0,0.0,-0.2599999999999909,0.2599999999999909,False,True,False,0.4990776216829857,0.5009223783170142,False,False,False,True
2015,8,Juschka,Marv,121.0,74.28,5,False,2015-8-juschka__vs__marv,8,2,False,False,True,False,True,False,6.0,1.0,0.8571428571428571,46.72,46.72,True,False,False,0.6196231052847194,0.38037689471528063,True,False,False,False
2015,8,Kessi,Ritz,100.24,81.64,1,False,2015-8-kessi__vs__ritz,8,4,False,False,False,False,True,False,4.0,3.0,0.5714285714285714,18.599999999999994,18.599999999999994,True,False,False,0.5511326149109302,0.4488673850890697,False,False,False,False
2015,9,Benni,Ritz,113.54,108.2,4,False,2015-9-benni__vs__ritz,8,3,False,False,True,False,True,False,5.0,2.0,0.7142857142857143,5.340000000000003,5.340000000000003,True,False,False,0.5120411292504735,0.4879588707495265,False,False,False,False
2015,9,Erik,Marv,105.62,104.76,2,False,2015-9-erik__vs__marv,8,6,False,False,False,True,False,True,2.0,5.0,0.2857142857142857,0.8599999999999994,0.8599999999999994,True,False,False,0.5020439205247648,0.49795607947523535,False,False,True,False
2015,9,Ritz,Benni,108.2,113.54,5,False,2015-9-benni__vs__ritz,8,5,False,False,False,False,False,True,3.0,4.0,0.42857142857142855,-5.340000000000003,5.340000000000003,False,True,False,0.4879588707495265,0.5120411292504735,False,False,False,False
2015,9,Marv,Erik,104.76,105.62,7,False,2015-9-erik__vs__marv,8,7,False,False,False,True,False,True,1.0,6.0,0.14285714285714285,-0.8599999999999994,0.8599999999999994,False,True,False,0.49795607947523535,0.5020439205247648,False,False,False,True
2015,9,Simi,Kessi,103.72,114.66,3,False,2015-9-kessi__vs__simi,8,8,False,True,False,True,False,True,0.0,7.0,0.0,-10.939999999999998,10.939999999999998,False,True,False,0.47495191867387127,0.5250480813261288,False,False,False,False
2015,9,Tommy,Juschka,127.36,110.14,6,False,2015-9-juschka__vs__tommy,8,1,True,False,True,False,True,False,7.0,0.0,1.0,17.22,17.22,True,False,False,0.5362526315789473,0.46374736842105263,False,False,False,False
2015,9,Juschka,Tommy,110.14,127.36,8,False,2015-9-juschka__vs__tommy,8,4,False,False,False,False,True,False,4.0,3.0,0.5714285714285714,-17.22,17.22,False,True,False,0.46374736842105263,0.5362526315789473,False,False,False,False
2015,9,Kessi,Simi,114.66,103.72,1,False,2015-9-kessi__vs__simi,8,2,False,False,True,False,True,False,6.0,1.0,0.8571428571428571,10.939999999999998,10.939999999999998,True,False,False,0.5250480813261288,0.47495191867387127,False,False,False,False
2015,10,Benni,Marv,106.48,91.12,3,False,2015-10-benni__vs__marv,8,2,False,False,True,False,True,False,6.0,1.0,0.8571428571428571,15.36,15.36,True,False,False,0.5388663967611336,0.4611336032388664,False,False,False,False
2015,10,Erik,Tommy,105.52,97.08,2,False,2015-10-erik__vs__tommy,8,3,False,False,True,False,True,False,5.0,2.0,0.7142857142857143,8.439999999999998,8.439999999999998,True,False,False,0.5208292201382033,0.4791707798617966,False,False,False,False
2015,10,Ritz,Simi,110.18,87.3,4,False,2015-10-ritz__vs__simi,8,1,True,False,True,False,True,False,7.0,0.0,1.0,22.88000000000001,22.88000000000001,True,False,False,0.5579299169536155,0.4420700830463844,False,False,False,False
2015,10,Marv,Benni,91.12,106.48,7,False,2015-10-benni__vs__marv,8,6,False,False,False,True,False,True,2.0,5.0,0.2857142857142857,-15.36,15.36,False,True,False,0.4611336032388664,0.5388663967611336,False,False,False,False
2015,10,Simi,Ritz,87.3,110.18,5,False,2015-10-ritz__vs__simi,8,7,False,False,False,True,False,True,1.0,6.0,0.14285714285714285,-22.88000000000001,22.88000000000001,False,True,False,0.4420700830463844,0.5579299169536155,False,False,False,False
2015,10,Tommy,Erik,97.08,105.52,8,False,2015-10-erik__vs__tommy,8,4,False,False,False,False,True,False,4.0,3.0,0.5714285714285714,-8.439999999999998,8.439999999999998,False,True,False,0.4791707798617966,0.5208292201382033,False,False,False,False
2015,10,Juschka,Kessi,96.16,76.46,6,False,2015-10-juschka__vs__kessi,8,5,False,False,False,False,False,True,3.0,4.0,0.42857142857142855,19.700000000000003,19.700000000000003,True,False,False,0.5570617541420461,0.4429382458579538,False,False,False,False
2015,10,Kessi,Juschka,76.46,96.16,1,False,2015-10-juschka__vs__kessi,8,8,False,True,False,True,False,True,0.0,7.0,0.0,-19.700000000000003,19.700000000000003,False,True,False,0.4429382458579538,0.5570617541420461,False,False,False,False
2015,11,Benni,Simi,125.88,87.7,3,False,2015-11-benni__vs__simi,8,1,True,False,True,False,True,False,7.0,0.0,1.0,38.17999999999999,38.17999999999999,True,False,False,0.5893810281861598,0.41061897181384027,True,False,False,False
2015,11,Erik,Kessi,78.84,110.28,2,False,2015-11-erik__vs__kessi,8,6,False,False,False,True,False,True,2.0,5.0,0.2857142857142857,-31.439999999999998,31.439999999999998,False,True,False,0.4168781725888325,0.5831218274111675,False,True,False,False
2015,11,Ritz,Juschka,74.02,49.78,4,False,2015-11-juschka__vs__ritz,8,7,False,False,False,True,False,True,1.0,6.0,0.14285714285714285,24.239999999999995,24.239999999999995,True,False,False,0.5978998384491114,0.40210016155088857,False,False,False,False
2015,11,Marv,Tommy,81.38,85.1,8,False,2015-11-marv__vs__tommy,8,5,False,False,False,False,False,True,3.0,4.0,0.42857142857142855,-3.719999999999999,3.719999999999999,False,True,False,0.48882748678519944,0.5111725132148006,False,False,False,True
2015,11,Simi,Benni,87.7,125.88,5,False,2015-11-benni__vs__simi,8,3,False,False,True,False,True,False,5.0,2.0,0.7142857142857143,-38.17999999999999,38.17999999999999,False,True,False,0.41061897181384027,0.5893810281861598,False,True,False,False
2015,11,Tommy,Marv,85.1,81.38,6,False,2015-11-marv__vs__tommy,8,4,False,False,False,False,True,False,4.0,3.0,0.5714285714285714,3.719999999999999,3.719999999999999,True,False,False,0.5111725132148006,0.48882748678519944,False,False,True,False
2015,11,Juschka,Ritz,49.78,74.02,7,False,2015-11-juschka__vs__ritz,8,8,False,True,False,True,False,True,0.0,7.0,0.0,-24.239999999999995,24.239999999999995,False,True,False,0.40210016155088857,0.5978998384491114,False,False,False,False
2015,11,Kessi,Erik,110.28,78.84,1,False,2015-11-erik__vs__kessi,8,2,False,False,True,False,True,False,6.0,1.0,0.8571428571428571,31.439999999999998,31.439999999999998,True,False,False,0.5831218274111675,0.4168781725888325,True,False,False,False
2015,12,Benni,Tommy,97.84,96.92,3,False,2015-12-benni__vs__tommy,8,3,False,False,True,False,True,False,5.0,2.0,0.7142857142857143,0.9200000000000017,0.9200000000000017,True,False,False,0.5023618812897926,0.49763811871020747,False,False,True,False
2015,12,Erik,Ritz,71.52,109.9,4,False,2015-12-erik__vs__ritz,8,7,False,False,False,True,False,True,1.0,6.0,0.14285714285714285,-38.38000000000001,38.38000000000001,False,True,False,0.3942233491346047,0.6057766508653952,False,True,False,False
2015,12,Ritz,Erik,109.9,71.52,2,False,2015-12-erik__vs__ritz,8,2,False,False,True,False,True,False,6.0,1.0,0.8571428571428571,38.38000000000001,38.38000000000001,True,False,False,0.6057766508653952,0.3942233491346047,True,False,False,False
2015,12,Marv,Kessi,74.68,77.4,8,False,2015-12-kessi__vs__marv,8,6,False,False,False,True,False,True,2.0,5.0,0.2857142857142857,-2.719999999999999,2.719999999999999,False,True,False,0.49105733824303,0.50894266175697,False,False,False,True
2015,12,Simi,Juschka,114.9,63.12,5,False,2015-12-juschka__vs__simi,8,1,True,False,True,False,True,False,7.0,0.0,1.0,51.78000000000001,51.78000000000001,True,False,False,0.6454330974047859,0.354566902595214,True,False,False,False
2015,12,Tommy,Benni,96.92,97.84,6,False,2015-12-benni__vs__tommy,8,4,False,False,False,False,True,False,4.0,3.0,0.5714285714285714,-0.9200000000000017,0.9200000000000017,False,True,False,0.49763811871020747,0.5023618812897926,False,False,False,True
2015,12,Juschka,Simi,63.12,114.9,7,False,2015-12-juschka__vs__simi,8,8,False,True,False,True,False,True,0.0,7.0,0.0,-51.78000000000001,51.78000000000001,False,True,False,0.354566902595214,0.6454330974047859,False,True,False,False
2015,12,Kessi,Marv,77.4,74.68,1,False,2015-12-kessi__vs__marv,8,5,False,False,False,False,False,True,3.0,4.0,0.42857142857142855,2.719999999999999,2.719999999999999,True,False,False,0.50894266175697,0.49105733824303,False,False,True,False
2015,13,Benni,Juschka,107.24,101.18,2,False,2015-13-benni__vs__juschka,8,3,False,False,True,False,True,False,5.0,2.0,0.7142857142857143,6.059999999999988,6.059999999999988,True,False,False,0.5145379522118798,0.48546204778812013,False,False,False,False
2015,13,Erik,Simi,110.54,154.16,5,False,2015-13-erik__vs__simi,8,2,False,False,True,False,True,False,6.0,1.0,0.8571428571428571,-43.61999999999999,43.61999999999999,False,True,False,0.41760483566301476,0.5823951643369852,False,True,False,False
2015,13,Ritz,Marv,86.04,97.22,3,False,2015-13-marv__vs__ritz,8,7,False,False,False,True,False,True,1.0,6.0,0.14285714285714285,-11.179999999999993,11.179999999999993,False,True,False,0.46949688966495695,0.5305031103350432,False,False,False,False
2015,13,Marv,Ritz,97.22,86.04,7,False,2015-13-marv__vs__ritz,8,5,False,False,False,False,False,True,3.0,4.0,0.42857142857142855,11.179999999999993,11.179999999999993,True,False,False,0.5305031103350432,0.46949688966495695,False,False,False,False
2015,13,Simi,Erik,154.16,110.54,4,False,2015-13-erik__vs__simi,8,1,True,False,True,False,True,False,7.0,0.0,1.0,43.61999999999999,43.61999999999999,True,False,False,0.5823951643369852,0.41760483566301476,True,False,False,False
2015,13,Tommy,Kessi,85.1,93.58,6,False,2015-13-kessi__vs__tommy,8,8,False,True,False,True,False,True,0.0,7.0,0.0,-8.480000000000004,8.480000000000004,False,True,False,0.4762704275800313,0.5237295724199686,False,False,False,False
2015,13,Juschka,Benni,101.18,107.24,8,False,2015-13-benni__vs__juschka,8,4,False,False,False,False,True,False,4.0,3.0,0.5714285714285714,-6.059999999999988,6.059999999999988,False,True,False,0.48546204778812013,0.5145379522118798,False,False,False,False
2015,13,Kessi,Tommy,93.58,85.1,1,False,2015-13-kessi__vs__tommy,8,6,False,False,False,True,False,True,2.0,5.0,0.2857142857142857,8.480000000000004,8.480000000000004,True,False,False,0.5237295724199686,0.4762704275800313,False,False,False,False
2015,14,Benni,Kessi,117.0,88.24,2,False,2015-14-benni__vs__kessi,8,1,True,False,True,False,True,False,7.0,0.0,1.0,28.760000000000005,28.760000000000005,True,False,False,0.5700643149483531,0.4299356850516468,False,False,False,False
2015,14,Erik,Juschka,96.3,89.48,5,False,2015-14-erik__vs__juschka,8,3,False,False,True,False,True,False,5.0,2.0,0.7142857142857143,6.819999999999993,6.819999999999993,True,False,False,0.5183550435999569,0.48164495640004307,False,False,False,False
2015,14,Ritz,Tommy,85.64,68.86,3,False,2015-14-ritz__vs__tommy,8,7,False,False,False,True,False,True,1.0,6.0,0.14285714285714285,16.78,16.78,True,False,False,0.5543042071197412,0.4456957928802589,False,False,False,False
2015,14,Marv,Simi,86.42,113.48,7,False,2015-14-marv__vs__simi,8,6,False,False,False,True,False,True,2.0,5.0,0.2857142857142857,-27.060000000000002,27.060000000000002,False,True,False,0.4323161580790395,0.5676838419209604,False,False,False,False
2015,14,Simi,Marv,113.48,86.42,4,False,2015-14-marv__vs__simi,8,2,False,False,True,False,True,False,6.0,1.0,0.8571428571428571,27.060000000000002,27.060000000000002,True,False,False,0.5676838419209604,0.4323161580790395,False,False,False,False
2015,14,Tommy,Ritz,68.86,85.64,6,False,2015-14-ritz__vs__tommy,8,8,False,True,False,True,False,True,0.0,7.0,0.0,-16.78,16.78,False,True,False,0.4456957928802589,0.5543042071197412,False,False,False,False
2015,14,Juschka,Erik,89.48,96.3,8,False,2015-14-erik__vs__juschka,8,4,False,False,False,False,True,False,4.0,3.0,0.5714285714285714,-6.819999999999993,6.819999999999993,False,True,False,0.48164495640004307,0.5183550435999569,False,False,False,False
2015,14,Kessi,Benni,88.24,117.0,1,False,2015-14-benni__vs__kessi,8,5,False,False,False,False,False,True,3.0,4.0,0.42857142857142855,-28.760000000000005,28.760000000000005,False,True,False,0.4299356850516468,0.5700643149483531,False,False,False,False
2015,15,Benni,Ritz,121.16,71.24,2,True,2015-15-benni__vs__ritz,8,2,False,False,True,False,True,False,6.0,1.0,0.8571428571428571,49.92,49.92,True,False,False,0.6297297297297297,0.37027027027027026,True,False,False,False
2015,15,Erik,Juschka,164.3,103.44,5,True,2015-15-erik__vs__juschka,8,1,True,False,True,False,True,False,7.0,0.0,1.0,60.860000000000014,60.860000000000014,True,False,False,0.6136550384701577,0.3863449615298424,True,False,False,False
2015,15,Ritz,Benni,71.24,121.16,3,True,2015-15-benni__vs__ritz,8,7,False,False,False,True,False,True,1.0,6.0,0.14285714285714285,-49.92,49.92,False,True,False,0.37027027027027026,0.6297297297297297,False,True,False,False
2015,15,Marv,Tommy,69.86,102.08,7,True,2015-15-marv__vs__tommy,8,8,False,True,False,True,False,True,0.0,7.0,0.0,-32.22,32.22,False,True,False,0.4063045248342445,0.5936954751657555,False,True,False,False
2015,15,Simi,Kessi,112.76,115.48,4,True,2015-15-kessi__vs__simi,8,4,False,False,False,False,True,False,4.0,3.0,0.5714285714285714,-2.719999999999999,2.719999999999999,False,True,False,0.49404135997195936,0.5059586400280407,False,False,False,True
2015,15,Tommy,Marv,102.08,69.86,6,True,2015-15-marv__vs__tommy,8,6,False,False,False,True,False,True,2.0,5.0,0.2857142857142857,32.22,32.22,True,False,False,0.5936954751657555,0.4063045248342445,True,False,False,False
2015,15,Juschka,Erik,103.44,164.3,8,True,2015-15-erik__vs__juschka,8,5,False,False,False,False,False,True,3.0,4.0,0.42857142857142855,-60.860000000000014,60.860000000000014,False,True,False,0.3863449615298424,0.6136550384701577,False,True,False,False
2015,15,Kessi,Simi,115.48,112.76,1,True,2015-15-kessi__vs__simi,8,3,False,False,True,False,True,False,5.0,2.0,0.7142857142857143,2.719999999999999,2.719999999999999,True,False,False,0.5059586400280407,0.49404135997195936,False,False,True,False
2015,16,Benni,Kessi,129.3,95.44,2,True,2015-16-benni__vs__kessi,8,2,False,False,True,False,True,False,6.0,1.0,0.8571428571428571,33.860000000000014,33.860000000000014,True,False,False,0.5753314941710421,0.4246685058289579,True,False,False,False
2015,16,Erik,Tommy,92.98,102.4,5,True,2015-16-erik__vs__tommy,8,6,False,False,False,True,False,True,2.0,5.0,0.2857142857142857,-9.420000000000002,9.420000000000002,False,True,False,0.47589313133381106,0.524106868666189,False,False,False,False
2015,16,Ritz,Simi,70.08,84.36,3,True,2015-16-ritz__vs__simi,8,8,False,True,False,True,False,True,0.0,7.0,0.0,-14.280000000000001,14.280000000000001,False,True,False,0.45376845376845376,0.5462315462315462,False,False,False,False
2015,16,Marv,Juschka,144.14,96.58,7,True,2015-16-juschka__vs__marv,8,1,True,False,True,False,True,False,7.0,0.0,1.0,47.55999999999999,47.55999999999999,True,False,False,0.5987869724160851,0.40121302758391497,True,False,False,False
2015,16,Simi,Ritz,84.36,70.08,4,True,2015-16-ritz__vs__simi,8,7,False,False,False,True,False,True,1.0,6.0,0.14285714285714285,14.280000000000001,14.280000000000001,True,False,False,0.5462315462315462,0.45376845376845376,False,False,False,False
2015,16,Tommy,Erik,102.4,92.98,6,True,2015-16-erik__vs__tommy,8,3,False,False,True,False,True,False,5.0,2.0,0.7142857142857143,9.420000000000002,9.420000000000002,True,False,False,0.524106868666189,0.47589313133381106,False,False,False,False
2015,16,Juschka,Marv,96.58,144.14,8,True,2015-16-juschka__vs__marv,8,4,False,False,False,False,True,False,4.0,3.0,0.5714285714285714,-47.55999999999999,47.55999999999999,False,True,False,0.40121302758391497,0.5987869724160851,False,True,False,False
2015,16,Kessi,Benni,95.44,129.3,1,True,2015-16-benni__vs__kessi,8,5,False,False,False,False,False,True,3.0,4.0,0.42857142857142855,-33.860000000000014,33.860000000000014,False,True,False,0.4246685058289579,0.5753314941710421,False,True,False,False
2016,1,Benni,Simi,107.7,73.32,3,False,2016-1-benni__vs__simi,8,3,False,False,True,False,True,False,5.0,2.0,0.7142857142857143,34.38000000000001,34.38000000000001,True,False,False,0.594961882664899,0.4050381173351011,True,False,False,False
2016,1,Erik,Kessi,107.16,121.72,5,False,2016-1-erik__vs__kessi,8,4,False,False,False,False,True,False,4.0,3.0,0.5714285714285714,-14.560000000000002,14.560000000000002,False,True,False,0.46819293953163227,0.5318070604683677,False,False,False,False
2016,1,Ritz,Juschka,105.06,87.64,4,False,2016-1-juschka__vs__ritz,8,5,False,False,False,False,False,True,3.0,4.0,0.42857142857142855,17.42,17.42,True,False,False,0.5451997924234562,0.4548002075765439,False,False,False,False
2016,1,Marv,Tommy,114.0,72.24,2,False,2016-1-marv__vs__tommy,8,2,False,False,True,False,True,False,6.0,1.0,0.8571428571428571,41.760000000000005,41.760000000000005,True,False,False,0.6121134020618556,0.3878865979381443,True,False,False,False
2016,1,Simi,Benni,73.32,107.7,7,False,2016-1-benni__vs__simi,8,7,False,False,False,True,False,True,1.0,6.0,0.14285714285714285,-34.38000000000001,34.38000000000001,False,True,False,0.4050381173351011,0.594961882664899,False,True,False,False
2016,1,Tommy,Marv,72.24,114.0,8,False,2016-1-marv__vs__tommy,8,8,False,True,False,True,False,True,0.0,7.0,0.0,-41.760000000000005,41.760000000000005,False,True,False,0.3878865979381443,0.6121134020618556,False,True,False,False
2016,1,Juschka,Ritz,87.64,105.06,6,False,2016-1-juschka__vs__ritz,8,6,False,False,False,True,False,True,2.0,5.0,0.2857142857142857,-17.42,17.42,False,True,False,0.4548002075765439,0.5451997924234562,False,False,False,False
2016,1,Kessi,Erik,121.72,107.16,1,False,2016-1-erik__vs__kessi,8,1,True,False,True,False,True,False,7.0,0.0,1.0,14.560000000000002,14.560000000000002,True,False,False,0.5318070604683677,0.46819293953163227,False,False,False,False
2016,2,Benni,Juschka,129.66,77.12,1,False,2016-2-benni__vs__juschka,8,1,True,False,True,False,True,False,7.0,0.0,1.0,52.53999999999999,52.53999999999999,True,False,False,0.6270432343553535,0.3729567656446465,True,False,False,False
2016,2,Erik,Tommy,112.32,79.62,4,False,2016-2-erik__vs__tommy,8,2,False,False,True,False,True,False,6.0,1.0,0.8571428571428571,32.69999999999999,32.69999999999999,True,False,False,0.5851828696467646,0.4148171303532354,True,False,False,False
2016,2,Ritz,Simi,91.12,82.16,3,False,2016-2-ritz__vs__simi,8,4,False,False,False,False,True,False,4.0,3.0,0.5714285714285714,8.960000000000008,8.960000000000008,True,False,False,0.525854108956602,0.47414589104339794,False,False,False,False
2016,2,Marv,Kessi,86.86,104.02,5,False,2016-2-kessi__vs__marv,8,5,False,False,False,False,False,True,3.0,4.0,0.42857142857142855,-17.159999999999997,17.159999999999997,False,True,False,0.45505029337803854,0.5449497066219614,False,False,False,False
2016,2,Simi,Ritz,82.16,91.12,7,False,2016-2-ritz__vs__simi,8,6,False,False,False,True,False,True,2.0,5.0,0.2857142857142857,-8.960000000000008,8.960000000000008,False,True,False,0.47414589104339794,0.525854108956602,False,False,False,False
2016,2,Tommy,Erik,79.62,112.32,8,False,2016-2-erik__vs__tommy,8,7,False,False,False,True,False,True,1.0,6.0,0.14285714285714285,-32.69999999999999,32.69999999999999,False,True,False,0.4148171303532354,0.5851828696467646,False,True,False,False
2016,2,Juschka,Benni,77.12,129.66,6,False,2016-2-benni__vs__juschka,8,8,False,True,False,True,False,True,0.0,7.0,0.0,-52.53999999999999,52.53999999999999,False,True,False,0.3729567656446465,0.6270432343553535,False,True,False,False
2016,2,Kessi,Marv,104.02,86.86,2,False,2016-2-kessi__vs__marv,8,3,False,False,True,False,True,False,5.0,2.0,0.7142857142857143,17.159999999999997,17.159999999999997,True,False,False,0.5449497066219614,0.45505029337803854,False,False,False,False
2016,3,Benni,Ritz,109.48,83.8,1,False,2016-3-benni__vs__ritz,8,3,False,False,True,False,True,False,5.0,2.0,0.7142857142857143,25.680000000000007,25.680000000000007,True,False,False,0.566432119205298,0.433567880794702,False,False,False,False
2016,3,Erik,Marv,113.58,109.14,3,False,2016-3-erik__vs__marv,8,1,True,False,True,False,True,False,7.0,0.0,1.0,4.439999999999998,4.439999999999998,True,False,False,0.5099676724137931,0.4900323275862069,False,False,True,False
2016,3,Ritz,Benni,83.8,109.48,4,False,2016-3-benni__vs__ritz,8,8,False,True,False,True,False,True,0.0,7.0,0.0,-25.680000000000007,25.680000000000007,False,True,False,0.433567880794702,0.566432119205298,False,False,False,False
2016,3,Marv,Erik,109.14,113.58,5,False,2016-3-erik__vs__marv,8,4,False,False,False,False,True,False,4.0,3.0,0.5714285714285714,-4.439999999999998,4.439999999999998,False,True,False,0.4900323275862069,0.5099676724137931,False,False,False,True
2016,3,Simi,Juschka,91.02,108.58,8,False,2016-3-juschka__vs__simi,8,7,False,False,False,True,False,True,1.0,6.0,0.14285714285714285,-17.560000000000002,17.560000000000002,False,True,False,0.4560120240480962,0.5439879759519038,False,False,False,False
2016,3,Tommy,Kessi,110.5,107.14,7,False,2016-3-kessi__vs__tommy,8,2,False,False,True,False,True,False,6.0,1.0,0.8571428571428571,3.3599999999999994,3.3599999999999994,True,False,False,0.5077191692703548,0.49228083072964535,False,False,True,False
2016,3,Juschka,Simi,108.58,91.02,6,False,2016-3-juschka__vs__simi,8,5,False,False,False,False,False,True,3.0,4.0,0.42857142857142855,17.560000000000002,17.560000000000002,True,False,False,0.5439879759519038,0.4560120240480962,False,False,False,False
2016,3,Kessi,Tommy,107.14,110.5,2,False,2016-3-kessi__vs__tommy,8,6,False,False,False,True,False,True,2.0,5.0,0.2857142857142857,-3.3599999999999994,3.3599999999999994,False,True,False,0.49228083072964535,0.5077191692703548,False,False,False,True
2016,4,Benni,Kessi,74.42,76.18,2,False,2016-4-benni__vs__kessi,8,8,False,True,False,True,False,True,0.0,7.0,0.0,-1.7600000000000051,1.7600000000000051,False,True,False,0.49415670650730403,0.5058432934926959,False,False,False,True
2016,4,Erik,Ritz,86.7,83.34,3,False,2016-4-erik__vs__ritz,8,4,False,False,False,False,True,False,4.0,3.0,0.5714285714285714,3.3599999999999994,3.3599999999999994,True,False,False,0.5098800282286521,0.49011997177134786,False,False,True,False
2016,4,Ritz,Erik,83.34,86.7,4,False,2016-4-erik__vs__ritz,8,5,False,False,False,False,False,True,3.0,4.0,0.42857142857142855,-3.3599999999999994,3.3599999999999994,False,True,False,0.49011997177134786,0.5098800282286521,False,False,False,True
2016,4,Marv,Juschka,101.56,107.62,6,False,2016-4-juschka__vs__marv,8,3,False,False,True,False,True,False,5.0,2.0,0.7142857142857143,-6.060000000000002,6.060000000000002,False,True,False,0.48551486757816237,0.5144851324218377,False,False,False,False
2016,4,Simi,Tommy,117.86,82.32,7,False,2016-4-simi__vs__tommy,8,1,True,False,True,False,True,False,7.0,0.0,1.0,35.540000000000006,35.540000000000006,True,False,False,0.5887701069037866,0.4112298930962134,True,False,False,False
2016,4,Tommy,Simi,82.32,117.86,8,False,2016-4-simi__vs__tommy,8,6,False,False,False,True,False,True,2.0,5.0,0.2857142857142857,-35.540000000000006,35.540000000000006,False,True,False,0.4112298930962134,0.5887701069037866,False,True,False,False
2016,4,Juschka,Marv,107.62,101.56,5,False,2016-4-juschka__vs__marv,8,2,False,False,True,False,True,False,6.0,1.0,0.8571428571428571,6.060000000000002,6.060000000000002,True,False,False,0.5144851324218377,0.48551486757816237,False,False,False,False
2016,4,Kessi,Benni,76.18,74.42,1,False,2016-4-benni__vs__kessi,8,7,False,False,False,True,False,True,1.0,6.0,0.14285714285714285,1.7600000000000051,1.7600000000000051,True,False,False,0.5058432934926959,0.49415670650730403,False,False,True,False
2016,5,Benni,Marv,94.5,141.58,3,False,2016-5-benni__vs__marv,8,4,False,False,False,False,True,False,4.0,3.0,0.5714285714285714,-47.08000000000001,47.08000000000001,False,True,False,0.4002880379532362,0.5997119620467638,False,True,False,False
2016,5,Erik,Simi,127.26,87.46,2,False,2016-5-erik__vs__simi,8,2,False,False,True,False,True,False,6.0,1.0,0.8571428571428571,39.80000000000001,39.80000000000001,True,False,False,0.5926788375558868,0.40732116244411326,True,False,False,False
2016,5,Ritz,Tommy,88.26,81.78,4,False,2016-5-ritz__vs__tommy,8,5,False,False,False,False,False,True,3.0,4.0,0.42857142857142855,6.480000000000004,6.480000000000004,True,False,False,0.5190543401552575,0.48094565984474236,False,False,False,False
2016,5,Marv,Benni,141.58,94.5,6,False,2016-5-benni__vs__marv,8,1,True,False,True,False,True,False,7.0,0.0,1.0,47.08000000000001,47.08000000000001,True,False,False,0.5997119620467638,0.4002880379532362,True,False,False,False
2016,5,Simi,Erik,87.46,127.26,7,False,2016-5-erik__vs__simi,8,6,False,False,False,True,False,True,2.0,5.0,0.2857142857142857,-39.80000000000001,39.80000000000001,False,True,False,0.40732116244411326,0.5926788375558868,False,True,False,False
2016,5,Tommy,Ritz,81.78,88.26,8,False,2016-5-ritz__vs__tommy,8,7,False,False,False,True,False,True,1.0,6.0,0.14285714285714285,-6.480000000000004,6.480000000000004,False,True,False,0.48094565984474236,0.5190543401552575,False,False,False,False
2016,5,Juschka,Kessi,73.76,113.78,5,False,2016-5-juschka__vs__kessi,8,8,False,True,False,True,False,True,0.0,7.0,0.0,-40.019999999999996,40.019999999999996,False,True,False,0.3933027620774235,0.6066972379225765,False,True,False,False
2016,5,Kessi,Juschka,113.78,73.76,1,False,2016-5-juschka__vs__kessi,8,3,False,False,True,False,True,False,5.0,2.0,0.7142857142857143,40.019999999999996,40.019999999999996,True,False,False,0.6066972379225765,0.3933027620774235,True,False,False,False
2016,6,Benni,Erik,84.34,123.78,5,False,2016-6-benni__vs__erik,8,4,False,False,False,False,True,False,4.0,3.0,0.5714285714285714,-39.44,39.44,False,True,False,0.40524697290024986,0.5947530270997501,False,True,False,False
2016,6,Erik,Benni,123.78,84.34,1,False,2016-6-benni__vs__erik,8,2,False,False,True,False,True,False,6.0,1.0,0.8571428571428571,39.44,39.44,True,False,False,0.5947530270997501,0.40524697290024986,True,False,False,False
2016,6,Ritz,Kessi,140.26,81.6,2,False,2016-6-kessi__vs__ritz,8,1,True,False,True,False,True,False,7.0,0.0,1.0,58.66,58.66,True,False,False,0.6322004867934734,0.36779951320652665,True,False,False,False
2016,6,Marv,Simi,113.46,84.3,4,False,2016-6-marv__vs__simi,8,3,False,False,True,False,True,False,5.0,2.0,0.7142857142857143,29.159999999999997,29.159999999999997,True,False,False,0.5737257281553398,0.4262742718446602,False,False,False,False
2016,6,Simi,Marv,84.3,113.46,8,False,2016-6-marv__vs__simi,8,5,False,False,False,False,False,True,3.0,4.0,0.42857142857142855,-29.159999999999997,29.159999999999997,False,True,False,0.4262742718446602,0.5737257281553398,False,False,False,False
2016,6,Tommy,Juschka,72.88,72.02,6,False,2016-6-juschka__vs__tommy,8,7,False,False,False,True,False,True,1.0,6.0,0.14285714285714285,0.8599999999999994,0.8599999999999994,True,False,False,0.5029675638371292,0.497032436162871,False,False,True,False
2016,6,Juschka,Tommy,72.02,72.88,7,False,2016-6-juschka__vs__tommy,8,8,False,True,False,True,False,True,0.0,7.0,0.0,-0.8599999999999994,0.8599999999999994,False,True,False,0.497032436162871,0.5029675638371292,False,False,False,True
2016,6,Kessi,Ritz,81.6,140.26,3,False,2016-6-kessi__vs__ritz,8,6,False,False,False,True,False,True,2.0,5.0,0.2857142857142857,-58.66,58.66,False,True,False,0.36779951320652665,0.6322004867934734,False,True,False,False
2016,7,Benni,Tommy,86.48,86.12,4,False,2016-7-benni__vs__tommy,8,5,False,False,False,False,False,True,3.0,4.0,0.42857142857142855,0.35999999999999943,0.35999999999999943,True,False,False,0.5010428736964079,0.49895712630359207,False,False,True,False
2016,7,Erik,Juschka,116.94,122.04,1,False,2016-7-erik__vs__juschka,8,2,False,False,True,False,True,False,6.0,1.0,0.8571428571428571,-5.1000000000000085,5.1000000000000085,False,True,False,0.48932965101682147,0.5106703489831785,False,False,False,False
2016,7,Ritz,Marv,79.04,116.58,5,False,2016-7-marv__vs__ritz,8,8,False,True,False,True,False,True,0.0,7.0,0.0,-37.53999999999999,37.53999999999999,False,True,False,0.40404866578059506,0.5959513342194049,False,True,False,False
2016,7,Marv,Ritz,116.58,79.04,2,False,2016-7-marv__vs__ritz,8,3,False,False,True,False,True,False,5.0,2.0,0.7142857142857143,37.53999999999999,37.53999999999999,True,False,False,0.5959513342194049,0.40404866578059506,True,False,False,False
2016,7,Simi,Kessi,94.6,80.18,7,False,2016-7-kessi__vs__simi,8,4,False,False,False,False,True,False,4.0,3.0,0.5714285714285714,14.419999999999987,14.419999999999987,True,False,False,0.5412518594804897,0.4587481405195103,False,False,False,False
2016,7,Tommy,Benni,86.12,86.48,8,False,2016-7-benni__vs__tommy,8,6,False,False,False,True,False,True,2.0,5.0,0.2857142857142857,-0.35999999999999943,0.35999999999999943,False,True,False,0.49895712630359207,0.5010428736964079,False,False,False,True
2016,7,Juschka,Erik,122.04,116.94,6,False,2016-7-erik__vs__juschka,8,1,True,False,True,False,True,False,7.0,0.0,1.0,5.1000000000000085,5.1000000000000085,True,False,False,0.5106703489831785,0.48932965101682147,False,False,False,False
2016,7,Kessi,Simi,80.18,94.6,3,False,2016-7-kessi__vs__simi,8,7,False,False,False,True,False,True,1.0,6.0,0.14285714285714285,-14.419999999999987,14.419999999999987,False,True,False,0.4587481405195103,0.5412518594804897,False,False,False,False
2016,8,Benni,Marv,128.0,98.8,2,False,2016-8-benni__vs__marv,8,1,True,False,True,False,True,False,7.0,0.0,1.0,29.200000000000003,29.200000000000003,True,False,False,0.564373897707231,0.43562610229276894,False,False,False,False
2016,8,Erik,Simi,90.98,80.12,1,False,2016-8-erik__vs__simi,8,6,False,False,False,True,False,True,2.0,5.0,0.2857142857142857,10.86,10.86,True,False,False,0.5317358270017533,0.46826417299824663,False,False,False,False
2016,8,Ritz,Tommy,117.44,94.32,3,False,2016-8-ritz__vs__tommy,8,2,False,False,True,False,True,False,6.0,1.0,0.8571428571428571,23.120000000000005,23.120000000000005,True,False,False,0.5545901020022668,0.4454098979977333,False,False,False,False
2016,8,Marv,Benni,98.8,128.0,6,False,2016-8-benni__vs__marv,8,3,False,False,True,False,True,False,5.0,2.0,0.7142857142857143,-29.200000000000003,29.200000000000003,False,True,False,0.43562610229276894,0.564373897707231,False,False,False,False
2016,8,Simi,Erik,80.12,90.98,7,False,2016-8-erik__vs__simi,8,8,False,True,False,True,False,True,0.0,7.0,0.0,-10.86,10.86,False,True,False,0.46826417299824663,0.5317358270017533,False,False,False,False
2016,8,Tommy,Ritz,94.32,117.44,8,False,2016-8-ritz__vs__tommy,8,4,False,False,False,False,True,False,4.0,3.0,0.5714285714285714,-23.120000000000005,23.120000000000005,False,True,False,0.4454098979977333,0.5545901020022668,False,False,False,False
2016,8,Juschka,Kessi,93.4,81.1,5,False,2016-8-juschka__vs__kessi,8,5,False,False,False,False,False,True,3.0,4.0,0.42857142857142855,12.300000000000011,12.300000000000011,True,False,False,0.535243553008596,0.464756446991404,False,False,False,False
2016,8,Kessi,Juschka,81.1,93.4,4,False,2016-8-juschka__vs__kessi,8,7,False,False,False,True,False,True,1.0,6.0,0.14285714285714285,-12.300000000000011,12.300000000000011,False,True,False,0.464756446991404,0.535243553008596,False,False,False,False
2016,9,Benni,Tommy,105.66,115.76,4,False,2016-9-benni__vs__tommy,8,4,False,False,False,False,True,False,4.0,3.0,0.5714285714285714,-10.100000000000009,10.100000000000009,False,True,False,0.4771926655225363,0.5228073344774636,False,False,False,False
2016,9,Erik,Juschka,118.1,69.76,1,False,2016-9-erik__vs__juschka,8,2,False,False,True,False,True,False,6.0,1.0,0.8571428571428571,48.33999999999999,48.33999999999999,True,False,False,0.628659640157564,0.37134035984243585,True,False,False,False
2016,9,Ritz,Kessi,125.98,72.22,2,False,2016-9-kessi__vs__ritz,8,1,True,False,True,False,True,False,7.0,0.0,1.0,53.760000000000005,53.760000000000005,True,False,False,0.6356205852674067,0.36437941473259333,True,False,False,False
2016,9,Marv,Simi,102.54,92.28,3,False,2016-9-marv__vs__simi,8,5,False,False,False,False,False,True,3.0,4.0,0.42857142857142855,10.260000000000005,10.260000000000005,True,False,False,0.5263319987680937,0.4736680012319064,False,False,False,False
2016,9,Simi,Marv,92.28,102.54,8,False,2016-9-marv__vs__simi,8,6,False,False,False,True,False,True,2.0,5.0,0.2857142857142857,-10.260000000000005,10.260000000000005,False,True,False,0.4736680012319064,0.5263319987680937,False,False,False,False
2016,9,Tommy,Benni,115.76,105.66,7,False,2016-9-benni__vs__tommy,8,3,False,False,True,False,True,False,5.0,2.0,0.7142857142857143,10.100000000000009,10.100000000000009,True,False,False,0.5228073344774636,0.4771926655225363,False,False,False,False
2016,9,Juschka,Erik,69.76,118.1,6,False,2016-9-erik__vs__juschka,8,8,False,True,False,True,False,True,0.0,7.0,0.0,-48.33999999999999,48.33999999999999,False,True,False,0.37134035984243585,0.628659640157564,False,True,False,False
2016,9,Kessi,Ritz,72.22,125.98,5,False,2016-9-kessi__vs__ritz,8,7,False,False,False,True,False,True,1.0,6.0,0.14285714285714285,-53.760000000000005,53.760000000000005,False,True,False,0.36437941473259333,0.6356205852674067,False,True,False,False
2016,10,Benni,Kessi,89.64,107.12,5,False,2016-10-benni__vs__kessi,8,7,False,False,False,True,False,True,1.0,6.0,0.14285714285714285,-17.480000000000004,17.480000000000004,False,True,False,0.4555804025208376,0.5444195974791625,False,False,False,False
2016,10,Erik,Tommy,91.24,113.28,1,False,2016-10-erik__vs__tommy,8,5,False,False,False,False,False,True,3.0,4.0,0.42857142857142855,-22.040000000000006,22.040000000000006,False,True,False,0.4461177390964209,0.5538822609035792,False,False,False,False
2016,10,Ritz,Marv,88.74,158.6,3,False,2016-10-marv__vs__ritz,8,8,False,True,False,True,False,True,0.0,7.0,0.0,-69.86,69.86,False,True,False,0.35877739144497456,0.6412226085550256,False,True,False,False
2016,10,Marv,Ritz,158.6,88.74,2,False,2016-10-marv__vs__ritz,8,1,True,False,True,False,True,False,7.0,0.0,1.0,69.86,69.86,True,False,False,0.6412226085550256,0.35877739144497456,True,False,False,False
2016,10,Simi,Juschka,110.62,90.56,8,False,2016-10-juschka__vs__simi,8,3,False,False,True,False,True,False,5.0,2.0,0.7142857142857143,20.060000000000002,20.060000000000002,True,False,False,0.5498558504821552,0.4501441495178447,False,False,False,False
2016,10,Tommy,Erik,113.28,91.24,6,False,2016-10-erik__vs__tommy,8,2,False,False,True,False,True,False,6.0,1.0,0.8571428571428571,22.040000000000006,22.040000000000006,True,False,False,0.5538822609035792,0.4461177390964209,False,False,False,False
2016,10,Juschka,Simi,90.56,110.62,7,False,2016-10-juschka__vs__simi,8,6,False,False,False,True,False,True,2.0,5.0,0.2857142857142857,-20.060000000000002,20.060000000000002,False,True,False,0.4501441495178447,0.5498558504821552,False,False,False,False
2016,10,Kessi,Benni,107.12,89.64,4,False,2016-10-benni__vs__kessi,8,4,False,False,False,False,True,False,4.0,3.0,0.5714285714285714,17.480000000000004,17.480000000000004,True,False,False,0.5444195974791625,0.4555804025208376,False,False,False,False
2016,11,Benni,Simi,99.8,87.78,3,False,2016-11-benni__vs__simi,8,3,False,False,True,False,True,False,5.0,2.0,0.7142857142857143,12.019999999999996,12.019999999999996,True,False,False,0.5320396630770872,0.46796033692291295,False,False,False,False
2016,11,Erik,Ritz,133.78,95.14,1,False,2016-11-erik__vs__ritz,8,1,True,False,True,False,True,False,7.0,0.0,1.0,38.64,38.64,True,False,False,0.584396295649135,0.4156037043508649,True,False,False,False
2016,11,Ritz,Erik,95.14,133.78,4,False,2016-11-erik__vs__ritz,8,4,False,False,False,False,True,False,4.0,3.0,0.5714285714285714,-38.64,38.64,False,True,False,0.4156037043508649,0.584396295649135,False,True,False,False
2016,11,Marv,Juschka,115.9,60.92,2,False,2016-11-juschka__vs__marv,8,2,False,False,True,False,True,False,6.0,1.0,0.8571428571428571,54.980000000000004,54.980000000000004,True,False,False,0.6554688383667007,0.34453116163329944,True,False,False,False
2016,11,Simi,Benni,87.78,99.8,8,False,2016-11-benni__vs__simi,8,5,False,False,False,False,False,True,3.0,4.0,0.42857142857142855,-12.019999999999996,12.019999999999996,False,True,False,0.46796033692291295,0.5320396630770872,False,False,False,False
2016,11,Tommy,Kessi,77.64,74.4,5,False,2016-11-kessi__vs__tommy,8,6,False,False,False,True,False,True,2.0,5.0,0.2857142857142857,3.239999999999995,3.239999999999995,True,False,False,0.5106550907655879,0.489344909234412,False,False,True,False
2016,11,Juschka,Marv,60.92,115.9,7,False,2016-11-juschka__vs__marv,8,8,False,True,False,True,False,True,0.0,7.0,0.0,-54.980000000000004,54.980000000000004,False,True,False,0.34453116163329944,0.6554688383667007,False,True,False,False
2016,11,Kessi,Tommy,74.4,77.64,6,False,2016-11-kessi__vs__tommy,8,7,False,False,False,True,False,True,1.0,6.0,0.14285714285714285,-3.239999999999995,3.239999999999995,False,True,False,0.489344909234412,0.5106550907655879,False,False,False,True
2016,12,Benni,Ritz,91.24,115.82,5,False,2016-12-benni__vs__ritz,8,6,False,False,False,True,False,True,2.0,5.0,0.2857142857142857,-24.58,24.58,False,True,False,0.440645223606684,0.5593547763933159,False,False,False,False
2016,12,Erik,Marv,107.34,124.14,2,False,2016-12-erik__vs__marv,8,5,False,False,False,False,False,True,3.0,4.0,0.42857142857142855,-16.799999999999997,16.799999999999997,False,True,False,0.4637117677553136,0.5362882322446864,False,False,False,False
2016,12,Ritz,Benni,115.82,91.24,3,False,2016-12-benni__vs__ritz,8,3,False,False,True,False,True,False,5.0,2.0,0.7142857142857143,24.58,24.58,True,False,False,0.5593547763933159,0.440645223606684,False,False,False,False
2016,12,Marv,Erik,124.14,107.34,1,False,2016-12-erik__vs__marv,8,2,False,False,True,False,True,False,6.0,1.0,0.8571428571428571,16.799999999999997,16.799999999999997,True,False,False,0.5362882322446864,0.4637117677553136,False,False,False,False
2016,12,Simi,Kessi,61.74,126.7,8,False,2016-12-kessi__vs__simi,8,8,False,True,False,True,False,True,0.0,7.0,0.0,-64.96000000000001,64.96000000000001,False,True,False,0.3276374442793462,0.6723625557206538,False,True,False,False
2016,12,Tommy,Juschka,83.56,114.78,7,False,2016-12-juschka__vs__tommy,8,7,False,False,False,True,False,True,1.0,6.0,0.14285714285714285,-31.22,31.22,False,True,False,0.4212967631340123,0.5787032368659877,False,True,False,False
2016,12,Juschka,Tommy,114.78,83.56,6,False,2016-12-juschka__vs__tommy,8,4,False,False,False,False,True,False,4.0,3.0,0.5714285714285714,31.22,31.22,True,False,False,0.5787032368659877,0.4212967631340123,True,False,False,False
2016,12,Kessi,Simi,126.7,61.74,4,False,2016-12-kessi__vs__simi,8,1,True,False,True,False,True,False,7.0,0.0,1.0,64.96000000000001,64.96000000000001,True,False,False,0.6723625557206538,0.3276374442793462,True,False,False,False
2016,13,Benni,Erik,88.56,93.56,6,False,2016-13-benni__vs__erik,8,7,False,False,False,True,False,True,1.0,6.0,0.14285714285714285,-5.0,5.0,False,True,False,0.4862727871732923,0.5137272128267076,False,False,False,True
2016,13,Erik,Benni,93.56,88.56,2,False,2016-13-benni__vs__erik,8,5,False,False,False,False,False,True,3.0,4.0,0.42857142857142855,5.0,5.0,True,False,False,0.5137272128267076,0.4862727871732923,False,False,True,False
2016,13,Ritz,Juschka,61.46,90.64,3,False,2016-13-juschka__vs__ritz,8,8,False,True,False,True,False,True,0.0,7.0,0.0,-29.18,29.18,False,True,False,0.40407626561472715,0.5959237343852729,False,False,False,False
2016,13,Marv,Kessi,112.82,111.04,1,False,2016-13-kessi__vs__marv,8,1,True,False,True,False,True,False,7.0,0.0,1.0,1.779999999999987,1.779999999999987,True,False,False,0.5039756990976503,0.49602430090234967,False,False,True,False
2016,13,Simi,Tommy,99.98,101.78,8,False,2016-13-simi__vs__tommy,8,4,False,False,False,False,True,False,4.0,3.0,0.5714285714285714,-1.7999999999999972,1.7999999999999972,False,True,False,0.49553925455987313,0.5044607454401269,False,False,False,True
2016,13,Tommy,Simi,101.78,99.98,4,False,2016-13-simi__vs__tommy,8,3,False,False,True,False,True,False,5.0,2.0,0.7142857142857143,1.7999999999999972,1.7999999999999972,True,False,False,0.5044607454401269,0.49553925455987313,False,False,True,False
2016,13,Juschka,Ritz,90.64,61.46,7,False,2016-13-juschka__vs__ritz,8,6,False,False,False,True,False,True,2.0,5.0,0.2857142857142857,29.18,29.18,True,False,False,0.5959237343852729,0.40407626561472715,False,False,False,False
2016,13,Kessi,Marv,111.04,112.82,5,False,2016-13-kessi__vs__marv,8,2,False,False,True,False,True,False,6.0,1.0,0.8571428571428571,-1.779999999999987,1.779999999999987,False,True,False,0.49602430090234967,0.5039756990976503,False,False,False,True
2016,14,Benni,Juschka,87.84,77.82,5,False,2016-14-benni__vs__juschka,8,4,False,False,False,False,True,False,4.0,3.0,0.5714285714285714,10.02000000000001,10.02000000000001,True,False,False,0.5302426657008331,0.46975733429916694,False,False,False,False
2016,14,Erik,Kessi,49.5,107.68,2,False,2016-14-erik__vs__kessi,8,8,False,True,False,True,False,True,0.0,7.0,0.0,-58.18000000000001,58.18000000000001,False,True,False,0.3149255630487339,0.6850744369512661,False,True,False,False
2016,14,Ritz,Simi,97.94,81.6,3,False,2016-14-ritz__vs__simi,8,3,False,False,True,False,True,False,5.0,2.0,0.7142857142857143,16.340000000000003,16.340000000000003,True,False,False,0.5455051799041997,0.4544948200958004,False,False,False,False
2016,14,Marv,Tommy,100.66,66.68,1,False,2016-14-marv__vs__tommy,8,2,False,False,True,False,True,False,6.0,1.0,0.8571428571428571,33.97999999999999,33.97999999999999,True,False,False,0.6015298195291023,0.3984701804708976,True,False,False,False
2016,14,Simi,Ritz,81.6,97.94,8,False,2016-14-ritz__vs__simi,8,5,False,False,False,False,False,True,3.0,4.0,0.42857142857142855,-16.340000000000003,16.340000000000003,False,True,False,0.4544948200958004,0.5455051799041997,False,False,False,False
2016,14,Tommy,Marv,66.68,100.66,7,False,2016-14-marv__vs__tommy,8,7,False,False,False,True,False,True,1.0,6.0,0.14285714285714285,-33.97999999999999,33.97999999999999,False,True,False,0.3984701804708976,0.6015298195291023,False,True,False,False
2016,14,Juschka,Benni,77.82,87.84,6,False,2016-14-benni__vs__juschka,8,6,False,False,False,True,False,True,2.0,5.0,0.2857142857142857,-10.02000000000001,10.02000000000001,False,True,False,0.46975733429916694,0.5302426657008331,False,False,False,False
2016,14,Kessi,Erik,107.68,49.5,4,False,2016-14-erik__vs__kessi,8,1,True,False,True,False,True,False,7.0,0.0,1.0,58.18000000000001,58.18000000000001,True,False,False,0.6850744369512661,0.3149255630487339,True,False,False,False
2016,15,Benni,Simi,75.42,105.26,5,True,2016-15-benni__vs__simi,8,7,False,False,False,True,False,True,1.0,6.0,0.14285714285714285,-29.840000000000003,29.840000000000003,False,True,False,0.41742306840823556,0.5825769315917645,False,False,False,False
2016,15,Erik,Ritz,65.5,81.28,2,True,2016-15-erik__vs__ritz,8,8,False,True,False,True,False,True,0.0,7.0,0.0,-15.780000000000001,15.780000000000001,False,True,False,0.44624608257255755,0.5537539174274424,False,False,False,False
2016,15,Ritz,Erik,81.28,65.5,3,True,2016-15-erik__vs__ritz,8,6,False,False,False,True,False,True,2.0,5.0,0.2857142857142857,15.780000000000001,15.780000000000001,True,False,False,0.5537539174274424,0.44624608257255755,False,False,False,False
2016,15,Marv,Kessi,82.94,85.66,1,True,2016-15-kessi__vs__marv,8,5,False,False,False,False,False,True,3.0,4.0,0.42857142857142855,-2.719999999999999,2.719999999999999,False,True,False,0.4919335705812574,0.5080664294187426,False,False,False,True
2016,15,Simi,Benni,105.26,75.42,8,True,2016-15-benni__vs__simi,8,3,False,False,True,False,True,False,5.0,2.0,0.7142857142857143,29.840000000000003,29.840000000000003,True,False,False,0.5825769315917645,0.41742306840823556,False,False,False,False
2016,15,Tommy,Juschka,105.74,115.02,7,True,2016-15-juschka__vs__tommy,8,2,False,False,True,False,True,False,6.0,1.0,0.8571428571428571,-9.280000000000001,9.280000000000001,False,True,False,0.4789816995832578,0.5210183004167421,False,False,False,False
2016,15,Juschka,Tommy,115.02,105.74,6,True,2016-15-juschka__vs__tommy,8,1,True,False,True,False,True,False,7.0,0.0,1.0,9.280000000000001,9.280000000000001,True,False,False,0.5210183004167421,0.4789816995832578,False,False,False,False
2016,15,Kessi,Marv,85.66,82.94,4,True,2016-15-kessi__vs__marv,8,4,False,False,False,False,True,False,4.0,3.0,0.5714285714285714,2.719999999999999,2.719999999999999,True,False,False,0.5080664294187426,0.4919335705812574,False,False,True,False
2016,16,Benni,Tommy,138.76,100.28,5,True,2016-16-benni__vs__tommy,8,1,True,False,True,False,True,False,7.0,0.0,1.0,38.47999999999999,38.47999999999999,True,False,False,0.5804886211512718,0.41951137884872824,True,False,False,False
2016,16,Erik,Marv,110.92,112.56,2,True,2016-16-erik__vs__marv,8,3,False,False,True,False,True,False,5.0,2.0,0.7142857142857143,-1.6400000000000006,1.6400000000000006,False,True,False,0.49633076785394664,0.5036692321460533,False,False,False,True
2016,16,Ritz,Kessi,103.18,95.66,3,True,2016-16-kessi__vs__ritz,8,5,False,False,False,False,False,True,3.0,4.0,0.42857142857142855,7.52000000000001,7.52000000000001,True,False,False,0.5189096761215047,0.48109032387849526,False,False,False,False
2016,16,Marv,Erik,112.56,110.92,1,True,2016-16-erik__vs__marv,8,2,False,False,True,False,True,False,6.0,1.0,0.8571428571428571,1.6400000000000006,1.6400000000000006,True,False,False,0.5036692321460533,0.49633076785394664,False,False,True,False
2016,16,Simi,Juschka,65.78,105.2,8,True,2016-16-juschka__vs__simi,8,8,False,True,False,True,False,True,0.0,7.0,0.0,-39.42,39.42,False,True,False,0.38472335945724645,0.6152766405427534,False,True,False,False
2016,16,Tommy,Benni,100.28,138.76,7,True,2016-16-benni__vs__tommy,8,6,False,False,False,True,False,True,2.0,5.0,0.2857142857142857,-38.47999999999999,38.47999999999999,False,True,False,0.41951137884872824,0.5804886211512718,False,True,False,False
2016,16,Juschka,Simi,105.2,65.78,6,True,2016-16-juschka__vs__simi,8,4,False,False,False,False,True,False,4.0,3.0,0.5714285714285714,39.42,39.42,True,False,False,0.6152766405427534,0.38472335945724645,True,False,False,False
2016,16,Kessi,Ritz,95.66,103.18,4,True,2016-16-kessi__vs__ritz,8,7,False,False,False,True,False,True,1.0,6.0,0.14285714285714285,-7.52000000000001,7.52000000000001,False,True,False,0.48109032387849526,0.5189096761215047,False,False,False,False
2017,1,Benni,Marv,98.14,112.84,5,False,2017-1-benni__vs__marv,8,2,False,False,True,False,True,False,6.0,1.0,0.8571428571428571,-14.700000000000003,14.700000000000003,False,True,False,0.4651625746516257,0.5348374253483742,False,False,False,False
2017,1,Erik,Simi,78.42,83.32,6,False,2017-1-erik__vs__simi,8,4,False,False,False,False,True,False,4.0,3.0,0.5714285714285714,-4.8999999999999915,4.8999999999999915,False,True,False,0.4848522319772474,0.5151477680227525,False,False,False,True
2017,1,Ritz,Juschka,71.98,72.24,7,False,2017-1-juschka__vs__ritz,8,6,False,False,False,True,False,True,2.0,5.0,0.2857142857142857,-0.2599999999999909,0.2599999999999909,False,True,False,0.4990985993620857,0.5009014006379142,False,False,False,True
2017,1,Marv,Benni,112.84,98.14,1,False,2017-1-benni__vs__marv,8,1,True,False,True,False,True,False,7.0,0.0,1.0,14.700000000000003,14.700000000000003,True,False,False,0.5348374253483742,0.4651625746516257,False,False,False,False
2017,1,Simi,Erik,83.32,78.42,2,False,2017-1-erik__vs__simi,8,3,False,False,True,False,True,False,5.0,2.0,0.7142857142857143,4.8999999999999915,4.8999999999999915,True,False,False,0.5151477680227525,0.4848522319772474,False,False,True,False
2017,1,Tommy,Kessi,58.28,68.54,8,False,2017-1-kessi__vs__tommy,8,8,False,True,False,True,False,True,0.0,7.0,0.0,-10.260000000000005,10.260000000000005,False,True,False,0.45954896703989906,0.540451032960101,False,False,False,False
2017,1,Juschka,Ritz,72.24,71.98,3,False,2017-1-juschka__vs__ritz,8,5,False,False,False,False,False,True,3.0,4.0,0.42857142857142855,0.2599999999999909,0.2599999999999909,True,False,False,0.5009014006379142,0.4990985993620857,False,False,True,False
2017,1,Kessi,Tommy,68.54,58.28,4,False,2017-1-kessi__vs__tommy,8,7,False,False,False,True,False,True,1.0,6.0,0.14285714285714285,10.260000000000005,10.260000000000005,True,False,False,0.540451032960101,0.45954896703989906,False,False,False,False
2017,2,Benni,Tommy,71.84,121.8,8,False,2017-2-benni__vs__tommy,8,7,False,False,False,True,False,True,1.0,6.0,0.14285714285714285,-49.959999999999994,49.959999999999994,False,True,False,0.3709977277422021,0.629002272257798,False,True,False,False
2017,2,Erik,Juschka,98.46,89.68,2,False,2017-2-erik__vs__juschka,8,3,False,False,True,False,True,False,5.0,2.0,0.7142857142857143,8.779999999999987,8.779999999999987,True,False,False,0.5233336876793877,0.4766663123206124,False,False,False,False
2017,2,Ritz,Kessi,106.68,61.02,3,False,2017-2-kessi__vs__ritz,8,2,False,False,True,False,True,False,6.0,1.0,0.8571428571428571,45.660000000000004,45.660000000000004,True,False,False,0.6361359570661896,0.36386404293381036,True,False,False,False
2017,2,Marv,Simi,83.7,83.72,6,False,2017-2-marv__vs__simi,8,6,False,False,False,True,False,True,2.0,5.0,0.2857142857142857,-0.01999999999999602,0.01999999999999602,False,True,False,0.49994026997969176,0.5000597300203081,False,False,False,True
2017,2,Simi,Marv,83.72,83.7,1,False,2017-2-marv__vs__simi,8,5,False,False,False,False,False,True,3.0,4.0,0.42857142857142855,0.01999999999999602,0.01999999999999602,True,False,False,0.5000597300203081,0.49994026997969176,False,False,True,False
2017,2,Tommy,Benni,121.8,71.84,7,False,2017-2-benni__vs__tommy,8,1,True,False,True,False,True,False,7.0,0.0,1.0,49.959999999999994,49.959999999999994,True,False,False,0.629002272257798,0.3709977277422021,True,False,False,False
2017,2,Juschka,Erik,89.68,98.46,4,False,2017-2-erik__vs__juschka,8,4,False,False,False,False,True,False,4.0,3.0,0.5714285714285714,-8.779999999999987,8.779999999999987,False,True,False,0.4766663123206124,0.5233336876793877,False,False,False,False
2017,2,Kessi,Ritz,61.02,106.68,5,False,2017-2-kessi__vs__ritz,8,8,False,True,False,True,False,True,0.0,7.0,0.0,-45.660000000000004,45.660000000000004,False,True,False,0.36386404293381036,0.6361359570661896,False,True,False,False
2017,3,Benni,Kessi,130.8,112.22,5,False,2017-3-benni__vs__kessi,8,2,False,False,True,False,True,False,6.0,1.0,0.8571428571428571,18.580000000000013,18.580000000000013,True,False,False,0.5382273063945354,0.4617726936054645,False,False,False,False
2017,3,Erik,Tommy,63.26,136.82,6,False,2017-3-erik__vs__tommy,8,8,False,True,False,True,False,True,0.0,7.0,0.0,-73.56,73.56,False,True,False,0.31617353058776493,0.6838264694122351,False,True,False,False
2017,3,Ritz,Simi,100.32,100.08,1,False,2017-3-ritz__vs__simi,8,4,False,False,False,False,True,False,4.0,3.0,0.5714285714285714,0.23999999999999488,0.23999999999999488,True,False,False,0.5005988023952096,0.49940119760479046,False,False,True,False
2017,3,Marv,Juschka,77.1,72.86,4,False,2017-3-juschka__vs__marv,8,6,False,False,False,True,False,True,2.0,5.0,0.2857142857142857,4.239999999999995,4.239999999999995,True,False,False,0.5141371032275274,0.48586289677247274,False,False,True,False
2017,3,Simi,Ritz,100.08,100.32,2,False,2017-3-ritz__vs__simi,8,5,False,False,False,False,False,True,3.0,4.0,0.42857142857142855,-0.23999999999999488,0.23999999999999488,False,True,False,0.49940119760479046,0.5005988023952096,False,False,False,True
2017,3,Tommy,Erik,136.82,63.26,3,False,2017-3-erik__vs__tommy,8,1,True,False,True,False,True,False,7.0,0.0,1.0,73.56,73.56,True,False,False,0.6838264694122351,0.31617353058776493,True,False,False,False
2017,3,Juschka,Marv,72.86,77.1,8,False,2017-3-juschka__vs__marv,8,7,False,False,False,True,False,True,1.0,6.0,0.14285714285714285,-4.239999999999995,4.239999999999995,False,True,False,0.48586289677247274,0.5141371032275274,False,False,False,True
2017,3,Kessi,Benni,112.22,130.8,7,False,2017-3-benni__vs__kessi,8,3,False,False,True,False,True,False,5.0,2.0,0.7142857142857143,-18.580000000000013,18.580000000000013,False,True,False,0.4617726936054645,0.5382273063945354,False,False,False,False
2017,4,Benni,Simi,91.02,93.8,7,False,2017-4-benni__vs__simi,8,5,False,False,False,False,False,True,3.0,4.0,0.42857142857142855,-2.780000000000001,2.780000000000001,False,True,False,0.49247916892111243,0.5075208310788876,False,False,False,True
2017,4,Erik,Ritz,125.16,86.98,3,False,2017-4-erik__vs__ritz,8,1,True,False,True,False,True,False,7.0,0.0,1.0,38.17999999999999,38.17999999999999,True,False,False,0.5899877439426794,0.41001225605732067,True,False,False,False
2017,4,Ritz,Erik,86.98,125.16,4,False,2017-4-erik__vs__ritz,8,6,False,False,False,True,False,True,2.0,5.0,0.2857142857142857,-38.17999999999999,38.17999999999999,False,True,False,0.41001225605732067,0.5899877439426794,False,True,False,False
2017,4,Marv,Tommy,91.04,97.48,5,False,2017-4-marv__vs__tommy,8,4,False,False,False,False,True,False,4.0,3.0,0.5714285714285714,-6.439999999999998,6.439999999999998,False,True,False,0.4829195841290049,0.5170804158709951,False,False,False,False
2017,4,Simi,Benni,93.8,91.02,2,False,2017-4-benni__vs__simi,8,3,False,False,True,False,True,False,5.0,2.0,0.7142857142857143,2.780000000000001,2.780000000000001,True,False,False,0.5075208310788876,0.49247916892111243,False,False,True,False
2017,4,Tommy,Marv,97.48,91.04,1,False,2017-4-marv__vs__tommy,8,2,False,False,True,False,True,False,6.0,1.0,0.8571428571428571,6.439999999999998,6.439999999999998,True,False,False,0.5170804158709951,0.4829195841290049,False,False,False,False
2017,4,Juschka,Kessi,57.78,62.96,8,False,2017-4-juschka__vs__kessi,8,8,False,True,False,True,False,True,0.0,7.0,0.0,-5.18,5.18,False,True,False,0.47854894815305615,0.5214510518469438,False,False,False,False
2017,4,Kessi,Juschka,62.96,57.78,6,False,2017-4-juschka__vs__kessi,8,7,False,False,False,True,False,True,1.0,6.0,0.14285714285714285,5.18,5.18,True,False,False,0.5214510518469438,0.47854894815305615,False,False,False,False
2017,5,Benni,Erik,96.36,81.06,5,False,2017-5-benni__vs__erik,8,4,False,False,False,False,True,False,4.0,3.0,0.5714285714285714,15.299999999999997,15.299999999999997,True,False,False,0.5431180250253634,0.45688197497463645,False,False,False,False
2017,5,Erik,Benni,81.06,96.36,6,False,2017-5-benni__vs__erik,8,5,False,False,False,False,False,True,3.0,4.0,0.42857142857142855,-15.299999999999997,15.299999999999997,False,True,False,0.45688197497463645,0.5431180250253634,False,False,False,False
2017,5,Ritz,Tommy,78.92,72.04,1,False,2017-5-ritz__vs__tommy,8,6,False,False,False,True,False,True,2.0,5.0,0.2857142857142857,6.8799999999999955,6.8799999999999955,True,False,False,0.5227874933757286,0.47721250662427134,False,False,False,False
2017,5,Marv,Kessi,99.36,71.04,4,False,2017-5-kessi__vs__marv,8,3,False,False,True,False,True,False,5.0,2.0,0.7142857142857143,28.319999999999993,28.319999999999993,True,False,False,0.5830985915492958,0.4169014084507042,False,False,False,False
2017,5,Simi,Juschka,107.92,124.46,3,False,2017-5-juschka__vs__simi,8,2,False,False,True,False,True,False,6.0,1.0,0.8571428571428571,-16.539999999999992,16.539999999999992,False,True,False,0.46441173939237457,0.5355882606076254,False,False,False,False
2017,5,Tommy,Ritz,72.04,78.92,2,False,2017-5-ritz__vs__tommy,8,7,False,False,False,True,False,True,1.0,6.0,0.14285714285714285,-6.8799999999999955,6.8799999999999955,False,True,False,0.47721250662427134,0.5227874933757286,False,False,False,False
2017,5,Juschka,Simi,124.46,107.92,8,False,2017-5-juschka__vs__simi,8,1,True,False,True,False,True,False,7.0,0.0,1.0,16.539999999999992,16.539999999999992,True,False,False,0.5355882606076254,0.46441173939237457,False,False,False,False
2017,5,Kessi,Marv,71.04,99.36,7,False,2017-5-kessi__vs__marv,8,8,False,True,False,True,False,True,0.0,7.0,0.0,-28.319999999999993,28.319999999999993,False,True,False,0.4169014084507042,0.5830985915492958,False,False,False,False
2017,6,Benni,Ritz,68.74,86.08,6,False,2017-6-benni__vs__ritz,8,7,False,False,False,True,False,True,1.0,6.0,0.14285714285714285,-17.340000000000003,17.340000000000003,False,True,False,0.4439994832708952,0.5560005167291048,False,False,False,False
2017,6,Erik,Marv,68.48,88.4,7,False,2017-6-erik__vs__marv,8,8,False,True,False,True,False,True,0.0,7.0,0.0,-19.92,19.92,False,True,False,0.43651198368179506,0.563488016318205,False,False,False,False
2017,6,Ritz,Benni,86.08,68.74,1,False,2017-6-benni__vs__ritz,8,6,False,False,False,True,False,True,2.0,5.0,0.2857142857142857,17.340000000000003,17.340000000000003,True,False,False,0.5560005167291048,0.4439994832708952,False,False,False,False
2017,6,Marv,Erik,88.4,68.48,3,False,2017-6-erik__vs__marv,8,5,False,False,False,False,False,True,3.0,4.0,0.42857142857142855,19.92,19.92,True,False,False,0.563488016318205,0.43651198368179506,False,False,False,False
2017,6,Simi,Kessi,135.36,90.3,2,False,2017-6-kessi__vs__simi,8,1,True,False,True,False,True,False,7.0,0.0,1.0,45.06000000000002,45.06000000000002,True,False,False,0.5998404679606487,0.4001595320393512,True,False,False,False
2017,6,Tommy,Juschka,94.34,104.24,5,False,2017-6-juschka__vs__tommy,8,3,False,False,True,False,True,False,5.0,2.0,0.7142857142857143,-9.899999999999991,9.899999999999991,False,True,False,0.47507301843085914,0.524926981569141,False,False,False,False
2017,6,Juschka,Tommy,104.24,94.34,4,False,2017-6-juschka__vs__tommy,8,2,False,False,True,False,True,False,6.0,1.0,0.8571428571428571,9.899999999999991,9.899999999999991,True,False,False,0.524926981569141,0.47507301843085914,False,False,False,False
2017,6,Kessi,Simi,90.3,135.36,8,False,2017-6-kessi__vs__simi,8,4,False,False,False,False,True,False,4.0,3.0,0.5714285714285714,-45.06000000000002,45.06000000000002,False,True,False,0.4001595320393512,0.5998404679606487,False,True,False,False
2017,7,Benni,Juschka,103.64,79.48,5,False,2017-7-benni__vs__juschka,8,3,False,False,True,False,True,False,5.0,2.0,0.7142857142857143,24.159999999999997,24.159999999999997,True,False,False,0.5659676714722586,0.4340323285277414,False,False,False,False
2017,7,Erik,Kessi,127.22,77.58,6,False,2017-7-erik__vs__kessi,8,1,True,False,True,False,True,False,7.0,0.0,1.0,49.64,49.64,True,False,False,0.6211914062499999,0.37880859375,True,False,False,False
2017,7,Ritz,Marv,88.16,73.02,1,False,2017-7-marv__vs__ritz,8,4,False,False,False,False,True,False,4.0,3.0,0.5714285714285714,15.14,15.14,True,False,False,0.5469661248293832,0.45303387517061666,False,False,False,False
2017,7,Marv,Ritz,73.02,88.16,4,False,2017-7-marv__vs__ritz,8,8,False,True,False,True,False,True,0.0,7.0,0.0,-15.14,15.14,False,True,False,0.45303387517061666,0.5469661248293832,False,False,False,False
2017,7,Simi,Tommy,79.74,126.46,3,False,2017-7-simi__vs__tommy,8,5,False,False,False,False,False,True,3.0,4.0,0.42857142857142855,-46.72,46.72,False,True,False,0.3867119301648885,0.6132880698351115,False,True,False,False
2017,7,Tommy,Simi,126.46,79.74,2,False,2017-7-simi__vs__tommy,8,2,False,False,True,False,True,False,6.0,1.0,0.8571428571428571,46.72,46.72,True,False,False,0.6132880698351115,0.3867119301648885,True,False,False,False
2017,7,Juschka,Benni,79.48,103.64,7,False,2017-7-benni__vs__juschka,8,6,False,False,False,True,False,True,2.0,5.0,0.2857142857142857,-24.159999999999997,24.159999999999997,False,True,False,0.4340323285277414,0.5659676714722586,False,False,False,False
2017,7,Kessi,Erik,77.58,127.22,8,False,2017-7-erik__vs__kessi,8,7,False,False,False,True,False,True,1.0,6.0,0.14285714285714285,-49.64,49.64,False,True,False,0.37880859375,0.6211914062499999,False,True,False,False
2017,8,Benni,Erik,83.06,143.84,6,False,2017-8-benni__vs__erik,8,6,False,False,False,True,False,True,2.0,5.0,0.2857142857142857,-60.78,60.78,False,True,False,0.3660643455266637,0.6339356544733362,False,True,False,False
2017,8,Erik,Benni,143.84,83.06,5,False,2017-8-benni__vs__erik,8,1,True,False,True,False,True,False,7.0,0.0,1.0,60.78,60.78,True,False,False,0.6339356544733362,0.3660643455266637,True,False,False,False
2017,8,Ritz,Marv,85.72,74.82,1,False,2017-8-marv__vs__ritz,8,5,False,False,False,False,False,True,3.0,4.0,0.42857142857142855,10.900000000000006,10.900000000000006,True,False,False,0.5339479257505918,0.46605207424940825,False,False,False,False
2017,8,Marv,Ritz,74.82,85.72,4,False,2017-8-marv__vs__ritz,8,7,False,False,False,True,False,True,1.0,6.0,0.14285714285714285,-10.900000000000006,10.900000000000006,False,True,False,0.46605207424940825,0.5339479257505918,False,False,False,False
2017,8,Simi,Juschka,111.48,102.48,2,False,2017-8-juschka__vs__simi,8,2,False,False,True,False,True,False,6.0,1.0,0.8571428571428571,9.0,9.0,True,False,False,0.5210319685922602,0.47896803140773975,False,False,False,False
2017,8,Tommy,Kessi,64.12,102.78,3,False,2017-8-kessi__vs__tommy,8,8,False,True,False,True,False,True,0.0,7.0,0.0,-38.66,38.66,False,True,False,0.3841821449970042,0.6158178550029958,False,True,False,False
2017,8,Juschka,Simi,102.48,111.48,8,False,2017-8-juschka__vs__simi,8,4,False,False,False,False,True,False,4.0,3.0,0.5714285714285714,-9.0,9.0,False,True,False,0.47896803140773975,0.5210319685922602,False,False,False,False
2017,8,Kessi,Tommy,102.78,64.12,7,False,2017-8-kessi__vs__tommy,8,3,False,False,True,False,True,False,5.0,2.0,0.7142857142857143,38.66,38.66,True,False,False,0.6158178550029958,0.3841821449970042,True,False,False,False
2017,9,Benni,Kessi,75.92,66.08,6,False,2017-9-benni__vs__kessi,8,6,False,False,False,True,False,True,2.0,5.0,0.2857142857142857,9.840000000000003,9.840000000000003,True,False,False,0.5346478873239436,0.4653521126760563,False,False,False,False
2017,9,Erik,Marv,97.76,104.72,5,False,2017-9-erik__vs__marv,8,4,False,False,False,False,True,False,4.0,3.0,0.5714285714285714,-6.959999999999994,6.959999999999994,False,True,False,0.48281311734492294,0.517186882655077,False,False,False,False
2017,9,Ritz,Juschka,78.34,74.62,1,False,2017-9-juschka__vs__ritz,8,5,False,False,False,False,False,True,3.0,4.0,0.42857142857142855,3.719999999999999,3.719999999999999,True,False,False,0.5121600418410042,0.48783995815899583,False,False,True,False
2017,9,Marv,Erik,104.72,97.76,3,False,2017-9-erik__vs__marv,8,1,True,False,True,False,True,False,7.0,0.0,1.0,6.959999999999994,6.959999999999994,True,False,False,0.517186882655077,0.48281311734492294,False,False,False,False
2017,9,Simi,Tommy,100.18,99.36,2,False,2017-9-simi__vs__tommy,8,2,False,False,True,False,True,False,6.0,1.0,0.8571428571428571,0.8200000000000074,0.8200000000000074,True,False,False,0.5020547258694998,0.4979452741305001,False,False,True,False
2017,9,Tommy,Simi,99.36,100.18,4,False,2017-9-simi__vs__tommy,8,3,False,False,True,False,True,False,5.0,2.0,0.7142857142857143,-0.8200000000000074,0.8200000000000074,False,True,False,0.4979452741305001,0.5020547258694998,False,False,False,True
2017,9,Juschka,Ritz,74.62,78.34,8,False,2017-9-juschka__vs__ritz,8,7,False,False,False,True,False,True,1.0,6.0,0.14285714285714285,-3.719999999999999,3.719999999999999,False,True,False,0.48783995815899583,0.5121600418410042,False,False,False,True
2017,9,Kessi,Benni,66.08,75.92,7,False,2017-9-benni__vs__kessi,8,8,False,True,False,True,False,True,0.0,7.0,0.0,-9.840000000000003,9.840000000000003,False,True,False,0.4653521126760563,0.5346478873239436,False,False,False,False
2017,10,Benni,Simi,89.0,97.32,6,False,2017-10-benni__vs__simi,8,6,False,False,False,True,False,True,2.0,5.0,0.2857142857142857,-8.319999999999993,8.319999999999993,False,True,False,0.4776728209531988,0.5223271790468011,False,False,False,False
2017,10,Erik,Juschka,124.06,76.7,4,False,2017-10-erik__vs__juschka,8,1,True,False,True,False,True,False,7.0,0.0,1.0,47.36,47.36,True,False,False,0.6179517832237498,0.3820482167762503,True,False,False,False
2017,10,Ritz,Kessi,104.74,90.74,1,False,2017-10-kessi__vs__ritz,8,2,False,False,True,False,True,False,6.0,1.0,0.8571428571428571,14.0,14.0,True,False,False,0.5358092899529364,0.46419071004706364,False,False,False,False
2017,10,Marv,Tommy,92.66,67.84,3,False,2017-10-marv__vs__tommy,8,4,False,False,False,False,True,False,4.0,3.0,0.5714285714285714,24.819999999999993,24.819999999999993,True,False,False,0.5773208722741433,0.4226791277258567,False,False,False,False
2017,10,Simi,Benni,97.32,89.0,2,False,2017-10-benni__vs__simi,8,3,False,False,True,False,True,False,5.0,2.0,0.7142857142857143,8.319999999999993,8.319999999999993,True,False,False,0.5223271790468011,0.4776728209531988,False,False,False,False
2017,10,Tommy,Marv,67.84,92.66,5,False,2017-10-marv__vs__tommy,8,8,False,True,False,True,False,True,0.0,7.0,0.0,-24.819999999999993,24.819999999999993,False,True,False,0.4226791277258567,0.5773208722741433,False,False,False,False
2017,10,Juschka,Erik,76.7,124.06,8,False,2017-10-erik__vs__juschka,8,7,False,False,False,True,False,True,1.0,6.0,0.14285714285714285,-47.36,47.36,False,True,False,0.3820482167762503,0.6179517832237498,False,True,False,False
2017,10,Kessi,Ritz,90.74,104.74,7,False,2017-10-kessi__vs__ritz,8,5,False,False,False,False,False,True,3.0,4.0,0.42857142857142855,-14.0,14.0,False,True,False,0.46419071004706364,0.5358092899529364,False,False,False,False
2017,11,Benni,Marv,110.6,95.26,5,False,2017-11-benni__vs__marv,8,4,False,False,False,False,True,False,4.0,3.0,0.5714285714285714,15.33999999999999,15.33999999999999,True,False,False,0.5372583309044981,0.4627416690955018,False,False,False,False
2017,11,Erik,Simi,114.62,131.22,4,False,2017-11-erik__vs__simi,8,3,False,False,True,False,True,False,5.0,2.0,0.7142857142857143,-16.599999999999994,16.599999999999994,False,True,False,0.4662382037097299,0.5337617962902701,False,False,False,False
2017,11,Ritz,Tommy,119.8,53.9,1,False,2017-11-ritz__vs__tommy,8,2,False,False,True,False,True,False,6.0,1.0,0.8571428571428571,65.9,65.9,True,False,False,0.6896948762233737,0.3103051237766264,True,False,False,False
2017,11,Marv,Benni,95.26,110.6,3,False,2017-11-benni__vs__marv,8,6,False,False,False,True,False,True,2.0,5.0,0.2857142857142857,-15.33999999999999,15.33999999999999,False,True,False,0.4627416690955018,0.5372583309044981,False,False,False,False
2017,11,Simi,Erik,131.22,114.62,2,False,2017-11-erik__vs__simi,8,1,True,False,True,False,True,False,7.0,0.0,1.0,16.599999999999994,16.599999999999994,True,False,False,0.5337617962902701,0.4662382037097299,False,False,False,False
2017,11,Tommy,Ritz,53.9,119.8,7,False,2017-11-ritz__vs__tommy,8,7,False,False,False,True,False,True,1.0,6.0,0.14285714285714285,-65.9,65.9,False,True,False,0.3103051237766264,0.6896948762233737,False,True,False,False
2017,11,Juschka,Kessi,45.7,99.98,8,False,2017-11-juschka__vs__kessi,8,8,False,True,False,True,False,True,0.0,7.0,0.0,-54.28,54.28,False,True,False,0.31370126304228446,0.6862987369577155,False,True,False,False
2017,11,Kessi,Juschka,99.98,45.7,6,False,2017-11-juschka__vs__kessi,8,5,False,False,False,False,False,True,3.0,4.0,0.42857142857142855,54.28,54.28,True,False,False,0.6862987369577155,0.31370126304228446,True,False,False,False
2017,12,Benni,Ritz,125.04,80.68,3,False,2017-12-benni__vs__ritz,8,1,True,False,True,False,True,False,7.0,0.0,1.0,44.36,44.36,True,False,False,0.6078164495430682,0.3921835504569317,True,False,False,False
2017,12,Erik,Kessi,92.58,113.48,6,False,2017-12-erik__vs__kessi,8,6,False,False,False,True,False,True,2.0,5.0,0.2857142857142857,-20.900000000000006,20.900000000000006,False,True,False,0.44928661554886923,0.5507133844511307,False,False,False,False
2017,12,Ritz,Benni,80.68,125.04,1,False,2017-12-benni__vs__ritz,8,7,False,False,False,True,False,True,1.0,6.0,0.14285714285714285,-44.36,44.36,False,True,False,0.3921835504569317,0.6078164495430682,False,True,False,False
2017,12,Marv,Simi,100.96,114.22,4,False,2017-12-marv__vs__simi,8,5,False,False,False,False,False,True,3.0,4.0,0.42857142857142855,-13.260000000000005,13.260000000000005,False,True,False,0.46918858629984195,0.5308114137001579,False,False,False,False
2017,12,Simi,Marv,114.22,100.96,2,False,2017-12-marv__vs__simi,8,2,False,False,True,False,True,False,6.0,1.0,0.8571428571428571,13.260000000000005,13.260000000000005,True,False,False,0.5308114137001579,0.46918858629984195,False,False,False,False
2017,12,Tommy,Juschka,109.76,73.46,7,False,2017-12-juschka__vs__tommy,8,4,False,False,False,False,True,False,4.0,3.0,0.5714285714285714,36.30000000000001,36.30000000000001,True,False,False,0.5990612378561293,0.4009387621438707,True,False,False,False
2017,12,Juschka,Tommy,73.46,109.76,8,False,2017-12-juschka__vs__tommy,8,8,False,True,False,True,False,True,0.0,7.0,0.0,-36.30000000000001,36.30000000000001,False,True,False,0.4009387621438707,0.5990612378561293,False,True,False,False
2017,12,Kessi,Erik,113.48,92.58,5,False,2017-12-erik__vs__kessi,8,3,False,False,True,False,True,False,5.0,2.0,0.7142857142857143,20.900000000000006,20.900000000000006,True,False,False,0.5507133844511307,0.44928661554886923,False,False,False,False
2017,13,Benni,Juschka,95.5,125.44,3,False,2017-13-benni__vs__juschka,8,6,False,False,False,True,False,True,2.0,5.0,0.2857142857142857,-29.939999999999998,29.939999999999998,False,True,False,0.43224404815787093,0.5677559518421291,False,False,False,False
2017,13,Erik,Tommy,140.52,110.98,5,False,2017-13-erik__vs__tommy,8,1,True,False,True,False,True,False,7.0,0.0,1.0,29.540000000000006,29.540000000000006,True,False,False,0.5587276341948311,0.441272365805169,False,False,False,False
2017,13,Ritz,Simi,91.82,105.68,2,False,2017-13-ritz__vs__simi,8,7,False,False,False,True,False,True,1.0,6.0,0.14285714285714285,-13.860000000000014,13.860000000000014,False,True,False,0.46491139240506324,0.5350886075949367,False,False,False,False
2017,13,Marv,Kessi,84.76,111.74,4,False,2017-13-kessi__vs__marv,8,8,False,True,False,True,False,True,0.0,7.0,0.0,-26.97999999999999,26.97999999999999,False,True,False,0.4313486005089059,0.5686513994910941,False,False,False,False
2017,13,Simi,Ritz,105.68,91.82,1,False,2017-13-ritz__vs__simi,8,5,False,False,False,False,False,True,3.0,4.0,0.42857142857142855,13.860000000000014,13.860000000000014,True,False,False,0.5350886075949367,0.46491139240506324,False,False,False,False
2017,13,Tommy,Erik,110.98,140.52,7,False,2017-13-erik__vs__tommy,8,4,False,False,False,False,True,False,4.0,3.0,0.5714285714285714,-29.540000000000006,29.540000000000006,False,True,False,0.441272365805169,0.5587276341948311,False,False,False,False
2017,13,Juschka,Benni,125.44,95.5,8,False,2017-13-benni__vs__juschka,8,2,False,False,True,False,True,False,6.0,1.0,0.8571428571428571,29.939999999999998,29.939999999999998,True,False,False,0.5677559518421291,0.43224404815787093,False,False,False,False
2017,13,Kessi,Marv,111.74,84.76,6,False,2017-13-kessi__vs__marv,8,3,False,False,True,False,True,False,5.0,2.0,0.7142857142857143,26.97999999999999,26.97999999999999,True,False,False,0.5686513994910941,0.4313486005089059,False,False,False,False
2017,14,Benni,Tommy,93.84,93.58,4,False,2017-14-benni__vs__tommy,8,4,False,False,False,False,True,False,4.0,3.0,0.5714285714285714,0.2600000000000051,0.2600000000000051,True,False,False,0.5006936292818269,0.499306370718173,False,False,True,False
2017,14,Erik,Ritz,104.54,91.22,3,False,2017-14-erik__vs__ritz,8,2,False,False,True,False,True,False,6.0,1.0,0.8571428571428571,13.320000000000007,13.320000000000007,True,False,False,0.5340212505108296,0.46597874948917045,False,False,False,False
2017,14,Ritz,Erik,91.22,104.54,2,False,2017-14-erik__vs__ritz,8,7,False,False,False,True,False,True,1.0,6.0,0.14285714285714285,-13.320000000000007,13.320000000000007,False,True,False,0.46597874948917045,0.5340212505108296,False,False,False,False
2017,14,Marv,Juschka,92.66,95.92,5,False,2017-14-juschka__vs__marv,8,6,False,False,False,True,False,True,2.0,5.0,0.2857142857142857,-3.260000000000005,3.260000000000005,False,True,False,0.49135645349453816,0.508643546505462,False,False,False,True
2017,14,Simi,Kessi,145.64,61.84,1,False,2017-14-kessi__vs__simi,8,1,True,False,True,False,True,False,7.0,0.0,1.0,83.79999999999998,83.79999999999998,True,False,False,0.7019471756313861,0.29805282436861386,True,False,False,False
2017,14,Tommy,Benni,93.58,93.84,7,False,2017-14-benni__vs__tommy,8,5,False,False,False,False,False,True,3.0,4.0,0.42857142857142855,-0.2600000000000051,0.2600000000000051,False,True,False,0.499306370718173,0.5006936292818269,False,False,False,True
2017,14,Juschka,Marv,95.92,92.66,8,False,2017-14-juschka__vs__marv,8,3,False,False,True,False,True,False,5.0,2.0,0.7142857142857143,3.260000000000005,3.260000000000005,True,False,False,0.508643546505462,0.49135645349453816,False,False,True,False
2017,14,Kessi,Simi,61.84,145.64,6,False,2017-14-kessi__vs__simi,8,8,False,True,False,True,False,True,0.0,7.0,0.0,-83.79999999999998,83.79999999999998,False,True,False,0.29805282436861386,0.7019471756313861,False,True,False,False
2017,15,Benni,Simi,72.1,101.18,4,True,2017-15-benni__vs__simi,8,7,False,False,False,True,False,True,1.0,6.0,0.14285714285714285,-29.080000000000013,29.080000000000013,False,True,False,0.4160895660203139,0.5839104339796861,False,False,False,False
2017,15,Erik,Ritz,109.68,75.72,3,True,2017-15-erik__vs__ritz,8,3,False,False,True,False,True,False,5.0,2.0,0.7142857142857143,33.96000000000001,33.96000000000001,True,False,False,0.5915857605177993,0.4084142394822006,True,False,False,False
2017,15,Ritz,Erik,75.72,109.68,2,True,2017-15-erik__vs__ritz,8,6,False,False,False,True,False,True,2.0,5.0,0.2857142857142857,-33.96000000000001,33.96000000000001,False,True,False,0.4084142394822006,0.5915857605177993,False,True,False,False
2017,15,Marv,Juschka,72.08,124.94,5,True,2017-15-juschka__vs__marv,8,8,False,True,False,True,False,True,0.0,7.0,0.0,-52.86,52.86,False,True,False,0.3658511826210537,0.6341488173789464,False,True,False,False
2017,15,Simi,Benni,101.18,72.1,1,True,2017-15-benni__vs__simi,8,4,False,False,False,False,True,False,4.0,3.0,0.5714285714285714,29.080000000000013,29.080000000000013,True,False,False,0.5839104339796861,0.4160895660203139,False,False,False,False
2017,15,Tommy,Kessi,119.38,77.64,7,True,2017-15-kessi__vs__tommy,8,2,False,False,True,False,True,False,6.0,1.0,0.8571428571428571,41.739999999999995,41.739999999999995,True,False,False,0.6059283321490204,0.39407166785097963,True,False,False,False
2017,15,Juschka,Marv,124.94,72.08,8,True,2017-15-juschka__vs__marv,8,1,True,False,True,False,True,False,7.0,0.0,1.0,52.86,52.86,True,False,False,0.6341488173789464,0.3658511826210537,True,False,False,False
2017,15,Kessi,Tommy,77.64,119.38,6,True,2017-15-kessi__vs__tommy,8,5,False,False,False,False,False,True,3.0,4.0,0.42857142857142855,-41.739999999999995,41.739999999999995,False,True,False,0.39407166785097963,0.6059283321490204,False,True,False,False
2017,16,Benni,Ritz,84.04,79.76,4,True,2017-16-benni__vs__ritz,8,3,False,False,True,False,True,False,5.0,2.0,0.7142857142857143,4.280000000000001,4.280000000000001,True,False,False,0.513064713064713,0.4869352869352869,False,False,True,False
2017,16,Erik,Simi,80.8,102.62,3,True,2017-16-erik__vs__simi,8,4,False,False,False,False,True,False,4.0,3.0,0.5714285714285714,-21.820000000000007,21.820000000000007,False,True,False,0.4405190273688801,0.5594809726311198,False,False,False,False
2017,16,Ritz,Benni,79.76,84.04,2,True,2017-16-benni__vs__ritz,8,5,False,False,False,False,False,True,3.0,4.0,0.42857142857142855,-4.280000000000001,4.280000000000001,False,True,False,0.4869352869352869,0.513064713064713,False,False,False,True
2017,16,Marv,Kessi,11.0,11.0,5,True,2017-16-kessi__vs__marv,8,7,False,False,False,True,False,True,0.5,6.5,0.07142857142857142,0.0,0.0,False,False,True,0.5,0.5,False,False,False,False
2017,16,Simi,Erik,102.62,80.8,1,True,2017-16-erik__vs__simi,8,2,False,False,True,False,True,False,6.0,1.0,0.8571428571428571,21.820000000000007,21.820000000000007,True,False,False,0.5594809726311198,0.4405190273688801,False,False,False,False
2017,16,Tommy,Juschka,124.78,77.26,7,True,2017-16-juschka__vs__tommy,8,1,True,False,True,False,True,False,7.0,0.0,1.0,47.519999999999996,47.519999999999996,True,False,False,0.6176004751534349,0.38239952484656503,True,False,False,False
2017,16,Juschka,Tommy,77.26,124.78,8,True,2017-16-juschka__vs__tommy,8,6,False,False,False,True,False,True,2.0,5.0,0.2857142857142857,-47.519999999999996,47.519999999999996,False,True,False,0.38239952484656503,0.6176004751534349,False,True,False,False
2017,16,Kessi,Marv,11.0,11.0,6,True,2017-16-kessi__vs__marv,8,7,False,False,False,True,False,True,0.5,6.5,0.07142857142857142,0.0,0.0,False,False,True,0.5,0.5,False,False,False,False
2018,1,Benni,Ritz,98.04,111.24,6,False,2018-1-benni__vs__ritz,8,6,False,False,False,True,False,True,2.0,5.0,0.2857142857142857,-13.199999999999989,13.199999999999989,False,True,False,0.4684633027522936,0.5315366972477064,False,False,False,False
2018,1,Erik,Simi,100.62,106.76,5,False,2018-1-erik__vs__simi,8,5,False,False,False,False,False,True,3.0,4.0,0.42857142857142855,-6.140000000000001,6.140000000000001,False,True,False,0.4851962580769602,0.5148037419230399,False,False,False,False
2018,1,Ritz,Benni,111.24,98.04,3,False,2018-1-benni__vs__ritz,8,3,False,False,True,False,True,False,5.0,2.0,0.7142857142857143,13.199999999999989,13.199999999999989,True,False,False,0.5315366972477064,0.4684633027522936,False,False,False,False
2018,1,Marv,Juschka,84.76,149.16,8,False,2018-1-juschka__vs__marv,8,8,False,True,False,True,False,True,0.0,7.0,0.0,-64.39999999999999,64.39999999999999,False,True,False,0.36234610123119015,0.6376538987688098,False,True,False,False
2018,1,Simi,Erik,106.76,100.62,4,False,2018-1-erik__vs__simi,8,4,False,False,False,False,True,False,4.0,3.0,0.5714285714285714,6.140000000000001,6.140000000000001,True,False,False,0.5148037419230399,0.4851962580769602,False,False,False,False
2018,1,Tommy,Kessi,114.98,96.42,2,False,2018-1-kessi__vs__tommy,8,2,False,False,True,False,True,False,6.0,1.0,0.8571428571428571,18.560000000000002,18.560000000000002,True,False,False,0.5438978240302743,0.45610217596972563,False,False,False,False
2018,1,Juschka,Marv,149.16,84.76,1,False,2018-1-juschka__vs__marv,8,1,True,False,True,False,True,False,7.0,0.0,1.0,64.39999999999999,64.39999999999999,True,False,False,0.6376538987688098,0.36234610123119015,True,False,False,False
2018,1,Kessi,Tommy,96.42,114.98,7,False,2018-1-kessi__vs__tommy,8,7,False,False,False,True,False,True,1.0,6.0,0.14285714285714285,-18.560000000000002,18.560000000000002,False,True,False,0.45610217596972563,0.5438978240302743,False,False,False,False
2018,2,Benni,Kessi,101.94,79.56,5,False,2018-2-benni__vs__kessi,8,6,False,False,False,True,False,True,2.0,5.0,0.2857142857142857,22.379999999999995,22.379999999999995,True,False,False,0.5616528925619835,0.4383471074380165,False,False,False,False
2018,2,Erik,Tommy,121.18,136.74,6,False,2018-2-erik__vs__tommy,8,2,False,False,True,False,True,False,6.0,1.0,0.8571428571428571,-15.560000000000002,15.560000000000002,False,True,False,0.46983560794044665,0.5301643920595533,False,False,False,False
2018,2,Ritz,Marv,113.5,74.06,3,False,2018-2-marv__vs__ritz,8,3,False,False,True,False,True,False,5.0,2.0,0.7142857142857143,39.44,39.44,True,False,False,0.6051396886329707,0.3948603113670292,True,False,False,False
2018,2,Marv,Ritz,74.06,113.5,8,False,2018-2-marv__vs__ritz,8,8,False,True,False,True,False,True,0.0,7.0,0.0,-39.44,39.44,False,True,False,0.3948603113670292,0.6051396886329707,False,True,False,False
2018,2,Simi,Juschka,109.4,110.82,4,False,2018-2-juschka__vs__simi,8,5,False,False,False,False,False,True,3.0,4.0,0.42857142857142855,-1.4199999999999875,1.4199999999999875,False,True,False,0.4967759513214059,0.5032240486785942,False,False,False,True
2018,2,Tommy,Erik,136.74,121.18,2,False,2018-2-erik__vs__tommy,8,1,True,False,True,False,True,False,7.0,0.0,1.0,15.560000000000002,15.560000000000002,True,False,False,0.5301643920595533,0.46983560794044665,False,False,False,False
2018,2,Juschka,Simi,110.82,109.4,1,False,2018-2-juschka__vs__simi,8,4,False,False,False,False,True,False,4.0,3.0,0.5714285714285714,1.4199999999999875,1.4199999999999875,True,False,False,0.5032240486785942,0.4967759513214059,False,False,True,False
2018,2,Kessi,Benni,79.56,101.94,7,False,2018-2-benni__vs__kessi,8,7,False,False,False,True,False,True,1.0,6.0,0.14285714285714285,-22.379999999999995,22.379999999999995,False,True,False,0.4383471074380165,0.5616528925619835,False,False,False,False
2018,3,Benni,Marv,108.8,76.04,4,False,2018-3-benni__vs__marv,8,3,False,False,True,False,True,False,5.0,2.0,0.7142857142857143,32.75999999999999,32.75999999999999,True,False,False,0.5886171824280458,0.41138281757195416,True,False,False,False
2018,3,Erik,Juschka,103.02,115.04,6,False,2018-3-erik__vs__juschka,8,4,False,False,False,False,True,False,4.0,3.0,0.5714285714285714,-12.02000000000001,12.02000000000001,False,True,False,0.47243877831789416,0.5275612216821058,False,False,False,False
2018,3,Ritz,Kessi,136.9,79.26,2,False,2018-3-kessi__vs__ritz,8,1,True,False,True,False,True,False,7.0,0.0,1.0,57.64,57.64,True,False,False,0.6333271650629163,0.36667283493708364,True,False,False,False
2018,3,Marv,Benni,76.04,108.8,8,False,2018-3-benni__vs__marv,8,7,False,False,False,True,False,True,1.0,6.0,0.14285714285714285,-32.75999999999999,32.75999999999999,False,True,False,0.41138281757195416,0.5886171824280458,False,True,False,False
2018,3,Simi,Tommy,43.44,97.76,5,False,2018-3-simi__vs__tommy,8,8,False,True,False,True,False,True,0.0,7.0,0.0,-54.32000000000001,54.32000000000001,False,True,False,0.3076487252124646,0.6923512747875356,False,True,False,False
2018,3,Tommy,Simi,97.76,43.44,3,False,2018-3-simi__vs__tommy,8,5,False,False,False,False,False,True,3.0,4.0,0.42857142857142855,54.32000000000001,54.32000000000001,True,False,False,0.6923512747875356,0.3076487252124646,True,False,False,False
2018,3,Juschka,Erik,115.04,103.02,1,False,2018-3-erik__vs__juschka,8,2,False,False,True,False,True,False,6.0,1.0,0.8571428571428571,12.02000000000001,12.02000000000001,True,False,False,0.5275612216821058,0.47243877831789416,False,False,False,False
2018,3,Kessi,Ritz,79.26,136.9,7,False,2018-3-kessi__vs__ritz,8,6,False,False,False,True,False,True,2.0,5.0,0.2857142857142857,-57.64,57.64,False,True,False,0.36667283493708364,0.6333271650629163,False,True,False,False
2018,4,Benni,Tommy,124.32,92.46,2,False,2018-4-benni__vs__tommy,8,3,False,False,True,False,True,False,5.0,2.0,0.7142857142857143,31.86,31.86,True,False,False,0.5734846388043178,0.4265153611956823,True,False,False,False
2018,4,Erik,Kessi,121.96,113.6,7,False,2018-4-erik__vs__kessi,8,4,False,False,False,False,True,False,4.0,3.0,0.5714285714285714,8.36,8.36,True,False,False,0.5177449482085243,0.4822550517914756,False,False,False,False
2018,4,Ritz,Juschka,134.2,125.48,1,False,2018-4-juschka__vs__ritz,8,1,True,False,True,False,True,False,7.0,0.0,1.0,8.719999999999985,8.719999999999985,True,False,False,0.5167898952556993,0.4832101047443007,False,False,False,False
2018,4,Marv,Simi,105.8,100.66,5,False,2018-4-marv__vs__simi,8,6,False,False,False,True,False,True,2.0,5.0,0.2857142857142857,5.140000000000001,5.140000000000001,True,False,False,0.5124479318027706,0.4875520681972295,False,False,False,False
2018,4,Simi,Marv,100.66,105.8,6,False,2018-4-marv__vs__simi,8,7,False,False,False,True,False,True,1.0,6.0,0.14285714285714285,-5.140000000000001,5.140000000000001,False,True,False,0.4875520681972295,0.5124479318027706,False,False,False,False
2018,4,Tommy,Benni,92.46,124.32,4,False,2018-4-benni__vs__tommy,8,8,False,True,False,True,False,True,0.0,7.0,0.0,-31.86,31.86,False,True,False,0.4265153611956823,0.5734846388043178,False,True,False,False
2018,4,Juschka,Ritz,125.48,134.2,3,False,2018-4-juschka__vs__ritz,8,2,False,False,True,False,True,False,6.0,1.0,0.8571428571428571,-8.719999999999985,8.719999999999985,False,True,False,0.4832101047443007,0.5167898952556993,False,False,False,False
2018,4,Kessi,Erik,113.6,121.96,8,False,2018-4-erik__vs__kessi,8,5,False,False,False,False,False,True,3.0,4.0,0.42857142857142855,-8.36,8.36,False,True,False,0.4822550517914756,0.5177449482085243,False,False,False,False
2018,5,Benni,Erik,150.46,81.3,2,False,2018-5-benni__vs__erik,8,1,True,False,True,False,True,False,7.0,0.0,1.0,69.16000000000001,69.16000000000001,True,False,False,0.649206075250259,0.35079392474974114,True,False,False,False
2018,5,Erik,Benni,81.3,150.46,7,False,2018-5-benni__vs__erik,8,7,False,False,False,True,False,True,1.0,6.0,0.14285714285714285,-69.16000000000001,69.16000000000001,False,True,False,0.35079392474974114,0.649206075250259,False,True,False,False
2018,5,Ritz,Simi,93.2,85.0,1,False,2018-5-ritz__vs__simi,8,3,False,False,True,False,True,False,5.0,2.0,0.7142857142857143,8.200000000000003,8.200000000000003,True,False,False,0.5230078563411897,0.4769921436588104,False,False,False,False
2018,5,Marv,Kessi,90.06,63.24,5,False,2018-5-kessi__vs__marv,8,5,False,False,False,False,False,True,3.0,4.0,0.42857142857142855,26.82,26.82,True,False,False,0.5874755381604696,0.4125244618395303,False,False,False,False
2018,5,Simi,Ritz,85.0,93.2,6,False,2018-5-ritz__vs__simi,8,6,False,False,False,True,False,True,2.0,5.0,0.2857142857142857,-8.200000000000003,8.200000000000003,False,True,False,0.4769921436588104,0.5230078563411897,False,False,False,False
2018,5,Tommy,Juschka,131.62,91.12,3,False,2018-5-juschka__vs__tommy,8,2,False,False,True,False,True,False,6.0,1.0,0.8571428571428571,40.5,40.5,True,False,False,0.5909131723085211,0.40908682769147886,True,False,False,False
2018,5,Juschka,Tommy,91.12,131.62,4,False,2018-5-juschka__vs__tommy,8,4,False,False,False,False,True,False,4.0,3.0,0.5714285714285714,-40.5,40.5,False,True,False,0.40908682769147886,0.5909131723085211,False,True,False,False
2018,5,Kessi,Marv,63.24,90.06,8,False,2018-5-kessi__vs__marv,8,8,False,True,False,True,False,True,0.0,7.0,0.0,-26.82,26.82,False,True,False,0.4125244618395303,0.5874755381604696,False,False,False,False
2018,6,Benni,Juschka,109.5,113.86,3,False,2018-6-benni__vs__juschka,8,4,False,False,False,False,True,False,4.0,3.0,0.5714285714285714,-4.359999999999999,4.359999999999999,False,True,False,0.49023997134670483,0.5097600286532951,False,False,False,True
2018,6,Erik,Marv,88.04,116.9,7,False,2018-6-erik__vs__marv,8,7,False,False,False,True,False,True,1.0,6.0,0.14285714285714285,-28.86,28.86,False,True,False,0.4295891480433298,0.5704108519566703,False,False,False,False
2018,6,Ritz,Tommy,118.58,105.08,1,False,2018-6-ritz__vs__tommy,8,1,True,False,True,False,True,False,7.0,0.0,1.0,13.5,13.5,True,False,False,0.5301797371009568,0.4698202628990432,False,False,False,False
2018,6,Marv,Erik,116.9,88.04,5,False,2018-6-erik__vs__marv,8,2,False,False,True,False,True,False,6.0,1.0,0.8571428571428571,28.86,28.86,True,False,False,0.5704108519566703,0.4295891480433298,False,False,False,False
2018,6,Simi,Kessi,101.1,85.94,6,False,2018-6-kessi__vs__simi,8,6,False,False,False,True,False,True,2.0,5.0,0.2857142857142857,15.159999999999997,15.159999999999997,True,False,False,0.5405260906757913,0.45947390932420873,False,False,False,False
2018,6,Tommy,Ritz,105.08,118.58,4,False,2018-6-ritz__vs__tommy,8,5,False,False,False,False,False,True,3.0,4.0,0.42857142857142855,-13.5,13.5,False,True,False,0.4698202628990432,0.5301797371009568,False,False,False,False
2018,6,Juschka,Benni,113.86,109.5,2,False,2018-6-benni__vs__juschka,8,3,False,False,True,False,True,False,5.0,2.0,0.7142857142857143,4.359999999999999,4.359999999999999,True,False,False,0.5097600286532951,0.49023997134670483,False,False,True,False
2018,6,Kessi,Simi,85.94,101.1,8,False,2018-6-kessi__vs__simi,8,8,False,True,False,True,False,True,0.0,7.0,0.0,-15.159999999999997,15.159999999999997,False,True,False,0.45947390932420873,0.5405260906757913,False,False,False,False
2018,7,Benni,Simi,127.48,115.26,2,False,2018-7-benni__vs__simi,8,3,False,False,True,False,True,False,5.0,2.0,0.7142857142857143,12.219999999999999,12.219999999999999,True,False,False,0.5251709648183241,0.47482903518167585,False,False,False,False
2018,7,Erik,Ritz,87.54,128.06,7,False,2018-7-erik__vs__ritz,8,6,False,False,False,True,False,True,2.0,5.0,0.2857142857142857,-40.519999999999996,40.519999999999996,False,True,False,0.40602968460111316,0.5939703153988868,False,True,False,False
2018,7,Ritz,Erik,128.06,87.54,1,False,2018-7-erik__vs__ritz,8,2,False,False,True,False,True,False,6.0,1.0,0.8571428571428571,40.519999999999996,40.519999999999996,True,False,False,0.5939703153988868,0.40602968460111316,True,False,False,False
2018,7,Marv,Tommy,76.2,134.12,5,False,2018-7-marv__vs__tommy,8,8,False,True,False,True,False,True,0.0,7.0,0.0,-57.92,57.92,False,True,False,0.36230505895777865,0.6376949410422215,False,True,False,False
2018,7,Simi,Benni,115.26,127.48,6,False,2018-7-benni__vs__simi,8,4,False,False,False,False,True,False,4.0,3.0,0.5714285714285714,-12.219999999999999,12.219999999999999,False,True,False,0.47482903518167585,0.5251709648183241,False,False,False,False
2018,7,Tommy,Marv,134.12,76.2,3,False,2018-7-marv__vs__tommy,8,1,True,False,True,False,True,False,7.0,0.0,1.0,57.92,57.92,True,False,False,0.6376949410422215,0.36230505895777865,True,False,False,False
2018,7,Juschka,Kessi,87.98,87.18,4,False,2018-7-juschka__vs__kessi,8,5,False,False,False,False,False,True,3.0,4.0,0.42857142857142855,0.7999999999999972,0.7999999999999972,True,False,False,0.5022836263987212,0.4977163736012788,False,False,True,False
2018,7,Kessi,Juschka,87.18,87.98,8,False,2018-7-juschka__vs__kessi,8,7,False,False,False,True,False,True,1.0,6.0,0.14285714285714285,-0.7999999999999972,0.7999999999999972,False,True,False,0.4977163736012788,0.5022836263987212,False,False,False,True
2018,8,Benni,Juschka,137.14,111.5,2,False,2018-8-benni__vs__juschka,8,2,False,False,True,False,True,False,6.0,1.0,0.8571428571428571,25.639999999999986,25.639999999999986,True,False,False,0.551560489060489,0.44843951093951095,False,False,False,False
2018,8,Erik,Marv,132.06,70.14,7,False,2018-8-erik__vs__marv,8,3,False,False,True,False,True,False,5.0,2.0,0.7142857142857143,61.92,61.92,True,False,False,0.6531157270029674,0.34688427299703267,True,False,False,False
2018,8,Ritz,Kessi,128.46,78.2,1,False,2018-8-kessi__vs__ritz,8,4,False,False,False,False,True,False,4.0,3.0,0.5714285714285714,50.260000000000005,50.260000000000005,True,False,False,0.6216006967966708,0.3783993032033291,True,False,False,False
2018,8,Marv,Erik,70.14,132.06,5,False,2018-8-erik__vs__marv,8,8,False,True,False,True,False,True,0.0,7.0,0.0,-61.92,61.92,False,True,False,0.34688427299703267,0.6531157270029674,False,True,False,False
2018,8,Simi,Tommy,139.26,95.72,6,False,2018-8-simi__vs__tommy,8,1,True,False,True,False,True,False,7.0,0.0,1.0,43.53999999999999,43.53999999999999,True,False,False,0.5926461826538428,0.4073538173461571,True,False,False,False
2018,8,Tommy,Simi,95.72,139.26,3,False,2018-8-simi__vs__tommy,8,6,False,False,False,True,False,True,2.0,5.0,0.2857142857142857,-43.53999999999999,43.53999999999999,False,True,False,0.4073538173461571,0.5926461826538428,False,True,False,False
2018,8,Juschka,Benni,111.5,137.14,4,False,2018-8-benni__vs__juschka,8,5,False,False,False,False,False,True,3.0,4.0,0.42857142857142855,-25.639999999999986,25.639999999999986,False,True,False,0.44843951093951095,0.551560489060489,False,False,False,False
2018,8,Kessi,Ritz,78.2,128.46,8,False,2018-8-kessi__vs__ritz,8,7,False,False,False,True,False,True,1.0,6.0,0.14285714285714285,-50.260000000000005,50.260000000000005,False,True,False,0.3783993032033291,0.6216006967966708,False,True,False,False
2018,9,Benni,Simi,136.76,94.58,2,False,2018-9-benni__vs__simi,8,1,True,False,True,False,True,False,7.0,0.0,1.0,42.17999999999999,42.17999999999999,True,False,False,0.5911645197544739,0.40883548024552613,True,False,False,False
2018,9,Erik,Juschka,110.3,116.24,7,False,2018-9-erik__vs__juschka,8,4,False,False,False,False,True,False,4.0,3.0,0.5714285714285714,-5.939999999999998,5.939999999999998,False,True,False,0.48688973249757217,0.5131102675024278,False,False,False,False
2018,9,Ritz,Tommy,114.62,109.5,1,False,2018-9-ritz__vs__tommy,8,3,False,False,True,False,True,False,5.0,2.0,0.7142857142857143,5.1200000000000045,5.1200000000000045,True,False,False,0.5114224522577191,0.4885775477422809,False,False,False,False
2018,9,Marv,Kessi,91.5,73.54,5,False,2018-9-kessi__vs__marv,8,7,False,False,False,True,False,True,1.0,6.0,0.14285714285714285,17.959999999999994,17.959999999999994,True,False,False,0.5544110518662142,0.44558894813378574,False,False,False,False
2018,9,Simi,Benni,94.58,136.76,6,False,2018-9-benni__vs__simi,8,6,False,False,False,True,False,True,2.0,5.0,0.2857142857142857,-42.17999999999999,42.17999999999999,False,True,False,0.40883548024552613,0.5911645197544739,False,True,False,False
2018,9,Tommy,Ritz,109.5,114.62,4,False,2018-9-ritz__vs__tommy,8,5,False,False,False,False,False,True,3.0,4.0,0.42857142857142855,-5.1200000000000045,5.1200000000000045,False,True,False,0.4885775477422809,0.5114224522577191,False,False,False,False
2018,9,Juschka,Erik,116.24,110.3,3,False,2018-9-erik__vs__juschka,8,2,False,False,True,False,True,False,6.0,1.0,0.8571428571428571,5.939999999999998,5.939999999999998,True,False,False,0.5131102675024278,0.48688973249757217,False,False,False,False
2018,9,Kessi,Marv,73.54,91.5,8,False,2018-9-kessi__vs__marv,8,8,False,True,False,True,False,True,0.0,7.0,0.0,-17.959999999999994,17.959999999999994,False,True,False,0.44558894813378574,0.5544110518662142,False,False,False,False
2018,10,Benni,Erik,150.66,109.3,2,False,2018-10-benni__vs__erik,8,1,True,False,True,False,True,False,7.0,0.0,1.0,41.36,41.36,True,False,False,0.5795507001077089,0.42044929989229113,True,False,False,False
2018,10,Erik,Benni,109.3,150.66,7,False,2018-10-benni__vs__erik,8,6,False,False,False,True,False,True,2.0,5.0,0.2857142857142857,-41.36,41.36,False,True,False,0.42044929989229113,0.5795507001077089,False,True,False,False
2018,10,Ritz,Juschka,146.42,131.5,1,False,2018-10-juschka__vs__ritz,8,2,False,False,True,False,True,False,6.0,1.0,0.8571428571428571,14.919999999999987,14.919999999999987,True,False,False,0.5268422567645366,0.4731577432354635,False,False,False,False
2018,10,Marv,Simi,126.62,87.82,5,False,2018-10-marv__vs__simi,8,4,False,False,False,False,True,False,4.0,3.0,0.5714285714285714,38.80000000000001,38.80000000000001,True,False,False,0.5904681962320463,0.40953180376795373,True,False,False,False
2018,10,Simi,Marv,87.82,126.62,6,False,2018-10-marv__vs__simi,8,8,False,True,False,True,False,True,0.0,7.0,0.0,-38.80000000000001,38.80000000000001,False,True,False,0.40953180376795373,0.5904681962320463,False,True,False,False
2018,10,Tommy,Kessi,110.66,101.82,3,False,2018-10-kessi__vs__tommy,8,5,False,False,False,False,False,True,3.0,4.0,0.42857142857142855,8.840000000000003,8.840000000000003,True,False,False,0.5208019578313253,0.4791980421686747,False,False,False,False
2018,10,Juschka,Ritz,131.5,146.42,4,False,2018-10-juschka__vs__ritz,8,3,False,False,True,False,True,False,5.0,2.0,0.7142857142857143,-14.919999999999987,14.919999999999987,False,True,False,0.4731577432354635,0.5268422567645366,False,False,False,False
2018,10,Kessi,Tommy,101.82,110.66,8,False,2018-10-kessi__vs__tommy,8,7,False,False,False,True,False,True,1.0,6.0,0.14285714285714285,-8.840000000000003,8.840000000000003,False,True,False,0.4791980421686747,0.5208019578313253,False,False,False,False
2018,11,Benni,Tommy,99.28,108.92,2,False,2018-11-benni__vs__tommy,8,7,False,False,False,True,False,True,1.0,6.0,0.14285714285714285,-9.64,9.64,False,True,False,0.4768491834774256,0.5231508165225744,False,False,False,False
2018,11,Erik,Simi,142.48,95.74,6,False,2018-11-erik__vs__simi,8,2,False,False,True,False,True,False,6.0,1.0,0.8571428571428571,46.739999999999995,46.739999999999995,True,False,False,0.598102594240618,0.4018974057593821,True,False,False,False
2018,11,Ritz,Marv,116.86,123.34,1,False,2018-11-marv__vs__ritz,8,4,False,False,False,False,True,False,4.0,3.0,0.5714285714285714,-6.480000000000004,6.480000000000004,False,True,False,0.48651124063280604,0.5134887593671941,False,False,False,False
2018,11,Marv,Ritz,123.34,116.86,5,False,2018-11-marv__vs__ritz,8,3,False,False,True,False,True,False,5.0,2.0,0.7142857142857143,6.480000000000004,6.480000000000004,True,False,False,0.5134887593671941,0.48651124063280604,False,False,False,False
2018,11,Simi,Erik,95.74,142.48,7,False,2018-11-erik__vs__simi,8,8,False,True,False,True,False,True,0.0,7.0,0.0,-46.739999999999995,46.739999999999995,False,True,False,0.4018974057593821,0.598102594240618,False,True,False,False
2018,11,Tommy,Benni,108.92,99.28,3,False,2018-11-benni__vs__tommy,8,5,False,False,False,False,False,True,3.0,4.0,0.42857142857142855,9.64,9.64,True,False,False,0.5231508165225744,0.4768491834774256,False,False,False,False
2018,11,Juschka,Kessi,161.92,107.32,4,False,2018-11-juschka__vs__kessi,8,1,True,False,True,False,True,False,7.0,0.0,1.0,54.599999999999994,54.599999999999994,True,False,False,0.601396523547764,0.39860347645223587,True,False,False,False
2018,11,Kessi,Juschka,107.32,161.92,8,False,2018-11-juschka__vs__kessi,8,6,False,False,False,True,False,True,2.0,5.0,0.2857142857142857,-54.599999999999994,54.599999999999994,False,True,False,0.39860347645223587,0.601396523547764,False,True,False,False
2018,12,Benni,Marv,129.28,120.76,2,False,2018-12-benni__vs__marv,8,1,True,False,True,False,True,False,7.0,0.0,1.0,8.519999999999996,8.519999999999996,True,False,False,0.5170372740361542,0.48296272596384576,False,False,False,False
2018,12,Erik,Ritz,110.32,112.78,7,False,2018-12-erik__vs__ritz,8,5,False,False,False,False,False,True,3.0,4.0,0.42857142857142855,-2.460000000000008,2.460000000000008,False,True,False,0.4944867772299417,0.5055132227700583,False,False,False,True
2018,12,Ritz,Erik,112.78,110.32,1,False,2018-12-erik__vs__ritz,8,3,False,False,True,False,True,False,5.0,2.0,0.7142857142857143,2.460000000000008,2.460000000000008,True,False,False,0.5055132227700583,0.4944867772299417,False,False,True,False
2018,12,Marv,Benni,120.76,129.28,5,False,2018-12-benni__vs__marv,8,2,False,False,True,False,True,False,6.0,1.0,0.8571428571428571,-8.519999999999996,8.519999999999996,False,True,False,0.48296272596384576,0.5170372740361542,False,False,False,False
2018,12,Simi,Kessi,99.14,92.74,6,False,2018-12-kessi__vs__simi,8,6,False,False,False,True,False,True,2.0,5.0,0.2857142857142857,6.400000000000006,6.400000000000006,True,False,False,0.5166770898478216,0.48332291015217843,False,False,False,False
2018,12,Tommy,Juschka,91.12,110.94,4,False,2018-12-juschka__vs__tommy,8,8,False,True,False,True,False,True,0.0,7.0,0.0,-19.819999999999993,19.819999999999993,False,True,False,0.4509551618331189,0.5490448381668811,False,False,False,False
2018,12,Juschka,Tommy,110.94,91.12,3,False,2018-12-juschka__vs__tommy,8,4,False,False,False,False,True,False,4.0,3.0,0.5714285714285714,19.819999999999993,19.819999999999993,True,False,False,0.5490448381668811,0.4509551618331189,False,False,False,False
2018,12,Kessi,Simi,92.74,99.14,8,False,2018-12-kessi__vs__simi,8,7,False,False,False,True,False,True,1.0,6.0,0.14285714285714285,-6.400000000000006,6.400000000000006,False,True,False,0.48332291015217843,0.5166770898478216,False,False,False,False
2018,13,Benni,Kessi,109.46,73.48,2,False,2018-13-benni__vs__kessi,8,2,False,False,True,False,True,False,6.0,1.0,0.8571428571428571,35.97999999999999,35.97999999999999,True,False,False,0.5983382529791188,0.4016617470208812,True,False,False,False
2018,13,Erik,Tommy,141.02,99.4,6,False,2018-13-erik__vs__tommy,8,1,True,False,True,False,True,False,7.0,0.0,1.0,41.620000000000005,41.620000000000005,True,False,False,0.5865568588303802,0.41344314116961983,True,False,False,False
2018,13,Ritz,Simi,92.66,91.8,1,False,2018-13-ritz__vs__simi,8,4,False,False,False,False,True,False,4.0,3.0,0.5714285714285714,0.8599999999999994,0.8599999999999994,True,False,False,0.5023311286999892,0.49766887130001086,False,False,True,False
2018,13,Marv,Juschka,71.5,59.68,5,False,2018-13-juschka__vs__marv,8,7,False,False,False,True,False,True,1.0,6.0,0.14285714285714285,11.82,11.82,True,False,False,0.5450525994816283,0.4549474005183717,False,False,False,False
2018,13,Simi,Ritz,91.8,92.66,7,False,2018-13-ritz__vs__simi,8,5,False,False,False,False,False,True,3.0,4.0,0.42857142857142855,-0.8599999999999994,0.8599999999999994,False,True,False,0.49766887130001086,0.5023311286999892,False,False,False,True
2018,13,Tommy,Erik,99.4,141.02,4,False,2018-13-erik__vs__tommy,8,3,False,False,True,False,True,False,5.0,2.0,0.7142857142857143,-41.620000000000005,41.620000000000005,False,True,False,0.41344314116961983,0.5865568588303802,False,True,False,False
2018,13,Juschka,Marv,59.68,71.5,3,False,2018-13-juschka__vs__marv,8,8,False,True,False,True,False,True,0.0,7.0,0.0,-11.82,11.82,False,True,False,0.4549474005183717,0.5450525994816283,False,False,False,False
2018,13,Kessi,Benni,73.48,109.46,8,False,2018-13-benni__vs__kessi,8,6,False,False,False,True,False,True,2.0,5.0,0.2857142857142857,-35.97999999999999,35.97999999999999,False,True,False,0.4016617470208812,0.5983382529791188,False,True,False,False
2018,14,Benni,Ritz,126.64,127.98,2,False,2018-14-benni__vs__ritz,8,2,False,False,True,False,True,False,6.0,1.0,0.8571428571428571,-1.3400000000000034,1.3400000000000034,False,True,False,0.4973686277590134,0.5026313722409865,False,False,False,True
2018,14,Erik,Kessi,101.96,76.8,6,False,2018-14-erik__vs__kessi,8,5,False,False,False,False,False,True,3.0,4.0,0.42857142857142855,25.159999999999997,25.159999999999997,True,False,False,0.5703736853882301,0.42962631461177,False,False,False,False
2018,14,Ritz,Benni,127.98,126.64,1,False,2018-14-benni__vs__ritz,8,1,True,False,True,False,True,False,7.0,0.0,1.0,1.3400000000000034,1.3400000000000034,True,False,False,0.5026313722409865,0.4973686277590134,False,False,True,False
2018,14,Marv,Tommy,77.4,104.58,5,False,2018-14-marv__vs__tommy,8,6,False,False,False,True,False,True,2.0,5.0,0.2857142857142857,-27.179999999999993,27.179999999999993,False,True,False,0.42532146389713155,0.5746785361028683,False,False,False,False
2018,14,Simi,Juschka,63.5,106.24,7,False,2018-14-juschka__vs__simi,8,8,False,True,False,True,False,True,0.0,7.0,0.0,-42.739999999999995,42.739999999999995,False,True,False,0.37410156710262754,0.6258984328973723,False,True,False,False
2018,14,Tommy,Marv,104.58,77.4,4,False,2018-14-marv__vs__tommy,8,4,False,False,False,False,True,False,4.0,3.0,0.5714285714285714,27.179999999999993,27.179999999999993,True,False,False,0.5746785361028683,0.42532146389713155,False,False,False,False
2018,14,Juschka,Simi,106.24,63.5,3,False,2018-14-juschka__vs__simi,8,3,False,False,True,False,True,False,5.0,2.0,0.7142857142857143,42.739999999999995,42.739999999999995,True,False,False,0.6258984328973723,0.37410156710262754,True,False,False,False
2018,14,Kessi,Erik,76.8,101.96,8,False,2018-14-erik__vs__kessi,8,7,False,False,False,True,False,True,1.0,6.0,0.14285714285714285,-25.159999999999997,25.159999999999997,False,True,False,0.42962631461177,0.5703736853882301,False,False,False,False
2018,15,Benni,Juschka,75.04,80.82,2,True,2018-15-benni__vs__juschka,8,6,False,False,False,True,False,True,2.0,5.0,0.2857142857142857,-5.779999999999987,5.779999999999987,False,True,False,0.48145771846528934,0.5185422815347106,False,False,False,False
2018,15,Erik,Simi,94.78,88.74,6,True,2018-15-erik__vs__simi,8,3,False,False,True,False,True,False,5.0,2.0,0.7142857142857143,6.040000000000006,6.040000000000006,True,False,False,0.5164559721011335,0.48354402789886664,False,False,False,False
2018,15,Ritz,Tommy,97.9,100.52,1,True,2018-15-ritz__vs__tommy,8,2,False,False,True,False,True,False,6.0,1.0,0.8571428571428571,-2.6199999999999903,2.6199999999999903,False,True,False,0.4933978429593791,0.5066021570406208,False,False,False,True
2018,15,Marv,Kessi,71.22,66.56,5,True,2018-15-kessi__vs__marv,8,7,False,False,False,True,False,True,1.0,6.0,0.14285714285714285,4.659999999999997,4.659999999999997,True,False,False,0.5169110175642329,0.4830889824357672,False,False,True,False
2018,15,Simi,Erik,88.74,94.78,7,True,2018-15-erik__vs__simi,8,4,False,False,False,False,True,False,4.0,3.0,0.5714285714285714,-6.040000000000006,6.040000000000006,False,True,False,0.48354402789886664,0.5164559721011335,False,False,False,False
2018,15,Tommy,Ritz,100.52,97.9,4,True,2018-15-ritz__vs__tommy,8,1,True,False,True,False,True,False,7.0,0.0,1.0,2.6199999999999903,2.6199999999999903,True,False,False,0.5066021570406208,0.4933978429593791,False,False,True,False
2018,15,Juschka,Benni,80.82,75.04,3,True,2018-15-benni__vs__juschka,8,5,False,False,False,False,False,True,3.0,4.0,0.42857142857142855,5.779999999999987,5.779999999999987,True,False,False,0.5185422815347106,0.48145771846528934,False,False,False,False
2018,15,Kessi,Marv,66.56,71.22,8,True,2018-15-kessi__vs__marv,8,8,False,True,False,True,False,True,0.0,7.0,0.0,-4.659999999999997,4.659999999999997,False,True,False,0.4830889824357672,0.5169110175642329,False,False,False,True
2018,16,Benni,Ritz,126.76,140.2,2,True,2018-16-benni__vs__ritz,8,2,False,False,True,False,True,False,6.0,1.0,0.8571428571428571,-13.439999999999984,13.439999999999984,False,True,False,0.4748276895415044,0.5251723104584957,False,False,False,False
2018,16,Erik,Marv,105.64,74.54,6,True,2018-16-erik__vs__marv,8,6,False,False,False,True,False,True,2.0,5.0,0.2857142857142857,31.099999999999994,31.099999999999994,True,False,False,0.5863025863025862,0.4136974136974137,True,False,False,False
2018,16,Ritz,Benni,140.2,126.76,1,True,2018-16-benni__vs__ritz,8,1,True,False,True,False,True,False,7.0,0.0,1.0,13.439999999999984,13.439999999999984,True,False,False,0.5251723104584957,0.4748276895415044,False,False,False,False
2018,16,Marv,Erik,74.54,105.64,5,True,2018-16-erik__vs__marv,8,8,False,True,False,True,False,True,0.0,7.0,0.0,-31.099999999999994,31.099999999999994,False,True,False,0.4136974136974137,0.5863025863025862,False,True,False,False
2018,16,Simi,Kessi,107.76,112.26,7,True,2018-16-kessi__vs__simi,8,5,False,False,False,False,False,True,3.0,4.0,0.42857142857142855,-4.5,4.5,False,True,False,0.48977365694027813,0.5102263430597218,False,False,False,True
2018,16,Tommy,Juschka,114.52,77.04,4,True,2018-16-juschka__vs__tommy,8,3,False,False,True,False,True,False,5.0,2.0,0.7142857142857143,37.47999999999999,37.47999999999999,True,False,False,0.5978283566506577,0.40217164334934224,True,False,False,False
2018,16,Juschka,Tommy,77.04,114.52,3,True,2018-16-juschka__vs__tommy,8,7,False,False,False,True,False,True,1.0,6.0,0.14285714285714285,-37.47999999999999,37.47999999999999,False,True,False,0.40217164334934224,0.5978283566506577,False,True,False,False
2018,16,Kessi,Simi,112.26,107.76,8,True,2018-16-kessi__vs__simi,8,4,False,False,False,False,True,False,4.0,3.0,0.5714285714285714,4.5,4.5,True,False,False,0.5102263430597218,0.48977365694027813,False,False,True,False
2019,1,Benni,Kessi,85.52,93.32,8,False,2019-1-benni__vs__kessi,8,8,False,True,False,True,False,True,0.0,7.0,0.0,-7.799999999999997,7.799999999999997,False,True,False,0.4781927980317603,0.5218072019682398,False,False,False,False
2019,1,Erik,Simi,97.3,89.26,3,False,2019-1-erik__vs__simi,8,4,False,False,False,False,True,False,4.0,3.0,0.5714285714285714,8.039999999999992,8.039999999999992,True,False,False,0.5215480274442539,0.4784519725557462,False,False,False,False
2019,1,Ritz,Marv,97.16,135.42,6,False,2019-1-marv__vs__ritz,8,5,False,False,False,False,False,True,3.0,4.0,0.42857142857142855,-38.25999999999999,38.25999999999999,False,True,False,0.4177487316192278,0.5822512683807722,False,True,False,False
2019,1,Marv,Ritz,135.42,97.16,1,False,2019-1-marv__vs__ritz,8,1,True,False,True,False,True,False,7.0,0.0,1.0,38.25999999999999,38.25999999999999,True,False,False,0.5822512683807722,0.4177487316192278,True,False,False,False
2019,1,Simi,Erik,89.26,97.3,7,False,2019-1-erik__vs__simi,8,7,False,False,False,True,False,True,1.0,6.0,0.14285714285714285,-8.039999999999992,8.039999999999992,False,True,False,0.4784519725557462,0.5215480274442539,False,False,False,False
2019,1,Tommy,Juschka,106.42,134.1,5,False,2019-1-juschka__vs__tommy,8,3,False,False,True,False,True,False,5.0,2.0,0.7142857142857143,-27.679999999999993,27.679999999999993,False,True,False,0.4424580076500915,0.5575419923499085,False,False,False,False
2019,1,Juschka,Tommy,134.1,106.42,2,False,2019-1-juschka__vs__tommy,8,2,False,False,True,False,True,False,6.0,1.0,0.8571428571428571,27.679999999999993,27.679999999999993,True,False,False,0.5575419923499085,0.4424580076500915,False,False,False,False
2019,1,Kessi,Benni,93.32,85.52,4,False,2019-1-benni__vs__kessi,8,6,False,False,False,True,False,True,2.0,5.0,0.2857142857142857,7.799999999999997,7.799999999999997,True,False,False,0.5218072019682398,0.4781927980317603,False,False,False,False
2019,2,Benni,Ritz,95.36,92.4,7,False,2019-2-benni__vs__ritz,8,4,False,False,False,False,True,False,4.0,3.0,0.5714285714285714,2.9599999999999937,2.9599999999999937,True,False,False,0.5078824030677461,0.492117596932254,False,False,True,False
2019,2,Erik,Marv,133.78,86.46,1,False,2019-2-erik__vs__marv,8,1,True,False,True,False,True,False,7.0,0.0,1.0,47.32000000000001,47.32000000000001,True,False,False,0.6074282600799128,0.39257173992008715,True,False,False,False
2019,2,Ritz,Benni,92.4,95.36,8,False,2019-2-benni__vs__ritz,8,6,False,False,False,True,False,True,2.0,5.0,0.2857142857142857,-2.9599999999999937,2.9599999999999937,False,True,False,0.492117596932254,0.5078824030677461,False,False,False,True
2019,2,Marv,Erik,86.46,133.78,6,False,2019-2-erik__vs__marv,8,7,False,False,False,True,False,True,1.0,6.0,0.14285714285714285,-47.32000000000001,47.32000000000001,False,True,False,0.39257173992008715,0.6074282600799128,False,True,False,False
2019,2,Simi,Juschka,107.06,67.92,2,False,2019-2-juschka__vs__simi,8,2,False,False,True,False,True,False,6.0,1.0,0.8571428571428571,39.14,39.14,True,False,False,0.6118413532975197,0.38815864670248024,True,False,False,False
2019,2,Tommy,Kessi,104.72,94.24,3,False,2019-2-kessi__vs__tommy,8,3,False,False,True,False,True,False,5.0,2.0,0.7142857142857143,10.480000000000004,10.480000000000004,True,False,False,0.5263369521511863,0.47366304784881386,False,False,False,False
2019,2,Juschka,Simi,67.92,107.06,4,False,2019-2-juschka__vs__simi,8,8,False,True,False,True,False,True,0.0,7.0,0.0,-39.14,39.14,False,True,False,0.38815864670248024,0.6118413532975197,False,True,False,False
2019,2,Kessi,Tommy,94.24,104.72,5,False,2019-2-kessi__vs__tommy,8,5,False,False,False,False,False,True,3.0,4.0,0.42857142857142855,-10.480000000000004,10.480000000000004,False,True,False,0.47366304784881386,0.5263369521511863,False,False,False,False
2019,3,Benni,Tommy,96.92,115.06,7,False,2019-3-benni__vs__tommy,8,6,False,False,False,True,False,True,2.0,5.0,0.2857142857142857,-18.14,18.14,False,True,False,0.4572129446174167,0.5427870553825832,False,False,False,False
2019,3,Erik,Ritz,153.88,90.34,1,False,2019-3-erik__vs__ritz,8,1,True,False,True,False,True,False,7.0,0.0,1.0,63.53999999999999,63.53999999999999,True,False,False,0.6300876259110638,0.36991237408893624,True,False,False,False
2019,3,Ritz,Erik,90.34,153.88,8,False,2019-3-erik__vs__ritz,8,7,False,False,False,True,False,True,1.0,6.0,0.14285714285714285,-63.53999999999999,63.53999999999999,False,True,False,0.36991237408893624,0.6300876259110638,False,True,False,False
2019,3,Marv,Simi,151.84,84.54,3,False,2019-3-marv__vs__simi,8,2,False,False,True,False,True,False,6.0,1.0,0.8571428571428571,67.3,67.3,True,False,False,0.6423555292325916,0.35764447076740846,True,False,False,False
2019,3,Simi,Marv,84.54,151.84,5,False,2019-3-marv__vs__simi,8,8,False,True,False,True,False,True,0.0,7.0,0.0,-67.3,67.3,False,True,False,0.35764447076740846,0.6423555292325916,False,True,False,False
2019,3,Tommy,Benni,115.06,96.92,2,False,2019-3-benni__vs__tommy,8,3,False,False,True,False,True,False,5.0,2.0,0.7142857142857143,18.14,18.14,True,False,False,0.5427870553825832,0.4572129446174167,False,False,False,False
2019,3,Juschka,Kessi,100.14,107.26,6,False,2019-3-juschka__vs__kessi,8,5,False,False,False,False,False,True,3.0,4.0,0.42857142857142855,-7.1200000000000045,7.1200000000000045,False,True,False,0.4828351012536162,0.5171648987463838,False,False,False,False
2019,3,Kessi,Juschka,107.26,100.14,4,False,2019-3-juschka__vs__kessi,8,4,False,False,False,False,True,False,4.0,3.0,0.5714285714285714,7.1200000000000045,7.1200000000000045,True,False,False,0.5171648987463838,0.4828351012536162,False,False,False,False
2019,4,Benni,Marv,142.8,92.2,4,False,2019-4-benni__vs__marv,8,1,True,False,True,False,True,False,7.0,0.0,1.0,50.60000000000001,50.60000000000001,True,False,False,0.6076595744680852,0.3923404255319149,True,False,False,False
2019,4,Erik,Kessi,104.38,103.5,1,False,2019-4-erik__vs__kessi,8,2,False,False,True,False,True,False,6.0,1.0,0.8571428571428571,0.8799999999999955,0.8799999999999955,True,False,False,0.5021166057340773,0.49788339426592265,False,False,True,False
2019,4,Ritz,Juschka,85.92,100.6,8,False,2019-4-juschka__vs__ritz,8,6,False,False,False,True,False,True,2.0,5.0,0.2857142857142857,-14.679999999999993,14.679999999999993,False,True,False,0.46064765172635647,0.5393523482736436,False,False,False,False
2019,4,Marv,Benni,92.2,142.8,5,False,2019-4-benni__vs__marv,8,5,False,False,False,False,False,True,3.0,4.0,0.42857142857142855,-50.60000000000001,50.60000000000001,False,True,False,0.3923404255319149,0.6076595744680852,False,True,False,False
2019,4,Simi,Tommy,43.8,78.4,7,False,2019-4-simi__vs__tommy,8,8,False,True,False,True,False,True,0.0,7.0,0.0,-34.60000000000001,34.60000000000001,False,True,False,0.35842880523731585,0.6415711947626842,False,True,False,False
2019,4,Tommy,Simi,78.4,43.8,2,False,2019-4-simi__vs__tommy,8,7,False,False,False,True,False,True,1.0,6.0,0.14285714285714285,34.60000000000001,34.60000000000001,True,False,False,0.6415711947626842,0.35842880523731585,True,False,False,False
2019,4,Juschka,Ritz,100.6,85.92,6,False,2019-4-juschka__vs__ritz,8,4,False,False,False,False,True,False,4.0,3.0,0.5714285714285714,14.679999999999993,14.679999999999993,True,False,False,0.5393523482736436,0.46064765172635647,False,False,False,False
2019,4,Kessi,Erik,103.5,104.38,3,False,2019-4-erik__vs__kessi,8,3,False,False,True,False,True,False,5.0,2.0,0.7142857142857143,-0.8799999999999955,0.8799999999999955,False,True,False,0.49788339426592265,0.5021166057340773,False,False,False,True
2019,5,Benni,Erik,98.72,113.84,6,False,2019-5-benni__vs__erik,8,7,False,False,False,True,False,True,1.0,6.0,0.14285714285714285,-15.120000000000005,15.120000000000005,False,True,False,0.46443357169740307,0.5355664283025969,False,False,False,False
2019,5,Erik,Benni,113.84,98.72,1,False,2019-5-benni__vs__erik,8,5,False,False,False,False,False,True,3.0,4.0,0.42857142857142855,15.120000000000005,15.120000000000005,True,False,False,0.5355664283025969,0.46443357169740307,False,False,False,False
2019,5,Ritz,Tommy,118.22,128.96,8,False,2019-5-ritz__vs__tommy,8,4,False,False,False,False,True,False,4.0,3.0,0.5714285714285714,-10.740000000000009,10.740000000000009,False,True,False,0.47827494133829596,0.521725058661704,False,False,False,False
2019,5,Marv,Juschka,142.84,112.92,3,False,2019-5-juschka__vs__marv,8,1,True,False,True,False,True,False,7.0,0.0,1.0,29.92,29.92,True,False,False,0.5584923365655302,0.44150766343446984,False,False,False,False
2019,5,Simi,Kessi,122.12,95.36,4,False,2019-5-kessi__vs__simi,8,3,False,False,True,False,True,False,5.0,2.0,0.7142857142857143,26.760000000000005,26.760000000000005,True,False,False,0.5615228986573477,0.43847710134265216,False,False,False,False
2019,5,Tommy,Ritz,128.96,118.22,2,False,2019-5-ritz__vs__tommy,8,2,False,False,True,False,True,False,6.0,1.0,0.8571428571428571,10.740000000000009,10.740000000000009,True,False,False,0.521725058661704,0.47827494133829596,False,False,False,False
2019,5,Juschka,Marv,112.92,142.84,7,False,2019-5-juschka__vs__marv,8,6,False,False,False,True,False,True,2.0,5.0,0.2857142857142857,-29.92,29.92,False,True,False,0.44150766343446984,0.5584923365655302,False,False,False,False
2019,5,Kessi,Simi,95.36,122.12,5,False,2019-5-kessi__vs__simi,8,8,False,True,False,True,False,True,0.0,7.0,0.0,-26.760000000000005,26.760000000000005,False,True,False,0.43847710134265216,0.5615228986573477,False,False,False,False
2019,6,Benni,Simi,124.02,78.56,4,False,2019-6-benni__vs__simi,8,1,True,False,True,False,True,False,7.0,0.0,1.0,45.459999999999994,45.459999999999994,True,False,False,0.6122025866324415,0.3877974133675585,True,False,False,False
2019,6,Erik,Juschka,108.34,70.0,1,False,2019-6-erik__vs__juschka,8,3,False,False,True,False,True,False,5.0,2.0,0.7142857142857143,38.34,38.34,True,False,False,0.607491308736122,0.392508691263878,True,False,False,False
2019,6,Ritz,Kessi,107.94,77.04,8,False,2019-6-kessi__vs__ritz,8,4,False,False,False,False,True,False,4.0,3.0,0.5714285714285714,30.89999999999999,30.89999999999999,True,False,False,0.5835225429776192,0.4164774570223808,True,False,False,False
2019,6,Marv,Tommy,114.6,103.52,2,False,2019-6-marv__vs__tommy,8,2,False,False,True,False,True,False,6.0,1.0,0.8571428571428571,11.079999999999998,11.079999999999998,True,False,False,0.5253988630111864,0.47460113698881345,False,False,False,False
2019,6,Simi,Benni,78.56,124.02,5,False,2019-6-benni__vs__simi,8,6,False,False,False,True,False,True,2.0,5.0,0.2857142857142857,-45.459999999999994,45.459999999999994,False,True,False,0.3877974133675585,0.6122025866324415,False,True,False,False
2019,6,Tommy,Marv,103.52,114.6,3,False,2019-6-marv__vs__tommy,8,5,False,False,False,False,False,True,3.0,4.0,0.42857142857142855,-11.079999999999998,11.079999999999998,False,True,False,0.47460113698881345,0.5253988630111864,False,False,False,False
2019,6,Juschka,Erik,70.0,108.34,7,False,2019-6-erik__vs__juschka,8,8,False,True,False,True,False,True,0.0,7.0,0.0,-38.34,38.34,False,True,False,0.392508691263878,0.607491308736122,False,True,False,False
2019,6,Kessi,Ritz,77.04,107.94,6,False,2019-6-kessi__vs__ritz,8,7,False,False,False,True,False,True,1.0,6.0,0.14285714285714285,-30.89999999999999,30.89999999999999,False,True,False,0.4164774570223808,0.5835225429776192,False,True,False,False
2019,7,Benni,Juschka,96.68,99.24,4,False,2019-7-benni__vs__juschka,8,4,False,False,False,False,True,False,4.0,3.0,0.5714285714285714,-2.559999999999988,2.559999999999988,False,True,False,0.4934667211106574,0.5065332788893425,False,False,False,True
2019,7,Erik,Tommy,106.22,104.94,1,False,2019-7-erik__vs__tommy,8,1,True,False,True,False,True,False,7.0,0.0,1.0,1.2800000000000011,1.2800000000000011,True,False,False,0.5030308770600492,0.49696912293995077,False,False,True,False
2019,7,Ritz,Simi,58.56,93.56,8,False,2019-7-ritz__vs__simi,8,7,False,False,False,True,False,True,1.0,6.0,0.14285714285714285,-35.0,35.0,False,True,False,0.3849592427031291,0.6150407572968709,False,True,False,False
2019,7,Marv,Kessi,93.82,53.44,2,False,2019-7-kessi__vs__marv,8,5,False,False,False,False,False,True,3.0,4.0,0.42857142857142855,40.379999999999995,40.379999999999995,True,False,False,0.6371044411245416,0.3628955588754584,True,False,False,False
2019,7,Simi,Ritz,93.56,58.56,6,False,2019-7-ritz__vs__simi,8,6,False,False,False,True,False,True,2.0,5.0,0.2857142857142857,35.0,35.0,True,False,False,0.6150407572968709,0.3849592427031291,True,False,False,False
2019,7,Tommy,Erik,104.94,106.22,3,False,2019-7-erik__vs__tommy,8,2,False,False,True,False,True,False,6.0,1.0,0.8571428571428571,-1.2800000000000011,1.2800000000000011,False,True,False,0.49696912293995077,0.5030308770600492,False,False,False,True
2019,7,Juschka,Benni,99.24,96.68,5,False,2019-7-benni__vs__juschka,8,3,False,False,True,False,True,False,5.0,2.0,0.7142857142857143,2.559999999999988,2.559999999999988,True,False,False,0.5065332788893425,0.4934667211106574,False,False,True,False
2019,7,Kessi,Marv,53.44,93.82,7,False,2019-7-kessi__vs__marv,8,8,False,True,False,True,False,True,0.0,7.0,0.0,-40.379999999999995,40.379999999999995,False,True,False,0.3628955588754584,0.6371044411245416,False,True,False,False
2019,8,Benni,Simi,127.86,103.66,4,False,2019-8-benni__vs__simi,8,2,False,False,True,False,True,False,6.0,1.0,0.8571428571428571,24.200000000000003,24.200000000000003,True,False,False,0.5522633033863166,0.4477366966136835,False,False,False,False
2019,8,Erik,Ritz,123.2,74.1,1,False,2019-8-erik__vs__ritz,8,3,False,False,True,False,True,False,5.0,2.0,0.7142857142857143,49.10000000000001,49.10000000000001,True,False,False,0.6244298023314749,0.37557019766852506,True,False,False,False
2019,8,Ritz,Erik,74.1,123.2,8,False,2019-8-erik__vs__ritz,8,8,False,True,False,True,False,True,0.0,7.0,0.0,-49.10000000000001,49.10000000000001,False,True,False,0.37557019766852506,0.6244298023314749,False,True,False,False
2019,8,Marv,Juschka,143.76,97.68,2,False,2019-8-juschka__vs__marv,8,1,True,False,True,False,True,False,7.0,0.0,1.0,46.079999999999984,46.079999999999984,True,False,False,0.595427435387674,0.4045725646123261,True,False,False,False
2019,8,Simi,Benni,103.66,127.86,5,False,2019-8-benni__vs__simi,8,5,False,False,False,False,False,True,3.0,4.0,0.42857142857142855,-24.200000000000003,24.200000000000003,False,True,False,0.4477366966136835,0.5522633033863166,False,False,False,False
2019,8,Tommy,Kessi,103.5,111.68,3,False,2019-8-kessi__vs__tommy,8,6,False,False,False,True,False,True,2.0,5.0,0.2857142857142857,-8.180000000000007,8.180000000000007,False,True,False,0.48099265731015894,0.5190073426898411,False,False,False,False
2019,8,Juschka,Marv,97.68,143.76,7,False,2019-8-juschka__vs__marv,8,7,False,False,False,True,False,True,1.0,6.0,0.14285714285714285,-46.079999999999984,46.079999999999984,False,True,False,0.4045725646123261,0.595427435387674,False,True,False,False
2019,8,Kessi,Tommy,111.68,103.5,6,False,2019-8-kessi__vs__tommy,8,4,False,False,False,False,True,False,4.0,3.0,0.5714285714285714,8.180000000000007,8.180000000000007,True,False,False,0.5190073426898411,0.48099265731015894,False,False,False,False
2019,9,Benni,Tommy,74.64,79.74,4,False,2019-9-benni__vs__tommy,8,8,False,True,False,True,False,True,0.0,7.0,0.0,-5.099999999999994,5.099999999999994,False,True,False,0.4834823163622231,0.516517683637777,False,False,False,False
2019,9,Erik,Marv,113.22,148.64,1,False,2019-9-erik__vs__marv,8,2,False,False,True,False,True,False,6.0,1.0,0.8571428571428571,-35.41999999999999,35.41999999999999,False,True,False,0.43236844115176043,0.5676315588482395,False,True,False,False
2019,9,Ritz,Juschka,80.48,99.92,8,False,2019-9-juschka__vs__ritz,8,6,False,False,False,True,False,True,2.0,5.0,0.2857142857142857,-19.439999999999998,19.439999999999998,False,True,False,0.44611973392461196,0.553880266075388,False,False,False,False
2019,9,Marv,Erik,148.64,113.22,2,False,2019-9-erik__vs__marv,8,1,True,False,True,False,True,False,7.0,0.0,1.0,35.41999999999999,35.41999999999999,True,False,False,0.5676315588482395,0.43236844115176043,True,False,False,False
2019,9,Simi,Kessi,111.5,109.96,6,False,2019-9-kessi__vs__simi,8,3,False,False,True,False,True,False,5.0,2.0,0.7142857142857143,1.5400000000000063,1.5400000000000063,True,False,False,0.503476925855685,0.496523074144315,False,False,True,False
2019,9,Tommy,Benni,79.74,74.64,3,False,2019-9-benni__vs__tommy,8,7,False,False,False,True,False,True,1.0,6.0,0.14285714285714285,5.099999999999994,5.099999999999994,True,False,False,0.516517683637777,0.4834823163622231,False,False,False,False
2019,9,Juschka,Ritz,99.92,80.48,5,False,2019-9-juschka__vs__ritz,8,5,False,False,False,False,False,True,3.0,4.0,0.42857142857142855,19.439999999999998,19.439999999999998,True,False,False,0.553880266075388,0.44611973392461196,False,False,False,False
2019,9,Kessi,Simi,109.96,111.5,7,False,2019-9-kessi__vs__simi,8,4,False,False,False,False,True,False,4.0,3.0,0.5714285714285714,-1.5400000000000063,1.5400000000000063,False,True,False,0.496523074144315,0.503476925855685,False,False,False,True
2019,10,Benni,Juschka,109.12,85.08,4,False,2019-10-benni__vs__juschka,8,5,False,False,False,False,False,True,3.0,4.0,0.42857142857142855,24.040000000000006,24.040000000000006,True,False,False,0.5618949536560248,0.4381050463439753,False,False,False,False
2019,10,Erik,Simi,155.72,110.92,1,False,2019-10-erik__vs__simi,8,1,True,False,True,False,True,False,7.0,0.0,1.0,44.8,44.8,True,False,False,0.584008400840084,0.415991599159916,True,False,False,False
2019,10,Ritz,Tommy,124.48,108.64,8,False,2019-10-ritz__vs__tommy,8,2,False,False,True,False,True,False,6.0,1.0,0.8571428571428571,15.840000000000003,15.840000000000003,True,False,False,0.5339739190116678,0.4660260809883322,False,False,False,False
2019,10,Marv,Kessi,111.16,64.28,2,False,2019-10-kessi__vs__marv,8,3,False,False,True,False,True,False,5.0,2.0,0.7142857142857143,46.879999999999995,46.879999999999995,True,False,False,0.6336069311445508,0.36639306885544914,True,False,False,False
2019,10,Simi,Erik,110.92,155.72,5,False,2019-10-erik__vs__simi,8,4,False,False,False,False,True,False,4.0,3.0,0.5714285714285714,-44.8,44.8,False,True,False,0.415991599159916,0.584008400840084,False,True,False,False
2019,10,Tommy,Ritz,108.64,124.48,3,False,2019-10-ritz__vs__tommy,8,6,False,False,False,True,False,True,2.0,5.0,0.2857142857142857,-15.840000000000003,15.840000000000003,False,True,False,0.4660260809883322,0.5339739190116678,False,False,False,False
2019,10,Juschka,Benni,85.08,109.12,6,False,2019-10-benni__vs__juschka,8,7,False,False,False,True,False,True,1.0,6.0,0.14285714285714285,-24.040000000000006,24.040000000000006,False,True,False,0.4381050463439753,0.5618949536560248,False,False,False,False
2019,10,Kessi,Marv,64.28,111.16,7,False,2019-10-kessi__vs__marv,8,8,False,True,False,True,False,True,0.0,7.0,0.0,-46.879999999999995,46.879999999999995,False,True,False,0.36639306885544914,0.6336069311445508,False,True,False,False
2019,11,Benni,Erik,64.64,126.48,4,False,2019-11-benni__vs__erik,8,7,False,False,False,True,False,True,1.0,6.0,0.14285714285714285,-61.84,61.84,False,True,False,0.3382168271243198,0.6617831728756802,False,True,False,False
2019,11,Erik,Benni,126.48,64.64,1,False,2019-11-benni__vs__erik,8,1,True,False,True,False,True,False,7.0,0.0,1.0,61.84,61.84,True,False,False,0.6617831728756802,0.3382168271243198,True,False,False,False
2019,11,Ritz,Marv,108.66,82.56,8,False,2019-11-marv__vs__ritz,8,2,False,False,True,False,True,False,6.0,1.0,0.8571428571428571,26.099999999999994,26.099999999999994,True,False,False,0.5682459993724506,0.43175400062754943,False,False,False,False
2019,11,Marv,Ritz,82.56,108.66,2,False,2019-11-marv__vs__ritz,8,6,False,False,False,True,False,True,2.0,5.0,0.2857142857142857,-26.099999999999994,26.099999999999994,False,True,False,0.43175400062754943,0.5682459993724506,False,False,False,False
2019,11,Simi,Tommy,59.24,102.08,5,False,2019-11-simi__vs__tommy,8,8,False,True,False,True,False,True,0.0,7.0,0.0,-42.839999999999996,42.839999999999996,False,True,False,0.36722043144061495,0.6327795685593851,False,True,False,False
2019,11,Tommy,Simi,102.08,59.24,3,False,2019-11-simi__vs__tommy,8,5,False,False,False,False,False,True,3.0,4.0,0.42857142857142855,42.839999999999996,42.839999999999996,True,False,False,0.6327795685593851,0.36722043144061495,True,False,False,False
2019,11,Juschka,Kessi,102.36,105.92,7,False,2019-11-juschka__vs__kessi,8,4,False,False,False,False,True,False,4.0,3.0,0.5714285714285714,-3.5600000000000023,3.5600000000000023,False,True,False,0.49145381217591705,0.508546187824083,False,False,False,True
2019,11,Kessi,Juschka,105.92,102.36,6,False,2019-11-juschka__vs__kessi,8,3,False,False,True,False,True,False,5.0,2.0,0.7142857142857143,3.5600000000000023,3.5600000000000023,True,False,False,0.508546187824083,0.49145381217591705,False,False,True,False
2019,12,Benni,Marv,96.64,74.82,4,False,2019-12-benni__vs__marv,8,4,False,False,False,False,True,False,4.0,3.0,0.5714285714285714,21.820000000000007,21.820000000000007,True,False,False,0.5636300011664529,0.4363699988335472,False,False,False,False
2019,12,Erik,Tommy,134.16,112.96,1,False,2019-12-erik__vs__tommy,8,1,True,False,True,False,True,False,7.0,0.0,1.0,21.200000000000003,21.200000000000003,True,False,False,0.5428941404985432,0.45710585950145677,False,False,False,False
2019,12,Ritz,Kessi,89.58,81.84,7,False,2019-12-kessi__vs__ritz,8,5,False,False,False,False,False,True,3.0,4.0,0.42857142857142855,7.739999999999995,7.739999999999995,True,False,False,0.5225761288064402,0.47742387119355967,False,False,False,False
2019,12,Marv,Benni,74.82,96.64,2,False,2019-12-benni__vs__marv,8,8,False,True,False,True,False,True,0.0,7.0,0.0,-21.820000000000007,21.820000000000007,False,True,False,0.4363699988335472,0.5636300011664529,False,False,False,False
2019,12,Simi,Juschka,100.18,76.2,5,False,2019-12-juschka__vs__simi,8,3,False,False,True,False,True,False,5.0,2.0,0.7142857142857143,23.980000000000004,23.980000000000004,True,False,False,0.5679782288241297,0.4320217711758703,False,False,False,False
2019,12,Tommy,Erik,112.96,134.16,3,False,2019-12-erik__vs__tommy,8,2,False,False,True,False,True,False,6.0,1.0,0.8571428571428571,-21.200000000000003,21.200000000000003,False,True,False,0.45710585950145677,0.5428941404985432,False,False,False,False
2019,12,Juschka,Simi,76.2,100.18,6,False,2019-12-juschka__vs__simi,8,7,False,False,False,True,False,True,1.0,6.0,0.14285714285714285,-23.980000000000004,23.980000000000004,False,True,False,0.4320217711758703,0.5679782288241297,False,False,False,False
2019,12,Kessi,Ritz,81.84,89.58,8,False,2019-12-kessi__vs__ritz,8,6,False,False,False,True,False,True,2.0,5.0,0.2857142857142857,-7.739999999999995,7.739999999999995,False,True,False,0.47742387119355967,0.5225761288064402,False,False,False,False
2019,13,Benni,Kessi,114.92,61.86,3,False,2019-13-benni__vs__kessi,8,1,True,False,True,False,True,False,7.0,0.0,1.0,53.06,53.06,True,False,False,0.6500735377305125,0.3499264622694875,True,False,False,False
2019,13,Erik,Juschka,68.94,85.4,1,False,2019-13-erik__vs__juschka,8,7,False,False,False,True,False,True,1.0,6.0,0.14285714285714285,-16.460000000000008,16.460000000000008,False,True,False,0.4466761694959181,0.553323830504082,False,False,False,False
2019,13,Ritz,Simi,92.2,95.54,7,False,2019-13-ritz__vs__simi,8,4,False,False,False,False,True,False,4.0,3.0,0.5714285714285714,-3.3400000000000034,3.3400000000000034,False,True,False,0.49110471929263877,0.5088952807073612,False,False,False,True
2019,13,Marv,Tommy,109.86,74.4,2,False,2019-13-marv__vs__tommy,8,2,False,False,True,False,True,False,6.0,1.0,0.8571428571428571,35.459999999999994,35.459999999999994,True,False,False,0.5962227287528492,0.4037772712471508,True,False,False,False
2019,13,Simi,Ritz,95.54,92.2,5,False,2019-13-ritz__vs__simi,8,3,False,False,True,False,True,False,5.0,2.0,0.7142857142857143,3.3400000000000034,3.3400000000000034,True,False,False,0.5088952807073612,0.49110471929263877,False,False,True,False
2019,13,Tommy,Marv,74.4,109.86,4,False,2019-13-marv__vs__tommy,8,6,False,False,False,True,False,True,2.0,5.0,0.2857142857142857,-35.459999999999994,35.459999999999994,False,True,False,0.4037772712471508,0.5962227287528492,False,True,False,False
2019,13,Juschka,Erik,85.4,68.94,6,False,2019-13-erik__vs__juschka,8,5,False,False,False,False,False,True,3.0,4.0,0.42857142857142855,16.460000000000008,16.460000000000008,True,False,False,0.553323830504082,0.4466761694959181,False,False,False,False
2019,13,Kessi,Benni,61.86,114.92,8,False,2019-13-benni__vs__kessi,8,8,False,True,False,True,False,True,0.0,7.0,0.0,-53.06,53.06,False,True,False,0.3499264622694875,0.6500735377305125,False,True,False,False
2019,14,Benni,Ritz,63.9,103.16,3,False,2019-14-benni__vs__ritz,8,8,False,True,False,True,False,True,0.0,7.0,0.0,-39.26,39.26,False,True,False,0.38249730635699747,0.6175026936430025,False,True,False,False
2019,14,Erik,Kessi,101.9,166.46,1,False,2019-14-erik__vs__kessi,8,4,False,False,False,False,True,False,4.0,3.0,0.5714285714285714,-64.56,64.56,False,True,False,0.3797138172603965,0.6202861827396036,False,True,False,False
2019,14,Ritz,Benni,103.16,63.9,7,False,2019-14-benni__vs__ritz,8,3,False,False,True,False,True,False,5.0,2.0,0.7142857142857143,39.26,39.26,True,False,False,0.6175026936430025,0.38249730635699747,True,False,False,False
2019,14,Marv,Simi,104.88,76.48,2,False,2019-14-marv__vs__simi,8,2,False,False,True,False,True,False,6.0,1.0,0.8571428571428571,28.39999999999999,28.39999999999999,True,False,False,0.5782973092192324,0.4217026907807675,False,False,False,False
2019,14,Simi,Marv,76.48,104.88,6,False,2019-14-marv__vs__simi,8,7,False,False,False,True,False,True,1.0,6.0,0.14285714285714285,-28.39999999999999,28.39999999999999,False,True,False,0.4217026907807675,0.5782973092192324,False,False,False,False
2019,14,Tommy,Juschka,87.22,95.1,4,False,2019-14-juschka__vs__tommy,8,6,False,False,False,True,False,True,2.0,5.0,0.2857142857142857,-7.8799999999999955,7.8799999999999955,False,True,False,0.47838964458095656,0.5216103554190434,False,False,False,False
2019,14,Juschka,Tommy,95.1,87.22,5,False,2019-14-juschka__vs__tommy,8,5,False,False,False,False,False,True,3.0,4.0,0.42857142857142855,7.8799999999999955,7.8799999999999955,True,False,False,0.5216103554190434,0.47838964458095656,False,False,False,False
2019,14,Kessi,Erik,166.46,101.9,8,False,2019-14-erik__vs__kessi,8,1,True,False,True,False,True,False,7.0,0.0,1.0,64.56,64.56,True,False,False,0.6202861827396036,0.3797138172603965,True,False,False,False
2019,15,Benni,Marv,132.86,134.62,3,True,2019-15-benni__vs__marv,8,3,False,False,True,False,True,False,5.0,2.0,0.7142857142857143,-1.759999999999991,1.759999999999991,False,True,False,0.496710034395095,0.503289965604905,False,False,False,True
2019,15,Erik,Tommy,142.38,83.2,1,True,2019-15-erik__vs__tommy,8,1,True,False,True,False,True,False,7.0,0.0,1.0,59.17999999999999,59.17999999999999,True,False,False,0.6311729763276887,0.3688270236723114,True,False,False,False
2019,15,Ritz,Simi,88.28,97.52,7,True,2019-15-ritz__vs__simi,8,6,False,False,False,True,False,True,2.0,5.0,0.2857142857142857,-9.239999999999995,9.239999999999995,False,True,False,0.47513455328310006,0.5248654467168998,False,False,False,False
2019,15,Marv,Benni,134.62,132.86,2,True,2019-15-benni__vs__marv,8,2,False,False,True,False,True,False,6.0,1.0,0.8571428571428571,1.759999999999991,1.759999999999991,True,False,False,0.503289965604905,0.496710034395095,False,False,True,False
2019,15,Simi,Ritz,97.52,88.28,6,True,2019-15-ritz__vs__simi,8,5,False,False,False,False,False,True,3.0,4.0,0.42857142857142855,9.239999999999995,9.239999999999995,True,False,False,0.5248654467168998,0.47513455328310006,False,False,False,False
2019,15,Tommy,Erik,83.2,142.38,4,True,2019-15-erik__vs__tommy,8,7,False,False,False,True,False,True,1.0,6.0,0.14285714285714285,-59.17999999999999,59.17999999999999,False,True,False,0.3688270236723114,0.6311729763276887,False,True,False,False
2019,15,Juschka,Kessi,82.44,113.88,5,True,2019-15-juschka__vs__kessi,8,8,False,True,False,True,False,True,0.0,7.0,0.0,-31.439999999999998,31.439999999999998,False,True,False,0.41992665036674814,0.5800733496332519,False,True,False,False
2019,15,Kessi,Juschka,113.88,82.44,8,True,2019-15-juschka__vs__kessi,8,4,False,False,False,False,True,False,4.0,3.0,0.5714285714285714,31.439999999999998,31.439999999999998,True,False,False,0.5800733496332519,0.41992665036674814,True,False,False,False
2019,16,Benni,Tommy,99.9,122.54,3,True,2019-16-benni__vs__tommy,8,5,False,False,False,False,False,True,3.0,4.0,0.42857142857142855,-22.64,22.64,False,True,False,0.4491098723251214,0.5508901276748787,False,False,False,False
2019,16,Erik,Marv,112.02,125.46,1,True,2019-16-erik__vs__marv,8,4,False,False,False,False,True,False,4.0,3.0,0.5714285714285714,-13.439999999999998,13.439999999999998,False,True,False,0.47170288024254675,0.5282971197574533,False,False,False,False
2019,16,Ritz,Juschka,69.7,78.56,7,True,2019-16-juschka__vs__ritz,8,8,False,True,False,True,False,True,0.0,7.0,0.0,-8.86,8.86,False,True,False,0.47012005935518686,0.5298799406448133,False,False,False,False
2019,16,Marv,Erik,125.46,112.02,2,True,2019-16-erik__vs__marv,8,2,False,False,True,False,True,False,6.0,1.0,0.8571428571428571,13.439999999999998,13.439999999999998,True,False,False,0.5282971197574533,0.47170288024254675,False,False,False,False
2019,16,Simi,Kessi,133.46,91.66,6,True,2019-16-kessi__vs__simi,8,1,True,False,True,False,True,False,7.0,0.0,1.0,41.80000000000001,41.80000000000001,True,False,False,0.5928393745557925,0.4071606254442075,True,False,False,False
2019,16,Tommy,Benni,122.54,99.9,4,True,2019-16-benni__vs__tommy,8,3,False,False,True,False,True,False,5.0,2.0,0.7142857142857143,22.64,22.64,True,False,False,0.5508901276748787,0.4491098723251214,False,False,False,False
2019,16,Juschka,Ritz,78.56,69.7,5,True,2019-16-juschka__vs__ritz,8,7,False,False,False,True,False,True,1.0,6.0,0.14285714285714285,8.86,8.86,True,False,False,0.5298799406448133,0.47012005935518686,False,False,False,False
2019,16,Kessi,Simi,91.66,133.46,8,True,2019-16-kessi__vs__simi,8,6,False,False,False,True,False,True,2.0,5.0,0.2857142857142857,-41.80000000000001,41.80000000000001,False,True,False,0.4071606254442075,0.5928393745557925,False,True,False,False
2020,1,Benni,Simi,114.7,89.68,3,False,2020-1-benni__vs__simi,8,4,False,False,False,False,True,False,4.0,3.0,0.5714285714285714,25.019999999999996,25.019999999999996,True,False,False,0.5612095116939035,0.4387904883060965,False,False,False,False
2020,1,Erik,Juschka,123.7,120.84,1,False,2020-1-erik__vs__juschka,8,1,True,False,True,False,True,False,7.0,0.0,1.0,2.8599999999999994,2.8599999999999994,True,False,False,0.5058477140754069,0.4941522859245931,False,False,True,False
2020,1,Ritz,Marv,106.2,120.24,6,False,2020-1-marv__vs__ritz,8,6,False,False,False,True,False,True,2.0,5.0,0.2857142857142857,-14.039999999999992,14.039999999999992,False,True,False,0.46899841017488075,0.5310015898251192,False,False,False,False
2020,1,Marv,Ritz,120.24,106.2,2,False,2020-1-marv__vs__ritz,8,3,False,False,True,False,True,False,5.0,2.0,0.7142857142857143,14.039999999999992,14.039999999999992,True,False,False,0.5310015898251192,0.46899841017488075,False,False,False,False
2020,1,Simi,Benni,89.68,114.7,7,False,2020-1-benni__vs__simi,8,7,False,False,False,True,False,True,1.0,6.0,0.14285714285714285,-25.019999999999996,25.019999999999996,False,True,False,0.4387904883060965,0.5612095116939035,False,False,False,False
2020,1,Tommy,Kessi,57.8,110.42,8,False,2020-1-kessi__vs__tommy,8,8,False,True,False,True,False,True,0.0,7.0,0.0,-52.620000000000005,52.620000000000005,False,True,False,0.34359766971822614,0.6564023302817739,False,True,False,False
2020,1,Juschka,Erik,120.84,123.7,5,False,2020-1-erik__vs__juschka,8,2,False,False,True,False,True,False,6.0,1.0,0.8571428571428571,-2.8599999999999994,2.8599999999999994,False,True,False,0.4941522859245931,0.5058477140754069,False,False,False,True
2020,1,Kessi,Tommy,110.42,57.8,4,False,2020-1-kessi__vs__tommy,8,5,False,False,False,False,False,True,3.0,4.0,0.42857142857142855,52.620000000000005,52.620000000000005,True,False,False,0.6564023302817739,0.34359766971822614,True,False,False,False
2020,2,Benni,Kessi,94.26,106.0,5,False,2020-2-benni__vs__kessi,8,6,False,False,False,True,False,True,2.0,5.0,0.2857142857142857,-11.739999999999995,11.739999999999995,False,True,False,0.4706881054628983,0.5293118945371018,False,False,False,False
2020,2,Erik,Simi,133.54,87.22,2,False,2020-2-erik__vs__simi,8,2,False,False,True,False,True,False,6.0,1.0,0.8571428571428571,46.31999999999999,46.31999999999999,True,False,False,0.6049103098387388,0.3950896901612611,True,False,False,False
2020,2,Ritz,Tommy,129.3,89.38,4,False,2020-2-ritz__vs__tommy,8,3,False,False,True,False,True,False,5.0,2.0,0.7142857142857143,39.920000000000016,39.920000000000016,True,False,False,0.5912749222608378,0.4087250777391622,True,False,False,False
2020,2,Marv,Juschka,140.9,119.48,1,False,2020-2-juschka__vs__marv,8,1,True,False,True,False,True,False,7.0,0.0,1.0,21.42,21.42,True,False,False,0.5411321914125509,0.45886780858744913,False,False,False,False
2020,2,Simi,Erik,87.22,133.54,7,False,2020-2-erik__vs__simi,8,8,False,True,False,True,False,True,0.0,7.0,0.0,-46.31999999999999,46.31999999999999,False,True,False,0.3950896901612611,0.6049103098387388,False,True,False,False
2020,2,Tommy,Ritz,89.38,129.3,8,False,2020-2-ritz__vs__tommy,8,7,False,False,False,True,False,True,1.0,6.0,0.14285714285714285,-39.920000000000016,39.920000000000016,False,True,False,0.4087250777391622,0.5912749222608378,False,True,False,False
2020,2,Juschka,Marv,119.48,140.9,6,False,2020-2-juschka__vs__marv,8,4,False,False,False,False,True,False,4.0,3.0,0.5714285714285714,-21.42,21.42,False,True,False,0.45886780858744913,0.5411321914125509,False,False,False,False
2020,2,Kessi,Benni,106.0,94.26,3,False,2020-2-benni__vs__kessi,8,5,False,False,False,False,False,True,3.0,4.0,0.42857142857142855,11.739999999999995,11.739999999999995,True,False,False,0.5293118945371018,0.4706881054628983,False,False,False,False
2020,3,Benni,Erik,118.88,110.3,3,False,2020-3-benni__vs__erik,8,3,False,False,True,False,True,False,5.0,2.0,0.7142857142857143,8.579999999999998,8.579999999999998,True,False,False,0.5187189108997294,0.4812810891002705,False,False,False,False
2020,3,Erik,Benni,110.3,118.88,4,False,2020-3-benni__vs__erik,8,5,False,False,False,False,False,True,3.0,4.0,0.42857142857142855,-8.579999999999998,8.579999999999998,False,True,False,0.4812810891002705,0.5187189108997294,False,False,False,False
2020,3,Ritz,Juschka,82.48,140.0,6,False,2020-3-juschka__vs__ritz,8,8,False,True,False,True,False,True,0.0,7.0,0.0,-57.519999999999996,57.519999999999996,False,True,False,0.3707299532542251,0.6292700467457748,False,True,False,False
2020,3,Marv,Kessi,114.08,103.26,1,False,2020-3-kessi__vs__marv,8,4,False,False,False,False,True,False,4.0,3.0,0.5714285714285714,10.819999999999993,10.819999999999993,True,False,False,0.5248918744823778,0.47510812551762216,False,False,False,False
2020,3,Simi,Tommy,122.7,102.4,7,False,2020-3-simi__vs__tommy,8,2,False,False,True,False,True,False,6.0,1.0,0.8571428571428571,20.299999999999997,20.299999999999997,True,False,False,0.5450910706352732,0.45490892936472677,False,False,False,False
2020,3,Tommy,Simi,102.4,122.7,8,False,2020-3-simi__vs__tommy,8,7,False,False,False,True,False,True,1.0,6.0,0.14285714285714285,-20.299999999999997,20.299999999999997,False,True,False,0.45490892936472677,0.5450910706352732,False,False,False,False
2020,3,Juschka,Ritz,140.0,82.48,5,False,2020-3-juschka__vs__ritz,8,1,True,False,True,False,True,False,7.0,0.0,1.0,57.519999999999996,57.519999999999996,True,False,False,0.6292700467457748,0.3707299532542251,True,False,False,False
2020,3,Kessi,Marv,103.26,114.08,2,False,2020-3-kessi__vs__marv,8,6,False,False,False,True,False,True,2.0,5.0,0.2857142857142857,-10.819999999999993,10.819999999999993,False,True,False,0.47510812551762216,0.5248918744823778,False,False,False,False
2020,4,Benni,Tommy,87.92,90.4,3,False,2020-4-benni__vs__tommy,8,6,False,False,False,True,False,True,2.0,5.0,0.2857142857142857,-2.480000000000004,2.480000000000004,False,True,False,0.49304620906235985,0.5069537909376403,False,False,False,True
2020,4,Erik,Ritz,80.52,93.08,6,False,2020-4-erik__vs__ritz,8,8,False,True,False,True,False,True,0.0,7.0,0.0,-12.560000000000002,12.560000000000002,False,True,False,0.46382488479262673,0.5361751152073733,False,False,False,False
2020,4,Ritz,Erik,93.08,80.52,4,False,2020-4-erik__vs__ritz,8,4,False,False,False,False,True,False,4.0,3.0,0.5714285714285714,12.560000000000002,12.560000000000002,True,False,False,0.5361751152073733,0.46382488479262673,False,False,False,False
2020,4,Marv,Simi,137.38,101.58,1,False,2020-4-marv__vs__simi,8,1,True,False,True,False,True,False,7.0,0.0,1.0,35.8,35.8,True,False,False,0.5749079343823235,0.42509206561767665,True,False,False,False
2020,4,Simi,Marv,101.58,137.38,7,False,2020-4-marv__vs__simi,8,3,False,False,True,False,True,False,5.0,2.0,0.7142857142857143,-35.8,35.8,False,True,False,0.42509206561767665,0.5749079343823235,False,True,False,False
2020,4,Tommy,Benni,90.4,87.92,8,False,2020-4-benni__vs__tommy,8,5,False,False,False,False,False,True,3.0,4.0,0.42857142857142855,2.480000000000004,2.480000000000004,True,False,False,0.5069537909376403,0.49304620906235985,False,False,True,False
2020,4,Juschka,Kessi,112.24,87.5,2,False,2020-4-juschka__vs__kessi,8,2,False,False,True,False,True,False,6.0,1.0,0.8571428571428571,24.739999999999995,24.739999999999995,True,False,False,0.5619305096625613,0.43806949033743864,False,False,False,False
2020,4,Kessi,Juschka,87.5,112.24,5,False,2020-4-juschka__vs__kessi,8,7,False,False,False,True,False,True,1.0,6.0,0.14285714285714285,-24.739999999999995,24.739999999999995,False,True,False,0.43806949033743864,0.5619305096625613,False,False,False,False
2020,5,Benni,Marv,102.1,126.54,5,False,2020-5-benni__vs__marv,8,5,False,False,False,False,False,True,3.0,4.0,0.42857142857142855,-24.440000000000012,24.440000000000012,False,True,False,0.44655353393981806,0.553446466060182,False,False,False,False
2020,5,Erik,Tommy,122.0,75.02,2,False,2020-5-erik__vs__tommy,8,2,False,False,True,False,True,False,6.0,1.0,0.8571428571428571,46.980000000000004,46.980000000000004,True,False,False,0.619226474469597,0.380773525530403,True,False,False,False
2020,5,Ritz,Kessi,85.14,113.36,6,False,2020-5-kessi__vs__ritz,8,7,False,False,False,True,False,True,1.0,6.0,0.14285714285714285,-28.22,28.22,False,True,False,0.4289168765743073,0.5710831234256927,False,False,False,False
2020,5,Marv,Benni,126.54,102.1,1,False,2020-5-benni__vs__marv,8,1,True,False,True,False,True,False,7.0,0.0,1.0,24.440000000000012,24.440000000000012,True,False,False,0.553446466060182,0.44655353393981806,False,False,False,False
2020,5,Simi,Juschka,86.18,117.4,7,False,2020-5-juschka__vs__simi,8,6,False,False,False,True,False,True,2.0,5.0,0.2857142857142857,-31.22,31.22,False,True,False,0.4233225267708026,0.5766774732291974,False,True,False,False
2020,5,Tommy,Erik,75.02,122.0,8,False,2020-5-erik__vs__tommy,8,8,False,True,False,True,False,True,0.0,7.0,0.0,-46.980000000000004,46.980000000000004,False,True,False,0.380773525530403,0.619226474469597,False,True,False,False
2020,5,Juschka,Simi,117.4,86.18,3,False,2020-5-juschka__vs__simi,8,3,False,False,True,False,True,False,5.0,2.0,0.7142857142857143,31.22,31.22,True,False,False,0.5766774732291974,0.4233225267708026,True,False,False,False
2020,5,Kessi,Ritz,113.36,85.14,4,False,2020-5-kessi__vs__ritz,8,4,False,False,False,False,True,False,4.0,3.0,0.5714285714285714,28.22,28.22,True,False,False,0.5710831234256927,0.4289168765743073,False,False,False,False
2020,6,Benni,Ritz,113.28,71.6,4,False,2020-6-benni__vs__ritz,8,1,True,False,True,False,True,False,7.0,0.0,1.0,41.68000000000001,41.68000000000001,True,False,False,0.6127217654694938,0.38727823453050625,True,False,False,False
2020,6,Erik,Marv,100.22,111.94,5,False,2020-6-erik__vs__marv,8,5,False,False,False,False,False,True,3.0,4.0,0.42857142857142855,-11.719999999999999,11.719999999999999,False,True,False,0.4723793363499246,0.5276206636500754,False,False,False,False
2020,6,Ritz,Benni,71.6,113.28,7,False,2020-6-benni__vs__ritz,8,8,False,True,False,True,False,True,0.0,7.0,0.0,-41.68000000000001,41.68000000000001,False,True,False,0.38727823453050625,0.6127217654694938,False,True,False,False
2020,6,Marv,Erik,111.94,100.22,1,False,2020-6-erik__vs__marv,8,3,False,False,True,False,True,False,5.0,2.0,0.7142857142857143,11.719999999999999,11.719999999999999,True,False,False,0.5276206636500754,0.4723793363499246,False,False,False,False
2020,6,Simi,Kessi,112.14,93.5,6,False,2020-6-kessi__vs__simi,8,2,False,False,True,False,True,False,6.0,1.0,0.8571428571428571,18.64,18.64,True,False,False,0.5453219218050963,0.45467807819490375,False,False,False,False
2020,6,Tommy,Juschka,90.14,103.3,8,False,2020-6-juschka__vs__tommy,8,7,False,False,False,True,False,True,1.0,6.0,0.14285714285714285,-13.159999999999997,13.159999999999997,False,True,False,0.46598428453267166,0.5340157154673284,False,False,False,False
2020,6,Juschka,Tommy,103.3,90.14,2,False,2020-6-juschka__vs__tommy,8,4,False,False,False,False,True,False,4.0,3.0,0.5714285714285714,13.159999999999997,13.159999999999997,True,False,False,0.5340157154673284,0.46598428453267166,False,False,False,False
2020,6,Kessi,Simi,93.5,112.14,3,False,2020-6-kessi__vs__simi,8,6,False,False,False,True,False,True,2.0,5.0,0.2857142857142857,-18.64,18.64,False,True,False,0.45467807819490375,0.5453219218050963,False,False,False,False
2020,7,Benni,Juschka,120.48,58.1,4,False,2020-7-benni__vs__juschka,8,2,False,False,True,False,True,False,6.0,1.0,0.8571428571428571,62.38,62.38,True,False,False,0.6746556165304065,0.32534438346959343,True,False,False,False
2020,7,Erik,Kessi,97.7,137.76,5,False,2020-7-erik__vs__kessi,8,7,False,False,False,True,False,True,1.0,6.0,0.14285714285714285,-40.05999999999999,40.05999999999999,False,True,False,0.41493247260681226,0.5850675273931878,False,True,False,False
2020,7,Ritz,Simi,107.42,116.52,7,False,2020-7-ritz__vs__simi,8,6,False,False,False,True,False,True,2.0,5.0,0.2857142857142857,-9.099999999999994,9.099999999999994,False,True,False,0.4796820576940252,0.5203179423059748,False,False,False,False
2020,7,Marv,Tommy,118.08,113.76,1,False,2020-7-marv__vs__tommy,8,3,False,False,True,False,True,False,5.0,2.0,0.7142857142857143,4.319999999999993,4.319999999999993,True,False,False,0.5093167701863354,0.49068322981366463,False,False,True,False
2020,7,Simi,Ritz,116.52,107.42,6,False,2020-7-ritz__vs__simi,8,4,False,False,False,False,True,False,4.0,3.0,0.5714285714285714,9.099999999999994,9.099999999999994,True,False,False,0.5203179423059748,0.4796820576940252,False,False,False,False
2020,7,Tommy,Marv,113.76,118.08,8,False,2020-7-marv__vs__tommy,8,5,False,False,False,False,False,True,3.0,4.0,0.42857142857142855,-4.319999999999993,4.319999999999993,False,True,False,0.49068322981366463,0.5093167701863354,False,False,False,True
2020,7,Juschka,Benni,58.1,120.48,2,False,2020-7-benni__vs__juschka,8,8,False,True,False,True,False,True,0.0,7.0,0.0,-62.38,62.38,False,True,False,0.32534438346959343,0.6746556165304065,False,True,False,False
2020,7,Kessi,Erik,137.76,97.7,3,False,2020-7-erik__vs__kessi,8,1,True,False,True,False,True,False,7.0,0.0,1.0,40.05999999999999,40.05999999999999,True,False,False,0.5850675273931878,0.41493247260681226,True,False,False,False
2020,8,Benni,Marv,93.42,141.92,3,False,2020-8-benni__vs__marv,8,6,False,False,False,True,False,True,2.0,5.0,0.2857142857142857,-48.499999999999986,48.499999999999986,False,True,False,0.3969575932693125,0.6030424067306875,False,True,False,False
2020,8,Erik,Simi,60.42,110.64,7,False,2020-8-erik__vs__simi,8,8,False,True,False,True,False,True,0.0,7.0,0.0,-50.22,50.22,False,True,False,0.3532094002104525,0.6467905997895476,False,True,False,False
2020,8,Ritz,Tommy,97.54,96.16,6,False,2020-8-ritz__vs__tommy,8,4,False,False,False,False,True,False,4.0,3.0,0.5714285714285714,1.3800000000000097,1.3800000000000097,True,False,False,0.5035622096024781,0.49643779039752195,False,False,True,False
2020,8,Marv,Benni,141.92,93.42,1,False,2020-8-benni__vs__marv,8,1,True,False,True,False,True,False,7.0,0.0,1.0,48.499999999999986,48.499999999999986,True,False,False,0.6030424067306875,0.3969575932693125,True,False,False,False
2020,8,Simi,Erik,110.64,60.42,4,False,2020-8-erik__vs__simi,8,3,False,False,True,False,True,False,5.0,2.0,0.7142857142857143,50.22,50.22,True,False,False,0.6467905997895476,0.3532094002104525,True,False,False,False
2020,8,Tommy,Ritz,96.16,97.54,8,False,2020-8-ritz__vs__tommy,8,5,False,False,False,False,False,True,3.0,4.0,0.42857142857142855,-1.3800000000000097,1.3800000000000097,False,True,False,0.49643779039752195,0.5035622096024781,False,False,False,True
2020,8,Juschka,Kessi,114.54,72.24,2,False,2020-8-juschka__vs__kessi,8,2,False,False,True,False,True,False,6.0,1.0,0.8571428571428571,42.30000000000001,42.30000000000001,True,False,False,0.6132348217153871,0.3867651782846129,True,False,False,False
2020,8,Kessi,Juschka,72.24,114.54,5,False,2020-8-juschka__vs__kessi,8,7,False,False,False,True,False,True,1.0,6.0,0.14285714285714285,-42.30000000000001,42.30000000000001,False,True,False,0.3867651782846129,0.6132348217153871,False,True,False,False
2020,9,Benni,Erik,93.5,97.92,4,False,2020-9-benni__vs__erik,8,5,False,False,False,False,False,True,3.0,4.0,0.42857142857142855,-4.420000000000002,4.420000000000002,False,True,False,0.4884547069271758,0.5115452930728241,False,False,False,True
2020,9,Erik,Benni,97.92,93.5,5,False,2020-9-benni__vs__erik,8,4,False,False,False,False,True,False,4.0,3.0,0.5714285714285714,4.420000000000002,4.420000000000002,True,False,False,0.5115452930728241,0.4884547069271758,False,False,True,False
2020,9,Ritz,Juschka,83.6,109.18,7,False,2020-9-juschka__vs__ritz,8,6,False,False,False,True,False,True,2.0,5.0,0.2857142857142857,-25.580000000000013,25.580000000000013,False,True,False,0.433654943458865,0.566345056541135,False,False,False,False
2020,9,Marv,Tommy,157.54,74.66,1,False,2020-9-marv__vs__tommy,8,1,True,False,True,False,True,False,7.0,0.0,1.0,82.88,82.88,True,False,False,0.6784668389319553,0.3215331610680448,True,False,False,False
2020,9,Simi,Kessi,79.5,105.24,6,False,2020-9-kessi__vs__simi,8,7,False,False,False,True,False,True,1.0,6.0,0.14285714285714285,-25.739999999999995,25.739999999999995,False,True,False,0.4303345241961676,0.5696654758038323,False,False,False,False
2020,9,Tommy,Marv,74.66,157.54,8,False,2020-9-marv__vs__tommy,8,8,False,True,False,True,False,True,0.0,7.0,0.0,-82.88,82.88,False,True,False,0.3215331610680448,0.6784668389319553,False,True,False,False
2020,9,Juschka,Ritz,109.18,83.6,2,False,2020-9-juschka__vs__ritz,8,2,False,False,True,False,True,False,6.0,1.0,0.8571428571428571,25.580000000000013,25.580000000000013,True,False,False,0.566345056541135,0.433654943458865,False,False,False,False
2020,9,Kessi,Simi,105.24,79.5,3,False,2020-9-kessi__vs__simi,8,3,False,False,True,False,True,False,5.0,2.0,0.7142857142857143,25.739999999999995,25.739999999999995,True,False,False,0.5696654758038323,0.4303345241961676,False,False,False,False
2020,10,Benni,Ritz,101.86,126.1,4,False,2020-10-benni__vs__ritz,8,3,False,False,True,False,True,False,5.0,2.0,0.7142857142857143,-24.239999999999995,24.239999999999995,False,True,False,0.44683277768029483,0.5531672223197053,False,False,False,False
2020,10,Erik,Juschka,74.8,110.28,7,False,2020-10-erik__vs__juschka,8,7,False,False,False,True,False,True,1.0,6.0,0.14285714285714285,-35.480000000000004,35.480000000000004,False,True,False,0.4041495569483467,0.5958504430516534,False,True,False,False
2020,10,Ritz,Benni,126.1,101.86,5,False,2020-10-benni__vs__ritz,8,1,True,False,True,False,True,False,7.0,0.0,1.0,24.239999999999995,24.239999999999995,True,False,False,0.5531672223197053,0.44683277768029483,False,False,False,False
2020,10,Marv,Kessi,81.08,71.42,1,False,2020-10-kessi__vs__marv,8,4,False,False,False,False,True,False,4.0,3.0,0.5714285714285714,9.659999999999997,9.659999999999997,True,False,False,0.531672131147541,0.46832786885245903,False,False,False,False
2020,10,Simi,Tommy,75.82,80.74,6,False,2020-10-simi__vs__tommy,8,6,False,False,False,True,False,True,2.0,5.0,0.2857142857142857,-4.920000000000002,4.920000000000002,False,True,False,0.4842871742462953,0.5157128257537046,False,False,False,True
2020,10,Tommy,Simi,80.74,75.82,8,False,2020-10-simi__vs__tommy,8,5,False,False,False,False,False,True,3.0,4.0,0.42857142857142855,4.920000000000002,4.920000000000002,True,False,False,0.5157128257537046,0.4842871742462953,False,False,True,False
2020,10,Juschka,Erik,110.28,74.8,2,False,2020-10-erik__vs__juschka,8,2,False,False,True,False,True,False,6.0,1.0,0.8571428571428571,35.480000000000004,35.480000000000004,True,False,False,0.5958504430516534,0.4041495569483467,True,False,False,False
2020,10,Kessi,Marv,71.42,81.08,3,False,2020-10-kessi__vs__marv,8,8,False,True,False,True,False,True,0.0,7.0,0.0,-9.659999999999997,9.659999999999997,False,True,False,0.46832786885245903,0.531672131147541,False,False,False,False
2020,11,Benni,Tommy,121.44,104.08,4,False,2020-11-benni__vs__tommy,8,4,False,False,False,False,True,False,4.0,3.0,0.5714285714285714,17.36,17.36,True,False,False,0.5384888258247605,0.46151117417523946,False,False,False,False
2020,11,Erik,Kessi,95.56,127.86,7,False,2020-11-erik__vs__kessi,8,6,False,False,False,True,False,True,2.0,5.0,0.2857142857142857,-32.3,32.3,False,True,False,0.4277146182078596,0.5722853817921403,False,True,False,False
2020,11,Ritz,Marv,88.94,122.4,6,False,2020-11-marv__vs__ritz,8,7,False,False,False,True,False,True,1.0,6.0,0.14285714285714285,-33.46000000000001,33.46000000000001,False,True,False,0.42083845935459446,0.5791615406454055,False,True,False,False
2020,11,Marv,Ritz,122.4,88.94,1,False,2020-11-marv__vs__ritz,8,3,False,False,True,False,True,False,5.0,2.0,0.7142857142857143,33.46000000000001,33.46000000000001,True,False,False,0.5791615406454055,0.42083845935459446,True,False,False,False
2020,11,Simi,Juschka,71.88,126.02,5,False,2020-11-juschka__vs__simi,8,8,False,True,False,True,False,True,0.0,7.0,0.0,-54.14,54.14,False,True,False,0.3632137443153108,0.6367862556846893,False,True,False,False
2020,11,Tommy,Benni,104.08,121.44,8,False,2020-11-benni__vs__tommy,8,5,False,False,False,False,False,True,3.0,4.0,0.42857142857142855,-17.36,17.36,False,True,False,0.46151117417523946,0.5384888258247605,False,False,False,False
2020,11,Juschka,Simi,126.02,71.88,2,False,2020-11-juschka__vs__simi,8,2,False,False,True,False,True,False,6.0,1.0,0.8571428571428571,54.14,54.14,True,False,False,0.6367862556846893,0.3632137443153108,True,False,False,False
2020,11,Kessi,Erik,127.86,95.56,3,False,2020-11-erik__vs__kessi,8,1,True,False,True,False,True,False,7.0,0.0,1.0,32.3,32.3,True,False,False,0.5722853817921403,0.4277146182078596,True,False,False,False
2020,12,Benni,Juschka,161.28,99.18,4,False,2020-12-benni__vs__juschka,8,1,True,False,True,False,True,False,7.0,0.0,1.0,62.099999999999994,62.099999999999994,True,False,False,0.6192121630960608,0.38078783690393914,True,False,False,False
2020,12,Erik,Tommy,74.7,94.26,6,False,2020-12-erik__vs__tommy,8,8,False,True,False,True,False,True,0.0,7.0,0.0,-19.560000000000002,19.560000000000002,False,True,False,0.4421164772727273,0.5578835227272727,False,False,False,False
2020,12,Ritz,Kessi,96.24,82.92,5,False,2020-12-kessi__vs__ritz,8,5,False,False,False,False,False,True,3.0,4.0,0.42857142857142855,13.319999999999993,13.319999999999993,True,False,False,0.537173476222371,0.46282652377762895,False,False,False,False
2020,12,Marv,Simi,106.54,96.8,1,False,2020-12-marv__vs__simi,8,2,False,False,True,False,True,False,6.0,1.0,0.8571428571428571,9.740000000000009,9.740000000000009,True,False,False,0.5239500344251008,0.47604996557489915,False,False,False,False
2020,12,Simi,Marv,96.8,106.54,7,False,2020-12-marv__vs__simi,8,4,False,False,False,False,True,False,4.0,3.0,0.5714285714285714,-9.740000000000009,9.740000000000009,False,True,False,0.47604996557489915,0.5239500344251008,False,False,False,False
2020,12,Tommy,Erik,94.26,74.7,8,False,2020-12-erik__vs__tommy,8,6,False,False,False,True,False,True,2.0,5.0,0.2857142857142857,19.560000000000002,19.560000000000002,True,False,False,0.5578835227272727,0.4421164772727273,False,False,False,False
2020,12,Juschka,Benni,99.18,161.28,2,False,2020-12-benni__vs__juschka,8,3,False,False,True,False,True,False,5.0,2.0,0.7142857142857143,-62.099999999999994,62.099999999999994,False,True,False,0.38078783690393914,0.6192121630960608,False,True,False,False
2020,12,Kessi,Ritz,82.92,96.24,3,False,2020-12-kessi__vs__ritz,8,7,False,False,False,True,False,True,1.0,6.0,0.14285714285714285,-13.319999999999993,13.319999999999993,False,True,False,0.46282652377762895,0.537173476222371,False,False,False,False
2020,13,Benni,Simi,94.8,73.52,4,False,2020-13-benni__vs__simi,8,4,False,False,False,False,True,False,4.0,3.0,0.5714285714285714,21.28,21.28,True,False,False,0.563212927756654,0.436787072243346,False,False,False,False
2020,13,Erik,Ritz,88.92,103.6,6,False,2020-13-erik__vs__ritz,8,6,False,False,False,True,False,True,2.0,5.0,0.2857142857142857,-14.679999999999993,14.679999999999993,False,True,False,0.46187409100353216,0.538125908996468,False,False,False,False
2020,13,Ritz,Erik,103.6,88.92,5,False,2020-13-erik__vs__ritz,8,3,False,False,True,False,True,False,5.0,2.0,0.7142857142857143,14.679999999999993,14.679999999999993,True,False,False,0.538125908996468,0.46187409100353216,False,False,False,False
2020,13,Marv,Juschka,92.06,134.22,1,False,2020-13-juschka__vs__marv,8,5,False,False,False,False,False,True,3.0,4.0,0.42857142857142855,-42.16,42.16,False,True,False,0.40684108184550116,0.5931589181544988,False,True,False,False
2020,13,Simi,Benni,73.52,94.8,7,False,2020-13-benni__vs__simi,8,7,False,False,False,True,False,True,1.0,6.0,0.14285714285714285,-21.28,21.28,False,True,False,0.436787072243346,0.563212927756654,False,False,False,False
2020,13,Tommy,Kessi,62.7,104.48,8,False,2020-13-kessi__vs__tommy,8,8,False,True,False,True,False,True,0.0,7.0,0.0,-41.78,41.78,False,True,False,0.3750448618255772,0.6249551381744228,False,True,False,False
2020,13,Juschka,Marv,134.22,92.06,2,False,2020-13-juschka__vs__marv,8,1,True,False,True,False,True,False,7.0,0.0,1.0,42.16,42.16,True,False,False,0.5931589181544988,0.40684108184550116,True,False,False,False
2020,13,Kessi,Tommy,104.48,62.7,3,False,2020-13-kessi__vs__tommy,8,2,False,False,True,False,True,False,6.0,1.0,0.8571428571428571,41.78,41.78,True,False,False,0.6249551381744228,0.3750448618255772,True,False,False,False
2020,14,Benni,Kessi,146.12,106.06,3,False,2020-14-benni__vs__kessi,8,1,True,False,True,False,True,False,7.0,0.0,1.0,40.06,40.06,True,False,False,0.57942739313189,0.4205726068681101,True,False,False,False
2020,14,Erik,Marv,123.66,93.92,6,False,2020-14-erik__vs__marv,8,2,False,False,True,False,True,False,6.0,1.0,0.8571428571428571,29.739999999999995,29.739999999999995,True,False,False,0.5683426785550143,0.4316573214449858,False,False,False,False
2020,14,Ritz,Simi,109.0,90.94,5,False,2020-14-ritz__vs__simi,8,3,False,False,True,False,True,False,5.0,2.0,0.7142857142857143,18.060000000000002,18.060000000000002,True,False,False,0.5451635490647194,0.4548364509352806,False,False,False,False
2020,14,Marv,Erik,93.92,123.66,1,False,2020-14-erik__vs__marv,8,6,False,False,False,True,False,True,2.0,5.0,0.2857142857142857,-29.739999999999995,29.739999999999995,False,True,False,0.4316573214449858,0.5683426785550143,False,False,False,False
2020,14,Simi,Ritz,90.94,109.0,7,False,2020-14-ritz__vs__simi,8,7,False,False,False,True,False,True,1.0,6.0,0.14285714285714285,-18.060000000000002,18.060000000000002,False,True,False,0.4548364509352806,0.5451635490647194,False,False,False,False
2020,14,Tommy,Juschka,101.08,86.92,8,False,2020-14-juschka__vs__tommy,8,5,False,False,False,False,False,True,3.0,4.0,0.42857142857142855,14.159999999999997,14.159999999999997,True,False,False,0.5376595744680851,0.4623404255319149,False,False,False,False
2020,14,Juschka,Tommy,86.92,101.08,2,False,2020-14-juschka__vs__tommy,8,8,False,True,False,True,False,True,0.0,7.0,0.0,-14.159999999999997,14.159999999999997,False,True,False,0.4623404255319149,0.5376595744680851,False,False,False,False
2020,14,Kessi,Benni,106.06,146.12,4,False,2020-14-benni__vs__kessi,8,4,False,False,False,False,True,False,4.0,3.0,0.5714285714285714,-40.06,40.06,False,True,False,0.4205726068681101,0.57942739313189,False,True,False,False
2020,15,Benni,Juschka,125.52,122.26,3,True,2020-15-benni__vs__juschka,8,2,False,False,True,False,True,False,6.0,1.0,0.8571428571428571,3.259999999999991,3.259999999999991,True,False,False,0.5065784163370732,0.4934215836629268,False,False,True,False
2020,15,Erik,Simi,136.64,58.44,6,True,2020-15-erik__vs__simi,8,1,True,False,True,False,True,False,7.0,0.0,1.0,78.19999999999999,78.19999999999999,True,False,False,0.7004305925774041,0.29956940742259586,True,False,False,False
2020,15,Ritz,Tommy,109.72,87.5,5,True,2020-15-ritz__vs__tommy,8,6,False,False,False,True,False,True,2.0,5.0,0.2857142857142857,22.22,22.22,True,False,False,0.5563330291045533,0.4436669708954467,False,False,False,False
2020,15,Marv,Kessi,111.86,116.72,1,True,2020-15-kessi__vs__marv,8,5,False,False,False,False,False,True,3.0,4.0,0.42857142857142855,-4.859999999999999,4.859999999999999,False,True,False,0.4893691486569254,0.5106308513430746,False,False,False,True
2020,15,Simi,Erik,58.44,136.64,7,True,2020-15-erik__vs__simi,8,8,False,True,False,True,False,True,0.0,7.0,0.0,-78.19999999999999,78.19999999999999,False,True,False,0.29956940742259586,0.7004305925774041,False,True,False,False
2020,15,Tommy,Ritz,87.5,109.72,8,True,2020-15-ritz__vs__tommy,8,7,False,False,False,True,False,True,1.0,6.0,0.14285714285714285,-22.22,22.22,False,True,False,0.4436669708954467,0.5563330291045533,False,False,False,False
2020,15,Juschka,Benni,122.26,125.52,2,True,2020-15-benni__vs__juschka,8,3,False,False,True,False,True,False,5.0,2.0,0.7142857142857143,-3.259999999999991,3.259999999999991,False,True,False,0.4934215836629268,0.5065784163370732,False,False,False,True
2020,15,Kessi,Marv,116.72,111.86,4,True,2020-15-kessi__vs__marv,8,4,False,False,False,False,True,False,4.0,3.0,0.5714285714285714,4.859999999999999,4.859999999999999,True,False,False,0.5106308513430746,0.4893691486569254,False,False,True,False
2020,16,Benni,Kessi,79.58,107.96,3,True,2020-16-benni__vs__kessi,8,7,False,False,False,True,False,True,1.0,6.0,0.14285714285714285,-28.379999999999995,28.379999999999995,False,True,False,0.4243361416231204,0.5756638583768796,False,False,False,False
2020,16,Erik,Ritz,109.08,149.44,6,True,2020-16-erik__vs__ritz,8,3,False,False,True,False,True,False,5.0,2.0,0.7142857142857143,-40.36,40.36,False,True,False,0.4219402754138945,0.5780597245861055,False,True,False,False
2020,16,Ritz,Erik,149.44,109.08,5,True,2020-16-erik__vs__ritz,8,1,True,False,True,False,True,False,7.0,0.0,1.0,40.36,40.36,True,False,False,0.5780597245861055,0.4219402754138945,True,False,False,False
2020,16,Marv,Juschka,106.42,127.52,1,True,2020-16-juschka__vs__marv,8,5,False,False,False,False,False,True,3.0,4.0,0.42857142857142855,-21.099999999999994,21.099999999999994,False,True,False,0.45490296657262547,0.5450970334273745,False,False,False,False
2020,16,Simi,Tommy,69.6,98.22,7,True,2020-16-simi__vs__tommy,8,8,False,True,False,True,False,True,0.0,7.0,0.0,-28.620000000000005,28.620000000000005,False,True,False,0.4147300679299249,0.585269932070075,False,False,False,False
2020,16,Tommy,Simi,98.22,69.6,8,True,2020-16-simi__vs__tommy,8,6,False,False,False,True,False,True,2.0,5.0,0.2857142857142857,28.620000000000005,28.620000000000005,True,False,False,0.585269932070075,0.4147300679299249,False,False,False,False
2020,16,Juschka,Marv,127.52,106.42,2,True,2020-16-juschka__vs__marv,8,2,False,False,True,False,True,False,6.0,1.0,0.8571428571428571,21.099999999999994,21.099999999999994,True,False,False,0.5450970334273745,0.45490296657262547,False,False,False,False
2020,16,Kessi,Benni,107.96,79.58,4,True,2020-16-benni__vs__kessi,8,4,False,False,False,False,True,False,4.0,3.0,0.5714285714285714,28.379999999999995,28.379999999999995,True,False,False,0.5756638583768796,0.4243361416231204,False,False,False,False
2021,1,Benni,Marv,82.22,105.9,7,False,2021-1-benni__vs__marv,8,7,False,False,False,True,False,True,1.0,6.0,0.14285714285714285,-23.680000000000007,23.680000000000007,False,True,False,0.43706145013820963,0.5629385498617904,False,False,False,False
2021,1,Erik,Tommy,110.26,98.68,2,False,2021-1-erik__vs__tommy,8,2,False,False,True,False,True,False,6.0,1.0,0.8571428571428571,11.579999999999998,11.579999999999998,True,False,False,0.5277113046807697,0.47228869531923046,False,False,False,False
2021,1,Ritz,Simi,146.22,104.68,1,False,2021-1-ritz__vs__simi,8,1,True,False,True,False,True,False,7.0,0.0,1.0,41.53999999999999,41.53999999999999,True,False,False,0.5827819848545237,0.4172180151454763,True,False,False,False
2021,1,Marv,Benni,105.9,82.22,4,False,2021-1-benni__vs__marv,8,4,False,False,False,False,True,False,4.0,3.0,0.5714285714285714,23.680000000000007,23.680000000000007,True,False,False,0.5629385498617904,0.43706145013820963,False,False,False,False
2021,1,Simi,Ritz,104.68,146.22,5,False,2021-1-ritz__vs__simi,8,5,False,False,False,False,False,True,3.0,4.0,0.42857142857142855,-41.53999999999999,41.53999999999999,False,True,False,0.4172180151454763,0.5827819848545237,False,True,False,False
2021,1,Tommy,Erik,98.68,110.26,6,False,2021-1-erik__vs__tommy,8,6,False,False,False,True,False,True,2.0,5.0,0.2857142857142857,-11.579999999999998,11.579999999999998,False,True,False,0.47228869531923046,0.5277113046807697,False,False,False,False
2021,1,Juschka,Kessi,80.3,107.46,8,False,2021-1-juschka__vs__kessi,8,8,False,True,False,True,False,True,0.0,7.0,0.0,-27.159999999999997,27.159999999999997,False,True,False,0.4276736259054112,0.5723263740945889,False,False,False,False
2021,1,Kessi,Juschka,107.46,80.3,3,False,2021-1-juschka__vs__kessi,8,3,False,False,True,False,True,False,5.0,2.0,0.7142857142857143,27.159999999999997,27.159999999999997,True,False,False,0.5723263740945889,0.4276736259054112,False,False,False,False
2021,2,Benni,Ritz,102.08,78.6,4,False,2021-2-benni__vs__ritz,8,4,False,False,False,False,True,False,4.0,3.0,0.5714285714285714,23.480000000000004,23.480000000000004,True,False,False,0.564976754483064,0.435023245516936,False,False,False,False
2021,2,Erik,Marv,97.72,60.66,2,False,2021-2-erik__vs__marv,8,5,False,False,False,False,False,True,3.0,4.0,0.42857142857142855,37.06,37.06,True,False,False,0.6169970955928779,0.3830029044071221,True,False,False,False
2021,2,Ritz,Benni,78.6,102.08,6,False,2021-2-benni__vs__ritz,8,6,False,False,False,True,False,True,2.0,5.0,0.2857142857142857,-23.480000000000004,23.480000000000004,False,True,False,0.435023245516936,0.564976754483064,False,False,False,False
2021,2,Marv,Erik,60.66,97.72,3,False,2021-2-erik__vs__marv,8,8,False,True,False,True,False,True,0.0,7.0,0.0,-37.06,37.06,False,True,False,0.3830029044071221,0.6169970955928779,False,True,False,False
2021,2,Simi,Kessi,117.22,155.5,7,False,2021-2-kessi__vs__simi,8,3,False,False,True,False,True,False,5.0,2.0,0.7142857142857143,-38.28,38.28,False,True,False,0.42981812848342615,0.5701818715165737,False,True,False,False
2021,2,Tommy,Juschka,63.42,145.26,8,False,2021-2-juschka__vs__tommy,8,7,False,False,False,True,False,True,1.0,6.0,0.14285714285714285,-81.83999999999999,81.83999999999999,False,True,False,0.3039102932719954,0.6960897067280045,False,True,False,False
2021,2,Juschka,Tommy,145.26,63.42,5,False,2021-2-juschka__vs__tommy,8,2,False,False,True,False,True,False,6.0,1.0,0.8571428571428571,81.83999999999999,81.83999999999999,True,False,False,0.6960897067280045,0.3039102932719954,True,False,False,False
2021,2,Kessi,Simi,155.5,117.22,1,False,2021-2-kessi__vs__simi,8,1,True,False,True,False,True,False,7.0,0.0,1.0,38.28,38.28,True,False,False,0.5701818715165737,0.42981812848342615,True,False,False,False
2021,3,Benni,Erik,138.92,79.94,2,False,2021-3-benni__vs__erik,8,1,True,False,True,False,True,False,7.0,0.0,1.0,58.97999999999999,58.97999999999999,True,False,False,0.6347436717536324,0.36525632824636756,True,False,False,False
2021,3,Erik,Benni,79.94,138.92,4,False,2021-3-benni__vs__erik,8,7,False,False,False,True,False,True,1.0,6.0,0.14285714285714285,-58.97999999999999,58.97999999999999,False,True,False,0.36525632824636756,0.6347436717536324,False,True,False,False
2021,3,Ritz,Kessi,73.48,120.94,5,False,2021-3-kessi__vs__ritz,8,8,False,True,False,True,False,True,0.0,7.0,0.0,-47.459999999999994,47.459999999999994,False,True,False,0.3779446558995988,0.6220553441004011,False,True,False,False
2021,3,Marv,Juschka,93.02,96.88,7,False,2021-3-juschka__vs__marv,8,4,False,False,False,False,True,False,4.0,3.0,0.5714285714285714,-3.8599999999999994,3.8599999999999994,False,True,False,0.48983675618746714,0.510163243812533,False,False,False,True
2021,3,Simi,Tommy,90.1,88.64,6,False,2021-3-simi__vs__tommy,8,5,False,False,False,False,False,True,3.0,4.0,0.42857142857142855,1.4599999999999937,1.4599999999999937,True,False,False,0.5040841445675281,0.49591585543247174,False,False,True,False
2021,3,Tommy,Simi,88.64,90.1,8,False,2021-3-simi__vs__tommy,8,6,False,False,False,True,False,True,2.0,5.0,0.2857142857142857,-1.4599999999999937,1.4599999999999937,False,True,False,0.49591585543247174,0.5040841445675281,False,False,False,True
2021,3,Juschka,Marv,96.88,93.02,3,False,2021-3-juschka__vs__marv,8,3,False,False,True,False,True,False,5.0,2.0,0.7142857142857143,3.8599999999999994,3.8599999999999994,True,False,False,0.510163243812533,0.48983675618746714,False,False,True,False
2021,3,Kessi,Ritz,120.94,73.48,1,False,2021-3-kessi__vs__ritz,8,2,False,False,True,False,True,False,6.0,1.0,0.8571428571428571,47.459999999999994,47.459999999999994,True,False,False,0.6220553441004011,0.3779446558995988,True,False,False,False
2021,4,Benni,Simi,93.02,76.52,2,False,2021-4-benni__vs__simi,8,6,False,False,False,True,False,True,2.0,5.0,0.2857142857142857,16.5,16.5,True,False,False,0.5486610829302819,0.45133891706971807,False,False,False,False
2021,4,Erik,Kessi,110.5,119.12,5,False,2021-4-erik__vs__kessi,8,4,False,False,False,False,True,False,4.0,3.0,0.5714285714285714,-8.620000000000005,8.620000000000005,False,True,False,0.4812298580263043,0.5187701419736956,False,False,False,False
2021,4,Ritz,Juschka,127.46,120.04,3,False,2021-4-juschka__vs__ritz,8,1,True,False,True,False,True,False,7.0,0.0,1.0,7.4199999999999875,7.4199999999999875,True,False,False,0.514989898989899,0.48501010101010106,False,False,False,False
2021,4,Marv,Tommy,83.72,96.68,8,False,2021-4-marv__vs__tommy,8,7,False,False,False,True,False,True,1.0,6.0,0.14285714285714285,-12.960000000000008,12.960000000000008,False,True,False,0.46407982261640796,0.535920177383592,False,False,False,False
2021,4,Simi,Benni,76.52,93.02,6,False,2021-4-benni__vs__simi,8,8,False,True,False,True,False,True,0.0,7.0,0.0,-16.5,16.5,False,True,False,0.45133891706971807,0.5486610829302819,False,False,False,False
2021,4,Tommy,Marv,96.68,83.72,7,False,2021-4-marv__vs__tommy,8,5,False,False,False,False,False,True,3.0,4.0,0.42857142857142855,12.960000000000008,12.960000000000008,True,False,False,0.535920177383592,0.46407982261640796,False,False,False,False
2021,4,Juschka,Ritz,120.04,127.46,4,False,2021-4-juschka__vs__ritz,8,2,False,False,True,False,True,False,6.0,1.0,0.8571428571428571,-7.4199999999999875,7.4199999999999875,False,True,False,0.48501010101010106,0.514989898989899,False,False,False,False
2021,4,Kessi,Erik,119.12,110.5,1,False,2021-4-erik__vs__kessi,8,3,False,False,True,False,True,False,5.0,2.0,0.7142857142857143,8.620000000000005,8.620000000000005,True,False,False,0.5187701419736956,0.4812298580263043,False,False,False,False
2021,5,Benni,Tommy,146.98,169.22,2,False,2021-5-benni__vs__tommy,8,2,False,False,True,False,True,False,6.0,1.0,0.8571428571428571,-22.24000000000001,22.24000000000001,False,True,False,0.46483238456672993,0.5351676154332701,False,False,False,False
2021,5,Erik,Ritz,107.82,103.14,4,False,2021-5-erik__vs__ritz,8,6,False,False,False,True,False,True,2.0,5.0,0.2857142857142857,4.679999999999993,4.679999999999993,True,False,False,0.5110921501706485,0.4889078498293516,False,False,True,False
2021,5,Ritz,Erik,103.14,107.82,6,False,2021-5-erik__vs__ritz,8,8,False,True,False,True,False,True,0.0,7.0,0.0,-4.679999999999993,4.679999999999993,False,True,False,0.4889078498293516,0.5110921501706485,False,False,False,True
2021,5,Marv,Kessi,115.9,105.56,7,False,2021-5-kessi__vs__marv,8,5,False,False,False,False,False,True,3.0,4.0,0.42857142857142855,10.340000000000003,10.340000000000003,True,False,False,0.5233450736024564,0.4766549263975436,False,False,False,False
2021,5,Simi,Juschka,130.28,145.28,8,False,2021-5-juschka__vs__simi,8,4,False,False,False,False,True,False,4.0,3.0,0.5714285714285714,-15.0,15.0,False,True,False,0.47278269705327336,0.5272173029467266,False,False,False,False
2021,5,Tommy,Benni,169.22,146.98,5,False,2021-5-benni__vs__tommy,8,1,True,False,True,False,True,False,7.0,0.0,1.0,22.24000000000001,22.24000000000001,True,False,False,0.5351676154332701,0.46483238456672993,False,False,False,False
2021,5,Juschka,Simi,145.28,130.28,3,False,2021-5-juschka__vs__simi,8,3,False,False,True,False,True,False,5.0,2.0,0.7142857142857143,15.0,15.0,True,False,False,0.5272173029467266,0.47278269705327336,False,False,False,False
2021,5,Kessi,Marv,105.56,115.9,1,False,2021-5-kessi__vs__marv,8,7,False,False,False,True,False,True,1.0,6.0,0.14285714285714285,-10.340000000000003,10.340000000000003,False,True,False,0.4766549263975436,0.5233450736024564,False,False,False,False
2021,6,Benni,Juschka,130.5,88.18,2,False,2021-6-benni__vs__juschka,8,2,False,False,True,False,True,False,6.0,1.0,0.8571428571428571,42.31999999999999,42.31999999999999,True,False,False,0.5967623925370404,0.4032376074629596,True,False,False,False
2021,6,Erik,Simi,93.7,109.98,4,False,2021-6-erik__vs__simi,8,6,False,False,False,True,False,True,2.0,5.0,0.2857142857142857,-16.28,16.28,False,True,False,0.4600353495679497,0.5399646504320503,False,False,False,False
2021,6,Ritz,Marv,113.98,126.62,6,False,2021-6-marv__vs__ritz,8,4,False,False,False,False,True,False,4.0,3.0,0.5714285714285714,-12.64,12.64,False,True,False,0.4737323358270989,0.526267664172901,False,False,False,False
2021,6,Marv,Ritz,126.62,113.98,5,False,2021-6-marv__vs__ritz,8,3,False,False,True,False,True,False,5.0,2.0,0.7142857142857143,12.64,12.64,True,False,False,0.526267664172901,0.4737323358270989,False,False,False,False
2021,6,Simi,Erik,109.98,93.7,7,False,2021-6-erik__vs__simi,8,5,False,False,False,False,False,True,3.0,4.0,0.42857142857142855,16.28,16.28,True,False,False,0.5399646504320503,0.4600353495679497,False,False,False,False
2021,6,Tommy,Kessi,86.4,139.66,8,False,2021-6-kessi__vs__tommy,8,8,False,True,False,True,False,True,0.0,7.0,0.0,-53.25999999999999,53.25999999999999,False,True,False,0.3821994160842255,0.6178005839157745,False,True,False,False
2021,6,Juschka,Benni,88.18,130.5,3,False,2021-6-benni__vs__juschka,8,7,False,False,False,True,False,True,1.0,6.0,0.14285714285714285,-42.31999999999999,42.31999999999999,False,True,False,0.4032376074629596,0.5967623925370404,False,True,False,False
2021,6,Kessi,Tommy,139.66,86.4,1,False,2021-6-kessi__vs__tommy,8,1,True,False,True,False,True,False,7.0,0.0,1.0,53.25999999999999,53.25999999999999,True,False,False,0.6178005839157745,0.3821994160842255,True,False,False,False
2021,7,Benni,Kessi,103.0,145.04,2,False,2021-7-benni__vs__kessi,8,4,False,False,False,False,True,False,4.0,3.0,0.5714285714285714,-42.03999999999999,42.03999999999999,False,True,False,0.4152556039348492,0.5847443960651507,False,True,False,False
2021,7,Erik,Juschka,102.14,92.38,3,False,2021-7-erik__vs__juschka,8,5,False,False,False,False,False,True,3.0,4.0,0.42857142857142855,9.760000000000005,9.760000000000005,True,False,False,0.5250873946123792,0.4749126053876208,False,False,False,False
2021,7,Ritz,Tommy,82.56,135.64,7,False,2021-7-ritz__vs__tommy,8,7,False,False,False,True,False,True,1.0,6.0,0.14285714285714285,-53.079999999999984,53.079999999999984,False,True,False,0.3783684692942255,0.6216315307057745,False,True,False,False
2021,7,Marv,Simi,114.84,66.44,4,False,2021-7-marv__vs__simi,8,3,False,False,True,False,True,False,5.0,2.0,0.7142857142857143,48.400000000000006,48.400000000000006,True,False,False,0.633495145631068,0.36650485436893204,True,False,False,False
2021,7,Simi,Marv,66.44,114.84,8,False,2021-7-marv__vs__simi,8,8,False,True,False,True,False,True,0.0,7.0,0.0,-48.400000000000006,48.400000000000006,False,True,False,0.36650485436893204,0.633495145631068,False,True,False,False
2021,7,Tommy,Ritz,135.64,82.56,6,False,2021-7-ritz__vs__tommy,8,2,False,False,True,False,True,False,6.0,1.0,0.8571428571428571,53.079999999999984,53.079999999999984,True,False,False,0.6216315307057745,0.3783684692942255,True,False,False,False
2021,7,Juschka,Erik,92.38,102.14,5,False,2021-7-erik__vs__juschka,8,6,False,False,False,True,False,True,2.0,5.0,0.2857142857142857,-9.760000000000005,9.760000000000005,False,True,False,0.4749126053876208,0.5250873946123792,False,False,False,False
2021,7,Kessi,Benni,145.04,103.0,1,False,2021-7-benni__vs__kessi,8,1,True,False,True,False,True,False,7.0,0.0,1.0,42.03999999999999,42.03999999999999,True,False,False,0.5847443960651507,0.4152556039348492,True,False,False,False
2021,8,Benni,Erik,91.4,104.62,4,False,2021-8-benni__vs__erik,8,5,False,False,False,False,False,True,3.0,4.0,0.42857142857142855,-13.219999999999999,13.219999999999999,False,True,False,0.466278951127436,0.533721048872564,False,False,False,False
2021,8,Erik,Benni,104.62,91.4,2,False,2021-8-benni__vs__erik,8,3,False,False,True,False,True,False,5.0,2.0,0.7142857142857143,13.219999999999999,13.219999999999999,True,False,False,0.533721048872564,0.466278951127436,False,False,False,False
2021,8,Ritz,Kessi,120.2,76.96,6,False,2021-8-kessi__vs__ritz,8,1,True,False,True,False,True,False,7.0,0.0,1.0,43.24000000000001,43.24000000000001,True,False,False,0.609657131263948,0.3903428687360519,True,False,False,False
2021,8,Marv,Juschka,111.26,99.56,3,False,2021-8-juschka__vs__marv,8,2,False,False,True,False,True,False,6.0,1.0,0.8571428571428571,11.700000000000003,11.700000000000003,True,False,False,0.5277487904373399,0.4722512095626601,False,False,False,False
2021,8,Simi,Tommy,83.9,73.92,7,False,2021-8-simi__vs__tommy,8,6,False,False,False,True,False,True,2.0,5.0,0.2857142857142857,9.980000000000004,9.980000000000004,True,False,False,0.5316182993283488,0.4683817006716513,False,False,False,False
2021,8,Tommy,Simi,73.92,83.9,8,False,2021-8-simi__vs__tommy,8,8,False,True,False,True,False,True,0.0,7.0,0.0,-9.980000000000004,9.980000000000004,False,True,False,0.4683817006716513,0.5316182993283488,False,False,False,False
2021,8,Juschka,Marv,99.56,111.26,5,False,2021-8-juschka__vs__marv,8,4,False,False,False,False,True,False,4.0,3.0,0.5714285714285714,-11.700000000000003,11.700000000000003,False,True,False,0.4722512095626601,0.5277487904373399,False,False,False,False
2021,8,Kessi,Ritz,76.96,120.2,1,False,2021-8-kessi__vs__ritz,8,7,False,False,False,True,False,True,1.0,6.0,0.14285714285714285,-43.24000000000001,43.24000000000001,False,True,False,0.3903428687360519,0.609657131263948,False,True,False,False
2021,9,Benni,Ritz,84.48,107.68,5,False,2021-9-benni__vs__ritz,8,6,False,False,False,True,False,True,2.0,5.0,0.2857142857142857,-23.200000000000003,23.200000000000003,False,True,False,0.43963363863447125,0.5603663613655286,False,False,False,False
2021,9,Erik,Marv,87.76,73.36,2,False,2021-9-erik__vs__marv,8,4,False,False,False,False,True,False,4.0,3.0,0.5714285714285714,14.400000000000006,14.400000000000006,True,False,False,0.544687189672294,0.45531281032770604,False,False,False,False
2021,9,Ritz,Benni,107.68,84.48,6,False,2021-9-benni__vs__ritz,8,2,False,False,True,False,True,False,6.0,1.0,0.8571428571428571,23.200000000000003,23.200000000000003,True,False,False,0.5603663613655286,0.43963363863447125,False,False,False,False
2021,9,Marv,Erik,73.36,87.76,3,False,2021-9-erik__vs__marv,8,8,False,True,False,True,False,True,0.0,7.0,0.0,-14.400000000000006,14.400000000000006,False,True,False,0.45531281032770604,0.544687189672294,False,False,False,False
2021,9,Simi,Kessi,76.34,108.94,8,False,2021-9-kessi__vs__simi,8,7,False,False,False,True,False,True,1.0,6.0,0.14285714285714285,-32.599999999999994,32.599999999999994,False,True,False,0.41202504317789296,0.5879749568221071,False,True,False,False
2021,9,Tommy,Juschka,101.04,87.24,4,False,2021-9-juschka__vs__tommy,8,3,False,False,True,False,True,False,5.0,2.0,0.7142857142857143,13.800000000000011,13.800000000000011,True,False,False,0.5366475462077757,0.46335245379222434,False,False,False,False
2021,9,Juschka,Tommy,87.24,101.04,7,False,2021-9-juschka__vs__tommy,8,5,False,False,False,False,False,True,3.0,4.0,0.42857142857142855,-13.800000000000011,13.800000000000011,False,True,False,0.46335245379222434,0.5366475462077757,False,False,False,False
2021,9,Kessi,Simi,108.94,76.34,1,False,2021-9-kessi__vs__simi,8,1,True,False,True,False,True,False,7.0,0.0,1.0,32.599999999999994,32.599999999999994,True,False,False,0.5879749568221071,0.41202504317789296,True,False,False,False
2021,10,Benni,Marv,106.6,64.54,3,False,2021-10-benni__vs__marv,8,2,False,False,True,False,True,False,6.0,1.0,0.8571428571428571,42.05999999999999,42.05999999999999,True,False,False,0.6228818511160453,0.37711814888395473,True,False,False,False
2021,10,Erik,Tommy,83.02,79.2,2,False,2021-10-erik__vs__tommy,8,5,False,False,False,False,False,True,3.0,4.0,0.42857142857142855,3.819999999999993,3.819999999999993,True,False,False,0.5117741338922451,0.4882258661077549,False,False,True,False
2021,10,Ritz,Simi,96.0,141.04,6,False,2021-10-ritz__vs__simi,8,3,False,False,True,False,True,False,5.0,2.0,0.7142857142857143,-45.03999999999999,45.03999999999999,False,True,False,0.4049949375632805,0.5950050624367196,False,True,False,False
2021,10,Marv,Benni,64.54,106.6,4,False,2021-10-benni__vs__marv,8,8,False,True,False,True,False,True,0.0,7.0,0.0,-42.05999999999999,42.05999999999999,False,True,False,0.37711814888395473,0.6228818511160453,False,True,False,False
2021,10,Simi,Ritz,141.04,96.0,5,False,2021-10-ritz__vs__simi,8,1,True,False,True,False,True,False,7.0,0.0,1.0,45.03999999999999,45.03999999999999,True,False,False,0.5950050624367196,0.4049949375632805,True,False,False,False
2021,10,Tommy,Erik,79.2,83.02,8,False,2021-10-erik__vs__tommy,8,6,False,False,False,True,False,True,2.0,5.0,0.2857142857142857,-3.819999999999993,3.819999999999993,False,True,False,0.4882258661077549,0.5117741338922451,False,False,False,True
2021,10,Juschka,Kessi,85.92,64.64,7,False,2021-10-juschka__vs__kessi,8,4,False,False,False,False,True,False,4.0,3.0,0.5714285714285714,21.28,21.28,True,False,False,0.5706695005313497,0.4293304994686504,False,False,False,False
2021,10,Kessi,Juschka,64.64,85.92,1,False,2021-10-juschka__vs__kessi,8,7,False,False,False,True,False,True,1.0,6.0,0.14285714285714285,-21.28,21.28,False,True,False,0.4293304994686504,0.5706695005313497,False,False,False,False
2021,11,Benni,Simi,121.74,78.6,3,False,2021-11-benni__vs__simi,8,2,False,False,True,False,True,False,6.0,1.0,0.8571428571428571,43.14,43.14,True,False,False,0.6076669661575322,0.3923330338424678,True,False,False,False
2021,11,Erik,Kessi,92.48,68.9,1,False,2021-11-erik__vs__kessi,8,5,False,False,False,False,False,True,3.0,4.0,0.42857142857142855,23.58,23.58,True,False,False,0.5730573800966663,0.4269426199033338,False,False,False,False
2021,11,Ritz,Juschka,172.2,120.62,6,False,2021-11-juschka__vs__ritz,8,1,True,False,True,False,True,False,7.0,0.0,1.0,51.579999999999984,51.579999999999984,True,False,False,0.5880745850693259,0.41192541493067414,True,False,False,False
2021,11,Marv,Tommy,89.16,109.88,5,False,2021-11-marv__vs__tommy,8,6,False,False,False,True,False,True,2.0,5.0,0.2857142857142857,-20.72,20.72,False,True,False,0.4479501607717042,0.5520498392282959,False,False,False,False
2021,11,Simi,Benni,78.6,121.74,8,False,2021-11-benni__vs__simi,8,7,False,False,False,True,False,True,1.0,6.0,0.14285714285714285,-43.14,43.14,False,True,False,0.3923330338424678,0.6076669661575322,False,True,False,False
2021,11,Tommy,Marv,109.88,89.16,4,False,2021-11-marv__vs__tommy,8,4,False,False,False,False,True,False,4.0,3.0,0.5714285714285714,20.72,20.72,True,False,False,0.5520498392282959,0.4479501607717042,False,False,False,False
2021,11,Juschka,Ritz,120.62,172.2,7,False,2021-11-juschka__vs__ritz,8,3,False,False,True,False,True,False,5.0,2.0,0.7142857142857143,-51.579999999999984,51.579999999999984,False,True,False,0.41192541493067414,0.5880745850693259,False,True,False,False
2021,11,Kessi,Erik,68.9,92.48,2,False,2021-11-erik__vs__kessi,8,8,False,True,False,True,False,True,0.0,7.0,0.0,-23.58,23.58,False,True,False,0.4269426199033338,0.5730573800966663,False,False,False,False
2021,12,Benni,Tommy,97.46,78.32,3,False,2021-12-benni__vs__tommy,8,3,False,False,True,False,True,False,5.0,2.0,0.7142857142857143,19.14,19.14,True,False,False,0.5544430538172717,0.44555694618272845,False,False,False,False
2021,12,Erik,Ritz,77.26,89.94,1,False,2021-12-erik__vs__ritz,8,8,False,True,False,True,False,True,0.0,7.0,0.0,-12.679999999999993,12.679999999999993,False,True,False,0.4620813397129187,0.5379186602870814,False,False,False,False
2021,12,Ritz,Erik,89.94,77.26,5,False,2021-12-erik__vs__ritz,8,4,False,False,False,False,True,False,4.0,3.0,0.5714285714285714,12.679999999999993,12.679999999999993,True,False,False,0.5379186602870814,0.4620813397129187,False,False,False,False
2021,12,Marv,Kessi,129.9,81.62,4,False,2021-12-kessi__vs__marv,8,1,True,False,True,False,True,False,7.0,0.0,1.0,48.28,48.28,True,False,False,0.614126323751891,0.3858736762481089,True,False,False,False
2021,12,Simi,Juschka,101.18,87.6,6,False,2021-12-juschka__vs__simi,8,2,False,False,True,False,True,False,6.0,1.0,0.8571428571428571,13.580000000000013,13.580000000000013,True,False,False,0.535967793198432,0.4640322068015679,False,False,False,False
2021,12,Tommy,Benni,78.32,97.46,7,False,2021-12-benni__vs__tommy,8,7,False,False,False,True,False,True,1.0,6.0,0.14285714285714285,-19.14,19.14,False,True,False,0.44555694618272845,0.5544430538172717,False,False,False,False
2021,12,Juschka,Simi,87.6,101.18,8,False,2021-12-juschka__vs__simi,8,5,False,False,False,False,False,True,3.0,4.0,0.42857142857142855,-13.580000000000013,13.580000000000013,False,True,False,0.4640322068015679,0.535967793198432,False,False,False,False
2021,12,Kessi,Marv,81.62,129.9,2,False,2021-12-kessi__vs__marv,8,6,False,False,False,True,False,True,2.0,5.0,0.2857142857142857,-48.28,48.28,False,True,False,0.3858736762481089,0.614126323751891,False,True,False,False
2021,13,Benni,Juschka,128.32,110.62,2,False,2021-13-benni__vs__juschka,8,1,True,False,True,False,True,False,7.0,0.0,1.0,17.69999999999999,17.69999999999999,True,False,False,0.537038587092994,0.462961412907006,False,False,False,False
2021,13,Erik,Simi,114.4,84.06,1,False,2021-13-erik__vs__simi,8,4,False,False,False,False,True,False,4.0,3.0,0.5714285714285714,30.340000000000003,30.340000000000003,True,False,False,0.5764385770432329,0.4235614229567671,True,False,False,False
2021,13,Ritz,Marv,117.32,60.5,3,False,2021-13-marv__vs__ritz,8,2,False,False,True,False,True,False,6.0,1.0,0.8571428571428571,56.81999999999999,56.81999999999999,True,False,False,0.6597683050275559,0.34023169497244404,True,False,False,False
2021,13,Marv,Ritz,60.5,117.32,6,False,2021-13-marv__vs__ritz,8,8,False,True,False,True,False,True,0.0,7.0,0.0,-56.81999999999999,56.81999999999999,False,True,False,0.34023169497244404,0.6597683050275559,False,True,False,False
2021,13,Simi,Erik,84.06,114.4,7,False,2021-13-erik__vs__simi,8,7,False,False,False,True,False,True,1.0,6.0,0.14285714285714285,-30.340000000000003,30.340000000000003,False,True,False,0.4235614229567671,0.5764385770432329,False,True,False,False
2021,13,Tommy,Kessi,116.18,113.42,5,False,2021-13-kessi__vs__tommy,8,3,False,False,True,False,True,False,5.0,2.0,0.7142857142857143,2.760000000000005,2.760000000000005,True,False,False,0.5060104529616725,0.4939895470383275,False,False,True,False
2021,13,Juschka,Benni,110.62,128.32,8,False,2021-13-benni__vs__juschka,8,6,False,False,False,True,False,True,2.0,5.0,0.2857142857142857,-17.69999999999999,17.69999999999999,False,True,False,0.462961412907006,0.537038587092994,False,False,False,False
2021,13,Kessi,Tommy,113.42,116.18,4,False,2021-13-kessi__vs__tommy,8,5,False,False,False,False,False,True,3.0,4.0,0.42857142857142855,-2.760000000000005,2.760000000000005,False,True,False,0.4939895470383275,0.5060104529616725,False,False,False,True
2021,14,Benni,Kessi,150.74,97.82,2,False,2021-14-benni__vs__kessi,8,1,True,False,True,False,True,False,7.0,0.0,1.0,52.920000000000016,52.920000000000016,True,False,False,0.6064531702607017,0.39354682973929833,True,False,False,False
2021,14,Erik,Juschka,122.88,65.48,1,False,2021-14-erik__vs__juschka,8,2,False,False,True,False,True,False,6.0,1.0,0.8571428571428571,57.39999999999999,57.39999999999999,True,False,False,0.6523678063283074,0.3476321936716925,True,False,False,False
2021,14,Ritz,Tommy,111.34,111.5,5,False,2021-14-ritz__vs__tommy,8,6,False,False,False,True,False,True,2.0,5.0,0.2857142857142857,-0.1599999999999966,0.1599999999999966,False,True,False,0.49964099802548917,0.5003590019745109,False,False,False,True
2021,14,Marv,Simi,121.82,120.82,4,False,2021-14-marv__vs__simi,8,3,False,False,True,False,True,False,5.0,2.0,0.7142857142857143,1.0,1.0,True,False,False,0.5020606660072535,0.4979393339927465,False,False,True,False
2021,14,Simi,Marv,120.82,121.82,7,False,2021-14-marv__vs__simi,8,4,False,False,False,False,True,False,4.0,3.0,0.5714285714285714,-1.0,1.0,False,True,False,0.4979393339927465,0.5020606660072535,False,False,False,True
2021,14,Tommy,Ritz,111.5,111.34,3,False,2021-14-ritz__vs__tommy,8,5,False,False,False,False,False,True,3.0,4.0,0.42857142857142855,0.1599999999999966,0.1599999999999966,True,False,False,0.5003590019745109,0.49964099802548917,False,False,True,False
2021,14,Juschka,Erik,65.48,122.88,8,False,2021-14-erik__vs__juschka,8,8,False,True,False,True,False,True,0.0,7.0,0.0,-57.39999999999999,57.39999999999999,False,True,False,0.3476321936716925,0.6523678063283074,False,True,False,False
2021,14,Kessi,Benni,97.82,150.74,6,False,2021-14-benni__vs__kessi,8,7,False,False,False,True,False,True,1.0,6.0,0.14285714285714285,-52.920000000000016,52.920000000000016,False,True,False,0.39354682973929833,0.6064531702607017,False,True,False,False
2021,15,Benni,Tommy,101.88,73.84,2,True,2021-15-benni__vs__tommy,8,2,False,False,True,False,True,False,6.0,1.0,0.8571428571428571,28.039999999999992,28.039999999999992,True,False,False,0.579786023218757,0.4202139767812429,False,False,False,False
2021,15,Erik,Marv,79.24,98.3,1,True,2021-15-erik__vs__marv,8,7,False,False,False,True,False,True,1.0,6.0,0.14285714285714285,-19.060000000000002,19.060000000000002,False,True,False,0.4463219556156359,0.5536780443843641,False,False,False,False
2021,15,Ritz,Juschka,93.12,83.18,5,True,2021-15-juschka__vs__ritz,8,4,False,False,False,False,True,False,4.0,3.0,0.5714285714285714,9.939999999999998,9.939999999999998,True,False,False,0.5281905842314237,0.4718094157685763,False,False,False,False
2021,15,Marv,Erik,98.3,79.24,4,True,2021-15-erik__vs__marv,8,3,False,False,True,False,True,False,5.0,2.0,0.7142857142857143,19.060000000000002,19.060000000000002,True,False,False,0.5536780443843641,0.4463219556156359,False,False,False,False
2021,15,Simi,Kessi,119.7,90.18,7,True,2021-15-kessi__vs__simi,8,1,True,False,True,False,True,False,7.0,0.0,1.0,29.519999999999996,29.519999999999996,True,False,False,0.5703259005145798,0.4296740994854203,False,False,False,False
2021,15,Tommy,Benni,73.84,101.88,3,True,2021-15-benni__vs__tommy,8,8,False,True,False,True,False,True,0.0,7.0,0.0,-28.039999999999992,28.039999999999992,False,True,False,0.4202139767812429,0.579786023218757,False,False,False,False
2021,15,Juschka,Ritz,83.18,93.12,8,True,2021-15-juschka__vs__ritz,8,6,False,False,False,True,False,True,2.0,5.0,0.2857142857142857,-9.939999999999998,9.939999999999998,False,True,False,0.4718094157685763,0.5281905842314237,False,False,False,False
2021,15,Kessi,Simi,90.18,119.7,6,True,2021-15-kessi__vs__simi,8,5,False,False,False,False,False,True,3.0,4.0,0.42857142857142855,-29.519999999999996,29.519999999999996,False,True,False,0.4296740994854203,0.5703259005145798,False,False,False,False
2021,16,Benni,Marv,129.9,118.46,2,True,2021-16-benni__vs__marv,8,2,False,False,True,False,True,False,6.0,1.0,0.8571428571428571,11.440000000000012,11.440000000000012,True,False,False,0.5230310839104526,0.4769689160895474,False,False,False,False
2021,16,Erik,Tommy,64.38,61.94,1,True,2021-16-erik__vs__tommy,8,6,False,False,False,True,False,True,2.0,5.0,0.2857142857142857,2.4399999999999977,2.4399999999999977,True,False,False,0.50965801139962,0.49034198860038,False,False,True,False
2021,16,Ritz,Simi,64.08,128.02,5,True,2021-16-ritz__vs__simi,8,7,False,False,False,True,False,True,1.0,6.0,0.14285714285714285,-63.94000000000001,63.94000000000001,False,True,False,0.33357626236335236,0.6664237376366475,False,True,False,False
2021,16,Marv,Benni,118.46,129.9,4,True,2021-16-benni__vs__marv,8,4,False,False,False,False,True,False,4.0,3.0,0.5714285714285714,-11.440000000000012,11.440000000000012,False,True,False,0.4769689160895474,0.5230310839104526,False,False,False,False
2021,16,Simi,Ritz,128.02,64.08,7,True,2021-16-ritz__vs__simi,8,3,False,False,True,False,True,False,5.0,2.0,0.7142857142857143,63.94000000000001,63.94000000000001,True,False,False,0.6664237376366475,0.33357626236335236,True,False,False,False
2021,16,Tommy,Erik,61.94,64.38,3,True,2021-16-erik__vs__tommy,8,8,False,True,False,True,False,True,0.0,7.0,0.0,-2.4399999999999977,2.4399999999999977,False,True,False,0.49034198860038,0.50965801139962,False,False,False,True
2021,16,Juschka,Kessi,135.4,107.8,8,True,2021-16-juschka__vs__kessi,8,1,True,False,True,False,True,False,7.0,0.0,1.0,27.60000000000001,27.60000000000001,True,False,False,0.5567434210526316,0.4432565789473684,False,False,False,False
2021,16,Kessi,Juschka,107.8,135.4,6,True,2021-16-juschka__vs__kessi,8,5,False,False,False,False,False,True,3.0,4.0,0.42857142857142855,-27.60000000000001,27.60000000000001,False,True,False,0.4432565789473684,0.5567434210526316,False,False,False,False
2022,1,Benni,Juschka,131.1,94.48,1,False,2022-1-benni__vs__juschka,8,1,True,False,True,False,True,False,7.0,0.0,1.0,36.61999999999999,36.61999999999999,True,False,False,0.5811685433105772,0.41883145668942284,True,False,False,False
2022,1,Juschka,Benni,94.48,131.1,6,False,2022-1-benni__vs__juschka,8,6,False,False,False,True,False,True,2.0,5.0,0.2857142857142857,-36.61999999999999,36.61999999999999,False,True,False,0.41883145668942284,0.5811685433105772,False,True,False,False
2022,1,Kessi,Erik,105.12,81.1,4,False,2022-1-erik__vs__kessi,8,4,False,False,False,False,True,False,4.0,3.0,0.5714285714285714,24.02000000000001,24.02000000000001,True,False,False,0.5644936097089465,0.4355063902910536,False,False,False,False
2022,1,Erik,Kessi,81.1,105.12,8,False,2022-1-erik__vs__kessi,8,8,False,True,False,True,False,True,0.0,7.0,0.0,-24.02000000000001,24.02000000000001,False,True,False,0.4355063902910536,0.5644936097089465,False,False,False,False
2022,1,Simi,Marv,107.62,122.66,3,False,2022-1-marv__vs__simi,8,3,False,False,True,False,True,False,5.0,2.0,0.7142857142857143,-15.039999999999992,15.039999999999992,False,True,False,0.46734410283133576,0.5326558971686642,False,False,False,False
2022,1,Marv,Simi,122.66,107.62,2,False,2022-1-marv__vs__simi,8,2,False,False,True,False,True,False,6.0,1.0,0.8571428571428571,15.039999999999992,15.039999999999992,True,False,False,0.5326558971686642,0.46734410283133576,False,False,False,False
2022,1,Ritz,Tommy,84.92,95.52,7,False,2022-1-ritz__vs__tommy,8,7,False,False,False,True,False,True,1.0,6.0,0.14285714285714285,-10.599999999999994,10.599999999999994,False,True,False,0.47062735535358013,0.5293726446464199,False,False,False,False
2022,1,Tommy,Ritz,95.52,84.92,5,False,2022-1-ritz__vs__tommy,8,5,False,False,False,False,False,True,3.0,4.0,0.42857142857142855,10.599999999999994,10.599999999999994,True,False,False,0.5293726446464199,0.47062735535358013,False,False,False,False
2022,2,Benni,Tommy,84.9,127.32,6,False,2022-2-benni__vs__tommy,8,6,False,False,False,True,False,True,2.0,5.0,0.2857142857142857,-42.41999999999999,42.41999999999999,False,True,False,0.40005654509471306,0.5999434549052869,False,True,False,False
2022,2,Tommy,Benni,127.32,84.9,3,False,2022-2-benni__vs__tommy,8,3,False,False,True,False,True,False,5.0,2.0,0.7142857142857143,42.41999999999999,42.41999999999999,True,False,False,0.5999434549052869,0.40005654509471306,True,False,False,False
2022,2,Kessi,Marv,137.36,69.76,2,False,2022-2-kessi__vs__marv,8,2,False,False,True,False,True,False,6.0,1.0,0.8571428571428571,67.60000000000001,67.60000000000001,True,False,False,0.6631904210119738,0.33680957898802627,True,False,False,False
2022,2,Marv,Kessi,69.76,137.36,8,False,2022-2-kessi__vs__marv,8,8,False,True,False,True,False,True,0.0,7.0,0.0,-67.60000000000001,67.60000000000001,False,True,False,0.33680957898802627,0.6631904210119738,False,True,False,False
2022,2,Simi,Erik,156.68,120.16,1,False,2022-2-erik__vs__simi,8,1,True,False,True,False,True,False,7.0,0.0,1.0,36.52000000000001,36.52000000000001,True,False,False,0.5659586764918364,0.4340413235081635,True,False,False,False
2022,2,Erik,Simi,120.16,156.68,4,False,2022-2-erik__vs__simi,8,4,False,False,False,False,True,False,4.0,3.0,0.5714285714285714,-36.52000000000001,36.52000000000001,False,True,False,0.4340413235081635,0.5659586764918364,False,True,False,False
2022,2,Ritz,Juschka,105.62,74.08,5,False,2022-2-juschka__vs__ritz,8,5,False,False,False,False,False,True,3.0,4.0,0.42857142857142855,31.540000000000006,31.540000000000006,True,False,False,0.5877573734001114,0.4122426265998887,True,False,False,False
2022,2,Juschka,Ritz,74.08,105.62,7,False,2022-2-juschka__vs__ritz,8,7,False,False,False,True,False,True,1.0,6.0,0.14285714285714285,-31.540000000000006,31.540000000000006,False,True,False,0.4122426265998887,0.5877573734001114,False,True,False,False
2022,3,Benni,Ritz,113.88,113.92,2,False,2022-3-benni__vs__ritz,8,2,False,False,True,False,True,False,6.0,1.0,0.8571428571428571,-0.04000000000000625,0.04000000000000625,False,True,False,0.4999122036874451,0.5000877963125548,False,False,False,True
2022,3,Ritz,Benni,113.92,113.88,1,False,2022-3-benni__vs__ritz,8,1,True,False,True,False,True,False,7.0,0.0,1.0,0.04000000000000625,0.04000000000000625,True,False,False,0.5000877963125548,0.4999122036874451,False,False,True,False
2022,3,Kessi,Simi,83.2,94.76,7,False,2022-3-kessi__vs__simi,8,7,False,False,False,True,False,True,1.0,6.0,0.14285714285714285,-11.560000000000002,11.560000000000002,False,True,False,0.4675207911890312,0.5324792088109688,False,False,False,False
2022,3,Simi,Kessi,94.76,83.2,5,False,2022-3-kessi__vs__simi,8,5,False,False,False,False,False,True,3.0,4.0,0.42857142857142855,11.560000000000002,11.560000000000002,True,False,False,0.5324792088109688,0.4675207911890312,False,False,False,False
2022,3,Tommy,Juschka,101.8,85.8,3,False,2022-3-juschka__vs__tommy,8,3,False,False,True,False,True,False,5.0,2.0,0.7142857142857143,16.0,16.0,True,False,False,0.5426439232409381,0.4573560767590618,False,False,False,False
2022,3,Juschka,Tommy,85.8,101.8,6,False,2022-3-juschka__vs__tommy,8,6,False,False,False,True,False,True,2.0,5.0,0.2857142857142857,-16.0,16.0,False,True,False,0.4573560767590618,0.5426439232409381,False,False,False,False
2022,3,Erik,Marv,94.96,77.28,4,False,2022-3-erik__vs__marv,8,4,False,False,False,False,True,False,4.0,3.0,0.5714285714285714,17.679999999999993,17.679999999999993,True,False,False,0.5513237343241987,0.4486762656758012,False,False,False,False
2022,3,Marv,Erik,77.28,94.96,8,False,2022-3-erik__vs__marv,8,8,False,True,False,True,False,True,0.0,7.0,0.0,-17.679999999999993,17.679999999999993,False,True,False,0.4486762656758012,0.5513237343241987,False,False,False,False
2022,4,Benni,Simi,118.36,119.18,3,False,2022-4-benni__vs__simi,8,3,False,False,True,False,True,False,5.0,2.0,0.7142857142857143,-0.8200000000000074,0.8200000000000074,False,True,False,0.4982739749094889,0.501726025090511,False,False,False,True
2022,4,Simi,Benni,119.18,118.36,2,False,2022-4-benni__vs__simi,8,2,False,False,True,False,True,False,6.0,1.0,0.8571428571428571,0.8200000000000074,0.8200000000000074,True,False,False,0.501726025090511,0.4982739749094889,False,False,True,False
2022,4,Kessi,Ritz,50.78,100.56,8,False,2022-4-kessi__vs__ritz,8,8,False,True,False,True,False,True,0.0,7.0,0.0,-49.78,49.78,False,True,False,0.335535879476675,0.6644641205233249,False,True,False,False
2022,4,Ritz,Kessi,100.56,50.78,7,False,2022-4-kessi__vs__ritz,8,7,False,False,False,True,False,True,1.0,6.0,0.14285714285714285,49.78,49.78,True,False,False,0.6644641205233249,0.335535879476675,True,False,False,False
2022,4,Tommy,Erik,114.06,125.98,5,False,2022-4-erik__vs__tommy,8,5,False,False,False,False,False,True,3.0,4.0,0.42857142857142855,-11.920000000000002,11.920000000000002,False,True,False,0.47517080486585567,0.5248291951341443,False,False,False,False
2022,4,Erik,Tommy,125.98,114.06,1,False,2022-4-erik__vs__tommy,8,1,True,False,True,False,True,False,7.0,0.0,1.0,11.920000000000002,11.920000000000002,True,False,False,0.5248291951341443,0.47517080486585567,False,False,False,False
2022,4,Juschka,Marv,115.32,113.0,4,False,2022-4-juschka__vs__marv,8,4,False,False,False,False,True,False,4.0,3.0,0.5714285714285714,2.319999999999993,2.319999999999993,True,False,False,0.5050805886475123,0.49491941135248774,False,False,True,False
2022,4,Marv,Juschka,113.0,115.32,6,False,2022-4-juschka__vs__marv,8,6,False,False,False,True,False,True,2.0,5.0,0.2857142857142857,-2.319999999999993,2.319999999999993,False,True,False,0.49491941135248774,0.5050805886475123,False,False,False,True
2022,5,Benni,Marv,147.48,85.64,1,False,2022-5-benni__vs__marv,8,1,True,False,True,False,True,False,7.0,0.0,1.0,61.83999999999999,61.83999999999999,True,False,False,0.6326355525051475,0.3673644474948524,True,False,False,False
2022,5,Marv,Benni,85.64,147.48,7,False,2022-5-benni__vs__marv,8,7,False,False,False,True,False,True,1.0,6.0,0.14285714285714285,-61.83999999999999,61.83999999999999,False,True,False,0.3673644474948524,0.6326355525051475,False,True,False,False
2022,5,Kessi,Tommy,72.98,102.86,8,False,2022-5-kessi__vs__tommy,8,8,False,True,False,True,False,True,0.0,7.0,0.0,-29.879999999999995,29.879999999999995,False,True,False,0.4150363967242948,0.5849636032757052,False,False,False,False
2022,5,Tommy,Kessi,102.86,72.98,4,False,2022-5-kessi__vs__tommy,8,4,False,False,False,False,True,False,4.0,3.0,0.5714285714285714,29.879999999999995,29.879999999999995,True,False,False,0.5849636032757052,0.4150363967242948,False,False,False,False
2022,5,Simi,Juschka,101.9,109.76,5,False,2022-5-juschka__vs__simi,8,5,False,False,False,False,False,True,3.0,4.0,0.42857142857142855,-7.859999999999999,7.859999999999999,False,True,False,0.4814324860625531,0.5185675139374468,False,False,False,False
2022,5,Juschka,Simi,109.76,101.9,3,False,2022-5-juschka__vs__simi,8,3,False,False,True,False,True,False,5.0,2.0,0.7142857142857143,7.859999999999999,7.859999999999999,True,False,False,0.5185675139374468,0.4814324860625531,False,False,False,False
2022,5,Ritz,Erik,128.76,88.24,2,False,2022-5-erik__vs__ritz,8,2,False,False,True,False,True,False,6.0,1.0,0.8571428571428571,40.519999999999996,40.519999999999996,True,False,False,0.5933640552995392,0.4066359447004608,True,False,False,False
2022,5,Erik,Ritz,88.24,128.76,6,False,2022-5-erik__vs__ritz,8,6,False,False,False,True,False,True,2.0,5.0,0.2857142857142857,-40.519999999999996,40.519999999999996,False,True,False,0.4066359447004608,0.5933640552995392,False,True,False,False
2022,6,Benni,Erik,85.02,97.52,8,False,2022-6-benni__vs__erik,8,8,False,True,False,True,False,True,0.0,7.0,0.0,-12.5,12.5,False,True,False,0.46576092911142764,0.5342390708885724,False,False,False,False
2022,6,Erik,Benni,97.52,85.02,2,False,2022-6-benni__vs__erik,8,2,False,False,True,False,True,False,6.0,1.0,0.8571428571428571,12.5,12.5,True,False,False,0.5342390708885724,0.46576092911142764,False,False,False,False
2022,6,Kessi,Juschka,93.1,86.56,5,False,2022-6-juschka__vs__kessi,8,5,False,False,False,False,False,True,3.0,4.0,0.42857142857142855,6.539999999999992,6.539999999999992,True,False,False,0.5182010464210175,0.48179895357898256,False,False,False,False
2022,6,Juschka,Kessi,86.56,93.1,7,False,2022-6-juschka__vs__kessi,8,7,False,False,False,True,False,True,1.0,6.0,0.14285714285714285,-6.539999999999992,6.539999999999992,False,True,False,0.48179895357898256,0.5182010464210175,False,False,False,False
2022,6,Simi,Tommy,97.08,88.8,3,False,2022-6-simi__vs__tommy,8,3,False,False,True,False,True,False,5.0,2.0,0.7142857142857143,8.280000000000001,8.280000000000001,True,False,False,0.5222724338282763,0.4777275661717237,False,False,False,False
2022,6,Tommy,Simi,88.8,97.08,6,False,2022-6-simi__vs__tommy,8,6,False,False,False,True,False,True,2.0,5.0,0.2857142857142857,-8.280000000000001,8.280000000000001,False,True,False,0.4777275661717237,0.5222724338282763,False,False,False,False
2022,6,Ritz,Marv,105.5,94.22,1,False,2022-6-marv__vs__ritz,8,1,True,False,True,False,True,False,7.0,0.0,1.0,11.280000000000001,11.280000000000001,True,False,False,0.5282395353494893,0.4717604646505107,False,False,False,False
2022,6,Marv,Ritz,94.22,105.5,4,False,2022-6-marv__vs__ritz,8,4,False,False,False,False,True,False,4.0,3.0,0.5714285714285714,-11.280000000000001,11.280000000000001,False,True,False,0.4717604646505107,0.5282395353494893,False,False,False,False
2022,7,Benni,Kessi,124.22,94.84,1,False,2022-7-benni__vs__kessi,8,1,True,False,True,False,True,False,7.0,0.0,1.0,29.379999999999995,29.379999999999995,True,False,False,0.5670592531726467,0.43294074682735323,False,False,False,False
2022,7,Kessi,Benni,94.84,124.22,5,False,2022-7-benni__vs__kessi,8,5,False,False,False,False,False,True,3.0,4.0,0.42857142857142855,-29.379999999999995,29.379999999999995,False,True,False,0.43294074682735323,0.5670592531726467,False,False,False,False
2022,7,Simi,Ritz,103.06,108.5,4,False,2022-7-ritz__vs__simi,8,4,False,False,False,False,True,False,4.0,3.0,0.5714285714285714,-5.439999999999998,5.439999999999998,False,True,False,0.48714312724522596,0.5128568727547741,False,False,False,False
2022,7,Ritz,Simi,108.5,103.06,3,False,2022-7-ritz__vs__simi,8,3,False,False,True,False,True,False,5.0,2.0,0.7142857142857143,5.439999999999998,5.439999999999998,True,False,False,0.5128568727547741,0.48714312724522596,False,False,False,False
2022,7,Tommy,Marv,72.88,92.52,8,False,2022-7-marv__vs__tommy,8,8,False,True,False,True,False,True,0.0,7.0,0.0,-19.64,19.64,False,True,False,0.4406287787182588,0.5593712212817413,False,False,False,False
2022,7,Marv,Tommy,92.52,72.88,6,False,2022-7-marv__vs__tommy,8,6,False,False,False,True,False,True,2.0,5.0,0.2857142857142857,19.64,19.64,True,False,False,0.5593712212817413,0.4406287787182588,False,False,False,False
2022,7,Erik,Juschka,83.3,116.2,7,False,2022-7-erik__vs__juschka,8,7,False,False,False,True,False,True,1.0,6.0,0.14285714285714285,-32.900000000000006,32.900000000000006,False,True,False,0.4175438596491228,0.5824561403508772,False,True,False,False
2022,7,Juschka,Erik,116.2,83.3,2,False,2022-7-erik__vs__juschka,8,2,False,False,True,False,True,False,6.0,1.0,0.8571428571428571,32.900000000000006,32.900000000000006,True,False,False,0.5824561403508772,0.4175438596491228,True,False,False,False
2022,8,Benni,Juschka,85.92,70.58,6,False,2022-8-benni__vs__juschka,8,6,False,False,False,True,False,True,2.0,5.0,0.2857142857142857,15.340000000000003,15.340000000000003,True,False,False,0.5490095846645368,0.45099041533546325,False,False,False,False
2022,8,Juschka,Benni,70.58,85.92,7,False,2022-8-benni__vs__juschka,8,7,False,False,False,True,False,True,1.0,6.0,0.14285714285714285,-15.340000000000003,15.340000000000003,False,True,False,0.45099041533546325,0.5490095846645368,False,False,False,False
2022,8,Kessi,Erik,58.98,178.04,8,False,2022-8-erik__vs__kessi,8,8,False,True,False,True,False,True,0.0,7.0,0.0,-119.06,119.06,False,True,False,0.24883976035777572,0.7511602396422243,False,True,False,False
2022,8,Erik,Kessi,178.04,58.98,1,False,2022-8-erik__vs__kessi,8,1,True,False,True,False,True,False,7.0,0.0,1.0,119.06,119.06,True,False,False,0.7511602396422243,0.24883976035777572,True,False,False,False
2022,8,Simi,Marv,115.94,119.78,4,False,2022-8-marv__vs__simi,8,4,False,False,False,False,True,False,4.0,3.0,0.5714285714285714,-3.8400000000000034,3.8400000000000034,False,True,False,0.4918547429153233,0.5081452570846767,False,False,False,True
2022,8,Marv,Simi,119.78,115.94,3,False,2022-8-marv__vs__simi,8,3,False,False,True,False,True,False,5.0,2.0,0.7142857142857143,3.8400000000000034,3.8400000000000034,True,False,False,0.5081452570846767,0.4918547429153233,False,False,True,False
2022,8,Ritz,Tommy,112.92,140.8,5,False,2022-8-ritz__vs__tommy,8,5,False,False,False,False,False,True,3.0,4.0,0.42857142857142855,-27.88000000000001,27.88000000000001,False,True,False,0.44505754374901463,0.5549424562509854,False,False,False,False
2022,8,Tommy,Ritz,140.8,112.92,2,False,2022-8-ritz__vs__tommy,8,2,False,False,True,False,True,False,6.0,1.0,0.8571428571428571,27.88000000000001,27.88000000000001,True,False,False,0.5549424562509854,0.44505754374901463,False,False,False,False
2022,9,Benni,Tommy,147.04,117.22,1,False,2022-9-benni__vs__tommy,8,1,True,False,True,False,True,False,7.0,0.0,1.0,29.819999999999993,29.819999999999993,True,False,False,0.5564217058957087,0.4435782941042912,False,False,False,False
2022,9,Tommy,Benni,117.22,147.04,2,False,2022-9-benni__vs__tommy,8,2,False,False,True,False,True,False,6.0,1.0,0.8571428571428571,-29.819999999999993,29.819999999999993,False,True,False,0.4435782941042912,0.5564217058957087,False,False,False,False
2022,9,Kessi,Marv,86.54,86.42,7,False,2022-9-kessi__vs__marv,8,7,False,False,False,True,False,True,1.0,6.0,0.14285714285714285,0.12000000000000455,0.12000000000000455,True,False,False,0.5003469010175763,0.49965309898242366,False,False,True,False
2022,9,Marv,Kessi,86.42,86.54,8,False,2022-9-kessi__vs__marv,8,8,False,True,False,True,False,True,0.0,7.0,0.0,-0.12000000000000455,0.12000000000000455,False,True,False,0.49965309898242366,0.5003469010175763,False,False,False,True
2022,9,Simi,Erik,104.8,106.38,5,False,2022-9-erik__vs__simi,8,5,False,False,False,False,False,True,3.0,4.0,0.42857142857142855,-1.5799999999999983,1.5799999999999983,False,True,False,0.49625911544653845,0.5037408845534614,False,False,False,True
2022,9,Erik,Simi,106.38,104.8,4,False,2022-9-erik__vs__simi,8,4,False,False,False,False,True,False,4.0,3.0,0.5714285714285714,1.5799999999999983,1.5799999999999983,True,False,False,0.5037408845534614,0.49625911544653845,False,False,True,False
2022,9,Ritz,Juschka,106.92,87.3,3,False,2022-9-juschka__vs__ritz,8,3,False,False,True,False,True,False,5.0,2.0,0.7142857142857143,19.620000000000005,19.620000000000005,True,False,False,0.5505097312326228,0.4494902687673772,False,False,False,False
2022,9,Juschka,Ritz,87.3,106.92,6,False,2022-9-juschka__vs__ritz,8,6,False,False,False,True,False,True,2.0,5.0,0.2857142857142857,-19.620000000000005,19.620000000000005,False,True,False,0.4494902687673772,0.5505097312326228,False,False,False,False
2022,10,Benni,Ritz,130.54,69.12,1,False,2022-10-benni__vs__ritz,8,1,True,False,True,False,True,False,7.0,0.0,1.0,61.41999999999999,61.41999999999999,True,False,False,0.6538114795151758,0.34618852048482424,True,False,False,False
2022,10,Ritz,Benni,69.12,130.54,7,False,2022-10-benni__vs__ritz,8,7,False,False,False,True,False,True,1.0,6.0,0.14285714285714285,-61.41999999999999,61.41999999999999,False,True,False,0.34618852048482424,0.6538114795151758,False,True,False,False
2022,10,Kessi,Simi,97.72,79.6,3,False,2022-10-kessi__vs__simi,8,3,False,False,True,False,True,False,5.0,2.0,0.7142857142857143,18.120000000000005,18.120000000000005,True,False,False,0.5510940672230995,0.4489059327769005,False,False,False,False
2022,10,Simi,Kessi,79.6,97.72,6,False,2022-10-kessi__vs__simi,8,6,False,False,False,True,False,True,2.0,5.0,0.2857142857142857,-18.120000000000005,18.120000000000005,False,True,False,0.4489059327769005,0.5510940672230995,False,False,False,False
2022,10,Tommy,Juschka,90.4,59.6,5,False,2022-10-juschka__vs__tommy,8,5,False,False,False,False,False,True,3.0,4.0,0.42857142857142855,30.800000000000004,30.800000000000004,True,False,False,0.6026666666666667,0.3973333333333333,True,False,False,False
2022,10,Juschka,Tommy,59.6,90.4,8,False,2022-10-juschka__vs__tommy,8,8,False,True,False,True,False,True,0.0,7.0,0.0,-30.800000000000004,30.800000000000004,False,True,False,0.3973333333333333,0.6026666666666667,False,True,False,False
2022,10,Erik,Marv,102.6,95.14,2,False,2022-10-erik__vs__marv,8,2,False,False,True,False,True,False,6.0,1.0,0.8571428571428571,7.459999999999994,7.459999999999994,True,False,False,0.5188631536360877,0.4811368463639122,False,False,False,False
2022,10,Marv,Erik,95.14,102.6,4,False,2022-10-erik__vs__marv,8,4,False,False,False,False,True,False,4.0,3.0,0.5714285714285714,-7.459999999999994,7.459999999999994,False,True,False,0.4811368463639122,0.5188631536360877,False,False,False,False
2022,11,Benni,Simi,174.76,104.7,1,False,2022-11-benni__vs__simi,8,1,True,False,True,False,True,False,7.0,0.0,1.0,70.05999999999999,70.05999999999999,True,False,False,0.6253488871394833,0.3746511128605167,True,False,False,False
2022,11,Simi,Benni,104.7,174.76,3,False,2022-11-benni__vs__simi,8,3,False,False,True,False,True,False,5.0,2.0,0.7142857142857143,-70.05999999999999,70.05999999999999,False,True,False,0.3746511128605167,0.6253488871394833,False,True,False,False
2022,11,Kessi,Ritz,90.6,103.96,5,False,2022-11-kessi__vs__ritz,8,5,False,False,False,False,False,True,3.0,4.0,0.42857142857142855,-13.36,13.36,False,True,False,0.4656661184210526,0.5343338815789473,False,False,False,False
2022,11,Ritz,Kessi,103.96,90.6,4,False,2022-11-kessi__vs__ritz,8,4,False,False,False,False,True,False,4.0,3.0,0.5714285714285714,13.36,13.36,True,False,False,0.5343338815789473,0.4656661184210526,False,False,False,False
2022,11,Tommy,Erik,83.82,118.64,6,False,2022-11-erik__vs__tommy,8,6,False,False,False,True,False,True,2.0,5.0,0.2857142857142857,-34.82000000000001,34.82000000000001,False,True,False,0.4140077052257236,0.5859922947742765,False,True,False,False
2022,11,Erik,Tommy,118.64,83.82,2,False,2022-11-erik__vs__tommy,8,2,False,False,True,False,True,False,6.0,1.0,0.8571428571428571,34.82000000000001,34.82000000000001,True,False,False,0.5859922947742765,0.4140077052257236,True,False,False,False
2022,11,Juschka,Marv,74.58,82.9,8,False,2022-11-juschka__vs__marv,8,8,False,True,False,True,False,True,0.0,7.0,0.0,-8.320000000000007,8.320000000000007,False,True,False,0.47358394716789426,0.5264160528321057,False,False,False,False
2022,11,Marv,Juschka,82.9,74.58,7,False,2022-11-juschka__vs__marv,8,7,False,False,False,True,False,True,1.0,6.0,0.14285714285714285,8.320000000000007,8.320000000000007,True,False,False,0.5264160528321057,0.47358394716789426,False,False,False,False
2022,12,Benni,Marv,99.0,63.92,6,False,2022-12-benni__vs__marv,8,6,False,False,False,True,False,True,2.0,5.0,0.2857142857142857,35.08,35.08,True,False,False,0.607660201325804,0.3923397986741959,True,False,False,False
2022,12,Marv,Benni,63.92,99.0,8,False,2022-12-benni__vs__marv,8,8,False,True,False,True,False,True,0.0,7.0,0.0,-35.08,35.08,False,True,False,0.3923397986741959,0.607660201325804,False,True,False,False
2022,12,Kessi,Tommy,97.6,105.72,7,False,2022-12-kessi__vs__tommy,8,7,False,False,False,True,False,True,1.0,6.0,0.14285714285714285,-8.120000000000005,8.120000000000005,False,True,False,0.4800314774739327,0.5199685225260673,False,False,False,False
2022,12,Tommy,Kessi,105.72,97.6,4,False,2022-12-kessi__vs__tommy,8,4,False,False,False,False,True,False,4.0,3.0,0.5714285714285714,8.120000000000005,8.120000000000005,True,False,False,0.5199685225260673,0.4800314774739327,False,False,False,False
2022,12,Simi,Juschka,108.94,133.02,3,False,2022-12-juschka__vs__simi,8,3,False,False,True,False,True,False,5.0,2.0,0.7142857142857143,-24.080000000000013,24.080000000000013,False,True,False,0.45023970904281696,0.549760290957183,False,False,False,False
2022,12,Juschka,Simi,133.02,108.94,1,False,2022-12-juschka__vs__simi,8,1,True,False,True,False,True,False,7.0,0.0,1.0,24.080000000000013,24.080000000000013,True,False,False,0.549760290957183,0.45023970904281696,False,False,False,False
2022,12,Ritz,Erik,113.06,100.9,2,False,2022-12-erik__vs__ritz,8,2,False,False,True,False,True,False,6.0,1.0,0.8571428571428571,12.159999999999997,12.159999999999997,True,False,False,0.5284165264535428,0.4715834735464573,False,False,False,False
2022,12,Erik,Ritz,100.9,113.06,5,False,2022-12-erik__vs__ritz,8,5,False,False,False,False,False,True,3.0,4.0,0.42857142857142855,-12.159999999999997,12.159999999999997,False,True,False,0.4715834735464573,0.5284165264535428,False,False,False,False
2022,13,Benni,Erik,122.02,104.2,1,False,2022-13-benni__vs__erik,8,1,True,False,True,False,True,False,7.0,0.0,1.0,17.819999999999993,17.819999999999993,True,False,False,0.5393864379807267,0.4606135620192733,False,False,False,False
2022,13,Erik,Benni,104.2,122.02,4,False,2022-13-benni__vs__erik,8,4,False,False,False,False,True,False,4.0,3.0,0.5714285714285714,-17.819999999999993,17.819999999999993,False,True,False,0.4606135620192733,0.5393864379807267,False,False,False,False
2022,13,Kessi,Juschka,105.04,82.52,3,False,2022-13-juschka__vs__kessi,8,3,False,False,True,False,True,False,5.0,2.0,0.7142857142857143,22.52000000000001,22.52000000000001,True,False,False,0.5600341224141608,0.43996587758583916,False,False,False,False
2022,13,Juschka,Kessi,82.52,105.04,7,False,2022-13-juschka__vs__kessi,8,7,False,False,False,True,False,True,1.0,6.0,0.14285714285714285,-22.52000000000001,22.52000000000001,False,True,False,0.43996587758583916,0.5600341224141608,False,False,False,False
2022,13,Simi,Tommy,89.6,108.0,5,False,2022-13-simi__vs__tommy,8,5,False,False,False,False,False,True,3.0,4.0,0.42857142857142855,-18.400000000000006,18.400000000000006,False,True,False,0.4534412955465587,0.5465587044534413,False,False,False,False
2022,13,Tommy,Simi,108.0,89.6,2,False,2022-13-simi__vs__tommy,8,2,False,False,True,False,True,False,6.0,1.0,0.8571428571428571,18.400000000000006,18.400000000000006,True,False,False,0.5465587044534413,0.4534412955465587,False,False,False,False
2022,13,Ritz,Marv,87.94,63.24,6,False,2022-13-marv__vs__ritz,8,6,False,False,False,True,False,True,2.0,5.0,0.2857142857142857,24.699999999999996,24.699999999999996,True,False,False,0.5816906998280196,0.4183093001719804,False,False,False,False
2022,13,Marv,Ritz,63.24,87.94,8,False,2022-13-marv__vs__ritz,8,8,False,True,False,True,False,True,0.0,7.0,0.0,-24.699999999999996,24.699999999999996,False,True,False,0.4183093001719804,0.5816906998280196,False,False,False,False
2022,14,Benni,Kessi,122.68,84.26,1,False,2022-14-benni__vs__kessi,8,1,True,False,True,False,True,False,7.0,0.0,1.0,38.42,38.42,True,False,False,0.5928288392770852,0.40717116072291487,True,False,False,False
2022,14,Kessi,Benni,84.26,122.68,6,False,2022-14-benni__vs__kessi,8,6,False,False,False,True,False,True,2.0,5.0,0.2857142857142857,-38.42,38.42,False,True,False,0.40717116072291487,0.5928288392770852,False,True,False,False
2022,14,Simi,Ritz,55.46,114.0,8,False,2022-14-ritz__vs__simi,8,8,False,True,False,True,False,True,0.0,7.0,0.0,-58.54,58.54,False,True,False,0.3272748731264015,0.6727251268735984,False,True,False,False
2022,14,Ritz,Simi,114.0,55.46,3,False,2022-14-ritz__vs__simi,8,3,False,False,True,False,True,False,5.0,2.0,0.7142857142857143,58.54,58.54,True,False,False,0.6727251268735984,0.3272748731264015,True,False,False,False
2022,14,Tommy,Marv,121.88,67.66,2,False,2022-14-marv__vs__tommy,8,2,False,False,True,False,True,False,6.0,1.0,0.8571428571428571,54.22,54.22,True,False,False,0.6430304948823468,0.35696950511765324,True,False,False,False
2022,14,Marv,Tommy,67.66,121.88,7,False,2022-14-marv__vs__tommy,8,7,False,False,False,True,False,True,1.0,6.0,0.14285714285714285,-54.22,54.22,False,True,False,0.35696950511765324,0.6430304948823468,False,True,False,False
2022,14,Erik,Juschka,111.0,91.88,4,False,2022-14-erik__vs__juschka,8,4,False,False,False,False,True,False,4.0,3.0,0.5714285714285714,19.120000000000005,19.120000000000005,True,False,False,0.5471214511041009,0.45287854889589907,False,False,False,False
2022,14,Juschka,Erik,91.88,111.0,5,False,2022-14-erik__vs__juschka,8,5,False,False,False,False,False,True,3.0,4.0,0.42857142857142855,-19.120000000000005,19.120000000000005,False,True,False,0.45287854889589907,0.5471214511041009,False,False,False,False
2022,15,Benni,Tommy,118.54,91.1,2,True,2022-15-benni__vs__tommy,8,2,False,False,True,False,True,False,6.0,1.0,0.8571428571428571,27.440000000000012,27.440000000000012,True,False,False,0.5654455256630415,0.4345544743369586,False,False,False,False
2022,15,Tommy,Benni,91.1,118.54,6,True,2022-15-benni__vs__tommy,8,6,False,False,False,True,False,True,2.0,5.0,0.2857142857142857,-27.440000000000012,27.440000000000012,False,True,False,0.4345544743369586,0.5654455256630415,False,False,False,False
2022,15,Kessi,Marv,93.5,81.94,5,True,2022-15-kessi__vs__marv,8,5,False,False,False,False,False,True,3.0,4.0,0.42857142857142855,11.560000000000002,11.560000000000002,True,False,False,0.5329457364341086,0.46705426356589147,False,False,False,False
2022,15,Marv,Kessi,81.94,93.5,8,True,2022-15-kessi__vs__marv,8,8,False,True,False,True,False,True,0.0,7.0,0.0,-11.560000000000002,11.560000000000002,False,True,False,0.46705426356589147,0.5329457364341086,False,False,False,False
2022,15,Simi,Juschka,94.74,104.96,4,True,2022-15-juschka__vs__simi,8,4,False,False,False,False,True,False,4.0,3.0,0.5714285714285714,-10.219999999999999,10.219999999999999,False,True,False,0.4744116174261392,0.5255883825738608,False,False,False,False
2022,15,Juschka,Simi,104.96,94.74,3,True,2022-15-juschka__vs__simi,8,3,False,False,True,False,True,False,5.0,2.0,0.7142857142857143,10.219999999999999,10.219999999999999,True,False,False,0.5255883825738608,0.4744116174261392,False,False,False,False
2022,15,Ritz,Erik,89.4,124.12,7,True,2022-15-erik__vs__ritz,8,7,False,False,False,True,False,True,1.0,6.0,0.14285714285714285,-34.72,34.72,False,True,False,0.41869614087673285,0.5813038591232671,False,True,False,False
2022,15,Erik,Ritz,124.12,89.4,1,True,2022-15-erik__vs__ritz,8,1,True,False,True,False,True,False,7.0,0.0,1.0,34.72,34.72,True,False,False,0.5813038591232671,0.41869614087673285,True,False,False,False
2022,16,Benni,Erik,111.56,123.3,2,True,2022-16-benni__vs__erik,8,2,False,False,True,False,True,False,6.0,1.0,0.8571428571428571,-11.739999999999995,11.739999999999995,False,True,False,0.47500638678361573,0.5249936132163842,False,False,False,False
2022,16,Erik,Benni,123.3,111.56,1,True,2022-16-benni__vs__erik,8,1,True,False,True,False,True,False,7.0,0.0,1.0,11.739999999999995,11.739999999999995,True,False,False,0.5249936132163842,0.47500638678361573,False,False,False,False
2022,16,Kessi,Juschka,98.3,55.98,3,True,2022-16-juschka__vs__kessi,8,3,False,False,True,False,True,False,5.0,2.0,0.7142857142857143,42.32,42.32,True,False,False,0.6371532278973295,0.36284677210267047,True,False,False,False
2022,16,Juschka,Kessi,55.98,98.3,8,True,2022-16-juschka__vs__kessi,8,8,False,True,False,True,False,True,0.0,7.0,0.0,-42.32,42.32,False,True,False,0.36284677210267047,0.6371532278973295,False,True,False,False
2022,16,Simi,Marv,92.26,80.54,5,True,2022-16-marv__vs__simi,8,5,False,False,False,False,False,True,3.0,4.0,0.42857142857142855,11.719999999999999,11.719999999999999,True,False,False,0.533912037037037,0.46608796296296295,False,False,False,False
2022,16,Marv,Simi,80.54,92.26,6,True,2022-16-marv__vs__simi,8,6,False,False,False,True,False,True,2.0,5.0,0.2857142857142857,-11.719999999999999,11.719999999999999,False,True,False,0.46608796296296295,0.533912037037037,False,False,False,False
2022,16,Ritz,Tommy,96.36,62.76,4,True,2022-16-ritz__vs__tommy,8,4,False,False,False,False,True,False,4.0,3.0,0.5714285714285714,33.6,33.6,True,False,False,0.6055806938159879,0.39441930618401205,True,False,False,False
2022,16,Tommy,Ritz,62.76,96.36,7,True,2022-16-ritz__vs__tommy,8,7,False,False,False,True,False,True,1.0,6.0,0.14285714285714285,-33.6,33.6,False,True,False,0.39441930618401205,0.6055806938159879,False,True,False,False
2023,1,Benni,Erik,90.76,105.06,5,False,2023-1-benni__vs__erik,8,5,False,False,False,False,False,True,3.0,4.0,0.42857142857142855,-14.299999999999997,14.299999999999997,False,True,False,0.4634868757021755,0.5365131242978246,False,False,False,False
2023,1,Erik,Benni,105.06,90.76,1,False,2023-1-benni__vs__erik,8,1,True,False,True,False,True,False,7.0,0.0,1.0,14.299999999999997,14.299999999999997,True,False,False,0.5365131242978246,0.4634868757021755,False,False,False,False
2023,1,Kessi,Juschka,63.0,93.88,8,False,2023-1-juschka__vs__kessi,8,8,False,True,False,True,False,True,0.0,7.0,0.0,-30.879999999999995,30.879999999999995,False,True,False,0.401580826109128,0.598419173890872,False,True,False,False
2023,1,Juschka,Kessi,93.88,63.0,4,False,2023-1-juschka__vs__kessi,8,4,False,False,False,False,True,False,4.0,3.0,0.5714285714285714,30.879999999999995,30.879999999999995,True,False,False,0.598419173890872,0.401580826109128,True,False,False,False
2023,1,Simi,Marv,101.44,88.34,2,False,2023-1-marv__vs__simi,8,2,False,False,True,False,True,False,6.0,1.0,0.8571428571428571,13.099999999999994,13.099999999999994,True,False,False,0.5345136473811782,0.4654863526188218,False,False,False,False
2023,1,Marv,Simi,88.34,101.44,6,False,2023-1-marv__vs__simi,8,6,False,False,False,True,False,True,2.0,5.0,0.2857142857142857,-13.099999999999994,13.099999999999994,False,True,False,0.4654863526188218,0.5345136473811782,False,False,False,False
2023,1,Ritz,Tommy,81.44,100.54,7,False,2023-1-ritz__vs__tommy,8,7,False,False,False,True,False,True,1.0,6.0,0.14285714285714285,-19.10000000000001,19.10000000000001,False,True,False,0.447521705681943,0.552478294318057,False,False,False,False
2023,1,Tommy,Ritz,100.54,81.44,3,False,2023-1-ritz__vs__tommy,8,3,False,False,True,False,True,False,5.0,2.0,0.7142857142857143,19.10000000000001,19.10000000000001,True,False,False,0.552478294318057,0.447521705681943,False,False,False,False
2023,2,Benni,Juschka,107.08,78.18,2,False,2023-2-benni__vs__juschka,8,2,False,False,True,False,True,False,6.0,1.0,0.8571428571428571,28.89999999999999,28.89999999999999,True,False,False,0.5779984886106013,0.42200151138939873,False,False,False,False
2023,2,Juschka,Benni,78.18,107.08,7,False,2023-2-benni__vs__juschka,8,7,False,False,False,True,False,True,1.0,6.0,0.14285714285714285,-28.89999999999999,28.89999999999999,False,True,False,0.42200151138939873,0.5779984886106013,False,False,False,False
2023,2,Kessi,Erik,103.42,92.0,4,False,2023-2-erik__vs__kessi,8,4,False,False,False,False,True,False,4.0,3.0,0.5714285714285714,11.420000000000002,11.420000000000002,True,False,False,0.5292191177975641,0.47078088220243575,False,False,False,False
2023,2,Erik,Kessi,92.0,103.42,6,False,2023-2-erik__vs__kessi,8,6,False,False,False,True,False,True,2.0,5.0,0.2857142857142857,-11.420000000000002,11.420000000000002,False,True,False,0.47078088220243575,0.5292191177975641,False,False,False,False
2023,2,Simi,Tommy,71.64,107.66,8,False,2023-2-simi__vs__tommy,8,8,False,True,False,True,False,True,0.0,7.0,0.0,-36.019999999999996,36.019999999999996,False,True,False,0.3995538204127161,0.6004461795872839,False,True,False,False
2023,2,Tommy,Simi,107.66,71.64,1,False,2023-2-simi__vs__tommy,8,1,True,False,True,False,True,False,7.0,0.0,1.0,36.019999999999996,36.019999999999996,True,False,False,0.6004461795872839,0.3995538204127161,True,False,False,False
2023,2,Ritz,Marv,106.9,98.84,3,False,2023-2-marv__vs__ritz,8,3,False,False,True,False,True,False,5.0,2.0,0.7142857142857143,8.060000000000002,8.060000000000002,True,False,False,0.5195878292991154,0.4804121707008846,False,False,False,False
2023,2,Marv,Ritz,98.84,106.9,5,False,2023-2-marv__vs__ritz,8,5,False,False,False,False,False,True,3.0,4.0,0.42857142857142855,-8.060000000000002,8.060000000000002,False,True,False,0.4804121707008846,0.5195878292991154,False,False,False,False
2023,3,Benni,Kessi,188.58,82.68,1,False,2023-3-benni__vs__kessi,8,1,True,False,True,False,True,False,7.0,0.0,1.0,105.9,105.9,True,False,False,0.6952001769520019,0.30479982304799824,True,False,False,False
2023,3,Kessi,Benni,82.68,188.58,7,False,2023-3-benni__vs__kessi,8,7,False,False,False,True,False,True,1.0,6.0,0.14285714285714285,-105.9,105.9,False,True,False,0.30479982304799824,0.6952001769520019,False,True,False,False
2023,3,Simi,Ritz,97.96,87.68,4,False,2023-3-ritz__vs__simi,8,4,False,False,False,False,True,False,4.0,3.0,0.5714285714285714,10.279999999999987,10.279999999999987,True,False,False,0.5276879982762336,0.47231200172376653,False,False,False,False
2023,3,Ritz,Simi,87.68,97.96,6,False,2023-3-ritz__vs__simi,8,6,False,False,False,True,False,True,2.0,5.0,0.2857142857142857,-10.279999999999987,10.279999999999987,False,True,False,0.47231200172376653,0.5276879982762336,False,False,False,False
2023,3,Tommy,Marv,126.88,139.88,3,False,2023-3-marv__vs__tommy,8,3,False,False,True,False,True,False,5.0,2.0,0.7142857142857143,-13.0,13.0,False,True,False,0.4756335282651072,0.5243664717348928,False,False,False,False
2023,3,Marv,Tommy,139.88,126.88,2,False,2023-3-marv__vs__tommy,8,2,False,False,True,False,True,False,6.0,1.0,0.8571428571428571,13.0,13.0,True,False,False,0.5243664717348928,0.4756335282651072,False,False,False,False
2023,3,Erik,Juschka,90.6,79.56,5,False,2023-3-erik__vs__juschka,8,5,False,False,False,False,False,True,3.0,4.0,0.42857142857142855,11.039999999999992,11.039999999999992,True,False,False,0.5324400564174894,0.46755994358251063,False,False,False,False
2023,3,Juschka,Erik,79.56,90.6,8,False,2023-3-erik__vs__juschka,8,8,False,True,False,True,False,True,0.0,7.0,0.0,-11.039999999999992,11.039999999999992,False,True,False,0.46755994358251063,0.5324400564174894,False,False,False,False
2023,4,Benni,Simi,84.24,103.28,6,False,2023-4-benni__vs__simi,8,6,False,False,False,True,False,True,2.0,5.0,0.2857142857142857,-19.040000000000006,19.040000000000006,False,True,False,0.4492320819112628,0.5507679180887373,False,False,False,False
2023,4,Simi,Benni,103.28,84.24,4,False,2023-4-benni__vs__simi,8,4,False,False,False,False,True,False,4.0,3.0,0.5714285714285714,19.040000000000006,19.040000000000006,True,False,False,0.5507679180887373,0.4492320819112628,False,False,False,False
2023,4,Kessi,Ritz,80.06,92.4,7,False,2023-4-kessi__vs__ritz,8,7,False,False,False,True,False,True,1.0,6.0,0.14285714285714285,-12.340000000000003,12.340000000000003,False,True,False,0.464223588078395,0.535776411921605,False,False,False,False
2023,4,Ritz,Kessi,92.4,80.06,5,False,2023-4-kessi__vs__ritz,8,5,False,False,False,False,False,True,3.0,4.0,0.42857142857142855,12.340000000000003,12.340000000000003,True,False,False,0.535776411921605,0.464223588078395,False,False,False,False
2023,4,Tommy,Juschka,116.1,70.7,2,False,2023-4-juschka__vs__tommy,8,2,False,False,True,False,True,False,6.0,1.0,0.8571428571428571,45.39999999999999,45.39999999999999,True,False,False,0.6215203426124196,0.37847965738758027,True,False,False,False
2023,4,Juschka,Tommy,70.7,116.1,8,False,2023-4-juschka__vs__tommy,8,8,False,True,False,True,False,True,0.0,7.0,0.0,-45.39999999999999,45.39999999999999,False,True,False,0.37847965738758027,0.6215203426124196,False,True,False,False
2023,4,Erik,Marv,124.18,105.7,1,False,2023-4-erik__vs__marv,8,1,True,False,True,False,True,False,7.0,0.0,1.0,18.480000000000004,18.480000000000004,True,False,False,0.5401948842874543,0.4598051157125457,False,False,False,False
2023,4,Marv,Erik,105.7,124.18,3,False,2023-4-erik__vs__marv,8,3,False,False,True,False,True,False,5.0,2.0,0.7142857142857143,-18.480000000000004,18.480000000000004,False,True,False,0.4598051157125457,0.5401948842874543,False,False,False,False
2023,5,Benni,Marv,112.24,83.88,3,False,2023-5-benni__vs__marv,8,3,False,False,True,False,True,False,5.0,2.0,0.7142857142857143,28.36,28.36,True,False,False,0.5723026718335712,0.4276973281664287,False,False,False,False
2023,5,Marv,Benni,83.88,112.24,8,False,2023-5-benni__vs__marv,8,8,False,True,False,True,False,True,0.0,7.0,0.0,-28.36,28.36,False,True,False,0.4276973281664287,0.5723026718335712,False,False,False,False
2023,5,Kessi,Tommy,100.22,131.96,4,False,2023-5-kessi__vs__tommy,8,4,False,False,False,False,True,False,4.0,3.0,0.5714285714285714,-31.74000000000001,31.74000000000001,False,True,False,0.43164785941941597,0.568352140580584,False,True,False,False
2023,5,Tommy,Kessi,131.96,100.22,1,False,2023-5-kessi__vs__tommy,8,1,True,False,True,False,True,False,7.0,0.0,1.0,31.74000000000001,31.74000000000001,True,False,False,0.568352140580584,0.43164785941941597,True,False,False,False
2023,5,Simi,Erik,116.9,89.74,2,False,2023-5-erik__vs__simi,8,2,False,False,True,False,True,False,6.0,1.0,0.8571428571428571,27.16000000000001,27.16000000000001,True,False,False,0.5657181571815719,0.4342818428184282,False,False,False,False
2023,5,Erik,Simi,89.74,116.9,6,False,2023-5-erik__vs__simi,8,6,False,False,False,True,False,True,2.0,5.0,0.2857142857142857,-27.16000000000001,27.16000000000001,False,True,False,0.4342818428184282,0.5657181571815719,False,False,False,False
2023,5,Ritz,Juschka,87.94,97.46,7,False,2023-5-juschka__vs__ritz,8,7,False,False,False,True,False,True,1.0,6.0,0.14285714285714285,-9.519999999999996,9.519999999999996,False,True,False,0.47432578209277243,0.5256742179072277,False,False,False,False
2023,5,Juschka,Ritz,97.46,87.94,5,False,2023-5-juschka__vs__ritz,8,5,False,False,False,False,False,True,3.0,4.0,0.42857142857142855,9.519999999999996,9.519999999999996,True,False,False,0.5256742179072277,0.47432578209277243,False,False,False,False
2023,6,Benni,Tommy,127.22,100.26,1,False,2023-6-benni__vs__tommy,8,1,True,False,True,False,True,False,7.0,0.0,1.0,26.959999999999994,26.959999999999994,True,False,False,0.5592579567434499,0.44074204325655003,False,False,False,False
2023,6,Tommy,Benni,100.26,127.22,3,False,2023-6-benni__vs__tommy,8,3,False,False,True,False,True,False,5.0,2.0,0.7142857142857143,-26.959999999999994,26.959999999999994,False,True,False,0.44074204325655003,0.5592579567434499,False,False,False,False
2023,6,Kessi,Marv,66.4,76.92,7,False,2023-6-kessi__vs__marv,8,7,False,False,False,True,False,True,1.0,6.0,0.14285714285714285,-10.519999999999996,10.519999999999996,False,True,False,0.4632989115266537,0.5367010884733464,False,False,False,False
2023,6,Marv,Kessi,76.92,66.4,6,False,2023-6-kessi__vs__marv,8,6,False,False,False,True,False,True,2.0,5.0,0.2857142857142857,10.519999999999996,10.519999999999996,True,False,False,0.5367010884733464,0.4632989115266537,False,False,False,False
2023,6,Simi,Juschka,61.64,80.3,8,False,2023-6-juschka__vs__simi,8,8,False,True,False,True,False,True,0.0,7.0,0.0,-18.659999999999997,18.659999999999997,False,True,False,0.4342680005636184,0.5657319994363815,False,False,False,False
2023,6,Juschka,Simi,80.3,61.64,5,False,2023-6-juschka__vs__simi,8,5,False,False,False,False,False,True,3.0,4.0,0.42857142857142855,18.659999999999997,18.659999999999997,True,False,False,0.5657319994363815,0.4342680005636184,False,False,False,False
2023,6,Ritz,Erik,83.44,102.18,4,False,2023-6-erik__vs__ritz,8,4,False,False,False,False,True,False,4.0,3.0,0.5714285714285714,-18.74000000000001,18.74000000000001,False,True,False,0.44952052580540885,0.5504794741945911,False,False,False,False
2023,6,Erik,Ritz,102.18,83.44,2,False,2023-6-erik__vs__ritz,8,2,False,False,True,False,True,False,6.0,1.0,0.8571428571428571,18.74000000000001,18.74000000000001,True,False,False,0.5504794741945911,0.44952052580540885,False,False,False,False
2023,7,Benni,Ritz,127.78,87.26,1,False,2023-7-benni__vs__ritz,8,1,True,False,True,False,True,False,7.0,0.0,1.0,40.519999999999996,40.519999999999996,True,False,False,0.5942150297619047,0.40578497023809523,True,False,False,False
2023,7,Ritz,Benni,87.26,127.78,5,False,2023-7-benni__vs__ritz,8,5,False,False,False,False,False,True,3.0,4.0,0.42857142857142855,-40.519999999999996,40.519999999999996,False,True,False,0.40578497023809523,0.5942150297619047,False,True,False,False
2023,7,Kessi,Simi,84.46,85.26,7,False,2023-7-kessi__vs__simi,8,7,False,False,False,True,False,True,1.0,6.0,0.14285714285714285,-0.8000000000000114,0.8000000000000114,False,True,False,0.49764317699740745,0.5023568230025925,False,False,False,True
2023,7,Simi,Kessi,85.26,84.46,6,False,2023-7-kessi__vs__simi,8,6,False,False,False,True,False,True,2.0,5.0,0.2857142857142857,0.8000000000000114,0.8000000000000114,True,False,False,0.5023568230025925,0.49764317699740745,False,False,True,False
2023,7,Tommy,Erik,109.8,89.46,2,False,2023-7-erik__vs__tommy,8,2,False,False,True,False,True,False,6.0,1.0,0.8571428571428571,20.340000000000003,20.340000000000003,True,False,False,0.5510388437217706,0.4489611562782294,False,False,False,False
2023,7,Erik,Tommy,89.46,109.8,4,False,2023-7-erik__vs__tommy,8,4,False,False,False,False,True,False,4.0,3.0,0.5714285714285714,-20.340000000000003,20.340000000000003,False,True,False,0.4489611562782294,0.5510388437217706,False,False,False,False
2023,7,Juschka,Marv,78.28,92.56,8,False,2023-7-juschka__vs__marv,8,8,False,True,False,True,False,True,0.0,7.0,0.0,-14.280000000000001,14.280000000000001,False,True,False,0.4582065090142824,0.5417934909857176,False,False,False,False
2023,7,Marv,Juschka,92.56,78.28,3,False,2023-7-juschka__vs__marv,8,3,False,False,True,False,True,False,5.0,2.0,0.7142857142857143,14.280000000000001,14.280000000000001,True,False,False,0.5417934909857176,0.4582065090142824,False,False,False,False
2023,8,Benni,Erik,94.78,118.02,6,False,2023-8-benni__vs__erik,8,6,False,False,False,True,False,True,2.0,5.0,0.2857142857142857,-23.239999999999995,23.239999999999995,False,True,False,0.44539473684210523,0.5546052631578947,False,False,False,False
2023,8,Erik,Benni,118.02,94.78,3,False,2023-8-benni__vs__erik,8,3,False,False,True,False,True,False,5.0,2.0,0.7142857142857143,23.239999999999995,23.239999999999995,True,False,False,0.5546052631578947,0.44539473684210523,False,False,False,False
2023,8,Kessi,Juschka,113.16,124.02,4,False,2023-8-juschka__vs__kessi,8,4,False,False,False,False,True,False,4.0,3.0,0.5714285714285714,-10.86,10.86,False,True,False,0.4771059954464963,0.5228940045535037,False,False,False,False
2023,8,Juschka,Kessi,124.02,113.16,1,False,2023-8-juschka__vs__kessi,8,1,True,False,True,False,True,False,7.0,0.0,1.0,10.86,10.86,True,False,False,0.5228940045535037,0.4771059954464963,False,False,False,False
2023,8,Simi,Marv,103.08,75.06,5,False,2023-8-marv__vs__simi,8,5,False,False,False,False,False,True,3.0,4.0,0.42857142857142855,28.019999999999996,28.019999999999996,True,False,False,0.5786460087571573,0.42135399124284273,False,False,False,False
2023,8,Marv,Simi,75.06,103.08,8,False,2023-8-marv__vs__simi,8,8,False,True,False,True,False,True,0.0,7.0,0.0,-28.019999999999996,28.019999999999996,False,True,False,0.42135399124284273,0.5786460087571573,False,False,False,False
2023,8,Ritz,Tommy,75.5,121.86,7,False,2023-8-ritz__vs__tommy,8,7,False,False,False,True,False,True,1.0,6.0,0.14285714285714285,-46.36,46.36,False,True,False,0.3825496554519659,0.617450344548034,False,True,False,False
2023,8,Tommy,Ritz,121.86,75.5,2,False,2023-8-ritz__vs__tommy,8,2,False,False,True,False,True,False,6.0,1.0,0.8571428571428571,46.36,46.36,True,False,False,0.617450344548034,0.3825496554519659,True,False,False,False
2023,9,Benni,Juschka,49.98,102.94,8,False,2023-9-benni__vs__juschka,8,8,False,True,False,True,False,True,0.0,7.0,0.0,-52.96,52.96,False,True,False,0.3268375621239864,0.6731624378760136,False,True,False,False
2023,9,Juschka,Benni,102.94,49.98,4,False,2023-9-benni__vs__juschka,8,4,False,False,False,False,True,False,4.0,3.0,0.5714285714285714,52.96,52.96,True,False,False,0.6731624378760136,0.3268375621239864,True,False,False,False
2023,9,Kessi,Erik,96.68,107.34,5,False,2023-9-erik__vs__kessi,8,5,False,False,False,False,False,True,3.0,4.0,0.42857142857142855,-10.659999999999997,10.659999999999997,False,True,False,0.4738751102833056,0.5261248897166945,False,False,False,False
2023,9,Erik,Kessi,107.34,96.68,3,False,2023-9-erik__vs__kessi,8,3,False,False,True,False,True,False,5.0,2.0,0.7142857142857143,10.659999999999997,10.659999999999997,True,False,False,0.5261248897166945,0.4738751102833056,False,False,False,False
2023,9,Simi,Tommy,131.66,76.82,1,False,2023-9-simi__vs__tommy,8,1,True,False,True,False,True,False,7.0,0.0,1.0,54.84,54.84,True,False,False,0.6315234075211051,0.36847659247889486,True,False,False,False
2023,9,Tommy,Simi,76.82,131.66,6,False,2023-9-simi__vs__tommy,8,6,False,False,False,True,False,True,2.0,5.0,0.2857142857142857,-54.84,54.84,False,True,False,0.36847659247889486,0.6315234075211051,False,True,False,False
2023,9,Ritz,Marv,126.7,58.74,2,False,2023-9-marv__vs__ritz,8,2,False,False,True,False,True,False,6.0,1.0,0.8571428571428571,67.96000000000001,67.96000000000001,True,False,False,0.6832398619499569,0.31676013805004316,True,False,False,False
2023,9,Marv,Ritz,58.74,126.7,7,False,2023-9-marv__vs__ritz,8,7,False,False,False,True,False,True,1.0,6.0,0.14285714285714285,-67.96000000000001,67.96000000000001,False,True,False,0.31676013805004316,0.6832398619499569,False,True,False,False
2023,10,Benni,Kessi,86.52,88.46,7,False,2023-10-benni__vs__kessi,8,7,False,False,False,True,False,True,1.0,6.0,0.14285714285714285,-1.9399999999999977,1.9399999999999977,False,True,False,0.49445650931535035,0.5055434906846497,False,False,False,True
2023,10,Kessi,Benni,88.46,86.52,6,False,2023-10-benni__vs__kessi,8,6,False,False,False,True,False,True,2.0,5.0,0.2857142857142857,1.9399999999999977,1.9399999999999977,True,False,False,0.5055434906846497,0.49445650931535035,False,False,True,False
2023,10,Simi,Ritz,116.46,101.04,3,False,2023-10-ritz__vs__simi,8,3,False,False,True,False,True,False,5.0,2.0,0.7142857142857143,15.419999999999987,15.419999999999987,True,False,False,0.5354482758620689,0.46455172413793105,False,False,False,False
2023,10,Ritz,Simi,101.04,116.46,5,False,2023-10-ritz__vs__simi,8,5,False,False,False,False,False,True,3.0,4.0,0.42857142857142855,-15.419999999999987,15.419999999999987,False,True,False,0.46455172413793105,0.5354482758620689,False,False,False,False
2023,10,Tommy,Marv,120.88,76.8,2,False,2023-10-marv__vs__tommy,8,2,False,False,True,False,True,False,6.0,1.0,0.8571428571428571,44.08,44.08,True,False,False,0.6114933225414811,0.3885066774585188,True,False,False,False
2023,10,Marv,Tommy,76.8,120.88,8,False,2023-10-marv__vs__tommy,8,8,False,True,False,True,False,True,0.0,7.0,0.0,-44.08,44.08,False,True,False,0.3885066774585188,0.6114933225414811,False,True,False,False
2023,10,Erik,Juschka,141.72,107.18,1,False,2023-10-erik__vs__juschka,8,1,True,False,True,False,True,False,7.0,0.0,1.0,34.53999999999999,34.53999999999999,True,False,False,0.569385295299317,0.430614704700683,True,False,False,False
2023,10,Juschka,Erik,107.18,141.72,4,False,2023-10-erik__vs__juschka,8,4,False,False,False,False,True,False,4.0,3.0,0.5714285714285714,-34.53999999999999,34.53999999999999,False,True,False,0.430614704700683,0.569385295299317,False,True,False,False
2023,11,Benni,Simi,121.66,85.46,1,False,2023-11-benni__vs__simi,8,1,True,False,True,False,True,False,7.0,0.0,1.0,36.2,36.2,True,False,False,0.5873889532638084,0.41261104673619153,True,False,False,False
2023,11,Simi,Benni,85.46,121.66,6,False,2023-11-benni__vs__simi,8,6,False,False,False,True,False,True,2.0,5.0,0.2857142857142857,-36.2,36.2,False,True,False,0.41261104673619153,0.5873889532638084,False,True,False,False
2023,11,Kessi,Ritz,100.4,77.58,5,False,2023-11-kessi__vs__ritz,8,5,False,False,False,False,False,True,3.0,4.0,0.42857142857142855,22.820000000000007,22.820000000000007,True,False,False,0.5641083267782897,0.43589167322171024,False,False,False,False
2023,11,Ritz,Kessi,77.58,100.4,7,False,2023-11-kessi__vs__ritz,8,7,False,False,False,True,False,True,1.0,6.0,0.14285714285714285,-22.820000000000007,22.820000000000007,False,True,False,0.43589167322171024,0.5641083267782897,False,False,False,False
2023,11,Tommy,Juschka,110.5,77.14,2,False,2023-11-juschka__vs__tommy,8,2,False,False,True,False,True,False,6.0,1.0,0.8571428571428571,33.36,33.36,True,False,False,0.5888936260925176,0.41110637390748245,True,False,False,False
2023,11,Juschka,Tommy,77.14,110.5,8,False,2023-11-juschka__vs__tommy,8,8,False,True,False,True,False,True,0.0,7.0,0.0,-33.36,33.36,False,True,False,0.41110637390748245,0.5888936260925176,False,True,False,False
2023,11,Erik,Marv,105.9,110.3,4,False,2023-11-erik__vs__marv,8,4,False,False,False,False,True,False,4.0,3.0,0.5714285714285714,-4.3999999999999915,4.3999999999999915,False,True,False,0.4898242368177614,0.5101757631822387,False,False,False,True
2023,11,Marv,Erik,110.3,105.9,3,False,2023-11-erik__vs__marv,8,3,False,False,True,False,True,False,5.0,2.0,0.7142857142857143,4.3999999999999915,4.3999999999999915,True,False,False,0.5101757631822387,0.4898242368177614,False,False,True,False
2023,12,Benni,Marv,106.08,99.38,5,False,2023-12-benni__vs__marv,8,5,False,False,False,False,False,True,3.0,4.0,0.42857142857142855,6.700000000000003,6.700000000000003,True,False,False,0.5163048768616763,0.4836951231383238,False,False,False,False
2023,12,Marv,Benni,99.38,106.08,6,False,2023-12-benni__vs__marv,8,6,False,False,False,True,False,True,2.0,5.0,0.2857142857142857,-6.700000000000003,6.700000000000003,False,True,False,0.4836951231383238,0.5163048768616763,False,False,False,False
2023,12,Kessi,Tommy,120.7,92.76,4,False,2023-12-kessi__vs__tommy,8,4,False,False,False,False,True,False,4.0,3.0,0.5714285714285714,27.939999999999998,27.939999999999998,True,False,False,0.5654455167244449,0.4345544832755551,False,False,False,False
2023,12,Tommy,Kessi,92.76,120.7,7,False,2023-12-kessi__vs__tommy,8,7,False,False,False,True,False,True,1.0,6.0,0.14285714285714285,-27.939999999999998,27.939999999999998,False,True,False,0.4345544832755551,0.5654455167244449,False,False,False,False
2023,12,Simi,Erik,124.84,124.54,2,False,2023-12-erik__vs__simi,8,2,False,False,True,False,True,False,6.0,1.0,0.8571428571428571,0.29999999999999716,0.29999999999999716,True,False,False,0.5006014916994146,0.49939850830058546,False,False,True,False
2023,12,Erik,Simi,124.54,124.84,3,False,2023-12-erik__vs__simi,8,3,False,False,True,False,True,False,5.0,2.0,0.7142857142857143,-0.29999999999999716,0.29999999999999716,False,True,False,0.49939850830058546,0.5006014916994146,False,False,False,True
2023,12,Ritz,Juschka,151.92,86.4,1,False,2023-12-juschka__vs__ritz,8,1,True,False,True,False,True,False,7.0,0.0,1.0,65.51999999999998,65.51999999999998,True,False,False,0.6374622356495468,0.3625377643504532,True,False,False,False
2023,12,Juschka,Ritz,86.4,151.92,8,False,2023-12-juschka__vs__ritz,8,8,False,True,False,True,False,True,0.0,7.0,0.0,-65.51999999999998,65.51999999999998,False,True,False,0.3625377643504532,0.6374622356495468,False,True,False,False
2023,13,Benni,Tommy,144.76,103.38,1,False,2023-13-benni__vs__tommy,8,1,True,False,True,False,True,False,7.0,0.0,1.0,41.379999999999995,41.379999999999995,True,False,False,0.5833803498025308,0.41661965019746916,True,False,False,False
2023,13,Tommy,Benni,103.38,144.76,6,False,2023-13-benni__vs__tommy,8,6,False,False,False,True,False,True,2.0,5.0,0.2857142857142857,-41.379999999999995,41.379999999999995,False,True,False,0.41661965019746916,0.5833803498025308,False,True,False,False
2023,13,Kessi,Marv,89.72,110.0,8,False,2023-13-kessi__vs__marv,8,8,False,True,False,True,False,True,0.0,7.0,0.0,-20.28,20.28,False,True,False,0.4492289204886842,0.5507710795113159,False,False,False,False
2023,13,Marv,Kessi,110.0,89.72,5,False,2023-13-kessi__vs__marv,8,5,False,False,False,False,False,True,3.0,4.0,0.42857142857142855,20.28,20.28,True,False,False,0.5507710795113159,0.4492289204886842,False,False,False,False
2023,13,Simi,Juschka,118.06,98.48,4,False,2023-13-juschka__vs__simi,8,4,False,False,False,False,True,False,4.0,3.0,0.5714285714285714,19.58,19.58,True,False,False,0.5452110464579292,0.4547889535420707,False,False,False,False
2023,13,Juschka,Simi,98.48,118.06,7,False,2023-13-juschka__vs__simi,8,7,False,False,False,True,False,True,1.0,6.0,0.14285714285714285,-19.58,19.58,False,True,False,0.4547889535420707,0.5452110464579292,False,False,False,False
2023,13,Ritz,Erik,126.2,121.58,2,False,2023-13-erik__vs__ritz,8,2,False,False,True,False,True,False,6.0,1.0,0.8571428571428571,4.6200000000000045,4.6200000000000045,True,False,False,0.5093227863427234,0.4906772136572766,False,False,True,False
2023,13,Erik,Ritz,121.58,126.2,3,False,2023-13-erik__vs__ritz,8,3,False,False,True,False,True,False,5.0,2.0,0.7142857142857143,-4.6200000000000045,4.6200000000000045,False,True,False,0.4906772136572766,0.5093227863427234,False,False,False,True
2023,14,Benni,Ritz,105.84,106.84,3,False,2023-14-benni__vs__ritz,8,3,False,False,True,False,True,False,5.0,2.0,0.7142857142857143,-1.0,1.0,False,True,False,0.49764905021628736,0.5023509497837126,False,False,False,True
2023,14,Ritz,Benni,106.84,105.84,2,False,2023-14-benni__vs__ritz,8,2,False,False,True,False,True,False,6.0,1.0,0.8571428571428571,1.0,1.0,True,False,False,0.5023509497837126,0.49764905021628736,False,False,True,False
2023,14,Kessi,Simi,94.38,93.04,4,False,2023-14-kessi__vs__simi,8,4,False,False,False,False,True,False,4.0,3.0,0.5714285714285714,1.3399999999999892,1.3399999999999892,True,False,False,0.5035748586063387,0.4964251413936613,False,False,True,False
2023,14,Simi,Kessi,93.04,94.38,6,False,2023-14-kessi__vs__simi,8,6,False,False,False,True,False,True,2.0,5.0,0.2857142857142857,-1.3399999999999892,1.3399999999999892,False,True,False,0.4964251413936613,0.5035748586063387,False,False,False,True
2023,14,Tommy,Erik,111.52,85.24,1,False,2023-14-erik__vs__tommy,8,1,True,False,True,False,True,False,7.0,0.0,1.0,26.28,26.28,True,False,False,0.5667818662329742,0.43321813376702584,False,False,False,False
2023,14,Erik,Tommy,85.24,111.52,7,False,2023-14-erik__vs__tommy,8,7,False,False,False,True,False,True,1.0,6.0,0.14285714285714285,-26.28,26.28,False,True,False,0.43321813376702584,0.5667818662329742,False,False,False,False
2023,14,Juschka,Marv,64.92,94.2,8,False,2023-14-juschka__vs__marv,8,8,False,True,False,True,False,True,0.0,7.0,0.0,-29.28,29.28,False,True,False,0.4079939668174962,0.5920060331825038,False,False,False,False
2023,14,Marv,Juschka,94.2,64.92,5,False,2023-14-juschka__vs__marv,8,5,False,False,False,False,False,True,3.0,4.0,0.42857142857142855,29.28,29.28,True,False,False,0.5920060331825038,0.4079939668174962,False,False,False,False
2023,15,Benni,Tommy,71.54,109.56,7,True,2023-15-benni__vs__tommy,8,7,False,False,False,True,False,True,1.0,6.0,0.14285714285714285,-38.019999999999996,38.019999999999996,False,True,False,0.3950303699613473,0.6049696300386526,False,True,False,False
2023,15,Tommy,Benni,109.56,71.54,2,True,2023-15-benni__vs__tommy,8,2,False,False,True,False,True,False,6.0,1.0,0.8571428571428571,38.019999999999996,38.019999999999996,True,False,False,0.6049696300386526,0.3950303699613473,True,False,False,False
2023,15,Kessi,Marv,95.72,75.96,4,True,2023-15-kessi__vs__marv,8,4,False,False,False,False,True,False,4.0,3.0,0.5714285714285714,19.760000000000005,19.760000000000005,True,False,False,0.5575489282385834,0.4424510717614165,False,False,False,False
2023,15,Marv,Kessi,75.96,95.72,6,True,2023-15-kessi__vs__marv,8,6,False,False,False,True,False,True,2.0,5.0,0.2857142857142857,-19.760000000000005,19.760000000000005,False,True,False,0.4424510717614165,0.5575489282385834,False,False,False,False
2023,15,Simi,Erik,51.36,156.42,8,True,2023-15-erik__vs__simi,8,8,False,True,False,True,False,True,0.0,7.0,0.0,-105.05999999999999,105.05999999999999,False,True,False,0.24718452209067285,0.7528154779093272,False,True,False,False
2023,15,Erik,Simi,156.42,51.36,1,True,2023-15-erik__vs__simi,8,1,True,False,True,False,True,False,7.0,0.0,1.0,105.05999999999999,105.05999999999999,True,False,False,0.7528154779093272,0.24718452209067285,True,False,False,False
2023,15,Ritz,Juschka,100.0,92.78,3,True,2023-15-juschka__vs__ritz,8,3,False,False,True,False,True,False,5.0,2.0,0.7142857142857143,7.219999999999999,7.219999999999999,True,False,False,0.5187260089220873,0.48127399107791263,False,False,False,False
2023,15,Juschka,Ritz,92.78,100.0,5,True,2023-15-juschka__vs__ritz,8,5,False,False,False,False,False,True,3.0,4.0,0.42857142857142855,-7.219999999999999,7.219999999999999,False,True,False,0.48127399107791263,0.5187260089220873,False,False,False,False
2023,16,Benni,Simi,84.18,72.72,6,True,2023-16-benni__vs__simi,8,6,False,False,False,True,False,True,2.0,5.0,0.2857142857142857,11.460000000000008,11.460000000000008,True,False,False,0.5365200764818356,0.4634799235181644,False,False,False,False
2023,16,Simi,Benni,72.72,84.18,7,True,2023-16-benni__vs__simi,8,7,False,False,False,True,False,True,1.0,6.0,0.14285714285714285,-11.460000000000008,11.460000000000008,False,True,False,0.4634799235181644,0.5365200764818356,False,False,False,False
2023,16,Kessi,Ritz,104.44,136.18,4,True,2023-16-kessi__vs__ritz,8,4,False,False,False,False,True,False,4.0,3.0,0.5714285714285714,-31.74000000000001,31.74000000000001,False,True,False,0.4340453827612002,0.5659546172387998,False,True,False,False
2023,16,Ritz,Kessi,136.18,104.44,1,True,2023-16-kessi__vs__ritz,8,1,True,False,True,False,True,False,7.0,0.0,1.0,31.74000000000001,31.74000000000001,True,False,False,0.5659546172387998,0.4340453827612002,True,False,False,False
2023,16,Tommy,Erik,85.28,120.32,5,True,2023-16-erik__vs__tommy,8,5,False,False,False,False,False,True,3.0,4.0,0.42857142857142855,-35.03999999999999,35.03999999999999,False,True,False,0.41478599221789886,0.5852140077821012,False,True,False,False
2023,16,Erik,Tommy,120.32,85.28,3,True,2023-16-erik__vs__tommy,8,3,False,False,True,False,True,False,5.0,2.0,0.7142857142857143,35.03999999999999,35.03999999999999,True,False,False,0.5852140077821012,0.41478599221789886,True,False,False,False
2023,16,Juschka,Marv,121.12,68.0,2,True,2023-16-juschka__vs__marv,8,2,False,False,True,False,True,False,6.0,1.0,0.8571428571428571,53.120000000000005,53.120000000000005,True,False,False,0.6404399323181049,0.3595600676818951,True,False,False,False
2023,16,Marv,Juschka,68.0,121.12,8,True,2023-16-juschka__vs__marv,8,8,False,True,False,True,False,True,0.0,7.0,0.0,-53.120000000000005,53.120000000000005,False,True,False,0.3595600676818951,0.6404399323181049,False,True,False,False
2024,1,Benni,Kessi,97.42,93.84,4,False,2024-1-benni__vs__kessi,8,4,False,False,False,False,True,False,4.0,3.0,0.5714285714285714,3.5799999999999983,3.5799999999999983,True,False,False,0.5093589877653456,0.49064101223465445,False,False,True,False
2024,1,Kessi,Benni,93.84,97.42,6,False,2024-1-benni__vs__kessi,8,6,False,False,False,True,False,True,2.0,5.0,0.2857142857142857,-3.5799999999999983,3.5799999999999983,False,True,False,0.49064101223465445,0.5093589877653456,False,False,False,True
2024,1,Simi,Tommy,91.26,117.92,7,False,2024-1-simi__vs__tommy,8,7,False,False,False,True,False,True,1.0,6.0,0.14285714285714285,-26.659999999999997,26.659999999999997,False,True,False,0.43627497848742713,0.5637250215125729,False,False,False,False
2024,1,Tommy,Simi,117.92,91.26,2,False,2024-1-simi__vs__tommy,8,2,False,False,True,False,True,False,6.0,1.0,0.8571428571428571,26.659999999999997,26.659999999999997,True,False,False,0.5637250215125729,0.43627497848742713,False,False,False,False
2024,1,Ritz,Marv,100.66,128.98,3,False,2024-1-marv__vs__ritz,8,3,False,False,True,False,True,False,5.0,2.0,0.7142857142857143,-28.319999999999993,28.319999999999993,False,True,False,0.43833826859432157,0.5616617314056784,False,False,False,False
2024,1,Marv,Ritz,128.98,100.66,1,False,2024-1-marv__vs__ritz,8,1,True,False,True,False,True,False,7.0,0.0,1.0,28.319999999999993,28.319999999999993,True,False,False,0.5616617314056784,0.43833826859432157,False,False,False,False
2024,1,Erik,Juschka,96.28,74.56,5,False,2024-1-erik__vs__juschka,8,5,False,False,False,False,False,True,3.0,4.0,0.42857142857142855,21.72,21.72,True,False,False,0.5635682509950831,0.4364317490049169,False,False,False,False
2024,1,Juschka,Erik,74.56,96.28,8,False,2024-1-erik__vs__juschka,8,8,False,True,False,True,False,True,0.0,7.0,0.0,-21.72,21.72,False,True,False,0.4364317490049169,0.5635682509950831,False,False,False,False
2024,2,Benni,Marv,86.22,125.46,8,False,2024-2-benni__vs__marv,8,8,False,True,False,True,False,True,0.0,7.0,0.0,-39.239999999999995,39.239999999999995,False,True,False,0.407312925170068,0.5926870748299319,False,True,False,False
2024,2,Marv,Benni,125.46,86.22,2,False,2024-2-benni__vs__marv,8,2,False,False,True,False,True,False,6.0,1.0,0.8571428571428571,39.239999999999995,39.239999999999995,True,False,False,0.5926870748299319,0.407312925170068,True,False,False,False
2024,2,Kessi,Ritz,97.84,93.02,6,False,2024-2-kessi__vs__ritz,8,6,False,False,False,True,False,True,2.0,5.0,0.2857142857142857,4.820000000000007,4.820000000000007,True,False,False,0.5126270564811903,0.48737294351880955,False,False,True,False
2024,2,Ritz,Kessi,93.02,97.84,7,False,2024-2-kessi__vs__ritz,8,7,False,False,False,True,False,True,1.0,6.0,0.14285714285714285,-4.820000000000007,4.820000000000007,False,True,False,0.48737294351880955,0.5126270564811903,False,False,False,True
2024,2,Simi,Erik,99.9,115.14,5,False,2024-2-erik__vs__simi,8,5,False,False,False,False,False,True,3.0,4.0,0.42857142857142855,-15.239999999999995,15.239999999999995,False,True,False,0.46456473214285715,0.5354352678571428,False,False,False,False
2024,2,Erik,Simi,115.14,99.9,3,False,2024-2-erik__vs__simi,8,3,False,False,True,False,True,False,5.0,2.0,0.7142857142857143,15.239999999999995,15.239999999999995,True,False,False,0.5354352678571428,0.46456473214285715,False,False,False,False
2024,2,Tommy,Juschka,129.88,108.72,1,False,2024-2-juschka__vs__tommy,8,1,True,False,True,False,True,False,7.0,0.0,1.0,21.159999999999997,21.159999999999997,True,False,False,0.5443419949706622,0.4556580050293378,False,False,False,False
2024,2,Juschka,Tommy,108.72,129.88,4,False,2024-2-juschka__vs__tommy,8,4,False,False,False,False,True,False,4.0,3.0,0.5714285714285714,-21.159999999999997,21.159999999999997,False,True,False,0.4556580050293378,0.5443419949706622,False,False,False,False
2024,3,Benni,Ritz,84.24,101.88,7,False,2024-3-benni__vs__ritz,8,7,False,False,False,True,False,True,1.0,6.0,0.14285714285714285,-17.64,17.64,False,True,False,0.4526112185686653,0.5473887814313346,False,False,False,False
2024,3,Ritz,Benni,101.88,84.24,3,False,2024-3-benni__vs__ritz,8,3,False,False,True,False,True,False,5.0,2.0,0.7142857142857143,17.64,17.64,True,False,False,0.5473887814313346,0.4526112185686653,False,False,False,False
2024,3,Kessi,Marv,127.48,85.62,2,False,2024-3-kessi__vs__marv,8,2,False,False,True,False,True,False,6.0,1.0,0.8571428571428571,41.86,41.86,True,False,False,0.5982167996245894,0.4017832003754106,True,False,False,False
2024,3,Marv,Kessi,85.62,127.48,6,False,2024-3-kessi__vs__marv,8,6,False,False,False,True,False,True,2.0,5.0,0.2857142857142857,-41.86,41.86,False,True,False,0.4017832003754106,0.5982167996245894,False,True,False,False
2024,3,Simi,Juschka,74.9,86.86,8,False,2024-3-juschka__vs__simi,8,8,False,True,False,True,False,True,0.0,7.0,0.0,-11.959999999999994,11.959999999999994,False,True,False,0.4630316518298715,0.5369683481701286,False,False,False,False
2024,3,Juschka,Simi,86.86,74.9,5,False,2024-3-juschka__vs__simi,8,5,False,False,False,False,False,True,3.0,4.0,0.42857142857142855,11.959999999999994,11.959999999999994,True,False,False,0.5369683481701286,0.4630316518298715,False,False,False,False
2024,3,Tommy,Erik,135.88,96.38,1,False,2024-3-erik__vs__tommy,8,1,True,False,True,False,True,False,7.0,0.0,1.0,39.5,39.5,True,False,False,0.5850340136054422,0.41496598639455784,True,False,False,False
2024,3,Erik,Tommy,96.38,135.88,4,False,2024-3-erik__vs__tommy,8,4,False,False,False,False,True,False,4.0,3.0,0.5714285714285714,-39.5,39.5,False,True,False,0.41496598639455784,0.5850340136054422,False,True,False,False
2024,4,Benni,Erik,90.42,81.88,6,False,2024-4-benni__vs__erik,8,6,False,False,False,True,False,True,2.0,5.0,0.2857142857142857,8.540000000000006,8.540000000000006,True,False,False,0.5247823563551944,0.4752176436448055,False,False,False,False
2024,4,Erik,Benni,81.88,90.42,7,False,2024-4-benni__vs__erik,8,7,False,False,False,True,False,True,1.0,6.0,0.14285714285714285,-8.540000000000006,8.540000000000006,False,True,False,0.4752176436448055,0.5247823563551944,False,False,False,False
2024,4,Kessi,Juschka,96.4,97.14,5,False,2024-4-juschka__vs__kessi,8,5,False,False,False,False,False,True,3.0,4.0,0.42857142857142855,-0.7399999999999949,0.7399999999999949,False,True,False,0.4980882504908546,0.5019117495091453,False,False,False,True
2024,4,Juschka,Kessi,97.14,96.4,4,False,2024-4-juschka__vs__kessi,8,4,False,False,False,False,True,False,4.0,3.0,0.5714285714285714,0.7399999999999949,0.7399999999999949,True,False,False,0.5019117495091453,0.4980882504908546,False,False,True,False
2024,4,Simi,Marv,131.3,44.5,1,False,2024-4-marv__vs__simi,8,1,True,False,True,False,True,False,7.0,0.0,1.0,86.80000000000001,86.80000000000001,True,False,False,0.7468714448236633,0.25312855517633676,True,False,False,False
2024,4,Marv,Simi,44.5,131.3,8,False,2024-4-marv__vs__simi,8,8,False,True,False,True,False,True,0.0,7.0,0.0,-86.80000000000001,86.80000000000001,False,True,False,0.25312855517633676,0.7468714448236633,False,True,False,False
2024,4,Ritz,Tommy,106.98,123.52,3,False,2024-4-ritz__vs__tommy,8,3,False,False,True,False,True,False,5.0,2.0,0.7142857142857143,-16.539999999999992,16.539999999999992,False,True,False,0.46412147505422996,0.53587852494577,False,False,False,False
2024,4,Tommy,Ritz,123.52,106.98,2,False,2024-4-ritz__vs__tommy,8,2,False,False,True,False,True,False,6.0,1.0,0.8571428571428571,16.539999999999992,16.539999999999992,True,False,False,0.53587852494577,0.46412147505422996,False,False,False,False
2024,5,Benni,Juschka,117.42,114.18,1,False,2024-5-benni__vs__juschka,8,1,True,False,True,False,True,False,7.0,0.0,1.0,3.239999999999995,3.239999999999995,True,False,False,0.5069948186528497,0.49300518134715027,False,False,True,False
2024,5,Juschka,Benni,114.18,117.42,2,False,2024-5-benni__vs__juschka,8,2,False,False,True,False,True,False,6.0,1.0,0.8571428571428571,-3.239999999999995,3.239999999999995,False,True,False,0.49300518134715027,0.5069948186528497,False,False,False,True
2024,5,Kessi,Erik,90.34,76.3,7,False,2024-5-erik__vs__kessi,8,7,False,False,False,True,False,True,1.0,6.0,0.14285714285714285,14.040000000000006,14.040000000000006,True,False,False,0.5421267402784447,0.45787325972155546,False,False,False,False
2024,5,Erik,Kessi,76.3,90.34,8,False,2024-5-erik__vs__kessi,8,8,False,True,False,True,False,True,0.0,7.0,0.0,-14.040000000000006,14.040000000000006,False,True,False,0.45787325972155546,0.5421267402784447,False,False,False,False
2024,5,Simi,Ritz,108.44,101.48,4,False,2024-5-ritz__vs__simi,8,4,False,False,False,False,True,False,4.0,3.0,0.5714285714285714,6.959999999999994,6.959999999999994,True,False,False,0.5165777439024389,0.48342225609756095,False,False,False,False
2024,5,Ritz,Simi,101.48,108.44,5,False,2024-5-ritz__vs__simi,8,5,False,False,False,False,False,True,3.0,4.0,0.42857142857142855,-6.959999999999994,6.959999999999994,False,True,False,0.48342225609756095,0.5165777439024389,False,False,False,False
2024,5,Tommy,Marv,109.02,92.64,3,False,2024-5-marv__vs__tommy,8,3,False,False,True,False,True,False,5.0,2.0,0.7142857142857143,16.379999999999995,16.379999999999995,True,False,False,0.5406129128235644,0.4593870871764356,False,False,False,False
2024,5,Marv,Tommy,92.64,109.02,6,False,2024-5-marv__vs__tommy,8,6,False,False,False,True,False,True,2.0,5.0,0.2857142857142857,-16.379999999999995,16.379999999999995,False,True,False,0.4593870871764356,0.5406129128235644,False,False,False,False
2024,6,Benni,Simi,103.16,89.18,4,False,2024-6-benni__vs__simi,8,4,False,False,False,False,True,False,4.0,3.0,0.5714285714285714,13.97999999999999,13.97999999999999,True,False,False,0.5363418945617136,0.4636581054382864,False,False,False,False
2024,6,Simi,Benni,89.18,103.16,6,False,2024-6-benni__vs__simi,8,6,False,False,False,True,False,True,2.0,5.0,0.2857142857142857,-13.97999999999999,13.97999999999999,False,True,False,0.4636581054382864,0.5363418945617136,False,False,False,False
2024,6,Kessi,Tommy,123.22,79.42,1,False,2024-6-kessi__vs__tommy,8,1,True,False,True,False,True,False,7.0,0.0,1.0,43.8,43.8,True,False,False,0.6080734307145678,0.39192656928543235,True,False,False,False
2024,6,Tommy,Kessi,79.42,123.22,8,False,2024-6-kessi__vs__tommy,8,8,False,True,False,True,False,True,0.0,7.0,0.0,-43.8,43.8,False,True,False,0.39192656928543235,0.6080734307145678,False,True,False,False
2024,6,Ritz,Juschka,91.62,80.02,5,False,2024-6-juschka__vs__ritz,8,5,False,False,False,False,False,True,3.0,4.0,0.42857142857142855,11.600000000000009,11.600000000000009,True,False,False,0.5337916569564205,0.4662083430435796,False,False,False,False
2024,6,Juschka,Ritz,80.02,91.62,7,False,2024-6-juschka__vs__ritz,8,7,False,False,False,True,False,True,1.0,6.0,0.14285714285714285,-11.600000000000009,11.600000000000009,False,True,False,0.4662083430435796,0.5337916569564205,False,False,False,False
2024,6,Erik,Marv,109.06,122.5,3,False,2024-6-erik__vs__marv,8,3,False,False,True,False,True,False,5.0,2.0,0.7142857142857143,-13.439999999999998,13.439999999999998,False,True,False,0.4709794437726723,0.5290205562273277,False,False,False,False
2024,6,Marv,Erik,122.5,109.06,2,False,2024-6-erik__vs__marv,8,2,False,False,True,False,True,False,6.0,1.0,0.8571428571428571,13.439999999999998,13.439999999999998,True,False,False,0.5290205562273277,0.4709794437726723,False,False,False,False
2024,7,Benni,Tommy,92.04,119.64,5,False,2024-7-benni__vs__tommy,8,5,False,False,False,False,False,True,3.0,4.0,0.42857142857142855,-27.599999999999994,27.599999999999994,False,True,False,0.43480725623582767,0.5651927437641723,False,False,False,False
2024,7,Tommy,Benni,119.64,92.04,2,False,2024-7-benni__vs__tommy,8,2,False,False,True,False,True,False,6.0,1.0,0.8571428571428571,27.599999999999994,27.599999999999994,True,False,False,0.5651927437641723,0.43480725623582767,False,False,False,False
2024,7,Kessi,Simi,79.3,84.64,8,False,2024-7-kessi__vs__simi,8,8,False,True,False,True,False,True,0.0,7.0,0.0,-5.340000000000003,5.340000000000003,False,True,False,0.48371355373917285,0.5162864462608271,False,False,False,False
2024,7,Simi,Kessi,84.64,79.3,6,False,2024-7-kessi__vs__simi,8,6,False,False,False,True,False,True,2.0,5.0,0.2857142857142857,5.340000000000003,5.340000000000003,True,False,False,0.5162864462608271,0.48371355373917285,False,False,False,False
2024,7,Ritz,Erik,142.14,96.3,1,False,2024-7-erik__vs__ritz,8,1,True,False,True,False,True,False,7.0,0.0,1.0,45.83999999999999,45.83999999999999,True,False,False,0.5961248112732762,0.4038751887267237,True,False,False,False
2024,7,Erik,Ritz,96.3,142.14,4,False,2024-7-erik__vs__ritz,8,4,False,False,False,False,True,False,4.0,3.0,0.5714285714285714,-45.83999999999999,45.83999999999999,False,True,False,0.4038751887267237,0.5961248112732762,False,True,False,False
2024,7,Juschka,Marv,83.28,110.62,7,False,2024-7-juschka__vs__marv,8,7,False,False,False,True,False,True,1.0,6.0,0.14285714285714285,-27.340000000000003,27.340000000000003,False,True,False,0.4294997421351212,0.5705002578648788,False,False,False,False
2024,7,Marv,Juschka,110.62,83.28,3,False,2024-7-juschka__vs__marv,8,3,False,False,True,False,True,False,5.0,2.0,0.7142857142857143,27.340000000000003,27.340000000000003,True,False,False,0.5705002578648788,0.4294997421351212,False,False,False,False
2024,8,Benni,Kessi,122.94,102.76,2,False,2024-8-benni__vs__kessi,8,2,False,False,True,False,True,False,6.0,1.0,0.8571428571428571,20.179999999999993,20.179999999999993,True,False,False,0.5447053610988037,0.4552946389011963,False,False,False,False
2024,8,Kessi,Benni,102.76,122.94,5,False,2024-8-benni__vs__kessi,8,5,False,False,False,False,False,True,3.0,4.0,0.42857142857142855,-20.179999999999993,20.179999999999993,False,True,False,0.4552946389011963,0.5447053610988037,False,False,False,False
2024,8,Simi,Tommy,113.5,92.96,4,False,2024-8-simi__vs__tommy,8,4,False,False,False,False,True,False,4.0,3.0,0.5714285714285714,20.540000000000006,20.540000000000006,True,False,False,0.5497432916787756,0.45025670832122444,False,False,False,False
2024,8,Tommy,Simi,92.96,113.5,6,False,2024-8-simi__vs__tommy,8,6,False,False,False,True,False,True,2.0,5.0,0.2857142857142857,-20.540000000000006,20.540000000000006,False,True,False,0.45025670832122444,0.5497432916787756,False,False,False,False
2024,8,Ritz,Marv,81.76,129.62,8,False,2024-8-marv__vs__ritz,8,8,False,True,False,True,False,True,0.0,7.0,0.0,-47.86,47.86,False,True,False,0.3867915602232946,0.6132084397767055,False,True,False,False
2024,8,Marv,Ritz,129.62,81.76,1,False,2024-8-marv__vs__ritz,8,1,True,False,True,False,True,False,7.0,0.0,1.0,47.86,47.86,True,False,False,0.6132084397767055,0.3867915602232946,True,False,False,False
2024,8,Erik,Juschka,91.08,121.0,7,False,2024-8-erik__vs__juschka,8,7,False,False,False,True,False,True,1.0,6.0,0.14285714285714285,-29.92,29.92,False,True,False,0.4294605809128631,0.570539419087137,False,False,False,False
2024,8,Juschka,Erik,121.0,91.08,3,False,2024-8-erik__vs__juschka,8,3,False,False,True,False,True,False,5.0,2.0,0.7142857142857143,29.92,29.92,True,False,False,0.570539419087137,0.4294605809128631,False,False,False,False
2024,9,Benni,Marv,96.9,91.1,4,False,2024-9-benni__vs__marv,8,4,False,False,False,False,True,False,4.0,3.0,0.5714285714285714,5.800000000000011,5.800000000000011,True,False,False,0.5154255319148936,0.48457446808510635,False,False,False,False
2024,9,Marv,Benni,91.1,96.9,6,False,2024-9-benni__vs__marv,8,6,False,False,False,True,False,True,2.0,5.0,0.2857142857142857,-5.800000000000011,5.800000000000011,False,True,False,0.48457446808510635,0.5154255319148936,False,False,False,False
2024,9,Kessi,Ritz,75.24,91.94,7,False,2024-9-kessi__vs__ritz,8,7,False,False,False,True,False,True,1.0,6.0,0.14285714285714285,-16.700000000000003,16.700000000000003,False,True,False,0.4500538341906926,0.5499461658093073,False,False,False,False
2024,9,Ritz,Kessi,91.94,75.24,5,False,2024-9-kessi__vs__ritz,8,5,False,False,False,False,False,True,3.0,4.0,0.42857142857142855,16.700000000000003,16.700000000000003,True,False,False,0.5499461658093073,0.4500538341906926,False,False,False,False
2024,9,Simi,Erik,107.88,70.26,2,False,2024-9-erik__vs__simi,8,2,False,False,True,False,True,False,6.0,1.0,0.8571428571428571,37.61999999999999,37.61999999999999,True,False,False,0.6055911081172112,0.3944088918827889,True,False,False,False
2024,9,Erik,Simi,70.26,107.88,8,False,2024-9-erik__vs__simi,8,8,False,True,False,True,False,True,0.0,7.0,0.0,-37.61999999999999,37.61999999999999,False,True,False,0.3944088918827889,0.6055911081172112,False,True,False,False
2024,9,Tommy,Juschka,125.2,99.5,1,False,2024-9-juschka__vs__tommy,8,1,True,False,True,False,True,False,7.0,0.0,1.0,25.700000000000003,25.700000000000003,True,False,False,0.5571873609256788,0.44281263907432133,False,False,False,False
2024,9,Juschka,Tommy,99.5,125.2,3,False,2024-9-juschka__vs__tommy,8,3,False,False,True,False,True,False,5.0,2.0,0.7142857142857143,-25.700000000000003,25.700000000000003,False,True,False,0.44281263907432133,0.5571873609256788,False,False,False,False
2024,10,Benni,Ritz,121.38,87.32,2,False,2024-10-benni__vs__ritz,8,2,False,False,True,False,True,False,6.0,1.0,0.8571428571428571,34.06,34.06,True,False,False,0.5816003833253474,0.4183996166746526,True,False,False,False
2024,10,Ritz,Benni,87.32,121.38,7,False,2024-10-benni__vs__ritz,8,7,False,False,False,True,False,True,1.0,6.0,0.14285714285714285,-34.06,34.06,False,True,False,0.4183996166746526,0.5816003833253474,False,True,False,False
2024,10,Kessi,Marv,138.34,80.8,1,False,2024-10-kessi__vs__marv,8,1,True,False,True,False,True,False,7.0,0.0,1.0,57.540000000000006,57.540000000000006,True,False,False,0.6312859359313682,0.36871406406863194,True,False,False,False
2024,10,Marv,Kessi,80.8,138.34,8,False,2024-10-kessi__vs__marv,8,8,False,True,False,True,False,True,0.0,7.0,0.0,-57.540000000000006,57.540000000000006,False,True,False,0.36871406406863194,0.6312859359313682,False,True,False,False
2024,10,Simi,Juschka,87.94,89.22,6,False,2024-10-juschka__vs__simi,8,6,False,False,False,True,False,True,2.0,5.0,0.2857142857142857,-1.2800000000000011,1.2800000000000011,False,True,False,0.4963874463761571,0.5036125536238428,False,False,False,True
2024,10,Juschka,Simi,89.22,87.94,4,False,2024-10-juschka__vs__simi,8,4,False,False,False,False,True,False,4.0,3.0,0.5714285714285714,1.2800000000000011,1.2800000000000011,True,False,False,0.5036125536238428,0.4963874463761571,False,False,True,False
2024,10,Tommy,Erik,105.2,88.44,3,False,2024-10-erik__vs__tommy,8,3,False,False,True,False,True,False,5.0,2.0,0.7142857142857143,16.760000000000005,16.760000000000005,True,False,False,0.5432761826068995,0.45672381739310064,False,False,False,False
2024,10,Erik,Tommy,88.44,105.2,5,False,2024-10-erik__vs__tommy,8,5,False,False,False,False,False,True,3.0,4.0,0.42857142857142855,-16.760000000000005,16.760000000000005,False,True,False,0.45672381739310064,0.5432761826068995,False,False,False,False
2024,11,Benni,Erik,119.44,136.68,2,False,2024-11-benni__vs__erik,8,2,False,False,True,False,True,False,6.0,1.0,0.8571428571428571,-17.24000000000001,17.24000000000001,False,True,False,0.46634390129626735,0.5336560987037327,False,False,False,False
2024,11,Erik,Benni,136.68,119.44,1,False,2024-11-benni__vs__erik,8,1,True,False,True,False,True,False,7.0,0.0,1.0,17.24000000000001,17.24000000000001,True,False,False,0.5336560987037327,0.46634390129626735,False,False,False,False
2024,11,Kessi,Juschka,108.14,86.56,4,False,2024-11-juschka__vs__kessi,8,4,False,False,False,False,True,False,4.0,3.0,0.5714285714285714,21.58,21.58,True,False,False,0.5554185927067283,0.4445814072932717,False,False,False,False
2024,11,Juschka,Kessi,86.56,108.14,8,False,2024-11-juschka__vs__kessi,8,8,False,True,False,True,False,True,0.0,7.0,0.0,-21.58,21.58,False,True,False,0.4445814072932717,0.5554185927067283,False,False,False,False
2024,11,Simi,Marv,112.18,103.68,3,False,2024-11-marv__vs__simi,8,3,False,False,True,False,True,False,5.0,2.0,0.7142857142857143,8.5,8.5,True,False,False,0.5196886871120171,0.48031131288798296,False,False,False,False
2024,11,Marv,Simi,103.68,112.18,6,False,2024-11-marv__vs__simi,8,6,False,False,False,True,False,True,2.0,5.0,0.2857142857142857,-8.5,8.5,False,True,False,0.48031131288798296,0.5196886871120171,False,False,False,False
2024,11,Ritz,Tommy,96.54,107.08,7,False,2024-11-ritz__vs__tommy,8,7,False,False,False,True,False,True,1.0,6.0,0.14285714285714285,-10.539999999999992,10.539999999999992,False,True,False,0.4741184559473529,0.5258815440526471,False,False,False,False
2024,11,Tommy,Ritz,107.08,96.54,5,False,2024-11-ritz__vs__tommy,8,5,False,False,False,False,False,True,3.0,4.0,0.42857142857142855,10.539999999999992,10.539999999999992,True,False,False,0.5258815440526471,0.4741184559473529,False,False,False,False
2024,12,Benni,Juschka,83.56,69.46,5,False,2024-12-benni__vs__juschka,8,5,False,False,False,False,False,True,3.0,4.0,0.42857142857142855,14.100000000000009,14.100000000000009,True,False,False,0.5460724088354464,0.45392759116455367,False,False,False,False
2024,12,Juschka,Benni,69.46,83.56,8,False,2024-12-benni__vs__juschka,8,8,False,True,False,True,False,True,0.0,7.0,0.0,-14.100000000000009,14.100000000000009,False,True,False,0.45392759116455367,0.5460724088354464,False,False,False,False
2024,12,Kessi,Erik,133.76,72.7,2,False,2024-12-erik__vs__kessi,8,2,False,False,True,False,True,False,6.0,1.0,0.8571428571428571,61.05999999999999,61.05999999999999,True,False,False,0.6478736801317446,0.3521263198682554,True,False,False,False
2024,12,Erik,Kessi,72.7,133.76,7,False,2024-12-erik__vs__kessi,8,7,False,False,False,True,False,True,1.0,6.0,0.14285714285714285,-61.05999999999999,61.05999999999999,False,True,False,0.3521263198682554,0.6478736801317446,False,True,False,False
2024,12,Simi,Ritz,116.32,81.38,3,False,2024-12-ritz__vs__simi,8,3,False,False,True,False,True,False,5.0,2.0,0.7142857142857143,34.94,34.94,True,False,False,0.5883662114314618,0.4116337885685382,True,False,False,False
2024,12,Ritz,Simi,81.38,116.32,6,False,2024-12-ritz__vs__simi,8,6,False,False,False,True,False,True,2.0,5.0,0.2857142857142857,-34.94,34.94,False,True,False,0.4116337885685382,0.5883662114314618,False,True,False,False
2024,12,Tommy,Marv,138.28,105.72,1,False,2024-12-marv__vs__tommy,8,1,True,False,True,False,True,False,7.0,0.0,1.0,32.56,32.56,True,False,False,0.5667213114754098,0.43327868852459017,True,False,False,False
2024,12,Marv,Tommy,105.72,138.28,4,False,2024-12-marv__vs__tommy,8,4,False,False,False,False,True,False,4.0,3.0,0.5714285714285714,-32.56,32.56,False,True,False,0.43327868852459017,0.5667213114754098,False,True,False,False
2024,13,Benni,Simi,113.42,86.88,2,False,2024-13-benni__vs__simi,8,2,False,False,True,False,True,False,6.0,1.0,0.8571428571428571,26.540000000000006,26.540000000000006,True,False,False,0.5662506240639041,0.4337493759360958,False,False,False,False
2024,13,Simi,Benni,86.88,113.42,6,False,2024-13-benni__vs__simi,8,6,False,False,False,True,False,True,2.0,5.0,0.2857142857142857,-26.540000000000006,26.540000000000006,False,True,False,0.4337493759360958,0.5662506240639041,False,False,False,False
2024,13,Kessi,Tommy,80.44,103.78,8,False,2024-13-kessi__vs__tommy,8,8,False,True,False,True,False,True,0.0,7.0,0.0,-23.340000000000003,23.340000000000003,False,True,False,0.43665182933449137,0.5633481706655087,False,False,False,False
2024,13,Tommy,Kessi,103.78,80.44,5,False,2024-13-kessi__vs__tommy,8,5,False,False,False,False,False,True,3.0,4.0,0.42857142857142855,23.340000000000003,23.340000000000003,True,False,False,0.5633481706655087,0.43665182933449137,False,False,False,False
2024,13,Ritz,Juschka,112.86,85.94,3,False,2024-13-juschka__vs__ritz,8,3,False,False,True,False,True,False,5.0,2.0,0.7142857142857143,26.92,26.92,True,False,False,0.5677062374245473,0.43229376257545266,False,False,False,False
2024,13,Juschka,Ritz,85.94,112.86,7,False,2024-13-juschka__vs__ritz,8,7,False,False,False,True,False,True,1.0,6.0,0.14285714285714285,-26.92,26.92,False,True,False,0.43229376257545266,0.5677062374245473,False,False,False,False
2024,13,Erik,Marv,105.5,119.72,4,False,2024-13-erik__vs__marv,8,4,False,False,False,False,True,False,4.0,3.0,0.5714285714285714,-14.219999999999999,14.219999999999999,False,True,False,0.46843086759612823,0.5315691324038717,False,False,False,False
2024,13,Marv,Erik,119.72,105.5,1,False,2024-13-erik__vs__marv,8,1,True,False,True,False,True,False,7.0,0.0,1.0,14.219999999999999,14.219999999999999,True,False,False,0.5315691324038717,0.46843086759612823,False,False,False,False
2024,14,Benni,Tommy,93.32,76.96,7,False,2024-14-benni__vs__tommy,8,7,False,False,False,True,False,True,1.0,6.0,0.14285714285714285,16.36,16.36,True,False,False,0.5480385247827109,0.4519614752172892,False,False,False,False
2024,14,Tommy,Benni,76.96,93.32,8,False,2024-14-benni__vs__tommy,8,8,False,True,False,True,False,True,0.0,7.0,0.0,-16.36,16.36,False,True,False,0.4519614752172892,0.5480385247827109,False,False,False,False
2024,14,Kessi,Simi,127.8,114.02,2,False,2024-14-kessi__vs__simi,8,2,False,False,True,False,True,False,6.0,1.0,0.8571428571428571,13.780000000000001,13.780000000000001,True,False,False,0.5284922669754363,0.4715077330245637,False,False,False,False
2024,14,Simi,Kessi,114.02,127.8,4,False,2024-14-kessi__vs__simi,8,4,False,False,False,False,True,False,4.0,3.0,0.5714285714285714,-13.780000000000001,13.780000000000001,False,True,False,0.4715077330245637,0.5284922669754363,False,False,False,False
2024,14,Ritz,Erik,111.26,138.2,5,False,2024-14-erik__vs__ritz,8,5,False,False,False,False,False,True,3.0,4.0,0.42857142857142855,-26.939999999999984,26.939999999999984,False,True,False,0.4460033672733104,0.5539966327266896,False,False,False,False
2024,14,Erik,Ritz,138.2,111.26,1,False,2024-14-erik__vs__ritz,8,1,True,False,True,False,True,False,7.0,0.0,1.0,26.939999999999984,26.939999999999984,True,False,False,0.5539966327266896,0.4460033672733104,False,False,False,False
2024,14,Juschka,Marv,110.2,116.18,6,False,2024-14-juschka__vs__marv,8,6,False,False,False,True,False,True,2.0,5.0,0.2857142857142857,-5.980000000000004,5.980000000000004,False,True,False,0.4867921194451807,0.5132078805548194,False,False,False,False
2024,14,Marv,Juschka,116.18,110.2,3,False,2024-14-juschka__vs__marv,8,3,False,False,True,False,True,False,5.0,2.0,0.7142857142857143,5.980000000000004,5.980000000000004,True,False,False,0.5132078805548194,0.4867921194451807,False,False,False,False
2024,15,Benni,Kessi,119.74,77.16,3,True,2024-15-benni__vs__kessi,8,3,False,False,True,False,True,False,5.0,2.0,0.7142857142857143,42.58,42.58,True,False,False,0.6081259522600305,0.39187404773996953,True,False,False,False
2024,15,Kessi,Benni,77.16,119.74,8,True,2024-15-benni__vs__kessi,8,8,False,True,False,True,False,True,0.0,7.0,0.0,-42.58,42.58,False,True,False,0.39187404773996953,0.6081259522600305,False,True,False,False
2024,15,Simi,Juschka,116.9,87.18,4,True,2024-15-juschka__vs__simi,8,4,False,False,False,False,True,False,4.0,3.0,0.5714285714285714,29.72,29.72,True,False,False,0.5728145825166602,0.4271854174833399,False,False,False,False
2024,15,Juschka,Simi,87.18,116.9,6,True,2024-15-juschka__vs__simi,8,6,False,False,False,True,False,True,2.0,5.0,0.2857142857142857,-29.72,29.72,False,True,False,0.4271854174833399,0.5728145825166602,False,False,False,False
2024,15,Ritz,Erik,87.34,79.94,5,True,2024-15-erik__vs__ritz,8,5,False,False,False,False,False,True,3.0,4.0,0.42857142857142855,7.400000000000006,7.400000000000006,True,False,False,0.5221186035389765,0.4778813964610234,False,False,False,False
2024,15,Erik,Ritz,79.94,87.34,7,True,2024-15-erik__vs__ritz,8,7,False,False,False,True,False,True,1.0,6.0,0.14285714285714285,-7.400000000000006,7.400000000000006,False,True,False,0.4778813964610234,0.5221186035389765,False,False,False,False
2024,15,Tommy,Marv,119.9,164.08,2,True,2024-15-marv__vs__tommy,8,2,False,False,True,False,True,False,6.0,1.0,0.8571428571428571,-44.18000000000001,44.18000000000001,False,True,False,0.4222128318895697,0.5777871681104303,False,True,False,False
2024,15,Marv,Tommy,164.08,119.9,1,True,2024-15-marv__vs__tommy,8,1,True,False,True,False,True,False,7.0,0.0,1.0,44.18000000000001,44.18000000000001,True,False,False,0.5777871681104303,0.4222128318895697,True,False,False,False
2024,16,Benni,Marv,110.94,112.96,7,True,2024-16-benni__vs__marv,8,7,False,False,False,True,False,True,1.0,6.0,0.14285714285714285,-2.019999999999996,2.019999999999996,False,True,False,0.4954890576150067,0.5045109423849933,False,False,False,True
2024,16,Marv,Benni,112.96,110.94,5,True,2024-16-benni__vs__marv,8,5,False,False,False,False,False,True,3.0,4.0,0.42857142857142855,2.019999999999996,2.019999999999996,True,False,False,0.5045109423849933,0.4954890576150067,False,False,True,False
2024,16,Kessi,Tommy,134.7,112.38,1,True,2024-16-kessi__vs__tommy,8,1,True,False,True,False,True,False,7.0,0.0,1.0,22.319999999999993,22.319999999999993,True,False,False,0.5451675570665372,0.45483244293346287,False,False,False,False
2024,16,Tommy,Kessi,112.38,134.7,6,True,2024-16-kessi__vs__tommy,8,6,False,False,False,True,False,True,2.0,5.0,0.2857142857142857,-22.319999999999993,22.319999999999993,False,True,False,0.45483244293346287,0.5451675570665372,False,False,False,False
2024,16,Simi,Ritz,126.14,130.58,3,True,2024-16-ritz__vs__simi,8,3,False,False,True,False,True,False,5.0,2.0,0.7142857142857143,-4.440000000000012,4.440000000000012,False,True,False,0.49135244624493607,0.5086475537550639,False,False,False,True
2024,16,Ritz,Simi,130.58,126.14,2,True,2024-16-ritz__vs__simi,8,2,False,False,True,False,True,False,6.0,1.0,0.8571428571428571,4.440000000000012,4.440000000000012,True,False,False,0.5086475537550639,0.49135244624493607,False,False,True,False
2024,16,Erik,Juschka,92.32,125.32,8,True,2024-16-erik__vs__juschka,8,8,False,True,False,True,False,True,0.0,7.0,0.0,-33.0,33.0,False,True,False,0.42418673038044474,0.5758132696195553,False,True,False,False
2024,16,Juschka,Erik,125.32,92.32,4,True,2024-16-erik__vs__juschka,8,4,False,False,False,False,True,False,4.0,3.0,0.5714285714285714,33.0,33.0,True,False,False,0.5758132696195553,0.42418673038044474,True,False,False,False
2025,1,Benni,Simi,98.82,86.38,3,False,2025-1-benni__vs__simi,8,3,False,False,True,False,True,False,5.0,2.0,0.7142857142857143,12.439999999999998,12.439999999999998,True,False,False,0.533585313174946,0.466414686825054,False,False,False,False
2025,1,Simi,Benni,86.38,98.82,5,False,2025-1-benni__vs__simi,8,6,False,False,False,True,False,True,2.0,5.0,0.2857142857142857,-12.439999999999998,12.439999999999998,False,True,False,0.466414686825054,0.533585313174946,False,False,False,False
2025,1,Kessi,Tommy,99.82,92.82,2,False,2025-1-kessi__vs__tommy,8,2,False,False,True,False,True,False,6.0,1.0,0.8571428571428571,7.0,7.0,True,False,False,0.5181686046511628,0.48183139534883723,False,False,False,False
2025,1,Tommy,Kessi,92.82,99.82,4,False,2025-1-kessi__vs__tommy,8,4,False,False,False,False,True,False,3.5,3.5,0.5,-7.0,7.0,False,True,False,0.48183139534883723,0.5181686046511628,False,False,False,False
2025,1,Ritz,Marv,92.82,122.96,4,False,2025-1-marv__vs__ritz,8,4,False,False,False,False,True,False,3.5,3.5,0.5,-30.14,30.14,False,True,False,0.43016034850310503,0.5698396514968951,False,True,False,False
2025,1,Marv,Ritz,122.96,92.82,1,False,2025-1-marv__vs__ritz,8,1,True,False,True,False,True,False,7.0,0.0,1.0,30.14,30.14,True,False,False,0.5698396514968951,0.43016034850310503,True,False,False,False
2025,1,Erik,Juschka,81.16,70.68,6,False,2025-1-erik__vs__juschka,8,7,False,False,False,True,False,True,1.0,6.0,0.14285714285714285,10.47999999999999,10.47999999999999,True,False,False,0.5345100105374078,0.46548998946259224,False,False,False,False
2025,1,Juschka,Erik,70.68,81.16,7,False,2025-1-erik__vs__juschka,8,8,False,True,False,True,False,True,0.0,7.0,0.0,-10.47999999999999,10.47999999999999,False,True,False,0.46548998946259224,0.5345100105374078,False,False,False,False
2025,2,Benni,Juschka,120.0,107.4,1,False,2025-2-benni__vs__juschka,8,1,True,False,True,False,True,False,7.0,0.0,1.0,12.599999999999994,12.599999999999994,True,False,False,0.5277044854881267,0.47229551451187335,False,False,False,False
2025,2,Juschka,Benni,107.4,120.0,3,False,2025-2-benni__vs__juschka,8,3,False,False,True,False,True,False,5.0,2.0,0.7142857142857143,-12.599999999999994,12.599999999999994,False,True,False,0.47229551451187335,0.5277044854881267,False,False,False,False
2025,2,Kessi,Ritz,111.58,76.84,2,False,2025-2-kessi__vs__ritz,8,2,False,False,True,False,True,False,6.0,1.0,0.8571428571428571,34.739999999999995,34.739999999999995,True,False,False,0.5921876658528819,0.40781233414711815,True,False,False,False
2025,2,Ritz,Kessi,76.84,111.58,8,False,2025-2-kessi__vs__ritz,8,8,False,True,False,True,False,True,0.0,7.0,0.0,-34.739999999999995,34.739999999999995,False,True,False,0.40781233414711815,0.5921876658528819,False,True,False,False
2025,2,Simi,Erik,79.94,91.1,7,False,2025-2-erik__vs__simi,8,7,False,False,False,True,False,True,1.0,6.0,0.14285714285714285,-11.159999999999997,11.159999999999997,False,True,False,0.4673760523854069,0.5326239476145931,False,False,False,False
2025,2,Erik,Simi,91.1,79.94,6,False,2025-2-erik__vs__simi,8,6,False,False,False,True,False,True,2.0,5.0,0.2857142857142857,11.159999999999997,11.159999999999997,True,False,False,0.5326239476145931,0.4673760523854069,False,False,False,False
2025,2,Tommy,Marv,97.28,100.52,5,False,2025-2-marv__vs__tommy,8,5,False,False,False,False,False,True,3.0,4.0,0.42857142857142855,-3.239999999999995,3.239999999999995,False,True,False,0.49180990899898885,0.5081900910010111,False,False,False,True
2025,2,Marv,Tommy,100.52,97.28,4,False,2025-2-marv__vs__tommy,8,4,False,False,False,False,True,False,4.0,3.0,0.5714285714285714,3.239999999999995,3.239999999999995,True,False,False,0.5081900910010111,0.49180990899898885,False,False,True,False
2025,3,Benni,Erik,86.94,126.62,5,False,2025-3-benni__vs__erik,8,5,False,False,False,False,False,True,3.0,4.0,0.42857142857142855,-39.68000000000001,39.68000000000001,False,True,False,0.40709870762315037,0.5929012923768496,False,True,False,False
2025,3,Erik,Benni,126.62,86.94,1,False,2025-3-benni__vs__erik,8,1,True,False,True,False,True,False,7.0,0.0,1.0,39.68000000000001,39.68000000000001,True,False,False,0.5929012923768496,0.40709870762315037,True,False,False,False
2025,3,Kessi,Marv,58.06,84.82,8,False,2025-3-kessi__vs__marv,8,8,False,True,False,True,False,True,0.0,7.0,0.0,-26.75999999999999,26.75999999999999,False,True,False,0.4063549832026876,0.5936450167973124,False,False,False,False
2025,3,Marv,Kessi,84.82,58.06,7,False,2025-3-kessi__vs__marv,8,7,False,False,False,True,False,True,1.0,6.0,0.14285714285714285,26.75999999999999,26.75999999999999,True,False,False,0.5936450167973124,0.4063549832026876,False,False,False,False
2025,3,Simi,Juschka,105.34,86.42,3,False,2025-3-juschka__vs__simi,8,3,False,False,True,False,True,False,5.0,2.0,0.7142857142857143,18.92,18.92,True,False,False,0.5493324989570296,0.45066750104297043,False,False,False,False
2025,3,Juschka,Simi,86.42,105.34,6,False,2025-3-juschka__vs__simi,8,6,False,False,False,True,False,True,2.0,5.0,0.2857142857142857,-18.92,18.92,False,True,False,0.45066750104297043,0.5493324989570296,False,False,False,False
2025,3,Ritz,Tommy,100.02,110.4,4,False,2025-3-ritz__vs__tommy,8,4,False,False,False,False,True,False,4.0,3.0,0.5714285714285714,-10.38000000000001,10.38000000000001,False,True,False,0.4753350441973196,0.5246649558026804,False,False,False,False
2025,3,Tommy,Ritz,110.4,100.02,2,False,2025-3-ritz__vs__tommy,8,2,False,False,True,False,True,False,6.0,1.0,0.8571428571428571,10.38000000000001,10.38000000000001,True,False,False,0.5246649558026804,0.4753350441973196,False,False,False,False
2025,4,Benni,Tommy,84.88,82.52,7,False,2025-4-benni__vs__tommy,8,7,False,False,False,True,False,True,1.0,6.0,0.14285714285714285,2.3599999999999994,2.3599999999999994,True,False,False,0.5070489844683393,0.49295101553166076,False,False,True,False
2025,4,Tommy,Benni,82.52,84.88,8,False,2025-4-benni__vs__tommy,8,8,False,True,False,True,False,True,0.0,7.0,0.0,-2.3599999999999994,2.3599999999999994,False,True,False,0.49295101553166076,0.5070489844683393,False,False,False,True
2025,4,Kessi,Simi,112.8,101.2,2,False,2025-4-kessi__vs__simi,8,2,False,False,True,False,True,False,6.0,1.0,0.8571428571428571,11.599999999999994,11.599999999999994,True,False,False,0.5271028037383177,0.47289719626168225,False,False,False,False
2025,4,Simi,Kessi,101.2,112.8,3,False,2025-4-kessi__vs__simi,8,3,False,False,True,False,True,False,5.0,2.0,0.7142857142857143,-11.599999999999994,11.599999999999994,False,True,False,0.47289719626168225,0.5271028037383177,False,False,False,False
2025,4,Ritz,Erik,95.48,88.48,5,False,2025-4-erik__vs__ritz,8,5,False,False,False,False,False,True,3.0,4.0,0.42857142857142855,7.0,7.0,True,False,False,0.5190258751902588,0.4809741248097412,False,False,False,False
2025,4,Erik,Ritz,88.48,95.48,6,False,2025-4-erik__vs__ritz,8,6,False,False,False,True,False,True,2.0,5.0,0.2857142857142857,-7.0,7.0,False,True,False,0.4809741248097412,0.5190258751902588,False,False,False,False
2025,4,Juschka,Marv,96.56,135.76,4,False,2025-4-juschka__vs__marv,8,4,False,False,False,False,True,False,4.0,3.0,0.5714285714285714,-39.19999999999999,39.19999999999999,False,True,False,0.41563360881542705,0.584366391184573,False,True,False,False
2025,4,Marv,Juschka,135.76,96.56,1,False,2025-4-juschka__vs__marv,8,1,True,False,True,False,True,False,7.0,0.0,1.0,39.19999999999999,39.19999999999999,True,False,False,0.584366391184573,0.41563360881542705,True,False,False,False
2025,5,Benni,Kessi,113.94,107.42,1,False,2025-5-benni__vs__kessi,8,1,True,False,True,False,True,False,7.0,0.0,1.0,6.519999999999996,6.519999999999996,True,False,False,0.514727141308276,0.4852728586917239,False,False,False,False
2025,5,Kessi,Benni,107.42,113.94,4,False,2025-5-benni__vs__kessi,8,4,False,False,False,False,True,False,4.0,3.0,0.5714285714285714,-6.519999999999996,6.519999999999996,False,True,False,0.4852728586917239,0.514727141308276,False,False,False,False
2025,5,Simi,Tommy,88.5,78.36,7,False,2025-5-simi__vs__tommy,8,7,False,False,False,True,False,True,1.0,6.0,0.14285714285714285,10.14,10.14,True,False,False,0.5303847536857245,0.4696152463142754,False,False,False,False
2025,5,Tommy,Simi,78.36,88.5,8,False,2025-5-simi__vs__tommy,8,8,False,True,False,True,False,True,0.0,7.0,0.0,-10.14,10.14,False,True,False,0.4696152463142754,0.5303847536857245,False,False,False,False
2025,5,Ritz,Juschka,109.88,107.56,2,False,2025-5-juschka__vs__ritz,8,2,False,False,True,False,True,False,6.0,1.0,0.8571428571428571,2.319999999999993,2.319999999999993,True,False,False,0.5053348050036791,0.49466519499632083,False,False,True,False
2025,5,Juschka,Ritz,107.56,109.88,3,False,2025-5-juschka__vs__ritz,8,3,False,False,True,False,True,False,5.0,2.0,0.7142857142857143,-2.319999999999993,2.319999999999993,False,True,False,0.49466519499632083,0.5053348050036791,False,False,False,True
2025,5,Erik,Marv,94.02,107.02,6,False,2025-5-erik__vs__marv,8,6,False,False,False,True,False,True,2.0,5.0,0.2857142857142857,-13.0,13.0,False,True,False,0.46766812574612016,0.5323318742538798,False,False,False,False
2025,5,Marv,Erik,107.02,94.02,5,False,2025-5-erik__vs__marv,8,5,False,False,False,False,False,True,3.0,4.0,0.42857142857142855,13.0,13.0,True,False,False,0.5323318742538798,0.46766812574612016,False,False,False,False
2025,6,Benni,Marv,87.04,67.8,4,False,2025-6-benni__vs__marv,8,4,False,False,False,False,True,False,4.0,3.0,0.5714285714285714,19.24000000000001,19.24000000000001,True,False,False,0.5621286489279256,0.43787135107207437,False,False,False,False
2025,6,Marv,Benni,67.8,87.04,7,False,2025-6-benni__vs__marv,8,7,False,False,False,True,False,True,1.0,6.0,0.14285714285714285,-19.24000000000001,19.24000000000001,False,True,False,0.43787135107207437,0.5621286489279256,False,False,False,False
2025,6,Kessi,Erik,66.3,74.04,8,False,2025-6-erik__vs__kessi,8,8,False,True,False,True,False,True,0.0,7.0,0.0,-7.740000000000009,7.740000000000009,False,True,False,0.4724241128687473,0.5275758871312527,False,False,False,False
2025,6,Erik,Kessi,74.04,66.3,6,False,2025-6-erik__vs__kessi,8,6,False,False,False,True,False,True,2.0,5.0,0.2857142857142857,7.740000000000009,7.740000000000009,True,False,False,0.5275758871312527,0.4724241128687473,False,False,False,False
2025,6,Simi,Ritz,85.22,125.56,5,False,2025-6-ritz__vs__simi,8,5,False,False,False,False,False,True,3.0,4.0,0.42857142857142855,-40.34,40.34,False,True,False,0.4043078090900465,0.5956921909099535,False,True,False,False
2025,6,Ritz,Simi,125.56,85.22,2,False,2025-6-ritz__vs__simi,8,2,False,False,True,False,True,False,6.0,1.0,0.8571428571428571,40.34,40.34,True,False,False,0.5956921909099535,0.4043078090900465,True,False,False,False
2025,6,Tommy,Juschka,116.36,129.94,3,False,2025-6-juschka__vs__tommy,8,3,False,False,True,False,True,False,5.0,2.0,0.7142857142857143,-13.579999999999998,13.579999999999998,False,True,False,0.47243199350385706,0.5275680064961429,False,False,False,False
2025,6,Juschka,Tommy,129.94,116.36,1,False,2025-6-juschka__vs__tommy,8,1,True,False,True,False,True,False,7.0,0.0,1.0,13.579999999999998,13.579999999999998,True,False,False,0.5275680064961429,0.47243199350385706,False,False,False,False
2025,7,Benni,Ritz,99.94,89.56,5,False,2025-7-benni__vs__ritz,8,5,False,False,False,False,False,True,3.0,4.0,0.42857142857142855,10.379999999999995,10.379999999999995,True,False,False,0.5273878627968338,0.47261213720316625,False,False,False,False
2025,7,Ritz,Benni,89.56,99.94,7,False,2025-7-benni__vs__ritz,8,7,False,False,False,True,False,True,1.0,6.0,0.14285714285714285,-10.379999999999995,10.379999999999995,False,True,False,0.47261213720316625,0.5273878627968338,False,False,False,False
2025,7,Kessi,Juschka,106.24,147.02,2,False,2025-7-juschka__vs__kessi,8,2,False,False,True,False,True,False,6.0,1.0,0.8571428571428571,-40.780000000000015,40.780000000000015,False,True,False,0.4194898523256732,0.5805101476743268,False,True,False,False
2025,7,Juschka,Kessi,147.02,106.24,1,False,2025-7-juschka__vs__kessi,8,1,True,False,True,False,True,False,7.0,0.0,1.0,40.780000000000015,40.780000000000015,True,False,False,0.5805101476743268,0.4194898523256732,True,False,False,False
2025,7,Simi,Marv,101.54,82.66,4,False,2025-7-marv__vs__simi,8,4,False,False,False,False,True,False,4.0,3.0,0.5714285714285714,18.88000000000001,18.88000000000001,True,False,False,0.5512486427795875,0.4487513572204126,False,False,False,False
2025,7,Marv,Simi,82.66,101.54,8,False,2025-7-marv__vs__simi,8,8,False,True,False,True,False,True,0.0,7.0,0.0,-18.88000000000001,18.88000000000001,False,True,False,0.4487513572204126,0.5512486427795875,False,False,False,False
2025,7,Tommy,Erik,103.1,98.76,3,False,2025-7-erik__vs__tommy,8,3,False,False,True,False,True,False,5.0,2.0,0.7142857142857143,4.339999999999989,4.339999999999989,True,False,False,0.5107500247696423,0.4892499752303577,False,False,True,False
2025,7,Erik,Tommy,98.76,103.1,6,False,2025-7-erik__vs__tommy,8,6,False,False,False,True,False,True,2.0,5.0,0.2857142857142857,-4.339999999999989,4.339999999999989,False,True,False,0.4892499752303577,0.5107500247696423,False,False,False,True
2025,8,Benni,Simi,99.38,153.12,6,False,2025-8-benni__vs__simi,8,6,False,False,False,True,False,True,2.0,5.0,0.2857142857142857,-53.74000000000001,53.74000000000001,False,True,False,0.39358415841584155,0.6064158415841584,False,True,False,False
2025,8,Simi,Benni,153.12,99.38,1,False,2025-8-benni__vs__simi,8,1,True,False,True,False,True,False,7.0,0.0,1.0,53.74000000000001,53.74000000000001,True,False,False,0.6064158415841584,0.39358415841584155,True,False,False,False
2025,8,Kessi,Tommy,103.76,108.38,5,False,2025-8-kessi__vs__tommy,8,5,False,False,False,False,False,True,3.0,4.0,0.42857142857142855,-4.61999999999999,4.61999999999999,False,True,False,0.48911096445743385,0.5108890355425663,False,False,False,True
2025,8,Tommy,Kessi,108.38,103.76,3,False,2025-8-kessi__vs__tommy,8,3,False,False,True,False,True,False,5.0,2.0,0.7142857142857143,4.61999999999999,4.61999999999999,True,False,False,0.5108890355425663,0.48911096445743385,False,False,True,False
2025,8,Ritz,Marv,133.28,104.82,2,False,2025-8-marv__vs__ritz,8,2,False,False,True,False,True,False,6.0,1.0,0.8571428571428571,28.460000000000008,28.460000000000008,True,False,False,0.559764804703906,0.44023519529609406,False,False,False,False
2025,8,Marv,Ritz,104.82,133.28,4,False,2025-8-marv__vs__ritz,8,4,False,False,False,False,True,False,4.0,3.0,0.5714285714285714,-28.460000000000008,28.460000000000008,False,True,False,0.44023519529609406,0.559764804703906,False,False,False,False
2025,8,Erik,Juschka,67.52,55.38,7,False,2025-8-erik__vs__juschka,8,7,False,False,False,True,False,True,1.0,6.0,0.14285714285714285,12.139999999999993,12.139999999999993,True,False,False,0.5493897477624085,0.45061025223759155,False,False,False,False
2025,8,Juschka,Erik,55.38,67.52,8,False,2025-8-erik__vs__juschka,8,8,False,True,False,True,False,True,0.0,7.0,0.0,-12.139999999999993,12.139999999999993,False,True,False,0.45061025223759155,0.5493897477624085,False,False,False,False
2025,9,Benni,Juschka,90.7,145.6,5,False,2025-9-benni__vs__juschka,8,5,False,False,False,False,False,True,3.0,4.0,0.42857142857142855,-54.89999999999999,54.89999999999999,False,True,False,0.3838341091832416,0.6161658908167583,False,True,False,False
2025,9,Juschka,Benni,145.6,90.7,1,False,2025-9-benni__vs__juschka,8,1,True,False,True,False,True,False,7.0,0.0,1.0,54.89999999999999,54.89999999999999,True,False,False,0.6161658908167583,0.3838341091832416,True,False,False,False
2025,9,Kessi,Ritz,83.7,86.48,7,False,2025-9-kessi__vs__ritz,8,7,False,False,False,True,False,True,1.0,6.0,0.14285714285714285,-2.780000000000001,2.780000000000001,False,True,False,0.4918321776942061,0.5081678223057938,False,False,False,True
2025,9,Ritz,Kessi,86.48,83.7,6,False,2025-9-kessi__vs__ritz,8,6,False,False,False,True,False,True,2.0,5.0,0.2857142857142857,2.780000000000001,2.780000000000001,True,False,False,0.5081678223057938,0.4918321776942061,False,False,True,False
2025,9,Simi,Erik,96.74,103.76,4,False,2025-9-erik__vs__simi,8,4,False,False,False,False,True,False,4.0,3.0,0.5714285714285714,-7.02000000000001,7.02000000000001,False,True,False,0.4824937655860349,0.5175062344139651,False,False,False,False
2025,9,Erik,Simi,103.76,96.74,3,False,2025-9-erik__vs__simi,8,3,False,False,True,False,True,False,5.0,2.0,0.7142857142857143,7.02000000000001,7.02000000000001,True,False,False,0.5175062344139651,0.4824937655860349,False,False,False,False
2025,9,Tommy,Marv,68.7,123.72,8,False,2025-9-marv__vs__tommy,8,8,False,True,False,True,False,True,0.0,7.0,0.0,-55.019999999999996,55.019999999999996,False,True,False,0.35703149360773306,0.6429685063922669,False,True,False,False
2025,9,Marv,Tommy,123.72,68.7,2,False,2025-9-marv__vs__tommy,8,2,False,False,True,False,True,False,6.0,1.0,0.8571428571428571,55.019999999999996,55.019999999999996,True,False,False,0.6429685063922669,0.35703149360773306,True,False,False,False
2025,10,Benni,Erik,152.28,96.84,1,False,2025-10-benni__vs__erik,8,1,True,False,True,False,True,False,7.0,0.0,1.0,55.44,55.44,True,False,False,0.611271676300578,0.38872832369942195,True,False,False,False
2025,10,Erik,Benni,96.84,152.28,5,False,2025-10-benni__vs__erik,8,5,False,False,False,False,False,True,3.0,4.0,0.42857142857142855,-55.44,55.44,False,True,False,0.38872832369942195,0.611271676300578,False,True,False,False
2025,10,Kessi,Marv,90.1,103.94,7,False,2025-10-kessi__vs__marv,8,7,False,False,False,True,False,True,1.0,6.0,0.14285714285714285,-13.840000000000003,13.840000000000003,False,True,False,0.46433725005153575,0.5356627499484642,False,False,False,False
2025,10,Marv,Kessi,103.94,90.1,4,False,2025-10-kessi__vs__marv,8,4,False,False,False,False,True,False,4.0,3.0,0.5714285714285714,13.840000000000003,13.840000000000003,True,False,False,0.5356627499484642,0.46433725005153575,False,False,False,False
2025,10,Simi,Juschka,96.22,86.82,6,False,2025-10-juschka__vs__simi,8,6,False,False,False,True,False,True,2.0,5.0,0.2857142857142857,9.400000000000006,9.400000000000006,True,False,False,0.5256774475524476,0.47432255244755245,False,False,False,False
2025,10,Juschka,Simi,86.82,96.22,8,False,2025-10-juschka__vs__simi,8,8,False,True,False,True,False,True,0.0,7.0,0.0,-9.400000000000006,9.400000000000006,False,True,False,0.47432255244755245,0.5256774475524476,False,False,False,False
2025,10,Ritz,Tommy,143.0,105.8,2,False,2025-10-ritz__vs__tommy,8,2,False,False,True,False,True,False,6.0,1.0,0.8571428571428571,37.2,37.2,True,False,False,0.5747588424437299,0.42524115755627007,True,False,False,False
2025,10,Tommy,Ritz,105.8,143.0,3,False,2025-10-ritz__vs__tommy,8,3,False,False,True,False,True,False,5.0,2.0,0.7142857142857143,-37.2,37.2,False,True,False,0.42524115755627007,0.5747588424437299,False,True,False,False
2025,11,Benni,Tommy,119.62,110.74,1,False,2025-11-benni__vs__tommy,8,1,True,False,True,False,True,False,7.0,0.0,1.0,8.88000000000001,8.88000000000001,True,False,False,0.5192741795450599,0.48072582045494006,False,False,False,False
2025,11,Tommy,Benni,110.74,119.62,2,False,2025-11-benni__vs__tommy,8,2,False,False,True,False,True,False,6.0,1.0,0.8571428571428571,-8.88000000000001,8.88000000000001,False,True,False,0.48072582045494006,0.5192741795450599,False,False,False,False
2025,11,Kessi,Simi,81.84,70.4,7,False,2025-11-kessi__vs__simi,8,7,False,False,False,True,False,True,1.0,6.0,0.14285714285714285,11.439999999999998,11.439999999999998,True,False,False,0.5375722543352601,0.4624277456647399,False,False,False,False
2025,11,Simi,Kessi,70.4,81.84,8,False,2025-11-kessi__vs__simi,8,8,False,True,False,True,False,True,0.0,7.0,0.0,-11.439999999999998,11.439999999999998,False,True,False,0.4624277456647399,0.5375722543352601,False,False,False,False
2025,11,Ritz,Erik,93.62,83.72,5,False,2025-11-erik__vs__ritz,8,5,False,False,False,False,False,True,3.0,4.0,0.42857142857142855,9.900000000000006,9.900000000000006,True,False,False,0.5279124844930642,0.47208751550693584,False,False,False,False
2025,11,Erik,Ritz,83.72,93.62,6,False,2025-11-erik__vs__ritz,8,6,False,False,False,True,False,True,2.0,5.0,0.2857142857142857,-9.900000000000006,9.900000000000006,False,True,False,0.47208751550693584,0.5279124844930642,False,False,False,False
2025,11,Juschka,Marv,99.32,109.28,4,False,2025-11-juschka__vs__marv,8,4,False,False,False,False,True,False,4.0,3.0,0.5714285714285714,-9.960000000000008,9.960000000000008,False,True,False,0.4761265580057526,0.5238734419942473,False,False,False,False
2025,11,Marv,Juschka,109.28,99.32,3,False,2025-11-juschka__vs__marv,8,3,False,False,True,False,True,False,5.0,2.0,0.7142857142857143,9.960000000000008,9.960000000000008,True,False,False,0.5238734419942473,0.4761265580057526,False,False,False,False
2025,12,Benni,Kessi,69.96,109.16,8,False,2025-12-benni__vs__kessi,8,8,False,True,False,True,False,True,0.0,7.0,0.0,-39.2,39.2,False,True,False,0.39057615006699414,0.6094238499330058,False,True,False,False
2025,12,Kessi,Benni,109.16,69.96,3,False,2025-12-benni__vs__kessi,8,3,False,False,True,False,True,False,5.0,2.0,0.7142857142857143,39.2,39.2,True,False,False,0.6094238499330058,0.39057615006699414,True,False,False,False
2025,12,Simi,Tommy,164.26,91.46,1,False,2025-12-simi__vs__tommy,8,1,True,False,True,False,True,False,7.0,0.0,1.0,72.8,72.8,True,False,False,0.6423431878617238,0.35765681213827627,True,False,False,False
2025,12,Tommy,Simi,91.46,164.26,6,False,2025-12-simi__vs__tommy,8,6,False,False,False,True,False,True,2.0,5.0,0.2857142857142857,-72.8,72.8,False,True,False,0.35765681213827627,0.6423431878617238,False,True,False,False
2025,12,Ritz,Juschka,114.82,95.74,2,False,2025-12-juschka__vs__ritz,8,2,False,False,True,False,True,False,6.0,1.0,0.8571428571428571,19.08,19.08,True,False,False,0.5453077507598784,0.4546922492401215,False,False,False,False
2025,12,Juschka,Ritz,95.74,114.82,4,False,2025-12-juschka__vs__ritz,8,4,False,False,False,False,True,False,4.0,3.0,0.5714285714285714,-19.08,19.08,False,True,False,0.4546922492401215,0.5453077507598784,False,False,False,False
2025,12,Erik,Marv,75.22,92.82,7,False,2025-12-erik__vs__marv,8,7,False,False,False,True,False,True,1.0,6.0,0.14285714285714285,-17.599999999999994,17.599999999999994,False,True,False,0.4476315163056415,0.5523684836943584,False,False,False,False
2025,12,Marv,Erik,92.82,75.22,5,False,2025-12-erik__vs__marv,8,5,False,False,False,False,False,True,3.0,4.0,0.42857142857142855,17.599999999999994,17.599999999999994,True,False,False,0.5523684836943584,0.4476315163056415,False,False,False,False
2025,13,Benni,Marv,120.0,95.42,2,False,2025-13-benni__vs__marv,8,2,False,False,True,False,True,False,6.0,1.0,0.8571428571428571,24.58,24.58,True,False,False,0.5570513415653142,0.4429486584346857,False,False,False,False
2025,13,Marv,Benni,95.42,120.0,5,False,2025-13-benni__vs__marv,8,5,False,False,False,False,False,True,3.0,4.0,0.42857142857142855,-24.58,24.58,False,True,False,0.4429486584346857,0.5570513415653142,False,False,False,False
2025,13,Kessi,Erik,129.04,75.14,1,False,2025-13-erik__vs__kessi,8,1,True,False,True,False,True,False,7.0,0.0,1.0,53.89999999999999,53.89999999999999,True,False,False,0.6319913801547653,0.3680086198452346,True,False,False,False
2025,13,Erik,Kessi,75.14,129.04,8,False,2025-13-erik__vs__kessi,8,8,False,True,False,True,False,True,0.0,7.0,0.0,-53.89999999999999,53.89999999999999,False,True,False,0.3680086198452346,0.6319913801547653,False,True,False,False
2025,13,Simi,Ritz,81.9,108.64,6,False,2025-13-ritz__vs__simi,8,6,False,False,False,True,False,True,2.0,5.0,0.2857142857142857,-26.739999999999995,26.739999999999995,False,True,False,0.4298310066127847,0.5701689933872153,False,False,False,False
2025,13,Ritz,Simi,108.64,81.9,4,False,2025-13-ritz__vs__simi,8,4,False,False,False,False,True,False,4.0,3.0,0.5714285714285714,26.739999999999995,26.739999999999995,True,False,False,0.5701689933872153,0.4298310066127847,False,False,False,False
2025,13,Tommy,Juschka,110.84,75.56,3,False,2025-13-juschka__vs__tommy,8,3,False,False,True,False,True,False,5.0,2.0,0.7142857142857143,35.28,35.28,True,False,False,0.5946351931330472,0.4053648068669528,True,False,False,False
2025,13,Juschka,Tommy,75.56,110.84,7,False,2025-13-juschka__vs__tommy,8,7,False,False,False,True,False,True,1.0,6.0,0.14285714285714285,-35.28,35.28,False,True,False,0.4053648068669528,0.5946351931330472,False,True,False,False
2025,14,Benni,Ritz,100.34,117.26,5,False,2025-14-benni__vs__ritz,8,5,False,False,False,False,False,True,3.0,4.0,0.42857142857142855,-16.92,16.92,False,True,False,0.4611213235294117,0.5388786764705882,False,False,False,False
2025,14,Ritz,Benni,117.26,100.34,2,False,2025-14-benni__vs__ritz,8,2,False,False,True,False,True,False,6.0,1.0,0.8571428571428571,16.92,16.92,True,False,False,0.5388786764705882,0.4611213235294117,False,False,False,False
2025,14,Kessi,Juschka,101.1,76.68,4,False,2025-14-juschka__vs__kessi,8,4,False,False,False,False,True,False,4.0,3.0,0.5714285714285714,24.419999999999987,24.419999999999987,True,False,False,0.5686803914951063,0.4313196085048937,False,False,False,False
2025,14,Juschka,Kessi,76.68,101.1,8,False,2025-14-juschka__vs__kessi,8,8,False,True,False,True,False,True,0.0,7.0,0.0,-24.419999999999987,24.419999999999987,False,True,False,0.4313196085048937,0.5686803914951063,False,False,False,False
2025,14,Simi,Marv,92.2,118.44,6,False,2025-14-marv__vs__simi,8,6,False,False,False,True,False,True,2.0,5.0,0.2857142857142857,-26.239999999999995,26.239999999999995,False,True,False,0.4377136346372959,0.5622863653627042,False,False,False,False
2025,14,Marv,Simi,118.44,92.2,1,False,2025-14-marv__vs__simi,8,1,True,False,True,False,True,False,7.0,0.0,1.0,26.239999999999995,26.239999999999995,True,False,False,0.5622863653627042,0.4377136346372959,False,False,False,False
2025,14,Tommy,Erik,104.66,89.16,3,False,2025-14-erik__vs__tommy,8,3,False,False,True,False,True,False,5.0,2.0,0.7142857142857143,15.5,15.5,True,False,False,0.539985553606439,0.46001444639356104,False,False,False,False
2025,14,Erik,Tommy,89.16,104.66,7,False,2025-14-erik__vs__tommy,8,7,False,False,False,True,False,True,1.0,6.0,0.14285714285714285,-15.5,15.5,False,True,False,0.46001444639356104,0.539985553606439,False,False,False,False
2025,15,Benni,Marv,119.86,158.22,2,True,2025-15-benni__vs__marv,8,2,False,False,True,False,True,False,6.0,1.0,0.8571428571428571,-38.36,38.36,False,True,False,0.4310270425776755,0.5689729574223246,False,True,False,False
2025,15,Marv,Benni,158.22,119.86,1,True,2025-15-benni__vs__marv,8,1,True,False,True,False,True,False,7.0,0.0,1.0,38.36,38.36,True,False,False,0.5689729574223246,0.4310270425776755,True,False,False,False
2025,15,Kessi,Ritz,89.06,107.5,7,True,2025-15-kessi__vs__ritz,8,7,False,False,False,True,False,True,1.0,6.0,0.14285714285714285,-18.439999999999998,18.439999999999998,False,True,False,0.4530932030932031,0.5469067969067969,False,False,False,False
2025,15,Ritz,Kessi,107.5,89.06,4,True,2025-15-kessi__vs__ritz,8,4,False,False,False,False,True,False,4.0,3.0,0.5714285714285714,18.439999999999998,18.439999999999998,True,False,False,0.5469067969067969,0.4530932030932031,False,False,False,False
2025,15,Simi,Juschka,74.42,111.68,8,True,2025-15-juschka__vs__simi,8,8,False,True,False,True,False,True,0.0,7.0,0.0,-37.260000000000005,37.260000000000005,False,True,False,0.399892530897367,0.6001074691026329,False,True,False,False
2025,15,Juschka,Simi,111.68,74.42,3,True,2025-15-juschka__vs__simi,8,3,False,False,True,False,True,False,5.0,2.0,0.7142857142857143,37.260000000000005,37.260000000000005,True,False,False,0.6001074691026329,0.399892530897367,True,False,False,False
2025,15,Tommy,Erik,92.6,96.9,6,True,2025-15-erik__vs__tommy,8,6,False,False,False,True,False,True,2.0,5.0,0.2857142857142857,-4.300000000000011,4.300000000000011,False,True,False,0.48865435356200526,0.5113456464379947,False,False,False,True
2025,15,Erik,Tommy,96.9,92.6,5,True,2025-15-erik__vs__tommy,8,5,False,False,False,False,False,True,3.0,4.0,0.42857142857142855,4.300000000000011,4.300000000000011,True,False,False,0.5113456464379947,0.48865435356200526,False,False,True,False
