sleeper_id	espn_id	name	merge_name	position
462	112	Brett Favre	brett favre	QB
NA	139	John Kasay	john kasay	K
NA	286	Jason Hanson	jason hanson	K
NA	445	Mark Brunell	mark brunell	QB
NA	456	Jeff Robinson	jeff robinson	TE
NA	658	Isaac Bruce	isaac bruce	WR
NA	734	Kerry Collins	kerry collins	QB
NA	735	Todd Collins	todd collins	QB
NA	751	Joey Galloway	joey galloway	WR
NA	901	Tony Richardson	tony richardson	RB
NA	936	Muhsin Muhammad	muhsin muhammad	WR
NA	982	Joe Nedney	joe nedney	K
NA	1056	Terrell Owens	terrell owens	WR
120	1097	Adam Vinatieri	adam vinatieri	K
NA	1170	Olindo Mare	olindo mare	K
NA	1231	Tony Gonzalez	tony gonzalez	TE
NA	1263	Derrick Mason	derrick mason	WR
NA	1328	Ryan Longwell	ryan longwell	K
404	1383	Jon Kitna	jon kitna	QB
NA	1393	David Patten	david patten	WR
NA	1417	Todd Bouman	todd bouman	QB
294	1428	Peyton Manning	peyton manning	QB
NA	1430	Fred Taylor	fred taylor	RB
NA	1432	Ahman Green	ahman green	RB
NA	1433	Randy Moss	randy moss	WR
229	1440	Phil Dawson	phil dawson	K
NA	1490	Charlie Batch	charlie batch	QB
NA	1494	Hines Ward	hines ward	WR
36	1575	Matt Hasselbeck	matt hasselbeck	QB
NA	1686	Mike Sellers	mike sellers	RB
NA	1693	Jake Delhomme	jake delhomme	QB
NA	1716	David Akers	david akers	K
NA	1753	Donovan McNabb	donovan mcnabb	QB
NA	1756	Ricky Williams	ricky williams	RB
NA	1757	Torry Holt	torry holt	WR
NA	1794	Reginald Kelly	reginald kelly	TE
NA	1796	Jim Kleinsasser	jim kleinsasser	TE
NA	1798	Kevin Faulk	kevin faulk	RB
NA	1832	Daniel Campbell	daniel campbell	TE
NA	1858	Brandon Stokley	brandon stokley	WR
NA	1932	Desmond Clark	desmond clark	TE
NA	1966	Donald Driver	donald driver	WR
NA	1971	Billy Miller	billy miller	TE
NA	1981	Kris Brown	kris brown	K
NA	1994	Sean Morey	sean morey	WR
NA	2028	Joe Zelenka	joe zelenka	TE
NA	2048	Brian Finneran	brian finneran	WR
NA	2138	Thomas Jones	thomas jones	RB
NA	2139	Plaxico Burress	plaxico burress	WR
118	2148	Sebastian Janikowski	sebastian janikowski	K
NA	2149	Chad Pennington	chad pennington	QB
NA	2158	Anthony Becht	anthony becht	TE
NA	2163	Dennis Northcutt	dennis northcutt	WR
NA	2206	Chris Redman	chris redman	QB
NA	2287	Sammy Morris	sammy morris	RB
NA	2299	Marc Bulger	marc bulger	QB
NA	2300	Neil Rackers	neil rackers	K
167	2330	Tom Brady	tom brady	QB
NA	2361	Brian Jennings	brian jennings	TE
NA	2402	Todd Yoder	todd yoder	TE
NA	2440	Billy Volek	billy volek	QB
NA	2442	Justin Snow	justin snow	TE
477	2482	Mike Leach	mike leach	TE
NA	2489	Rian Lindell	rian lindell	K
692	2548	Jay Feely	jay feely	K
461	2549	Michael Vick	michael vick	QB
NA	2553	LaDainian Tomlinson	ladainian tomlinson	RB
69	2564	Santana Moss	santana moss	WR
NA	2565	Jon Kitna	jon kitna	QB
NA	2575	Michael Bennett	michael bennett	RB
194	2578	Reggie Wayne	reggie wayne	WR
NA	2579	Todd Heap	todd heap	TE
289	2580	Drew Brees	drew brees	QB
NA	2583	Alge Crumpler	alge crumpler	TE
NA	2584	Chad Johnson	chad johnson	WR
NA	2598	Brian Kozlowski	brian kozlowski	TE
NA	2600	Chris Chambers	chris chambers	WR
169	2622	Steve Smith	steve smith	WR
NA	2630	Heath Evans	heath evans	RB
NA	2658	Sage Rosenfels	sage rosenfels	QB
NA	2664	Moran Norris	moran norris	RB
NA	2670	Correll Buckhalter	correll buckhalter	RB
NA	2678	Brandon Manumaleuna	brandon manumaleuna	TE
NA	2696	Tony Stewart	tony stewart	TE
NA	2704	A.J. Feeley	aj feeley	QB
NA	2739	Kevin Kasper	kevin kasper	WR
NA	2747	David Martin	david martin	TE
NA	2753	T.J. Houshmandzadeh	tj houshmandzadeh	WR
NA	2767	Chris Taylor	chris taylor	RB
NA	3413	Lawrence Tynes	lawrence tynes	K
758	3504	Shayne Graham	shayne graham	K
NA	3529	David Carr	david carr	QB
NA	3541	Donte' Stallworth	donte stallworth	WR
NA	3542	Jeremy Shockey	jeremy shockey	TE
NA	3549	Daniel Graham	daniel graham	TE
NA	3556	Jerramy Stevens	jerramy stevens	TE
NA	3561	Jabar Gaffney	jabar gaffney	WR
2601	3575	Andre' Davis	andre davis	WR
NA	3579	Clinton Portis	clinton portis	RB
NA	3582	Maurice Morris	maurice morris	RB
NA	3584	Ladell Betts	ladell betts	RB
226	3590	Antwaan Randle El	antwaan randle el	WR
NA	3591	Antonio Bryant	antonio bryant	WR
NA	3593	Deion Branch	deion branch	WR
208	3609	Josh McCown	josh mccown	QB
NA	3616	Chris Baker	chris baker	TE
NA	3619	Brian Westbrook	brian westbrook	RB
NA	3631	Justin Peelle	justin peelle	TE
41	3636	David Garrard	david garrard	QB
NA	3642	Randy McMichael	randy mcmichael	TE
NA	3666	John Owens	john owens	TE
NA	3688	Robert Royal	robert royal	TE
NA	3744	Chris Massey	chris massey	RB
NA	3745	J.T. O'Sullivan	jt osullivan	QB
NA	3761	Rock Cartwright	rock cartwright	RB
NA	3773	John Gilmore	john gilmore	TE
NA	3776	Adrian Peterson	adrian peterson	RB
NA	3784	Chester Taylor	chester taylor	RB
NA	4140	Corey McIntyre	corey mcintyre	RB
500	4245	Billy Cundiff	billy cundiff	K
686	4260	Shaun Hill	shaun hill	QB
NA	4302	Darnell Dinkins	darnell dinkins	TE
127	4333	Matt Bryant	matt bryant	K
NA	4399	Jeff Reed	jeff reed	K
NA	4403	Vinny Testaverde	vinny testaverde	QB
NA	4421	Jason McKie	jason mckie	RB
91	4459	Carson Palmer	carson palmer	QB
92	4461	Andre Johnson	andre johnson	WR
5817	4465	Byron Leftwich	byron leftwich	QB
NA	4466	Tony Richardson	tony richardson	RB
NA	4475	Bryant Johnson	bryant johnson	WR
NA	4477	Kyle Boller	kyle boller	QB
679	4480	Rex Grossman	rex grossman	QB
NA	4481	Willis McGahee	willis mcgahee	RB
5	4482	Dallas Clark	dallas clark	TE
NA	4485	Larry Johnson	larry johnson	RB
655	4512	Anquan Boldin	anquan boldin	WR
NA	4519	L.J. Smith	lj smith	TE
NA	4523	Kelley Washington	kelley washington	WR
23	4527	Jason Witten	jason witten	TE
NA	4529	Nate Burleson	nate burleson	WR
55	4549	Visanthe Shiancoe	visanthe shiancoe	TE
NA	4555	Chris Simms	chris simms	QB
662	4568	Seneca Wallace	seneca wallace	QB
NA	4579	Justin Griffith	justin griffith	RB
386	4582	Brandon Lloyd	brandon lloyd	WR
NA	4585	Sam Aiken	sam aiken	WR
NA	4592	Ovie Mughelli	ovie mughelli	RB
NA	4597	Bobby Wade	bobby wade	WR
NA	4601	Justin Gage	justin gage	WR
NA	4614	Donald Lee	donald lee	TE
761	4621	Brian St. Pierre	brian st pierre	QB
NA	4622	Jermaine Ross	jermaine ross	WR
NA	4655	Arnaz Battle	arnaz battle	WR
NA	4669	David Tyree	david tyree	WR
102	4680	Josh Brown	josh brown	K
NA	4712	Richard Angulo	richard angulo	TE
72	4713	Kevin Walter	kevin walter	WR
NA	4780	Brandon Banks	brandon banks	WR
NA	4939	Mike Furrey	mike furrey	WR
NA	4950	Earnest Graham	earnest graham	RB
NA	4972	Will Heller	will heller	TE
142	5209	Tony Romo	tony romo	QB
NA	5286	Jerheme Urban	jerheme urban	WR
322	5362	Antonio Gates	antonio gates	TE
NA	5412	Greg Lewis	greg lewis	WR
670	5437	Kassim Osgood	kassim osgood	WR
188	5526	Eli Manning	eli manning	QB
NA	5527	Mike Sellers	mike sellers	TE
223	5528	Larry Fitzgerald	larry fitzgerald	WR
331	5529	Philip Rivers	philip rivers	QB
449	5531	Kellen Winslow	kellen winslow	TE
NA	5532	Roy Williams	roy williams	WR
NA	5534	Reggie Williams	reggie williams	WR
138	5536	Ben Roethlisberger	ben roethlisberger	QB
NA	5538	Lee Evans	lee evans	WR
NA	5540	Michael Clayton	michael clayton	WR
NA	5547	J.P. Losman	jp losman	QB
57	5549	Steven Jackson	steven jackson	RB
NA	5554	Michael Jenkins	michael jenkins	WR
663	5557	Ben Watson	ben watson	TE
NA	5568	Julius Jones	julius jones	RB
NA	5575	Devery Henderson	devery henderson	WR
133	5580	Greg Jones	greg jones	RB
NA	5587	Kris Wilson	kris wilson	TE
NA	5590	Nate Kaeding	nate kaeding	K
468	5593	Ben Hartsock	ben hartsock	TE
NA	5603	Bernard Berrian	bernard berrian	WR
NA	5606	Chris Cooley	chris cooley	TE
178	5615	Matt Schaub	matt schaub	QB
248	5631	Luke McCown	luke mccown	QB
155	5633	Jerricho Cotchery	jerricho cotchery	WR
NA	5644	Mewelde Moore	mewelde moore	RB
NA	5645	Ernest Wilford	ernest wilford	TE
275	5662	Josh Scobee	josh scobee	K
5834	5669	Sean Ryan	sean ryan	TE
NA	5679	Michael Turner	michael turner	RB
NA	5681	Mike Karney	mike karney	RB
NA	5692	Kaseem Sinceno	kaseem sinceno	TE
NA	5718	Jim Sorgi	jim sorgi	QB
NA	5730	Nate Jones	nate jones	WR
NA	5731	Mark Jones	mark jones	WR
NA	5741	Patrick Crayton	patrick crayton	WR
NA	5745	Jeff Dugan	jeff dugan	RB
NA	5757	Michael Gaines	michael gaines	TE
NA	5760	Derrick Ward	derrick ward	RB
NA	5766	Sean McHugh	sean mchugh	RB
NA	5799	Terrance Copper	terrance copper	WR
NA	5817	Lousaka Polite	lousaka polite	RB
NA	5880	Willie Parker	willie parker	RB
177	5941	Wes Welker	wes welker	WR
412	6012	Jason Peters	jason peters	TE
316	6016	Malcom Floyd	malcom floyd	WR
115	6044	Stevonne Smith	stevonne smith	WR
63	6301	Vonta Leach	vonta leach	RB
NA	8401	Jason Wright	jason wright	RB
268	8416	Alex Smith	alex smith	QB
258	8417	Ronnie Brown	ronnie brown	RB
NA	8418	Braylon Edwards	braylon edwards	WR
6738	8419	Cedric Benson	cedric benson	RB
NA	8420	Carnell Williams	carnell williams	RB
NA	8422	Troy Williamson	troy williamson	WR
NA	8425	Mike Williams	mike williams	WR
NA	8436	Matt Jones	matt jones	WR
NA	8437	Mark Clayton	mark clayton	WR
96	8439	Aaron Rodgers	aaron rodgers	QB
673	8440	Jason Campbell	jason campbell	QB
4	8442	Roddy White	roddy white	WR
310	8444	Heath Miller	heath miller	TE
NA	8449	Reggie Brown	reggie brown	WR
NA	8453	Mark Bradley	mark bradley	WR
NA	8458	J.J. Arrington	jj arrington	RB
658	8461	Mike Nugent	mike nugent	K
NA	8469	Roscoe Parrish	roscoe parrish	WR
128	8475	Vincent Jackson	vincent jackson	WR
232	8479	Frank Gore	frank gore	RB
NA	8481	Charlie Frye	charlie frye	QB
195	8482	Courtney Roby	courtney roby	WR
NA	8483	Andrew Walter	andrew walter	QB
661	8485	Alex Smith	alex smith	TE
NA	8491	Ryan Moats	ryan moats	RB
NA	8510	Brandon Jones	brandon jones	WR
388	8520	Kyle Orton	kyle orton	QB
NA	8523	Marion Barber	marion barber	RB
82	8524	Brandon Jacobs	brandon jacobs	RB
114	8540	J.J. Stokes	jj stokes	WR
NA	8541	Alvin Pearman	alvin pearman	RB
246	8544	Darren Sproles	darren sproles	RB
NA	8550	Roydell Williams	roydell williams	WR
374	8559	Dan Orlovsky	dan orlovsky	QB
NA	8564	Pete Stoyanovich	pete stoyanovich	K
NA	8593	Bo Scaife	bo scaife	TE
52	8612	Joel Dreessen	joel dreessen	TE
NA	8616	Dave Rayner	dave rayner	K
691	8627	Derek Anderson	derek anderson	QB
NA	8636	Nehemiah Broughton	nehemiah broughton	RB
NA	8637	Marcus Maxwell	marcus maxwell	WR
389	8644	Matt Cassel	matt cassel	QB
450	8663	Billy Bajema	billy bajema	TE
333	8664	Ryan Fitzpatrick	ryan fitzpatrick	QB
NA	8665	Madison Hedgecock	madison hedgecock	RB
NA	8670	Luke Lawton	luke lawton	RB
NA	9264	Stephen Spach	stephen spach	TE
NA	9268	Rashied Davis	rashied davis	WR
166	9270	Josh Cribbs	josh cribbs	WR
NA	9283	Ryan Thelwell	ryan thelwell	WR
NA	9297	Leonard Weaver	leonard weaver	RB
NA	9301	Zak Keasey	zak keasey	RB
370	9307	Nate Washington	nate washington	WR
168	9329	Nick Novak	nick novak	K
49	9354	Robbie Gould	robbie gould	K
NA	9357	Glenn Martinez	glenn martinez	WR
763	9361	Shaun Suisham	shaun suisham	K
270	9400	Lance Moore	lance moore	WR
NA	9434	Tony Curtis	tony curtis	TE
NA	9450	Tory Humphrey	tory humphrey	TE
NA	9451	Ruvell Martin	ruvell martin	WR
NA	9475	Ryan Grant	ryan grant	RB
NA	9495	Greg Camarillo	greg camarillo	WR
53	9530	John Kuhn	john kuhn	RB
179	9588	Reggie Bush	reggie bush	RB
157	9589	Vince Young	vince young	QB
200	9592	Vernon Davis	vernon davis	TE
NA	9596	Matt Leinart	matt leinart	QB
416	9597	Jay Cutler	jay cutler	QB
NA	9607	Laurence Maroney	laurence maroney	RB
651	9611	Santonio Holmes	santonio holmes	WR
306	9613	DeAngelo Williams	deangelo williams	RB
111	9614	Marcedes Lewis	marcedes lewis	TE
NA	9616	Joseph Addai	joseph addai	RB
NA	9622	Chad Jackson	chad jackson	WR
NA	9630	Sinorice Moss	sinorice moss	WR
NA	9631	LenDale White	lendale white	RB
NA	9632	Joe Klopfenstein	joe klopfenstein	TE
198	9635	Kellen Clemens	kellen clemens	QB
264	9638	Greg Jennings	greg jennings	WR
51	9639	Anthony Fasano	anthony fasano	TE
279	9643	Devin Hester	devin hester	WR
293	9646	Maurice Jones-Drew	maurice jones-drew	RB
688	9647	Tony Scheffler	tony scheffler	TE
154	9650	Tarvaris Jackson	tarvaris jackson	QB
NA	9658	Leonard Pope	leonard pope	TE
NA	9665	Jerious Norwood	jerious norwood	RB
698	9667	Charlie Whitehurst	charlie whitehurst	QB
764	9668	Derek Hagan	derek hagan	WR
NA	9671	Brodie Croyle	brodie croyle	QB
NA	9672	Dave Thomas	dave thomas	TE
NA	9676	Maurice Stovall	maurice stovall	WR
NA	9679	Dominique Byrd	dominique byrd	TE
64	9684	Owen Daniels	owen daniels	TE
723	9686	Michael Robinson	michael robinson	RB
287	9689	Brad Smith	brad smith	WR
NA	9692	Garrett Mills	garrett mills	TE
71	9695	Jason Avant	jason avant	WR
NA	9697	Demetrius Williams	demetrius williams	WR
697	9703	Leon Washington	leon washington	RB
110	9704	Stephen Gostkowski	stephen gostkowski	K
648	9705	Brandon Marshall	brandon marshall	WR
NA	9715	Floyd Turner	floyd turner	WR
65	9716	Domenik Hixon	domenik hixon	WR
NA	9727	Kevin Turner	kevin turner	RB
NA	9730	Marques Hagans	marques hagans	WR
NA	9731	Jerome Harrison	jerome harrison	RB
NA	9734	Ingle Martin	ingle martin	QB
NA	9736	Jason Pociask	jason pociask	TE
87	9741	Jeff King	jeff king	TE
NA	9752	Quinn Sypniewski	quinn sypniewski	TE
NA	9757	Mike Hass	mike hass	WR
284	9761	Delanie Walker	delanie walker	TE
NA	9766	Lawrence Vickers	lawrence vickers	RB
NA	9770	Adam Jennings	adam jennings	WR
393	9780	Bruce Gradkowski	bruce gradkowski	QB
NA	9804	Todd Watkins	todd watkins	WR
NA	9809	D.J. Shockley	dj shockley	QB
NA	9819	Devin Aromashodu	devin aromashodu	WR
NA	9832	Quinton Ganther	quinton ganther	RB
243	9835	Ben Obomanu	ben obomanu	WR
NA	9837	David Anderson	david anderson	WR
201	9838	Marques Colston	marques colston	WR
NA	9858	Brett Basanez	brett basanez	QB
NA	9859	Hank Baskett	hank baskett	WR
NA	9864	Mike Bell	mike bell	RB
NA	9867	Taye Biddle	taye biddle	WR
NA	9872	Shaun Bodiford	shaun bodiford	WR
NA	9901	Brian Clark	brian clark	WR
NA	9902	Patrick Cobbs	patrick cobbs	RB
NA	9904	E.J. Cochrane	ej cochrane	K
NA	9916	Jason Davis	jason davis	RB
NA	9959	Chris Hannon	chris hannon	WR
NA	9999	Darcy Johnson	darcy johnson	TE
251	10057	Montell Owens	montell owens	RB
207	10062	Wesley Walls	wesley walls	TE
NA	10063	Jamie Petrowski	jamie petrowski	TE
NA	10121	Lee Vickers	lee vickers	TE
NA	10137	Wallace Wright	wallace wright	WR
122	10147	Miles Austin	miles austin	WR
NA	10188	Ahmard Hall	ahmard hall	RB
NA	10194	Sam Hurd	sam hurd	WR
228	10195	Fred Jackson	fred jackson	RB
NA	10246	Naufahu Tahi	naufahu tahi	RB
NA	10269	Shane Andrus	shane andrus	K
277	10287	Daniel Fells	daniel fells	TE
NA	10304	John Madsen	john madsen	TE
NA	10341	DeDe Dorsey	dede dorsey	RB
NA	10363	Greg Estandia	greg estandia	TE
NA	10387	Spencer Havner	spencer havner	TE
NA	10425	Troy Bergeron	troy bergeron	WR
240	10447	Calvin Johnson	calvin johnson	WR
184	10452	Adrian Peterson	adrian peterson	RB
695	10453	Ted Ginn Jr.	ted ginn	WR
745	10456	Marshawn Lynch	marshawn lynch	RB
671	10466	Brady Quinn	brady quinn	QB
286	10467	Dwayne Bowe	dwayne bowe	WR
230	10471	Robert Meachem	robert meachem	WR
NA	10474	Buster Davis	buster davis	WR
58	10475	Greg Olsen	greg olsen	TE
NA	10476	Anthony Gonzalez	anthony gonzalez	WR
278	10480	Kevin Kolb	kevin kolb	QB
171	10482	Zach Miller	zach miller	TE
NA	10484	John Beck	john beck	QB
181	10487	Drew Stanton	drew stanton	QB
14	10488	Sidney Rice	sidney rice	WR
NA	10489	Dwayne Jarrett	dwayne jarrett	WR
NA	10494	Chris Henry	chris henry	RB
NA	10495	Steve Smith	steve smith	WR
355	10496	Brian Leonard	brian leonard	RB
NA	10507	Brandon Jackson	brandon jackson	RB
203	10517	Jacoby Jones	jacoby jones	WR
NA	10518	Yamon Figurs	yamon figurs	WR
NA	10519	Laurent Robinson	laurent robinson	WR
NA	10520	Jason Hill	jason hill	WR
250	10521	Matt Spaeth	matt spaeth	TE
253	10522	James Jones	james jones	WR
NA	10523	Mike Sims-Walker	mike sims-walker	WR
NA	10524	Paul Williams	paul williams	WR
739	10536	Trent Edwards	trent edwards	QB
NA	10537	Garrett Wolfe	garrett wolfe	RB
NA	10543	Johnnie Lee Higgins	johnnie lee higgins	WR
NA	10544	Michael Bush	michael bush	RB
NA	10547	Isaiah Stanback	isaiah stanback	WR
NA	10555	Dwayne Wright	dwayne wright	RB
NA	10570	Kareem Brown	kareem brown	TE
NA	10571	Chris Davis	chris davis	WR
768	10572	Scott Chandler	scott chandler	TE
121	10580	Le'Ron McClain	leron mcclain	RB
NA	10585	Steve Breaston	steve breaston	WR
NA	10589	Aundrae Allison	aundrae allison	WR
NA	10591	Kolby Smith	kolby smith	RB
NA	10594	Jeff Rowe	jeff rowe	QB
NA	10596	Kevin Boss	kevin boss	TE
86	10598	Dante Rosario	dante rosario	TE
NA	10600	David Clowney	david clowney	WR
NA	10603	Justin Medlock	justin medlock	K
221	10605	Brent Celek	brent celek	TE
NA	10612	Roy Hall	roy hall	WR
NA	10615	Legedu Naanee	legedu naanee	WR
NA	10617	Troy Smith	troy smith	QB
NA	10618	Oren O'Neal	oren oneal	RB
650	10621	Nick Folk	nick folk	K
NA	10624	Reagan Maui'a	reagan mauia	RB
NA	10629	Thomas Clayton	thomas clayton	RB
NA	10634	Korey Hall	korey hall	RB
59	10636	Mason Crosby	mason crosby	K
NA	10638	Deon Anderson	deon anderson	RB
50	10648	Jordan Palmer	jordan palmer	QB
NA	10651	Justise Hairston	justise hairston	RB
NA	10653	Jordan Kent	jordan kent	WR
NA	10658	Ben Patrick	ben patrick	TE
492	10660	Tyler Thigpen	tyler thigpen	QB
NA	10665	Derek Schouman	derek schouman	TE
NA	10671	DeShawn Wynn	deshawn wynn	RB
NA	10674	Michael Allan	michael allan	TE
NA	10676	Chandler Williams	chandler williams	WR
NA	10677	Syndric Steptoe	syndric steptoe	WR
NA	10678	Chansi Stuckey	chansi stuckey	WR
738	10686	Clark Harris	clark harris	TE
215	10687	Jason Snelling	jason snelling	RB
NA	10689	Kenneth Darby	kenneth darby	RB
78	10693	Ahmad Bradshaw	ahmad bradshaw	RB
NA	10697	Johnathan Holland	johnathan holland	WR
NA	10708	Onrea Jones	onrea jones	WR
34	10713	Pierre Thomas	pierre thomas	RB
NA	10719	Tyler Palko	tyler palko	QB
NA	10764	Matt Gutierrez	matt gutierrez	QB
NA	10768	D.J. Ware	dj ware	RB
130	10770	Eric Weems	eric weems	WR
NA	10799	Brandon London	brandon london	WR
NA	10806	Michael Matthews	michael matthews	TE
NA	10837	Marcus Mason	marcus mason	RB
NA	10848	Tim Castille	tim castille	RB
NA	10850	Ricky Schmitt	ricky schmitt	K
NA	10866	Logan Payne	logan payne	WR
NA	10884	Matt Willis	matt willis	WR
NA	10914	Billy Latsko	billy latsko	RB
NA	10935	Daniel Coats	daniel coats	TE
NA	10956	Rhys Lloyd	rhys lloyd	K
NA	10965	Gijon Robinson	gijon robinson	TE
NA	10967	Charles Ali	charles ali	RB
NA	10971	Richard Bartel	richard bartel	QB
NA	10980	Eldra Buckley	eldra buckley	RB
NA	11064	Maurice Price	maurice price	WR
NA	11068	Brett Ratliff	brett ratliff	QB
NA	11079	Marcus Smith	marcus smith	WR
NA	11107	Dominique Zeigler	dominique zeigler	WR
17	11122	Matt Prater	matt prater	K
233	11128	Matt Moore	matt moore	QB
NA	11142	Jake Nordin	jake nordin	TE
47	11197	Jackie Battle	jackie battle	RB
NA	11213	Eric Fowler	eric fowler	WR
24	11237	Matt Ryan	matt ryan	QB
326	11238	Darren McFadden	darren mcfadden	RB
218	11247	Jonathan Stewart	jonathan stewart	RB
19	11252	Joe Flacco	joe flacco	QB
291	11256	Felix Jones	felix jones	RB
145	11257	Rashard Mendenhall	rashard mendenhall	RB
272	11258	Chris Johnson	chris johnson	RB
315	11264	Dustin Keller	dustin keller	TE
104	11267	Donnie Avery	donnie avery	WR
NA	11268	Devin Thomas	devin thomas	WR
175	11270	Jordy Nelson	jordy nelson	WR
143	11272	John Carlson	john carlson	TE
NA	11275	James Hardy	james hardy	WR
297	11276	Eddie Royal	eddie royal	WR
103	11278	Matt Forte	matt forte	RB
321	11280	Jerome Simpson	jerome simpson	WR
98	11282	Fred Davis	fred davis	TE
147	11283	DeSean Jackson	desean jackson	WR
NA	11285	Malcolm Kelly	malcolm kelly	WR
NA	11287	Limas Sweed	limas sweed	WR
16	11289	Ray Rice	ray rice	RB
NA	11290	Brian Brohm	brian brohm	QB
89	11291	Chad Henne	chad henne	QB
NA	11292	Dexter Jackson	dexter jackson	WR
40	11295	Martellus Bennett	martellus bennett	TE
NA	11298	Kevin Smith	kevin smith	RB
NA	11303	Jacob Hester	jacob hester	RB
415	11304	Earl Bennett	earl bennett	WR
323	11307	Jamaal Charles	jamaal charles	RB
NA	11310	Brad Cottam	brad cottam	TE
NA	11315	Early Doucet	early doucet	WR
247	11318	Harry Douglas	harry douglas	WR
8079	11319	Craig Stevens	craig stevens	TE
NA	11323	Steve Slaton	steve slaton	RB
NA	11325	Jermichael Finley	jermichael finley	TE
5833	11328	Kevin O'Connell	kevin oconnell	QB
68	11329	Mario Manningham	mario manningham	WR
148	11331	Andre Caldwell	andre caldwell	WR
NA	11344	Spergon Wynn	spergon wynn	QB
NA	11345	Martin Rucker	martin rucker	TE
NA	11353	Kenneth Moore	kenneth moore	WR
NA	11355	John David Booty	john david booty	QB
66	11359	Tashard Choice	tashard choice	RB
NA	11362	Ryan Torain	ryan torain	RB
176	11364	Gary Barnidge	gary barnidge	TE
25	11369	Jerome Felton	jerome felton	RB
151	11371	Lavelle Hawkins	lavelle hawkins	WR
32	11373	Jacob Tamme	jacob tamme	TE
NA	11375	Keenan Burton	keenan burton	WR
NA	11379	Derek Fine	derek fine	TE
83	11383	Tim Hightower	tim hightower	RB
312	11387	Matt Slater	matthew slater	WR
665	11390	Dennis Dixon	dennis dixon	QB
NA	11391	Amos Zereoue	amos zereoue	RB
328	11392	Kellen Davis	kellen davis	TE
260	11394	Josh Johnson	josh johnson	QB
NA	11396	Erik Ainge	erik ainge	QB
NA	11397	Owen Schmitt	owen schmitt	RB
NA	11405	Marcus Henry	marcus henry	WR
NA	11406	Thomas Brown	thomas brown	RB
222	11408	Josh Morgan	josh morgan	WR
479	11410	Jalen Parmele	jalen parmele	RB
NA	11413	Xavier Omon	xavier omon	RB
241	11417	Spencer Larsen	spencer larsen	RB
NA	11420	Colt Brennan	colt brennan	QB
NA	11425	Paul Hubbard	paul hubbard	WR
NA	11427	Jaymar Johnson	jaymar johnson	WR
NA	11430	Tom Santi	tom santi	TE
NA	11436	Mike Hart	mike hart	RB
340	11438	Lex Hilliard	lex hilliard	RB
269	11439	Pierre Garcon	pierre garcon	WR
NA	11441	Matt Sherry	matt sherry	TE
144	11443	Matt Flynn	matt flynn	QB
NA	11447	Chauncey Washington	chauncey washington	RB
NA	11449	Justin Harper	justin harper	WR
NA	11451	Brett Swain	brett swain	WR
108	11458	Stevie Johnson	stevie johnson	WR
NA	11460	Chaz Schilens	chaz schilens	WR
660	11461	Peyton Hillis	peyton hillis	RB
NA	11466	Keith Zinger	keith zinger	TE
458	11467	Justin Forsett	justin forsett	RB
NA	11469	Brandon Coutu	brandon coutu	K
NA	11471	Adrian Arrington	adrian arrington	WR
NA	11474	Allen Patrick	allen patrick	RB
NA	11480	Mario Urrutia	mario urrutia	WR
NA	11493	Anthony Alridge	anthony alridge	RB
1015	11517	Jed Collins	jed collins	RB
317	11540	Caleb Hanie	caleb hanie	QB
11	11543	Garrett Hartley	garrett hartley	K
NA	11575	Louis Rankin	louis rankin	RB
NA	11635	Joey Haynos	joey haynos	TE
NA	11644	Lance Long	lance long	WR
NA	11654	Chad Simpson	chad simpson	RB
182	11658	Mike Tolbert	mike tolbert	RB
491	11674	Danny Amendola	danny amendola	WR
NA	11678	Davone Bess	davone bess	WR
45	11688	Dan Carpenter	dan carpenter	K
NA	11698	Lynell Hamilton	lynell hamilton	RB
469	11708	Matthew Mulligan	matthew mulligan	TE
126	11717	Marcel Reece	marcel reece	RB
NA	11734	Jake Allen	jake allen	WR
499	11737	Connor Barth	connor barth	K
NA	11747	Mike Cox	mike cox	RB
5820	11754	BenJarvus Green-Ellis	benjarvus green-ellis	RB
NA	11760	James Johnson	james johnson	RB
NA	11766	Kregg LumKin	kregg lumKin	RB
NA	11784	Jonathan Stupar	jonathan stupar	TE
735	11788	Danny Woodhead	danny woodhead	RB
NA	11798	Nate Hughes	nate hughes	WR
NA	11801	Matt Lawrence	matt lawrence	RB
NA	11808	Travis Brown	travis brown	QB
NA	11816	Clifton Smith	clifton smith	RB
NA	11827	Darnell Jenkins	darnell jenkins	WR
NA	11831	Maurice Purify	maurice purify	WR
NA	11868	Dantrell Savage	dantrell savage	RB
NA	11870	Evan Moore	evan moore	TE
NA	11912	Lance Ball	lance ball	RB
775	11923	Steven Hauschka	steven hauschka	K
NA	11933	Darius Reynaud	darius reynaud	RB
NA	11940	Albert Young	albert young	RB
NA	11946	Anthony Armstrong	anthony armstrong	WR
NA	12021	Stefan Logan	stefan logan	RB
NA	12459	David Buehler	david buehler	K
503	12460	Graham Gano	graham gano	K
NA	12465	Rhett Bomar	rhett bomar	QB
NA	12466	Tom Brandstater	tom brandstater	QB
NA	12468	Hunter Cantwell	hunter cantwell	QB
NA	12469	Rudy Carpenter	rudy carpenter	QB
490	12471	Chase Daniel	chase daniel	QB
NA	12472	Nate Davis	nate davis	QB
448	12473	Josh Freeman	josh freeman	QB
6769	12475	Graham Harrell	graham harrell	QB
345	12477	Brian Hoyer	brian hoyer	QB
NA	12478	Stephen McGee	stephen mcgee	QB
NA	12479	Curtis Painter	curtis painter	QB
NA	12480	John Parker Wilson	john parker wilson	QB
350	12482	Mark Sanchez	mark sanchez	QB
421	12483	Matthew Stafford	matthew stafford	QB
NA	12485	Pat White	pat white	QB
NA	12488	Kahlil Bell	kahlil bell	RB
377	12489	Donald Brown	donald brown	RB
NA	12490	Andre Brown	andre brown	RB
4914	12491	Glen Coffee	glen coffee	RB
NA	12493	James Davis	james davis	RB
NA	12494	Herb Donaldson	herb donaldson	RB
NA	12496	Tony Fiammetta	tony fiammetta	RB
669	12497	Arian Foster	arian foster	RB
NA	12499	Mike Goodson	mike goodson	RB
348	12500	Shonn Greene	shonn greene	RB
NA	12502	P.J. Hill	pj hill	RB
380	12503	Rashad Jennings	rashad jennings	RB
NA	12504	Jeremiah Johnson	jeremiah johnson	RB
NA	12505	Ian Johnson	ian johnson	RB
362	12506	David Johnson	david johnson	TE
NA	12507	Gartrell Johnson	gartrell johnson	RB
NA	12508	Quinn Johnson	quinn johnson	RB
1235	12510	Jorvorskie Lane	jorvorskie lane	RB
NA	12513	Marcus Mailei	marcus mailei	RB
676	12514	LeSean McCoy	lesean mccoy	RB
NA	12515	Devin Moore	devin moore	RB
387	12516	Knowshon Moreno	knowshon moreno	RB
454	12517	Chris Ogbonnaya	chris ogbonnaya	RB
659	12519	Cedric Peerman	cedric peerman	RB
NA	12520	Javon Ringer	javon ringer	RB
NA	12521	Kory Sheets	kory sheets	RB
NA	12523	Tyrell Sutton	tyrell sutton	RB
1050	12524	Marcus Thigpen	marcus thigpen	WR
NA	12525	Beanie Wells	beanie wells	RB
NA	12526	Javarris Williams	javarris williams	RB
NA	12532	Travis Beckum	travis beckum	TE
NA	12533	Marquez Branson	marquez branson	TE
372	12535	James Casey	james casey	TE
352	12536	Chase Coffman	chase coffman	TE
367	12537	Jared Cook	jared cook	TE
NA	12538	Davon Drew	davon drew	TE
NA	12539	Dan Gronkowski	dan gronkowski	TE
NA	12540	Darius Hill	darius hill	TE
NA	12541	Anthony Hill	anthony hill	TE
NA	12542	Cornelius Ingram	cornelius ingram	TE
NA	12545	Cameron Morrah	cameron morrah	TE
NA	12546	Rob Myers	rob myers	TE
NA	12547	Shawn Nelson	shawn nelson	TE
502	12548	Bear Pascoe	bear pascoe	TE
465	12549	Brandon Pettigrew	brandon pettigrew	TE
406	12550	John Phillips	john phillips	TE
NA	12551	Ryan Purvis	ryan purvis	TE
NA	12552	Richard Quinn	richard quinn	TE
NA	12553	Kory Sperry	kory sperry	TE
NA	12554	Eddie Williams	eddie williams	RB
NA	12555	Ramses Barden	ramses barden	WR
366	12556	Kenny Britt	kenny britt	WR
NA	12557	Deon Butler	deon butler	WR
NA	12558	Demetrius Byrd	demetrius byrd	WR
NA	12561	Austin Collie	austin collie	WR
NA	12562	Quan Cosby	quan cosby	WR
455	12563	Michael Crabtree	michael crabtree	WR
NA	12564	Jarett Dillard	jarett dillard	WR
NA	12565	Dominique Edison	dominique edison	WR
NA	12566	Brooks Foster	brooks foster	WR
496	12567	Brandon Gibson	brandon gibson	WR
339	12568	Brian Hartline	brian hartline	WR
429	12569	Percy Harvin	percy harvin	WR
394	12570	Darrius Heyward-Bey	darrius heyward-bey	WR
NA	12571	Juaquin Iglesias	juaquin iglesias	WR
NA	12572	Manuel Johnson	manuel johnson	WR
613	12576	Brandon LaFell	brandon lafell	WR
NA	12577	Quinten Lawrence	quinten lawrence	WR
411	12579	Jeremy Maclin	jeremy maclin	WR
NA	12580	Marion Brennan	marion brennan	WR
NA	12581	Mohamed Massaquoi	mohamed massaquoi	WR
NA	12584	Marko Mitchell	marko mitchell	WR
396	12585	Louis Murphy	louis murphy	WR
474	12586	Hakeem Nicks	hakeem nicks	WR
769	12587	Jordan Norwood	jordan norwood	WR
405	12588	Kevin Ogletree	kevin ogletree	WR
1763	12589	Greg Orton	greg orton	WR
NA	12592	Brian Robiskie	brian robiskie	WR
NA	12594	Jordan Shipley	jordan shipley	WR
NA	12595	Sammie Stroughter	sammie stroughter	WR
346	12597	Brandon Tate	brandon tate	WR
NA	12598	Mike Thomas	mike thomas	WR
NA	12599	Patrick Turner	patrick turner	WR
NA	12600	Tiquan Underwood	tiquan underwood	WR
365	12601	Mike Wallace	mike wallace	WR
NA	12602	Derrick Williams	derrick williams	WR
NA	12635	Aaron Brown	aaron brown	RB
4825	12637	Freddie Brown	freddie brown	WR
344	12649	Julian Edelman	julian edelman	WR
NA	12671	Jake Ingram	jake ingram	TE
NA	12678	Johnny Knox	johnny knox	WR
749	12699	Zach Miller	zach miller	TE
397	12705	Brandon Myers	brandon myers	TE
NA	12706	John Nalbone	john nalbone	TE
NA	12709	Keith Null	keith null	QB
NA	12710	Jake O'Connell	jake oconnell	TE
NA	12724	Bernard Scott	bernard scott	RB
NA	12730	LaRod Stephens-Howling	larod stephens-howling	RB
391	12731	Ryan Succop	ryan succop	K
NA	12733	Frank Summers	frank summers	RB
NA	12736	Mike Teel	mike teel	QB
NA	12743	Fui Vakapuna	fui vakapuna	RB
NA	12763	Brock Bolen	brock bolen	RB
NA	12764	Curtis Brinkley	curtis brinkley	RB
780	12771	Tony Carter	tony carter	RB
NA	12813	Charly Martin	charly martin	WR
NA	12850	Will Ta'ufo'ou	will taufoou	RB
1007	12874	Kevin Brock	kevin brock	TE
NA	12886	Tyler Grisham	tyler grisham	WR
NA	12897	Brit Miller	brit miller	RB
NA	12898	Isaac Redman	isaac redman	RB
2864	12899	Mike Reilly	mike reilly	QB
NA	12930	Chris Pressley	chris pressley	RB
NA	12934	Chris Williams	chris williams	WR
NA	12953	Nick Miller	nick miller	WR
NA	12965	Colin Cloherty	colin cloherty	TE
NA	12969	Britt Davis	britt davis	WR
NA	12999	John Matthews	john matthews	WR
NA	13011	Zach Potter	zach potter	TE
NA	13027	Patrick Williams	patrick williams	WR
NA	13059	Kareem Huggins	kareem huggins	RB
NA	13061	Reggie Jones	reggie jones	WR
682	13097	Darrel Young	darrel young	RB
NA	13102	Tom Crabtree	tom crabtree	TE
NA	13112	Eron Riley	eron riley	WR
NA	13117	Isaiah Williams	isaiah williams	WR
NA	13149	Rod Harper	rod harper	WR
609	13158	Antone Smith	antone smith	RB
NA	13166	Chris Jennings	chris jennings	RB
NA	13168	Tristan Davis	tristan davis	RB
NA	13169	Julius Pruitt	julius pruitt	WR
504	13174	Micheal Spurlock	micheal spurlock	WR
NA	13188	Chad Hall	chad hall	WR
621	13197	Sam Bradford	sam bradford	QB
611	13198	Jimmy Clausen	jimmy clausen	QB
533	13199	Colt McCoy	colt mccoy	QB
559	13200	Tim Tebow	tim tebow	TE
NA	13201	Tony Pike	tony pike	QB
NA	13202	Dan LeFevour	dan lefevour	QB
507	13203	C.J. Spiller	cj spiller	RB
571	13204	Ryan Mathews	ryan mathews	RB
592	13205	Jahvid Best	jahvid best	RB
NA	13206	Jonathan Dwyer	jonathan dwyer	RB
564	13207	Dexter McCluster	dexter mccluster	RB
NA	13208	Montario Hardesty	montario hardesty	RB
523	13209	Joe McKnight	joe mcknight	RB
1004	13210	Ben Tate	ben tate	RB
604	13211	Toby Gerhart	toby gerhart	RB
727	13212	Anthony Dixon	anthony dixon	RB
730	13213	LeGarrette Blount	legarrette blount	RB
762	13214	James Starks	james starks	RB
574	13215	Dez Bryant	dez bryant	WR
560	13216	Demaryius Thomas	demaryius thomas	WR
642	13217	Golden Tate	golden tate	WR
618	13218	Arrelious Benn	arrelious benn	WR
541	13219	Damian Williams	damian williams	WR
NA	13221	Mardy Gilyard	mardy gilyard	WR
534	13222	Carlton Mitchell	carlton mitchell	WR
NA	13223	Taylor Price	taylor price	WR
999	13224	Marcus Easley	marcus easley	WR
582	13225	Riley Cooper	riley cooper	WR
627	13226	Andre Roberts	andre roberts	WR
NA	13227	Dezmon Briscoe	dezmon briscoe	WR
530	13228	Jermaine Gresham	jermaine gresham	TE
515	13229	Rob Gronkowski	rob gronkowski	TE
527	13231	Dennis Pitta	dennis pitta	TE
616	13232	Jimmy Graham	jimmy graham	TE
558	13271	Eric Decker	eric decker	WR
701	13272	Ed Dickson	ed dickson	TE
NA	13275	Armanti Edwards	armanti edwards	WR
565	13289	Tony Moeaki	tony moeaki	TE
538	13295	Emmanuel Sanders	emmanuel sanders	WR
2609	13309	R.J. Archer	rj archer	QB
NA	13312	Terrence Austin	terrence austin	WR
NA	13319	Levi Brown	levi brown	QB
NA	13326	Nate Byham	nate byham	TE
NA	13331	Sean Canfield	sean canfield	QB
NA	13335	Mike Caussin	mike caussin	TE
520	13341	John Conner	john conner	RB
NA	13346	Jonathan Crompton	jonathan crompton	QB
NA	13348	Ryan D'Imperio	ryan dimperio	RB
542	13353	Dorin Dickerson	dorin dickerson	TE
626	13357	Jim Dray	jim dray	TE
NA	13359	Brody Eldridge	brody eldridge	TE
NA	13360	Dedrick Epps	dedrick epps	TE
567	13363	Jacoby Ford	jacoby ford	WR
NA	13367	David Gettis	david gettis	WR
543	13371	Garrett Graham	garrett graham	TE
584	13376	Clay Harbor	clay harbor	TE
1003	13386	Trindon Holliday	trindon holliday	WR
622	13387	Michael Hoomanawanui	michael hoomanawanui	TE
586	13397	Mike Kafka	mike kafka	QB
NA	13398	Deji Karim	deji karim	RB
NA	13401	Jameson Konz	jameson konz	TE
747	13407	Erik Lorig	erik lorig	RB
539	13409	Marc Mariani	marc mariani	WR
640	13414	Anthony McCoy	anthony mccoy	TE
NA	13420	Kerry Meier	kerry meier	WR
NA	13425	Dennis Morris	dennis morris	RB
NA	13431	Fendi Onobun	fendi onobun	TE
601	13440	Andrew Quarless	andrew quarless	TE
NA	13442	David Reed	david reed	WR
NA	13444	Zac Robinson	zac robinson	QB
NA	13450	Charles Scott	charles scott	RB
737	13456	Mickey Shuler	mickey shuler	TE
NA	13458	John Skelton	john skelton	QB
NA	13459	Rusty Smith	rusty smith	QB
NA	13474	Tim Toone	tim toone	WR
606	13484	Joe Webb	joe webb	QB
638	13488	Kyle Williams	kyle williams	WR
748	13489	Mike Williams	mike williams	WR
NA	13490	Stephen Williams	stephen williams	WR
NA	13498	Freddie Barnes	freddie barnes	WR
NA	13506	Jeremy Horne	jeremy horne	WR
570	13524	Seyi Ajirotutu	seyi ajirotutu	WR
NA	13530	Jake Ballard	jake ballard	TE
736	13536	Joique Bell	joique bell	RB
1014	13538	Richie Brockel	richie brockel	TE
NA	13542	Tim Brown	tim brown	WR
NA	13545	Duke Calhoun	duke calhoun	WR
719	13553	Victor Cruz	victor cruz	WR
521	13555	Jeff Cumberland	jeff cumberland	TE
NA	13568	Richard Goodman	richard goodman	WR
NA	13574	Chris Gronkowski	chris gronkowski	RB
NA	13576	Max Hall	max hall	QB
717	13587	Chris Ivory	chris ivory	RB
NA	13590	Rashawn Jackson	rashawn jackson	RB
NA	13594	Stafon Johnson	stafon johnson	RB
NA	13597	Donald Jones	donald jones	WR
NA	13602	Max Komar	max komar	WR
1022	13606	Thaddeus Lewis	thaddeus lewis	QB
NA	13610	Jamie McCoy	jamie mccoy	TE
NA	13613	Shawnbrey McNeal	shawnbrey mcneal	RB
NA	13615	Lonyae Miller	lonyae miller	RB
511	13616	Marlon Moore	marlon moore	WR
NA	13619	Dimitri Nance	dimitri nance	RB
506	13621	David Nelson	david nelson	WR
NA	13629	Michael Palmer	michael palmer	TE
NA	13637	Naaman Roosevelt	naaman roosevelt	WR
NA	13642	Alfonso Smith	alfonso smith	RB
NA	13653	Keith Toston	keith toston	RB
NA	13661	Roberto Wallace	roberto wallace	WR
1009	13662	Bryan Walters	bryan walters	WR
NA	13667	Jeremy Williams	jeremy williams	WR
NA	13682	Jarrett Brown	jarrett brown	QB
NA	13687	Shay Hodge	shay hodge	WR
NA	13698	Jeron Mastrud	jeron mastrud	TE
620	13703	Preston Parker	preston parker	WR
NA	13714	Jevan Snead	jevan snead	QB
587	13726	Logan Paulsen	logan paulsen	TE
NA	13727	Keiland Williams	keiland williams	RB
NA	13747	Brandon James	brandon james	WR
NA	13748	Javarris James	javarris james	RB
NA	13764	Quinn Porter	quinn porter	RB
NA	13770	Brett Swenson	brett swenson	K
NA	13775	Chastin West	chastin west	WR
NA	13776	Blair White	blair white	WR
NA	13785	Nathan Overbay	nathan overbay	TE
NA	13803	Manase Tonga	manase tonga	RB
NA	13806	Dominique Curry	dominique curry	WR
716	13863	Steve Maneri	steve maneri	TE
173	13872	Andy Tanner	andy tanner	WR
782	13913	Will Tukuafu	will tukuafu	RB
NA	13916	Harvey Unga	harvey unga	RB
536	13934	Antonio Brown	antonio brown	WR
NA	13935	Danario Alexander	danario alexander	WR
NA	13938	Josh Vaughan	josh vaughan	RB
1303	13940	James Develin	james develin	RB
NA	13941	Rod Windsor	rod windsor	WR
1001	13945	Tyler Clutts	tyler clutts	RB
NA	13954	Emmanuel Arceneaux	emmanuel arceneaux	WR
831	13958	Andrew Hawkins	andrew hawkins	WR
NA	13960	Ryan Perrilloux	ryan perrilloux	QB
941	13966	Christian Ponder	christian ponder	QB
NA	13969	Jake Locker	jake locker	QB
956	13981	Mark Ingram	mark ingram	RB
947	13982	Julio Jones	julio jones	WR
830	13983	A.J. Green	aj green	WR
NA	13986	Jon Baldwin	jon baldwin	WR
862	13987	Blaine Gabbert	blaine gabbert	QB
954	13994	Cam Newton	cam newton	QB
980	14001	Colin Kaepernick	colin kaepernick	QB
904	14005	DeMarco Murray	demarco murray	RB
964	14007	Lance Kendricks	lance kendricks	TE
971	14009	Robert Housler	robert housler	TE
829	14012	Andy Dalton	andy dalton	QB
814	14017	Shane Vereen	shane vereen	RB
914	14021	Leonard Hankerson	leonard hankerson	WR
835	14024	Greg Little	greg little	WR
891	14027	Vincent Brown	vincent brown	WR
811	14028	Stevan Ridley	stevan ridley	RB
826	14032	Torrey Smith	torrey smith	WR
NA	14034	Titus Young	titus young	WR
966	14035	Austin Pettis	austin pettis	WR
810	14037	Ryan Mallett	ryan mallett	QB
NA	14040	Jerrel Jernigan	jerrel jernigan	WR
974	14051	Ryan Williams	ryan williams	RB
NA	14052	Mikel Leshoure	mikel leshoure	RB
928	14053	Randall Cobb	randall cobb	WR
943	14054	Kyle Rudolph	kyle rudolph	TE
NA	14055	Alex Green	alex green	RB
806	14056	Daniel Thomas	daniel thomas	RB
NA	14060	Demarco Sampson	demarco sampson	WR
NA	14065	Baron Batch	baron batch	RB
NA	14077	Delone Carter	delone carter	RB
881	14080	Ricky Stanzi	ricky stanzi	QB
982	14083	Bruce Miller	bruce miller	TE
868	14085	Virgil Green	virgil green	TE
NA	14087	Da'Rel Scott	darel scott	RB
NA	14094	Shaun Chapas	shaun chapas	RB
990	14095	Kris Durham	kris durham	WR
963	14099	Luke Stocker	luke stocker	TE
902	14100	Dwayne Harris	dwayne harris	WR
NA	14101	Greg McElroy	greg mcelroy	QB
882	14102	David Ausberry	david ausberry	TE
NA	14104	Stanley Havili	stanley havili	RB
920	14105	Evan Royster	evan royster	RB
968	14106	Greg Salas	greg salas	WR
857	14114	T.J. Yates	tj yates	QB
NA	14115	Johnny White	johnny white	RB
NA	14120	Nathan Enderle	nathan enderle	QB
NA	14121	Daniel Hardy	daniel hardy	TE
NA	14123	Alex Henery	alex henery	K
818	14129	Bilal Powell	bilal powell	RB
NA	14130	Owen Marecic	owen marecic	RB
832	14131	Ryan Whalen	ryan whalen	WR
973	14135	Anthony Sherman	anthony sherman	RB
NA	14142	Ronald Johnson	ronald johnson	WR
801	14145	Charles Clay	charles clay	TE
NA	14150	Kealoha Pilares	kealoha pilares	WR
817	14151	Jeremy Kerley	jeremy kerley	WR
887	14153	Denarius Moore	denarius moore	WR
918	14156	Niles Paul	niles paul	TE
935	14158	D.J. Williams	dj williams	TE
978	14159	Kendall Hunter	kendall hunter	RB
NA	14161	Scotty McKnight	scotty mcknight	WR
827	14163	Tyrod Taylor	tyrod taylor	QB
919	14164	Aldrick Robinson	aldrick robinson	WR
NA	14166	Shane Bannon	shane bannon	RB
886	14167	Taiwan Jones	taiwan jones	RB
866	14184	Cecil Shorts	cecil shorts	WR
895	14186	Jordan Todman	jordan todman	RB
NA	14188	Jamie Harper	jamie harper	RB
833	14189	Jordan Cameron	jordan cameron	TE
822	14190	Tandon Doss	tandon doss	WR
915	14192	Roy Helu	roy helu	RB
949	14193	Jacquizz Rodgers	jacquizz rodgers	RB
788	14198	Dion Lewis	dion lewis	RB
874	14204	Julius Thomas	julius thomas	TE
804	14209	Clyde Gates	clyde gates	WR
NA	14210	Stephen Burton	stephen burton	WR
885	14211	Richard Gordon	richard gordon	TE
NA	14212	Anthony Allen	anthony allen	RB
934	14213	Ryan Taylor	ryan taylor	TE
812	14215	Lee Smith	lee smith	TE
NA	14217	Kyle Adams	kyle adams	TE
988	14221	Doug Baldwin	doug baldwin	WR
860	14223	Armon Binns	armon binns	WR
NA	14235	John Clay	john clay	RB
NA	14237	Graig Cooper	graig cooper	RB
802	14240	Pat Devlin	pat devlin	QB
NA	14246	Tommy Gallarda	tommy gallarda	TE
863	14255	DuJuan Harris	dujuan harris	RB
NA	14257	Mario Harvey	mario harvey	RB
NA	14258	Joe Hastings	joe hastings	WR
1292	14266	Robert Hughes	robert hughes	RB
2291	14269	Dontrelle Inman	dontrelle inman	WR
3106	14275	Jerrod Johnson	jerrod johnson	QB
992	14280	Ricardo Lockette	ricardo lockette	WR
NA	14284	Ryan Mahaffey	ryan mahaffey	RB
2292	14285	Chris Matthews	chris matthews	WR
1299	14289	Kyle Miller	kyle miller	TE
NA	14294	Richard Murphy	richard murphy	RB
NA	14295	Jamar Newsome	jamar newsome	WR
NA	14299	Josh Portis	josh portis	QB
NA	14304	Dane Sanzenbacher	dane sanzenbacher	WR
NA	14306	Weslye Saunders	weslye saunders	TE
NA	14308	Andre Smith	andre smith	TE
NA	14319	Kris Adams	kris adams	WR
899	14322	Dan Bailey	dan bailey	K
NA	14323	Josh Baker	josh baker	TE
1305	14332	Patrick DiMarco	patrick dimarco	RB
896	14353	Scott Tolzien	scott tolzien	QB
NA	14358	Armando Allen	armando allen	RB
936	14360	Matt Asiata	matt asiata	RB
NA	14382	Mario Fannin	mario fannin	RB
NA	14383	Jarred Fayson	jarred fayson	WR
NA	14400	Michael Higgins	michael higgins	TE
1329	14402	Chris Hogan	chris hogan	WR
940	14403	Andre Holmes	andre holmes	WR
NA	14419	Mossis Madu	mossis madu	RB
958	14424	Joseph Morgan	joseph morgan	WR
1301	14426	Kyle Nelson	kyle nelson	TE
NA	14432	William Powell	william powell	RB
942	14433	Allen Reisner	allen reisner	TE
984	14434	Konrad Reuland	konrad reuland	TE
NA	14442	Alex Silvestro	alex silvestro	TE
NA	14449	Austin Sylvester	austin sylvester	RB
NA	14456	Adam Weber	adam weber	QB
NA	14473	Michael Campbell	michael campbell	WR
NA	14478	Drew Davis	drew davis	WR
NA	14479	Dan DePalma	dan depalma	WR
NA	14480	Collin Franklin	collin franklin	TE
NA	14494	Matt Murphy	matt murphy	TE
1306	14500	Jeremy Ross	jeremy ross	WR
NA	14513	Will Yeatman	will yeatman	TE
913	14518	Shaun Draughn	shaun draughn	RB
NA	14520	Damien Berry	damien berry	RB
NA	14537	LaQuan Williams	laquan williams	WR
NA	14542	Brett Brackett	brett brackett	TE
NA	14555	Phillip Livas	phillip livas	WR
NA	14561	Kerry Taylor	kerry taylor	WR
NA	14567	Zack Pianalto	zack pianalto	TE
NA	14570	Lestar Jean	lestar jean	WR
NA	14571	Terrence Toliver	terrence toliver	WR
794	14583	Kamar Aiken	kamar aiken	WR
NA	14587	Brandon Saine	brandon saine	RB
853	14590	Jeff Maehl	jeff maehl	WR
975	14594	McLeod Bethel-Thompson	mcleod bethel-thompson	QB
NA	14601	Tori Gurley	tori gurley	WR
910	14608	Henry Hynoski	henry hynoski	RB
1313	14610	Michael Preston	michael preston	WR
906	14625	Phillip Tanner	phillip tanner	RB
NA	14637	Mike McNeill	mike mcneill	TE
NA	14658	Colin Cochart	colin cochart	TE
NA	14675	Chad Spann	chad spann	RB
NA	14677	Diondre Borel	diondre borel	WR
NA	14681	David Gilreath	david gilreath	WR
NA	14685	Darren Evans	darren evans	RB
1771	14688	Marcus Harris	marcus harris	WR
NA	14724	John Griffin	john griffin	RB
NA	14727	Raymond Radway	raymond radway	WR
NA	14759	Darvin Adams	darvin adams	WR
NA	14761	Armond Smith	armond smith	RB
1287	14816	Kai Forbath	kai forbath	K
945	14818	Kevin Cone	kevin cone	WR
1704	14820	Chase Reynolds	chase reynolds	RB
NA	14825	Richard Medlin	richard medlin	RB
1020	14851	Terrelle Pryor	terrelle pryor	WR
NA	14852	Caleb King	caleb king	RB
1250	14870	Will Johnson	will johnson	RB
NA	14871	Hayden Smith	hayden smith	TE
NA	14872	Andre Hardy	andre hardy	TE
NA	14873	Les Brown	les brown	TE
1111	14874	Andrew Luck	andrew luck	QB
1169	14875	Robert Griffin III	robert griffin	QB
1049	14876	Ryan Tannehill	ryan tannehill	QB
1029	14877	Nick Foles	nick foles	QB
1085	14878	Brandon Weeden	brandon weeden	QB
1126	14879	Brock Osweiler	brock osweiler	QB
1166	14880	Kirk Cousins	kirk cousins	QB
1234	14881	Russell Wilson	russell wilson	QB
1158	14882	Kellen Moore	kellen moore	QB
1221	14883	Ryan Lindley	ryan lindley	QB
1082	14884	Trent Richardson	trent richardson	RB
1195	14885	Doug Martin	doug martin	RB
1048	14886	Lamar Miller	lamar miller	RB
NA	14887	David Wilson	david wilson	RB
1206	14888	Isaiah Pead	isaiah pead	RB
1033	14889	Chris Polk	chris polk	RB
1225	14890	LaMichael James	lamichael james	RB
1263	14891	Bernard Pierce	bernard pierce	RB
1324	14892	Edwin Baker	edwin baker	RB
NA	14893	Tauren Poole	tauren poole	RB
1232	14894	Robert Turbin	robert turbin	RB
1123	14895	Ronnie Hillman	ronnie hillman	RB
NA	14896	Chris Rainey	chris rainey	RB
1130	14897	Cyrus Gray	cyrus gray	RB
1106	14898	Vick Ballard	vick ballard	RB
NA	14899	Terrance Ganaway	terrance ganaway	RB
1107	14900	Coby Fleener	coby fleener	TE
1105	14901	Dwayne Allen	dwayne allen	TE
1065	14902	Orson Charles	orson charles	TE
1256	14903	Michael Egnew	michael egnew	TE
1139	14904	Ladarius Green	ladarius green	TE
1165	14905	Adrien Robinson	adrien robinson	TE
1147	14906	James Hanna	james hanna	TE
1114	14907	Justin Blackmon	justin blackmon	WR
1219	14908	Michael Floyd	michael floyd	WR
1097	14909	Kendall Wright	kendall wright	WR
1054	14910	Stephen Hill	stephen hill	WR
1164	14911	Rueben Randle	rueben randle	WR
1149	14912	Alshon Jeffery	alshon jeffery	WR
1208	14914	Brian Quick	brian quick	WR
NA	14915	Marvin McNutt	marvin mcnutt	WR
1102	14916	Keshawn Martin	keshawn martin	WR
NA	14917	Joe Adams	joe adams	WR
1215	14918	Jarius Wright	jarius wright	WR
1154	14919	Ryan Broyles	ryan broyles	WR
1045	14920	T.J. Graham	tj graham	WR
1189	14921	Nick Toon	nick toon	WR
1071	14922	Mohamed Sanu	mohamed sanu	WR
1133	14923	Devon Wylie	devon wylie	WR
1110	14924	T.Y. Hilton	ty hilton	WR
NA	14925	Jerome Messam	jerome messam	RB
1226	14947	A.J. Jenkins	aj jenkins	WR
1104	14969	DeVier Posey	devier posey	WR
NA	14991	Jordan White	jordan white	WR
1266	14993	Greg Zuerlein	greg zuerlein	K
NA	14996	Drake Dunsmore	drake dunsmore	TE
1152	15000	Evan Rodriguez	evan rodriguez	TE
1211	15003	Rhett Ellison	rhett ellison	TE
1109	15007	Chandler Harnish	chandler harnish	QB
1170	15009	Alfred Morris	alfred morris	RB
NA	15018	B.J. Coleman	bj coleman	QB
1330	15029	Junior Hemingway	junior hemingway	WR
NA	15033	LaVon Brazill	lavon brazill	WR
NA	15034	Danny Coale	danny coale	WR
NA	15037	B.J. Cunningham	bj cunningham	WR
1307	15041	Dan Herron	dan herron	RB
1091	15043	David Paulson	david paulson	TE
1137	15044	Juron Criner	juron criner	WR
NA	15050	Bradie Ewing	bradie ewing	RB
NA	15052	Jeremy Ebert	jeremy ebert	WR
1314	15055	Brad Smelley	brad smelley	TE
1214	15058	Blair Walsh	blair walsh	K
1077	15062	Travis Benjamin	travis benjamin	WR
1060	15063	Tommy Streeter	tommy streeter	WR
1073	15067	Taylor Thompson	taylor thompson	TE
1067	15072	Marvin Jones	marvin jones	WR
1201	15078	Chris Givens	chris givens	WR
NA	15083	Greg Childs	greg childs	WR
1099	15091	Randy Bullock	randy bullock	K
1026	15092	Bryce Brown	bryce brown	RB
1046	15102	Rishard Matthews	rishard matthews	WR
1265	15111	Daryl Richardson	daryl richardson	RB
NA	15118	Toney Clemons	toney clemons	WR
1231	15120	Greg Scruggs	greg scruggs	TE
NA	15121	John Potter	john potter	K
NA	15127	Michael Smith	michael smith	RB
1304	15130	Collin Mooney	collin mooney	RB
NA	15133	Michael Calvin	michael calvin	WR
NA	15148	Deangelo Peterson	deangelo peterson	TE
1238	15151	Josh Harris	josh harris	QB
1237	15162	Dominique Davis	dominique davis	QB
1737	15168	Case Keenum	case keenum	QB
1758	15180	Kashif Moore	kashif moore	WR
1200	15187	Austin Davis	austin davis	QB
1276	15189	Nathan Palmer	nathan palmer	WR
1317	15195	Brandon Barden	brandon barden	TE
NA	15197	Josh Cooper	josh cooper	WR
1223	15204	Garrett Celek	garrett celek	TE
1274	15214	Gerrell Robinson	gerrell robinson	TE
NA	15220	Jewel Hampton	jewel hampton	RB
1296	15226	Cory Harkey	cory harkey	TE
7509	15230	Chris Owusu	chris owusu	WR
1750	15245	Giorgio Tavecchio	giorgio tavecchio	K
1699	15252	Brian Tyms	brian tyms	WR
NA	15255	Dale Moss	dale moss	WR
1787	15257	Phillip Supernaw	phillip supernaw	TE
1236	15296	Joe Banyard	joe banyard	RB
1	15299	G.J. Kinne	gj kinne	QB
NA	15318	Matt Veldman	matt veldman	TE
NA	15327	Kevin Elliott	kevin elliott	WR
NA	15329	Derek Moye	derek moye	WR
NA	15348	Jeff Fuller	jeff fuller	WR
1144	15349	Cole Beasley	cole beasley	WR
1716	15351	Derrick Coleman	derrick coleman	RB
1245	15355	Beau Brinkley	beau brinkley	TE
1173	15358	Jarrett Boykin	jarrett boykin	WR
1247	15360	Griff Whalen	griff whalen	WR
1698	15364	Jonas Gray	jonas gray	RB
1284	15369	Lance Dunbar	lance dunbar	RB
NA	15377	Tim Benford	tim benford	WR
1246	15383	Dominique Jones	dominique jones	TE
NA	15385	Eric Page	eric page	WR
1138	15391	Rod Streater	rod streater	WR
1322	15397	Saalim Hakim	saalim hakim	WR
1718	15403	Derek Carrier	derek carrier	TE
1807	15407	Matt Simms	matt simms	QB
NA	15416	Danny Noble	danny noble	TE
NA	15420	Chris Givens	chris givens	WR
NA	15426	Jake Byrne	jake byrne	TE
1290	15428	Jermaine Kearse	jermaine kearse	WR
1321	15448	Mike Brown	mike brown	WR
1185	15457	Travaris Cadet	travaris cadet	RB
NA	15474	Patrick Edwards	patrick edwards	WR
NA	15477	Derek Dimke	derek dimke	K
1034	15478	Brandon Bolden	brandon bolden	RB
1059	15501	Bobby Rainey	bobby rainey	RB
1061	15503	Deonte Thompson	deonte thompson	WR
1323	15515	Sean McGrath	sean mcgrath	TE
1772	15518	Julian Talley	julian talley	WR
NA	15528	David Douglas	david douglas	WR
1217	15536	LaRon Byrd	laron byrd	WR
1742	15547	Brenton Bersin	brenton bersin	WR
NA	15548	Nate Eachus	nate eachus	RB
NA	15552	Alvester Alexander	alvester alexander	RB
1312	15555	Josh Bellamy	josh bellamy	WR
1743	15564	Brittan Golden	brittan golden	WR
1293	15572	Jeremy Stewart	jeremy stewart	RB
NA	15588	Brandon Collins	brandon collins	WR
NA	15617	Davin Meggett	davin meggett	RB
1030	15624	Damaris Johnson	damaris johnson	WR
NA	15628	Jerrell Jackson	jerrell jackson	WR
1275	15632	Jonathan Grimes	jonathan grimes	RB
NA	15635	Eddy Carmona	eddy carmona	K
NA	15641	Dwight Jones	dwight jones	WR
1738	15645	Matt Blanchard	matt blanchard	QB
1739	15647	Chase Ford	chase ford	TE
NA	15652	Mike Willie	mike willie	WR
1308	15653	Jamize Olawale	jamize olawale	RB
1715	15670	Cooper Helfet	cooper helfet	TE
1264	15683	Justin Tucker	justin tucker	K
165	15688	Brandon Bostick	brandon bostick	TE
1262	15693	Alex Tanney	alex tanney	QB
1244	15705	Josh Gordon	josh gordon	WR
1759	15707	Larry Donnell	larry donnell	TE
1786	15741	Lance Lewis	lance lewis	WR
NA	15749	Jeff Demps	jeff demps	RB
1709	15755	Fozzy Whittaker	fozzy whittaker	RB
1432	15758	Jeremy Kelley	jeremy kelley	WR
1551	15765	Austin Johnson	austin johnson	RB
1592	15773	Darren Fells	darren fells	TE
1332	15775	Ifeanyi Momah	ifeanyi momah	TE
1397	15776	Brandon Bogotay	brandon bogotay	K
NA	15779	Havard Rugland	havard rugland	K
NA	15783	Austin Signor	austin signor	K
NA	15784	Robert Gill	robert gill	WR
1567	15786	Tavon Austin	tavon austin	WR
1388	15788	Tyler Eifert	tyler eifert	TE
1426	15795	DeAndre HoKins	deandre hoKins	WR
1349	15803	E.J. Manuel	ej manuel	QB
1535	15807	Cordarrelle Patterson	cordarrelle patterson	RB
1479	15818	Keenan Allen	keenan allen	WR
1568	15822	Stedman Bailey	stedman bailey	WR
1454	15823	Montee Ball	montee ball	RB
1408	15825	Le'Veon Bell	leveon bell	RB
1386	15826	Giovani Bernard	giovani bernard	RB
1463	15832	Knile Davis	knile davis	RB
1365	15834	Aaron Dobson	aaron dobson	WR
1339	15835	Zach Ertz	zach ertz	TE
1485	15836	Gavin Escobar	gavin escobar	TE
1559	15837	Mike Glennon	mike glennon	QB
1346	15839	Marquise Goodwin	marquise goodwin	WR
1418	15845	Justin Hunter	justin hunter	WR
1466	15847	Travis Kelce	travis kelce	TE
1527	15848	Eddie Lacy	eddie lacy	RB
1587	15853	Vance McDonald	vance mcdonald	TE
1596	15855	Christine Michael	christine michael	RB
1500	15860	Jordan Reed	jordan reed	TE
1373	15864	Geno Smith	geno smith	QB
1413	15873	Markus Wheaton	markus wheaton	WR
1490	15878	Terrance Williams	terrance williams	WR
1352	15880	Robert Woods	robert woods	WR
1530	15885	Charles Johnson	charles johnson	WR
1425	15887	Ryan Griffin	ryan griffin	TE
NA	15890	D.C. Jefferson	dc jefferson	TE
1495	15891	Ryan Nassib	ryan nassib	QB
1575	15893	Andre Ellington	andre ellington	RB
1544	15894	Sean Renfree	sean renfree	QB
1471	15896	Brice Butler	brice butler	WR
1584	15899	B.J. Daniels	bj daniels	WR
1411	15904	Landry Jones	landry jones	QB
1524	15907	Kevin Dorsey	kevin dorsey	WR
1520	15910	Michael Williams	michael williams	TE
1456	15911	Tavarres King	tavarres king	WR
1358	15918	Caleb Sturgis	caleb sturgis	K
1476	15920	Latavius Murray	latavius murray	RB
1546	15921	Kenjon Barner	kenjon barner	RB
1477	15923	Mychal Rivera	mychal rivera	TE
NA	15925	Johnathan Franklin	johnathan franklin	RB
1491	15929	Michael Cox	michael cox	RB
1455	15935	Zac Dysert	zac dysert	QB
1347	15940	Chris Gragg	chris gragg	TE
NA	15941	Tyler Wilson	tyler wilson	QB
NA	15947	Aaron Mellette	aaron mellette	WR
1338	15948	Matt Barkley	matt barkley	QB
1449	15951	Denard Robinson	denard robinson	RB
1353	15952	Mike Gillislee	mike gillislee	RB
1473	15962	Nick Kasa	nick kasa	TE
1348	15965	Dustin HoKins	dustin hoKins	K
1502	15966	Chris Thompson	chris thompson	RB
1560	15968	Mike James	mike james	RB
NA	15970	Braden Wilson	braden wilson	RB
1387	15971	Rex Burkhead	rex burkhead	RB
1369	15973	Tommy Bohanon	tommy bohanon	RB
1357	15974	Dion Sims	dion sims	TE
1642	15980	Levine Toilolo	levine toilolo	TE
1579	15981	Stepfan Taylor	stepfan taylor	RB
1390	15983	Cobi Hamilton	cobi hamilton	WR
NA	15987	Ryan Swope	ryan swope	WR
1436	15991	Justice Cunningham	justice cunningham	TE
1517	15994	Theo Riddick	theo riddick	RB
1573	15996	Zac Stacy	zac stacy	RB
1362	15998	Josh Boyce	josh boyce	WR
1379	16002	Kyle Juszczyk	kyle juszczyk	RB
1424	16003	Alan Bonner	alan bonner	WR
1595	16007	Chris Harper	chris harper	WR
1409	16011	Justin Brown	justin brown	WR
NA	16012	Marcus Lattimore	marcus lattimore	RB
1487	16013	Joseph Randle	joseph randle	RB
1514	16014	Corey Fuller	corey fuller	WR
1555	16016	Kenny Stills	kenny stills	WR
NA	16018	Jawan Jamison	jawan jamison	RB
1601	16020	Spencer Ware	spencer ware	RB
1450	16022	Ace Sanders	ace sanders	WR
1512	16023	Marquess Wilson	marquess wilson	WR
1441	16024	Kerwynn Williams	kerwynn williams	RB
1589	16026	Quinton Patton	quinton patton	WR
1451	16040	C.J. Anderson	cj anderson	RB
NA	16052	Jasper Collins	jasper collins	WR
1564	16055	Benny Cunningham	benny cunningham	RB
1671	16066	Kendall Gaskins	kendall gaskins	RB
1624	16074	Michael Hill	michael hill	RB
NA	16081	Ryan Katz	ryan katz	QB
NA	16093	Curtis McNeal	curtis mcneal	RB
NA	16094	Steven Miller	steven miller	RB
1755	16095	Keavon Milton	keavon milton	TE
NA	16113	Lamaar Thomas	lamaar thomas	WR
1603	16121	Luke Willson	luke willson	TE
1503	16135	Michael Ford	michael ford	RB
1550	16140	Ryan Griffin	ryan griffin	QB
NA	16141	Mark Harrison	mark harrison	WR
1777	16143	Josh Hill	josh hill	TE
1505	16147	Josh Lenz	josh lenz	WR
1664	16156	Ryan Otten	ryan otten	TE
NA	16158	Jordan Rodgers	jordan rodgers	QB
1673	16159	Da'Rick Rogers	darick rogers	WR
NA	16161	Matt Scott	matt scott	QB
1684	16172	Jaron Brown	jaron brown	WR
NA	16182	Seth Doege	seth doege	QB
NA	16196	Darius Johnson	darius johnson	WR
NA	16200	Brandon Kaufman	brandon kaufman	WR
NA	16204	Miguel Maysonet	miguel maysonet	RB
1609	16210	Chris Pantale	chris pantale	TE
NA	16218	Zach Rogers	zach rogers	WR
1333	16227	Russell Shepard	russell shepard	WR
1610	16230	Ryan Spadola	ryan spadola	WR
1336	16236	Matthew Tucker	matthew tucker	RB
1644	16237	Jeff Tuel	jeff tuel	QB
NA	16242	Ronnie Wingo	ronnie wingo	RB
NA	16248	Conner Vernon	conner vernon	WR
NA	16249	Kyle Padron	kyle padron	QB
1612	16252	Tyler Bray	tyler bray	QB
NA	16259	Tyrone Goard	tyrone goard	WR
1614	16260	Frankie Hammond	frankie hammond	WR
1468	16265	Brian Leonhardt	brian leonhardt	TE
1618	16273	Rico Richardson	rico richardson	WR
1635	16285	Tim Wright	tim wright	TE
NA	16293	Sam McGuffie	sam mcguffie	WR
1605	16300	Emory Blake	emory blake	WR
NA	16301	Philip Lutzenkirchen	philip lutzenkirchen	TE
3653	16313	Brandon Williams	brandon williams	TE
1611	16317	Jordan Campbell	jordan campbell	RB
1619	16318	Demetrius Harris	demetrius harris	TE
NA	16319	Onterio McCalebb	onterio mccalebb	RB
1636	16323	MarQueis Gray	marqueis gray	TE
1628	16330	Joseph Fauria	joseph fauria	TE
1627	16337	Skye Dawson	skye dawson	WR
1433	16339	Brandon McManus	brandon mcmanus	K
1604	16345	Nick Williams	nick williams	WR
1481	16353	Brad Sorensen	brad sorensen	QB
NA	16355	James Vandenberg	james vandenberg	QB
NA	16358	Matt Furstenburg	matt furstenburg	TE
1693	16366	Zach Line	zach line	RB
NA	16369	Chad Bumphis	chad bumphis	WR
1650	16370	Cameron Marshall	cameron marshall	RB
NA	16372	Lonnie Pryor	lonnie pryor	RB
1631	16373	Rodney Smith	rodney smith	WR
NA	16374	T.J. Moe	tj moe	WR
1655	16381	Kenbrell ThomKins	kenbrell thomKins	WR
1652	16414	Terrell Sinkfield	terrell sinkfield	WR
1654	16418	Zach Sudfeld	zach sudfeld	TE
NA	16426	Colby Cameron	colby cameron	QB
1665	16447	Tobais Palmer	tobais palmer	WR
1689	16460	Adam Thielen	adam thielen	WR
NA	16461	D.J. Harper	dj harper	RB
1691	16462	Chuck Jacobs	chuck jacobs	WR
1701	16480	Eric Rogers	eric rogers	WR
4958	16486	Brett Maher	brett maher	K
1681	16488	George Winn	george winn	RB
1749	16493	Jake Stoneburner	jake stoneburner	TE
NA	16494	Marcus Davis	marcus davis	WR
NA	16495	Dennis Johnson	dennis johnson	RB
1682	16496	Cierre Wood	cierre wood	RB
NA	16497	Ray Graham	ray graham	RB
1678	16502	Uzoma Nwachukwu	uzoma nwachukwu	WR
1706	16504	Jack Doyle	jack doyle	TE
1778	16520	Greg Jenkins	greg jenkins	WR
NA	16529	Jordan Roberts	jordan roberts	RB
1720	16530	Khiry Robinson	khiry robinson	RB
NA	16547	Maikon Bonani	maikon bonani	K
1724	16566	Rashad Ross	rashad ross	WR
1765	16569	Myles White	myles white	WR
1675	16581	Marlon Brown	marlon brown	WR
1741	16591	Jordan Gay	jordan gay	K
1747	16593	Matt McGloin	matt mcgloin	QB
NA	16602	Charles Hawkins	charles hawkins	WR
NA	16607	Justin Veltung	justin veltung	WR
1785	16665	James Winchester	james winchester	TE
NA	16682	Weston Dressler	weston dressler	WR
2219	16684	Patrick Murray	patrick murray	K
2129	16705	Jordan Thompson	jordan thompson	TE
1979	16724	Blake Bortles	blake bortles	QB
1817	16725	Sammy Watkins	sammy watkins	WR
2152	16728	Teddy Bridgewater	teddy bridgewater	QB
2182	16730	Kelvin Benjamin	kelvin benjamin	TE
2197	16731	Brandin Cooks	brandin cooks	WR
2118	16732	Eric Ebron	eric ebron	TE
2078	16733	Odell Beckham	odell beckham	WR
1907	16736	Johnny Manziel	johnny manziel	QB
2216	16737	Mike Evans	mike evans	WR
2223	16749	Charles Sims	charles sims	RB
1914	16755	Dri Archer	dri archer	RB
2028	16757	Derek Carr	derek carr	QB
1837	16760	Jimmy Garoppolo	jimmy garoppolo	QB
1800	16763	Jordan Matthews	jordan matthews	TE
1951	16766	C.J. Fiedorowicz	cj fiedorowicz	TE
1868	16775	Crockett Gillmore	crockett gillmore	TE
2257	16777	Carlos Hyde	carlos hyde	RB
1798	16779	Josh Huff	josh huff	WR
2279	16781	Paul Richardson	paul richardson	WR
2161	16782	Jerick McKinnon	jerick mckinnon	RB
1912	16783	Terrance West	terrance west	RB
2231	16784	Tre Mason	tre mason	RB
2146	16786	Richard Rodgers	richard rodgers	TE
1987	16787	Marqise Lee	marqise lee	WR
1825	16790	Jarvis Landry	jarvis landry	WR
1971	16791	Donte Moncrief	donte moncrief	WR
1849	16792	Jace Amaro	jace amaro	TE
2004	16793	Cody Latimer	cody latimer	WR
1937	16794	Bishop Sankey	bishop sankey	RB
2222	16795	Austin Seferian-Jenkins	austin seferian-jenkins	TE
2245	16797	Troy Niklas	troy niklas	TE
1992	16799	Allen Robinson	allen robinson	WR
2133	16800	Davante Adams	davante adams	WR
1892	16803	Jeremy Hill	jeremy hill	RB
2238	16804	John Brown	john brown	WR
2229	16809	Garrett Gilbert	garrett gilbert	QB
1895	16810	A.J. McCarron	aj mccarron	QB
1855	16811	Shaq Evans	shaq evans	WR
1850	16812	Tajh Boyd	tajh boyd	QB
2251	16813	Logan Thomas	logan thomas	TE
1935	16814	Zach Mettenberger	zach mettenberger	QB
2074	16815	Devin Street	devin street	WR
2106	16821	David Fales	david fales	QB
NA	16823	Nate Freese	nate freese	K
2052	16824	Tevin Reese	tevin reese	WR
2090	16827	Ted Bolser	ted bolser	TE
NA	16828	Jeremy Gallon	jeremy gallon	WR
1866	16832	Michael Campanaro	michael campanaro	WR
2132	16836	Jared Abbrederis	jared abbrederis	WR
2189	16838	Tyler Gaffney	tyler gaffney	RB
2276	16841	Kevin Norwood	kevin norwood	WR
1827	16844	Arthur Lynch	arthur lynch	TE
2093	16845	Ryan Grant	ryan grant	WR
1915	16855	Rob Blanchflower	rob blanchflower	TE
1821	16870	Matt Hazel	matt hazel	WR
2247	16871	Walter Powell	walter powell	WR
1956	16875	Jay Prosch	jay prosch	RB
2121	16880	T.J. Jones	tj jones	WR
1986	16884	Storm Johnson	storm johnson	RB
2101	16885	Lache Seastrunk	lache seastrunk	RB
1916	16886	Martavis Bryant	martavis bryant	WR
2088	16889	Andre Williams	andre williams	RB
1854	16899	Quincy Enunwa	quincy enunwa	WR
2262	16901	Trey Millard	trey millard	RB
2217	16903	Robert Herron	robert herron	WR
1848	16913	James White	james white	RB
1883	16915	Keith Wenning	keith wenning	QB
2094	16916	Zach Hocker	zach hocker	K
1944	16921	Alfred Blue	alfred blue	RB
1898	16922	James Wright	james wright	WR
1862	16928	Jalen Saunders	jalen saunders	WR
2280	16939	Kiero Small	kiero small	RB
2104	16942	Ka'Deem Carey	kadeem carey	RB
1957	16943	Tom Savage	tom savage	QB
2168	16944	Devonta Freeman	devonta freeman	RB
2023	16945	De'Anthony Thomas	deanthony thomas	WR
2255	16946	Bruce Ellington	bruce ellington	WR
1880	16950	Lorenzo Taliaferro	lorenzo taliaferro	RB
2048	16956	Marion Grice	marion grice	RB
2140	16960	Jeff Janis	jeff janis	WR
1790	16964	Blake Annen	blake annen	TE
2001	16969	Kapri Bibbs	kapri bibbs	RB
1792	16970	Kadron Boone	kadron boone	WR
2002	16972	Isaiah Burse	isaiah burse	WR
1793	16974	Trey Burton	trey burton	TE
2242	16976	Chandler Catanzaro	chandler catanzaro	K
2272	16988	Chase Dixon	chase dixon	TE
1794	16994	David Fluellen	david fluellen	RB
2003	16995	Bennie Fowler	bennie fowler	WR
2049	17005	Javontee Herndon	javontee herndon	WR
NA	17010	Henry Josey	henry josey	RB
2019	17021	Aaron Murray	aaron murray	QB
2175	17032	Bernard Reedy	bernard reedy	WR
2007	17033	Bryn Renner	bryn renner	QB
NA	17036	Jeff Scott	jeff scott	RB
1804	17041	Carey Spear	carey spear	K
2011	17045	Juwan Thompson	juwan thompson	RB
1978	17048	Tony Washington	tony washington	WR
2025	17051	Albert Wilson	albert wilson	WR
2153	17055	Kain Colter	kain colter	WR
NA	17073	A.C. Leonard	ac leonard	TE
1974	17082	Cody Parkey	cody parkey	K
1975	17091	Erik Swoope	erik swoope	TE
2165	17097	Dominique Williams	dominique williams	RB
1899	17101	Ray Agnew	ray agnew	RB
1928	17105	Antonio Andrews	antonio andrews	RB
2225	17110	Alex Bayer	alex bayer	TE
NA	17113	Geraldo Boldewijn	geraldo boldewijn	WR
1865	17122	Jeremy Butler	jeremy butler	WR
2254	17125	Asante Cleveland	asante cleveland	TE
2196	17127	Brandon Coleman	brandon coleman	WR
1929	17130	Travis Coons	travis coons	K
NA	17132	Tim Cornett	tim cornett	RB
1901	17133	Isaiah Crowell	isaiah crowell	RB
NA	17147	Roy Finch	roy finch	RB
2200	17149	Tim Flanders	tim flanders	RB
2119	17153	James Franklin	james franklin	QB
2202	17165	Je'Ron Hamm	jeron hamm	TE
1891	17169	Ryan Hewitt	ryan hewitt	RB
NA	17173	Gator Hoskins	gator hoskins	TE
1841	17174	Stephen Houston	stephen houston	RB
1984	17177	Allen Hurns	allen hurns	WR
2203	17181	Nic Jacobs	nic jacobs	TE
1985	17183	Marcel Jensen	marcel jensen	TE
NA	17188	Chandler Jones	chandler jones	WR
NA	17189	Justin Jones	justin jones	TE
2205	17191	Seantavius Jones	seantavius jones	WR
1906	17194	Jonathan Krause	jonathan krause	WR
2171	17205	Freddie Martino	freddie martino	WR
1990	17220	Stephen Morris	stephen morris	QB
2142	17221	Rajion Neal	rajion neal	RB
2174	17223	Roosevelt Nix	roosevelt nix	RB
2221	17228	Solomon Patton	solomon patton	WR
2144	17231	Justin Perillo	justin perillo	TE
NA	17232	LaDarius Perkins	ladarius perkins	RB
1910	17247	Connor Shaw	connor shaw	QB
2177	17256	Jerome Smith	jerome smith	RB
2295	17257	Kevin Smith	kevin smith	WR
2295	17257	Fred Williams	fred williams	WR
1911	17258	Willie Snead	willie snead	WR
1938	17261	Josh Stewart	josh stewart	WR
1939	17275	Derel Walker	derel walker	WR
2252	17279	Corey Washington	corey washington	WR
2236	17282	Trey Watts	trey watts	RB
2024	17284	Charcandrick West	charcandrick west	RB
1897	17288	Nikita Whitlock	nikita whitlock	RB
2283	17289	James Wilder	james wilder	RB
2076	17307	L'Damian Washington	ldamian washington	WR
2073	17315	Keith Smith	keith smith	RB
2058	17318	Chris Boyd	chris boyd	WR
2065	17319	Ben Malena	ben malena	RB
2060	17326	J.C. Copeland	jc copeland	RB
1819	17331	Orleans Darkwa	orleans darkwa	RB
2075	17337	Dustin Vaughan	dustin vaughan	QB
NA	17346	Cody Hoffman	cody hoffman	WR
2082	17348	Xavier Grimble	xavier grimble	TE
2095	17349	Rashad Lawrence	rashad lawrence	WR
2100	17352	Silas Redd	silas redd	RB
1833	17359	Damien Williams	damien williams	RB
1945	17372	Chris Boswell	chris boswell	K
NA	17381	Mike Davis	mike davis	WR
2191	17382	Marcus Lucas	marcus lucas	TE
2040	17391	Scott Simonson	scott simonson	TE
1948	17392	Anthony Denham	anthony denham	TE
2038	17393	Jake Murphy	jake murphy	TE
2026	17396	George Atkinson	george atkinson	RB
2193	17397	Darrin Reaves	darrin reaves	RB
2185	17399	Corey Brown	corey brown	WR
2039	17402	Seth Roberts	seth roberts	WR
2114	17421	Senorise Perry	senorise perry	RB
2268	17423	Rashaun Allen	rashaun allen	TE
2020	17427	Cairo Santos	cairo santos	K
NA	17431	Colt Lyerla	colt lyerla	TE
1903	17437	Taylor Gabriel	taylor gabriel	WR
2050	17452	Branden Oliver	branden oliver	RB
2214	17453	Cameron Brate	cameron brate	TE
5828	17463	Diontae Spencer	diontae spencer	WR
2282	17465	Fitzgerald Toussaint	fitzgerald toussaint	RB
7515	17480	Sergio Castillo	sergio castillo	K
NA	25148	Edell Shepherd	edell shepherd	WR
2297	2310051	Glenn Winston	glenn winston	RB
6960	2310331	Tyler Johnson	tyler johnson	WR
2520	2447736	Andre Debose	andre debose	WR
2564	2447781	Duron Carter	duron carter	WR
2594	2465679	Brandon Wegher	brandon wegher	RB
2408	2466005	Bryce Petty	bryce petty	QB
2303	2467210	Josh Harris	josh harris	RB
2714	2468368	Gabe Holmes	gabe holmes	TE
4381	2468609	Taysom Hill	taysom hill	TE
3036	2470916	Matt Lengel	matt lengel	TE
2747	2473037	Jason Myers	jason myers	K
3516	2474890	Mitch Mathews	mitch mathews	WR
2304	2476373	Jerome Cunningham	jerome cunningham	TE
2672	2507242	Damarr Aultman	damarr aultman	WR
2723	2507284	R.J. Harris	rj harris	WR
2907	2507340	Ben Edwards	ben edwards	WR
2476	2508079	James O'Shaughnessy	james oshaughnessy	TE
2391	2508176	David Johnson	david johnson	RB
2446	2508256	MyCole Pruitt	mycole pruitt	TE
2653	2508328	Brian Parker	brian parker	TE
2499	2510611	Randall Telfer	randall telfer	TE
2820	2511055	Dominique Brown	dominique brown	RB
2549	2511109	Trevor Siemian	trevor siemian	QB
3063	2511952	Jordan Leslie	jordan leslie	WR
2755	2511973	Eric Tomlinson	eric tomlinson	TE
2576	2512115	Cody Fajardo	cody fajardo	QB
2634	2512191	Mack Brown	mack brown	RB
2555	2512192	Gerald Christian	gerald christian	TE
2892	2512197	Rod Smith	rod smith	RB
2774	2512378	Shakim Phillips	shakim phillips	WR
3043	2512523	Will Tye	will tye	TE
2373	2512593	Clive Walford	clive walford	TE
3514	2512657	Jake McGee	jake mcgee	TE
2769	2512892	Larry Pinkard	larry pinkard	WR
2593	2512996	Antwan Goodley	antwan goodley	WR
2700	2513009	Levi Norwood	levi norwood	WR
2487	2513030	Geremy Davis	geremy davis	WR
2532	2513351	Da'Ron Brown	daron brown	WR
2519	2513770	Neal Sterling	neal sterling	TE
2804	2513916	Andrew Turzilli	andrew turzilli	WR
2771	2514119	Jimmie Hunt	jimmie hunt	WR
2529	2514123	Marcus Murphy	marcus murphy	RB
2502	2514129	Bud Sasser	bud sasser	WR
2465	2514150	Kenny Bell	kenny bell	WR
2422	2514206	Blake Bell	blake bell	TE
2805	2514423	Deon Long	deon long	WR
2703	2514461	Ezell Ruffin	ezell ruffin	WR
2587	2514542	Dres Anderson	dres anderson	WR
2471	2515270	Michael Burton	michael burton	RB
2411	2515416	Jeremy Langford	jeremy langford	RB
2478	2515420	Keith Mumphery	keith mumphery	WR
2604	2515609	Manasseh Garner	manasseh garner	TE
2685	2515662	Jordan Taylor	jordan taylor	WR
2462	2515759	J.J. Nelson	jj nelson	WR
2413	2515931	Jalston Fowler	jalston fowler	RB
2729	2515934	Corey Grant	corey grant	RB
3957	2515957	Blake Sims	blake sims	QB
2801	2515962	DeAndrew White	deandrew white	WR
2597	2516006	Michael Dyer	michael dyer	RB
2773	2516059	Tyler Murphy	tyler murphy	WR
2496	2516316	Malcolm Johnson	malcolm johnson	RB
2586	2516344	Dylan Thompson	dylan thompson	QB
2584	2516901	Austin Hill	austin hill	WR
2485	2516957	Kaelin Clay	kaelin clay	WR
2732	2517011	Connor Hamlett	connor hamlett	TE
2394	2517017	Sean Mannion	sean mannion	QB
2713	2517237	Josh Harper	josh harper	WR
2530	2517262	Joey Iosefa	joey iosefa	RB
3378	2517676	Brandon Doughty	brandon doughty	QB
2412	2518678	Justin Hardy	justin hardy	WR
2751	2519013	Daniel Brown	daniel brown	TE
2699	2520698	Cameron Meredith	cameron meredith	WR
2638	2520767	Reggie Bell	reggie bell	WR
2560	2521161	Zach Zenner	zach zenner	RB
3048	2531358	Chris Manhertz	chris manhertz	TE
2711	2565969	Taylor Heinicke	taylor heinicke	QB
2544	2566041	Tre McBride	tre mcbride	WR
3842	2566643	Ryan O'Malley	ryan omalley	TE
3296	2566659	Seth DeValve	seth devalve	TE
3612	2567213	Hakeem Valles	hakeem valles	TE
2533	2567965	Dezmin Lewis	dezmin lewis	WR
2785	2568174	Gus Johnson	gus johnson	RB
2588	2570986	Malcolm Brown	malcolm brown	RB
3203	2570987	Braxton Miller	braxton miller	WR
2890	2570993	George Farmer	george farmer	RB
3471	2570994	Aaron Green	aaron green	RB
3497	2572850	Darion Griswold	darion griswold	TE
3664	2572861	J.D. McKissic	jd mckissic	RB
3161	2573079	Carson Wentz	carson wentz	QB
2452	2573300	Jay Ajayi	jay ajayi	RB
3319	2573343	Trevor Davis	trevor davis	WR
3271	2573401	Tyler Higbee	tyler higbee	TE
2772	2573419	Mitchell Henry	mitchell henry	TE
3280	2573974	Tyler Ervin	tyler ervin	RB
2507	2574010	Aaron RiKowski	aaron riKowski	RB
2766	2574010	Alonzo Harris	alonzo harris	RB
3548	2574024	Jamal Robinson	jamal robinson	WR
2911	2574044	Justin Manton	justin manton	K
2580	2574420	Titus Davis	titus davis	WR
2599	2574474	Bronson Hill	bronson hill	RB
3357	2574511	Brandon Allen	brandon allen	QB
2887	2574545	Quan Bray	quan bray	WR
2392	2574549	Sammie Coates	sammie coates	WR
2460	2574576	C.J. Uzomah	cj uzomah	TE
2474	2574591	Nick Boyle	nick boyle	TE
3362	2574630	Jeff Driskel	jeff driskel	QB
3423	2574808	Robbie Chosen	robbie chosen	WR
3614	2574918	Tommylee Lewis	tommylee lewis	WR
3440	2575214	Josh Woodrum	josh woodrum	QB
3475	2575381	Keyarris Garrett	keyarris garrett	WR
3657	2575408	Rob Kelley	rob kelley	RB
3532	2575553	Kenneth Farrow	kenneth farrow	RB
2380	2575660	Garrett Grayson	garrett grayson	QB
7499	2575891	Paul Quessenberry	paul quessenberry	TE
3213	2575910	Trevone Boykin	trevone boykin	QB
2577	2575955	Devante Davis	devante davis	WR
3803	2575965	Elijhaa Penny	elijhaa penny	RB
3178	2576019	Josh Doctson	josh doctson	WR
2649	2576045	Kyle Brindza	kyle brindza	K
3453	2576165	Josh Ferguson	josh ferguson	RB
2944	2576179	Matt LaCosse	matt lacosse	TE
2585	2576237	Thomas Rawls	thomas rawls	RB
3171	2576261	Connor Cook	connor cook	QB
3644	2576280	Lawrence Thomas	lawrence thomas	RB
2441	2576303	David Cobb	david cobb	RB
2359	2576336	Ameer Abdullah	ameer abdullah	RB
2397	2576389	Jeff Heuerman	jeff heuerman	TE
2342	2576395	Devin Smith	devin smith	WR
2488	2576396	Evan Spencer	evan spencer	WR
3258	2576399	Nick Vannett	nick vannett	TE
2731	2576408	Akeem Hunt	akeem hunt	RB
2749	2576414	Raheem Mostert	raheem mostert	RB
2320	2576434	Melvin Gordon	melvin gordon	RB
3456	2576446	Joel Stave	joel stave	QB
3878	2576449	Austin Traylor	austin traylor	TE
3354	2576450	Derek Watt	derek watt	RB
2822	2576491	Adam Humphries	adam humphries	WR
3396	2576498	Charone Peake	charone peake	WR
3269	2576581	Chris Moore	chris moore	WR
2319	2576623	DeVante Parker	devante parker	WR
2980	2576643	Eli Rogers	eli rogers	WR
2410	2576716	Jamison Crowder	jamison crowder	WR
3410	2576773	Jake Coker	jake coker	QB
2442	2576785	Rashad Greene	rashad greene	WR
2495	2576804	Nick O'Leary	nick oleary	TE
2458	2576817	Karlos Williams	karlos williams	RB
3495	2576822	Mike Bercovici	mike bercovici	QB
3496	2576854	Stephen Anderson	stephen anderson	TE
3650	2576868	Maurice Harris	maurice harris	WR
3392	2576873	Daniel Lasco	daniel lasco	RB
2505	2576925	Darren Waller	darren waller	TE
3484	2576952	Nelson Spruce	nelson spruce	WR
2307	2576980	Marcus Mariota	marcus mariota	QB
2621	2577023	Terron Ward	terron ward	RB
3520	2577051	Jay Lee	jay lee	WR
3584	2577081	Marcus Leak	marcus leak	WR
3570	2577089	Brandon Ross	brandon ross	RB
3500	2577123	Devon Cajuste	devon cajuste	TE
3318	2577128	Kevin Hogan	kevin hogan	QB
2399	2577134	Ty Montgomery	ty montgomery	RB
2450	2577189	Brett Hundley	brett hundley	QB
3380	2577190	Devin Lucien	devin lucien	WR
2652	2577239	Dreamius Smith	dreamius smith	RB
3205	2577243	Cody Kessler	cody kessler	QB
3564	2577245	Tre Madden	tre madden	RB
2430	2577253	Javorius Allen	javorius allen	RB
2556	2577283	Terrence Magee	terrence magee	RB
3783	2577286	Paul Turner	paul turner	WR
2534	2577288	Kenny Hilliard	kenny hilliard	RB
2374	2577327	Tyler Lockett	tyler lockett	WR
3294	2577417	Dak Prescott	dak prescott	QB
2506	2577419	Josh Robinson	josh robinson	RB
3014	2577503	Marshall Faulk	marshall faulk	RB
2654	2577578	Jaxon Shipley	jaxon shipley	WR
3342	2577641	Jakeem Grant	jakeem grant	WR
2803	2577645	Bradley Marquez	bradley marquez	WR
3300	2577654	DeAndre Washington	deandre washington	RB
2553	2577661	Rory Anderson	rory anderson	TE
3834	2577664	K.J. Brent	kj brent	WR
2673	2577667	Damiere Byrd	damiere byrd	WR
3788	2577684	Tanner McEvoy	tanner mcevoy	WR
3573	2577692	Brandon Wilds	brandon wilds	RB
3824	2577731	Alex Ellis	alex ellis	TE
3504	2577793	Steven Scheu	steven scheu	TE
2602	2577808	Darius Jennings	darius jennings	WR
2581	2577845	Jahwan Edwards	jahwan edwards	RB
3506	2577892	Ryan Malleck	ryan malleck	TE
2603	2578322	Shane Wynn	shane wynn	WR
3895	2578369	Marvin Hall	marvin hall	WR
3668	2578377	Joshua Perkins	joshua perkins	TE
2611	2578394	Kasen Williams	kasen williams	WR
3505	2578446	Dom Williams	dom williams	WR
2381	2578533	Chris Conley	chris conley	WR
3273	2578553	Malcolm Mitchell	malcolm mitchell	WR
3257	2578570	Jacoby Brissett	jacoby brissett	QB
3467	2578718	Taylor Bertolet	taylor bertolet	K
2334	2579604	Phillip Dorsett	phillip dorsett	WR
3457	2579623	Rashawn Scott	rashawn scott	WR
2573	2579839	DaVaris Daniels	davaris daniels	WR
2528	2579846	Ben Koyack	ben koyack	TE
2750	2580216	DeAndre Carter	deandre carter	WR
3333	2580330	Temarrick Hemingway	temarrick hemingway	TE
2687	2581319	Chandler Worthy	chandler worthy	WR
2823	2581464	Rannell Hall	rannell hall	WR
2598	2581598	Terrell Watson	terrell watson	RB
3344	2582138	David Morgan	david morgan	TE
3481	2582138	Kyle Carter	kyle carter	TE
3909	2582139	Sam Ficken	sam ficken	K
2514	2582311	Kennard Backman	kennard backman	TE
2390	2582410	Tyler Kroft	tyler kroft	TE
3347	2582424	Jake Rudock	jake rudock	QB
3595	2586700	Alan Cross	alan cross	TE
3730	2586703	Tevin Jones	tevin jones	WR
2583	2587819	Tyrell Williams	tyrell williams	WR
3568	2591718	Marken Michel	marken michel	WR
12009	2961162	Jack Plummer	jack plummer	QB
4460	2968204	Cole Hikutini	cole hikutini	TE
4239	2968226	De'Angelo Henderson	deangelo henderson	RB
3465	2969241	Ben Braunecker	ben braunecker	TE
2566	2969294	Tyler Varga	tyler varga	RB
3460	2969886	Ross Martin	ross martin	K
3840	2969896	Max McCaffrey	max mccaffrey	WR
2306	2969939	Jameis Winston	jameis winston	QB
2382	2969962	Duke Johnson	duke johnson	RB
3711	2970000	Quinshad Davis	quinshad davis	WR
3472	2970038	David Grinnage	david grinnage	TE
4696	2970090	Trey Edmunds	trey edmunds	RB
4806	2970183	Brandon Radcliff	brandon radcliff	RB
3695	2970262	J.P. Holtz	jp holtz	TE
4923	2970270	Rushel Shell	rushel shell	RB
3338	2970457	Keenan Reynolds	keenan reynolds	WR
2835	2970515	Paul Lasike	paul lasike	RB
4839	2970710	Mitch Leidner	mitch leidner	QB
3515	2970712	K.J. Maye	kj maye	WR
2360	2970726	Maxx Williams	maxx williams	TE
3275	2971023	Ricardo Louis	ricardo louis	WR
3397	2971062	Keith Marshall	keith marshall	RB
4324	2971233	Trey Griffey	trey griffey	WR
3620	2971271	Bralon Addison	bralon addison	RB
4605	2971280	Evan Baylis	evan baylis	TE
4443	2971281	Pharaoh Brown	pharaoh brown	TE
3491	2971289	Byron Marshall	byron marshall	RB
4752	2971397	Fred Brown	fred brown	WR
4660	2971426	Sean Culkin	sean culkin	TE
2345	2971433	Dorial Green-Beckham	dorial green-beckham	WR
3461	2971435	Russell Hansbrough	russell hansbrough	RB
3348	2971544	Kolby Listenbee	kolby listenbee	WR
3451	2971573	Ka'imi Fairbairn	kaimi fairbairn	K
3393	2971574	Devin Fuller	devin fuller	WR
3310	2971588	Jordan Payton	jordan payton	WR
3211	2971589	Paul Perkins	paul perkins	RB
4676	2971617	Darreus Rogers	darreus rogers	WR
2325	2971618	Nelson Agholor	nelson agholor	WR
3445	2971718	Marcus Johnson	marcus johnson	WR
3447	2971719	Cayleb Jones	cayleb jones	WR
4330	2971830	JoJo Natson	jojo natson	WR
3208	2971888	Kenneth Dixon	kenneth dixon	RB
3621	2972065	Jordan Williams	jordan williams	WR
3868	2972091	Jalen Richard	jalen richard	RB
4588	2972092	Kyle Sloter	kyle sloter	QB
4183	2972236	Nathan Peterman	nathan peterman	QB
4536	2972240	Jason Croom	jason croom	TE
2633	2972282	Trey Williams	trey williams	RB
3688	2972283	Tra Carson	tra carson	RB
4229	2972331	Mason Schreck	mason schreck	TE
2331	2972460	Breshad Perriman	breshad perriman	WR
4574	2972515	Cooper Rush	cooper rush	QB
2596	2972765	Wes Saxton	wes saxton	TE
3810	2972811	Brandon Burks	brandon burks	RB
3385	2973052	Daniel Braverman	daniel braverman	WR
3634	2973405	Kalif Raymond	kalif raymond	WR
4344	2973626	C.J. Board	cj board	WR
4377	2973973	Montay Crockett	montay crockett	WR
3889	2974198	Marquis Bundy	marquis bundy	WR
3463	2974212	Jhurell Pressley	jhurell pressley	RB
3332	2974317	Andy Janovich	andy janovich	RB
4541	2974328	Brandon Reilly	brandon reilly	WR
4787	2974334	Jordan Westerkamp	jordan westerkamp	WR
4416	2974339	Austin Carr	austin carr	WR
3353	2974365	Dan Vitale	dan vitale	RB
6763	2974503	Reggie Begelton	reggie begelton	WR
4131	2974858	Kenny Golladay	kenny golladay	WR
2909	2974931	Beau Gardner	beau gardner	TE
4353	2975417	Patrick Ricard	patrick ricard	RB
3531	2975527	Marshaun Coprich	marshaun coprich	RB
4602	2975674	Robert Tonyan	robert tonyan	TE
3470	2975817	Paul McRoberts	paul mcroberts	WR
4189	2975863	Eric Saubert	eric saubert	TE
2449	2976212	Stefon Diggs	stefon diggs	WR
4626	2976215	Amba Etta-Tawo	amba etta-tawo	WR
3210	2976299	Cardale Jones	cardale jones	QB
3199	2976316	Michael Thomas	michael thomas	WR
2309	2976499	Amari Cooper	amari cooper	WR
2341	2976516	T.J. Yeldon	tj yeldon	RB
4520	2976557	Travin Dural	travin dural	WR
3200	2976592	Sterling Shepard	sterling shepard	WR
4528	2976593	Trevor Knight	trevor knight	QB
4039	2977187	Cooper Kupp	cooper kupp	WR
2346	2977609	Devin Funchess	devin funchess	TE
4139	2977629	Amara Darboh	amara darboh	WR
4169	2977631	Jehu Chesson	jehu chesson	WR
2315	2977644	Todd Gurley	todd gurley	RB
4051	2977665	Chad Kelly	chad kelly	QB
3402	2977667	Zac Brooks	zac brooks	RB
3433	2977800	Alex Erickson	alex erickson	WR
3622	2977874	Mose Frazier	mose frazier	WR
3170	2977881	Paxton Lynch	paxton lynch	QB
4319	2978109	Zach Pascal	zach pascal	WR
3488	2978124	D.J. Foster	dj foster	RB
2721	2978196	Chris Harper	chris harper	WR
3398	2978201	Kenny Lawler	kenny lawler	WR
3768	2978216	Darius Powe	darius powe	WR
3797	2978219	Bryce Treggs	bryce treggs	WR
4350	2978244	Ricky Ortiz	ricky ortiz	RB
3852	2978308	Jaydon Mickens	jaydon mickens	WR
4508	2978344	Gabe Marks	gabe marks	WR
3340	2978727	Jerell Adams	jerell adams	TE
3201	2978887	Roberto Aguayo	roberto aguayo	K
3177	2978929	Corey Coleman	corey coleman	WR
3412	2979206	Devon Johnson	devon johnson	RB
2378	2979477	Tevin Coleman	tevin coleman	RB
3343	2979501	Nate Sudfeld	nate sudfeld	QB
3583	2979507	Tevaun Smith	tevaun smith	WR
4127	2979520	C.J. Beathard	cj beathard	QB
3368	2979533	Aaron Burbridge	aaron burbridge	WR
2463	2979590	Jesse James	jesse james	TE
3555	2979681	Canaan Severin	canaan severin	WR
4596	2979825	Tion Green	tion green	RB
3242	2979843	Kenyan Drake	kenyan drake	RB
4445	2980061	Keon Hatcher	keon hatcher	WR
3418	2980068	Mekale McKay	mekale mckay	WR
4221	2980073	Jeremy Sprinkle	jeremy sprinkle	TE
3312	2980077	Jonathan Williams	jonathan williams	RB
2400	2980105	Matt Jones	matt jones	RB
4647	2980120	Colin Thompson	colin thompson	TE
3486	2980137	Chris Brown	chris brown	WR
3204	2980148	C.J. Prosise	cj prosise	RB
3371	2980197	Darius Jackson	darius jackson	RB
3420	2980238	Alonzo Russell	alonzo russell	WR
3355	2980378	Cody Core	cody core	WR
4149	2980453	Jamaal Williams	jamaal williams	RB
4489	2980460	Gehrig Dieter	gehrig dieter	WR
2891	2981502	Deontay Greenberry	deontay greenberry	WR
3561	2981998	Bryce Williams	bryce williams	TE
3715	2982151	Cole Wick	cole wick	TE
3702	2982761	Andy Jones	andy jones	WR
3253	2982804	Leonte Carroo	leonte carroo	WR
4522	2982809	Carlton Agudosi	carlton agudosi	WR
3297	2982828	Tajae Sharpe	tajae sharpe	WR
3582	2983209	Chester Rogers	chester rogers	WR
3934	2983319	Troymaine Pope	troymaine pope	RB
4718	2983509	Dare Ogunbowale	dare ogunbowale	RB
3678	2985659	Wil Lutz	wil lutz	K
3802	2986501	Chris Hubert	chris hubert	WR
2562	2986739	John Crockett	john crockett	RB
3894	2987440	Garrett Griffin	garrett griffin	TE
4614	2988624	Riley McCarron	riley mccarron	WR
3893	2989641	Reece Horn	reece horn	WR
3372	2990959	Rico Gathers	rico gathers	TE
4177	2991662	Mack Hollins	mack hollins	WR
4571	2991767	Blake Jarwin	blake jarwin	TE
2671	2998120	Josh Lambo	josh lambo	K
4054	2998565	Mo Alie-Cox	mo alie-cox	TE
3391	3002265	Dwayne Washington	dwayne washington	RB
3780	3016887	Cedric O'Neal	cedric oneal	RB
2431	3025433	Mike Davis	mike davis	RB
3407	3039705	Beau Sandland	beau sandland	TE
3976	3039707	Mitchell Trubisky	mitchell trubisky	QB
4326	3039720	Bug Howard	bug howard	TE
4186	3039723	T.J. Logan	tj logan	RB
4162	3039725	Ryan Switzer	ryan switzer	WR
2559	3039924	E.J. Bibbs	ej bibbs	TE
6209	3039968	Ishmael Hyman	ishmael hyman	WR
5268	3039970	Ben Johnson	ben johnson	TE
3384	3040026	Demarcus Ayers	demarcus ayers	WR
6744	3040035	Greg Ward	greg ward	WR
5539	3040137	Derrick Willies	derrick willies	WR
4418	3040143	LeShun Daniels	leshun daniels	RB
5195	3040146	Akrum Wadley	akrum wadley	RB
4217	3040151	George Kittle	george kittle	TE
5692	3040204	Ryan Santoso	ryan santoso	K
6778	3040206	Chris Streveler	chris streveler	QB
4362	3040470	Cethan Carter	cethan carter	TE
5569	3040499	Johnny Stanton	johnny stanton	RB
5228	3040507	J.T. Barrett	jt barrett	QB
5142	3040535	Kurt Benkert	kurt benkert	QB
4108	3040561	Carlos Henderson	carlos henderson	WR
4218	3040569	Trent Taylor	trent taylor	WR
5118	3041097	Tanner Lee	tanner lee	QB
4285	3042373	Robert Davis	robert davis	WR
4214	3042417	Shelton Gibson	shelton gibson	WR
4544	3042428	Daikiel Shorts	daikiel shorts	WR
3309	3042429	Wendell Smallwood	wendell smallwood	RB
2312	3042435	Kevin White	kevin white	WR
4263	3042494	Elijah McGuire	elijah mcguire	RB
4199	3042519	Aaron Jones	aaron jones	RB
5128	3042749	Logan Woodside	logan woodside	QB
4036	3042778	Corey Davis	corey davis	WR
5885	3042876	Ryan Finley	ryan finley	QB
3328	3042910	Rashard Higgins	rashard higgins	WR
5745	3042933	Nick Stevens	nick stevens	QB
3722	3042945	Don Jackson	don jackson	RB
3198	3043078	Derrick Henry	derrick henry	RB
4055	3043080	O.J. Howard	oj howard	TE
2477	3043097	Cameron Artis-Payne	cameron artis-payne	RB
3286	3043116	Demarcus Robinson	demarcus robinson	WR
3366	3043120	Kelvin Taylor	kelvin taylor	RB
4681	3043134	Reggie Davis	reggie davis	WR
4130	3043144	Brendan Langley	brendan langley	WR
4635	3043216	Justin Davis	justin davis	RB
5132	3043225	Steven Mitchell	steven mitchell	WR
4233	3043234	Zane Gonzalez	zane gonzalez	K
2375	3043263	Jaelen Strong	jaelen strong	WR
3202	3043275	Austin Hooper	austin hooper	TE
4551	3043841	Tanner Gentry	tanner gentry	WR
3464	3044716	Marquez North	marquez north	WR
5270	3044719	Riley Ferguson	riley ferguson	QB
4179	3044720	Joshua Dobbs	joshua dobbs	QB
4360	3044857	Fred Ross	fred ross	WR
4153	3045118	Jordan Leggett	jordan leggett	TE
4150	3045127	Wayne Gallman	wayne gallman	RB
4068	3045138	Mike Williams	mike williams	WR
6192	3045141	Chris Blewitt	chris blewitt	K
3225	3045144	Tyler Boyd	tyler boyd	WR
4137	3045147	James Conner	james conner	RB
4309	3045163	Scott Orndoff	scott orndoff	TE
5261	3045164	Jester Weah	jester weah	WR
5257	3045169	Tim Boyle	tim boyle	QB
4398	3045199	De'Veon Smith	deveon smith	RB
4151	3045225	Jake Butt	jake butt	TE
5220	3045238	Godwin Igwebuike	godwin igwebuike	RB
4651	3045260	Corey Clement	corey clement	RB
5092	3045264	Troy Fumagalli	troy fumagalli	TE
4480	3045380	Bobo Wilson	bobo wilson	WR
4184	3045466	Bucky Hodges	bucky hodges	TE
4454	3045523	Kendrick Bourne	kendrick bourne	WR
3540	3045565	Jamaal Jones	jamaal jones	WR
5255	3045763	Teo Redding	teo redding	WR
4942	3046320	Marcell Ateman	marcell ateman	WR
4491	3046399	Marcus Kemp	marcus kemp	WR
5134	3046401	Keith Kirkwood	keith kirkwood	WR
3327	3046409	Alex Collins	alex collins	RB
2503	3046413	A.J. Derby	aj derby	TE
4396	3046438	Drew Morgan	drew morgan	WR
3214	3046439	Hunter Henry	hunter henry	TE
2545	3046704	Geoff Swaim	geoff swaim	TE
4678	3046705	Tyrone Swoopes	tyrone swoopes	TE
3163	3046779	Jared Goff	jared goff	QB
5567	3047490	Janarion Grant	janarion grant	WR
4669	3047504	Andre Patton	andre patton	WR
4178	3047519	Donnel Pumphrey	donnel pumphrey	RB
5235	3047536	David Wells	david wells	TE
5665	3047553	Darren Andrews	darren andrews	WR
3386	3047558	Thomas Duarte	thomas duarte	TE
5773	3047876	KhaDarel Hodge	khadarel hodge	WR
5231	3047912	Cole Hunt	cole hunt	TE
5570	3047968	Chad Beebe	chad beebe	WR
4548	3047969	Joel Bouagnon	joel bouagnon	RB
4349	3048680	Taquan Mizzell	taquan mizzell	RB
3278	3048897	Pharoh Cooper	pharoh cooper	WR
6208	3048898	Elliott Fry	elliott fry	K
5115	3048924	David Williams	david williams	RB
5211	3049054	Jake Wieneke	jake wieneke	WR
4750	3049249	Lance Lenoir	lance lenoir	WR
5171	3049290	Kevin Rader	kevin rader	TE
4828	3049329	Rashard Davis	rashard davis	WR
4435	3049698	Anthony Firkser	anthony firkser	TE
4996	3049872	Kyle Lauletta	kyle lauletta	QB
4666	3049899	Younghoe Koo	younghoe koo	K
4455	3049916	Matt Breida	matt breida	RB
4195	3050478	Jake Elliott	jake elliott	K
5409	3050481	Tanner Hudson	tanner hudson	TE
5013	3050487	Anthony Miller	anthony miller	WR
4335	3051308	P.J. Walker	pj walker	QB
4576	3051315	Jahad Thomas	jahad thomas	RB
5089	3051381	Mike White	mike white	QB
5233	3051387	Marcus Baugh	marcus baugh	TE
3164	3051392	Ezekiel Elliott	ezekiel elliott	RB
3492	3051400	Jalin Marshall	jalin marshall	WR
5122	3051439	Boston Scott	boston scott	RB
5722	3051650	Darvin Kidsy	darvin kidsy	WR
4232	3051711	Matthew Dayes	matthew dayes	RB
5086	3051738	Marquez Valdes-Scantling	marquez valdes-scantling	WR
5192	3051762	Ralph Webb	ralph webb	RB
4531	3051806	Ricky Seals-Jones	ricky seals-jones	TE
5006	3051857	J'Mon Moore	jmon moore	WR
4342	3051869	Quincy Adeboyejo	quincy adeboyejo	WR
4066	3051876	Evan Engram	evan engram	TE
3155	3051889	Laquon Treadwell	laquon treadwell	WR
5100	3051891	Jordan Wilkins	jordan wilkins	RB
3594	3051902	Peyton Barber	peyton barber	RB
5095	3051909	Daniel Carlson	daniel carlson	K
4254	3051923	Stacy Coley	stacy coley	WR
5248	3051926	Gus Edwards	gus edwards	RB
4854	3052056	River Cracraft	river cracraft	WR
5108	3052061	Luke Falk	luke falk	QB
2428	3052066	Vince Mayle	vince mayle	TE
8411	3052083	Devon Allen	devon allen	WR
4314	3052096	Johnny Mundt	johnny mundt	TE
5798	3052098	Darren Carrington	darren carrington	WR
5787	3052102	Bryce Bobo	bryce bobo	WR
5170	3052117	Phillip Lindsay	phillip lindsay	RB
4475	3052118	Sefo Liufau	sefo liufau	QB
5292	3052122	Devin Ross	devin ross	WR
4283	3052143	Khalfani Muhammad	khalfani muhammad	RB
5259	3052163	Lavon Coleman	lavon coleman	RB
4323	3052166	Darrell Daniels	darrell daniels	TE
4038	3052177	John Ross	john ross	WR
4401	3052182	Damore'ea Stringfellow	damoreea stringfellow	WR
5386	3052413	Matthew McCrane	matthew mccrane	K
5619	3052449	Dalyn Dawkins	dalyn dawkins	RB
5120	3052450	Danny Etling	danny etling	QB
4200	3052470	DeAngelo Yancey	deangelo yancey	WR
4328	3052561	Jerome Lane	jerome lane	WR
5103	3052576	Dylan Cantrell	dylan cantrell	TE
4892	3052587	Baker Mayfield	baker mayfield	QB
4061	3052600	Davis Webb	davis webb	QB
5624	3052662	Keith Ford	keith ford	RB
2537	3052686	Mario Alford	mario alford	WR
2789	3052735	Lucky Whitehead	lucky whitehead	WR
4823	3052797	Keevan Lucas	keevan lucas	WR
3157	3052876	Will Fuller	will fuller	WR
5008	3052897	Durham Smythe	durham smythe	TE
5168	3053732	Jordan Chunn	jordan chunn	RB
5275	3053760	Jeff Badet	jeff badet	WR
7095	3053774	Austin MacGinnis	austin macginnis	K
4144	3054212	Jonnu Smith	jonnu smith	TE
5250	3054845	Robert Foster	robert foster	WR
4035	3054850	Alvin Kamara	alvin kamara	RB
4119	3054860	ArDarius Stewart	ardarius stewart	WR
4719	3054970	Chris Thompson	chris thompson	WR
4227	3055899	Harrison Butker	harrison butker	K
2436	3055912	DeAndre Smelter	deandre smelter	WR
4453	3056476	Victor Bolden	victor bolden	WR
5166	3056577	Da'Mari Scott	damari scott	WR
3476	3056906	Johnny Holton	johnny holton	WR
2942	3057760	Joe Don Duncan	joe don duncan	TE
3864	3057850	Jake Lampman	jake lampman	WR
3774	3057863	Jason Vander Laan	jason vander laan	TE
3168	3057986	Christian Hackenberg	christian hackenberg	QB
4998	3057987	DaeSean Hamilton	daesean hamilton	WR
3861	3059552	Kieren Duncan	kieren duncan	WR
2674	3059606	Paul Browning	paul browning	WR
5176	3059719	Davon Grayson	davon grayson	WR
4080	3059722	Zay Jones	zay jones	WR
4125	3059760	Taywan Taylor	taywan taylor	WR
5277	3059766	Deon Yelder	deon yelder	TE
4098	3059915	Kareem Hunt	kareem hunt	RB
4208	3059918	Rodney Adams	rodney adams	WR
4164	3059945	Michael Roberts	michael roberts	TE
4464	3059989	Nick Mullens	nick mullens	QB
3306	3060022	Jordan Howard	jordan howard	RB
4829	3060347	Daniel Williams	daniel williams	WR
5837	3060823	Redford Jones	redford jones	K
6115	3060919	Wes Hills	wes hills	RB
3710	3060950	Jace Billingsley	jace billingsley	WR
4198	3061612	Jamal Agnew	jamal agnew	WR
4128	3066052	Chad Williams	chad williams	WR
4175	3066074	Chad Hansen	chad hansen	WR
5175	3066147	Jawill Davis	jawill davis	WR
4157	3066158	Tarik Cohen	tarik cohen	RB
4663	3068267	Austin Ekeler	austin ekeler	RB
5460	3068715	Kaare Vedvik	kaare vedvik	K
3827	3068939	Aldrick Rosas	aldrick rosas	K
4622	3071572	Keelan Cole	keelan cole	WR
2635	3078581	Vernon Johnson	vernon johnson	WR
3717	3078660	Joe Callahan	joe callahan	QB
2821	3085107	Jake Kumerow	jake kumerow	WR
5903	3115252	Will Grier	will grier	QB
5695	3115255	Brandon Powell	brandon powell	WR
5127	3115293	Kyle Allen	kyle allen	QB
4171	3115306	Josh Reynolds	josh reynolds	WR
5432	3115314	Cam Sims	cam sims	WR
3846	3115315	Duke Williams	duke williams	WR
5911	3115328	Jalen Hurd	jalen hurd	WR
4160	3115330	Josh Malone	josh malone	WR
6202	3115349	Jakob Johnson	jakob johnson	RB
6089	3115359	Daniel Helm	daniel helm	TE
5196	3115360	Ethan Wolf	ethan wolf	TE
3969	3115364	Leonard Fournette	leonard fournette	RB
5139	3115365	Trey Quinn	trey quinn	WR
4243	3115366	Malachi Dupre	malachi dupre	WR
5549	3115375	Darrel Williams	darrel williams	RB
5110	3115378	Russell Gage	russell gage	WR
4951	3115394	D.J. Chark	dj chark	WR
4420	3115443	Cody Hollister	cody hollister	WR
3503	3115913	Geronimo Allison	geronimo allison	WR
5781	3115928	Malik Turner	malik turner	WR
7101	3116074	Rodney Smith	rodney smith	RB
5756	3116132	Garrett Dickerson	garrett dickerson	TE
5131	3116136	Justin Jackson	justin jackson	RB
6147	3116144	Clayton Thorson	clayton thorson	QB
5135	3116155	Saeed Blacknall	saeed blacknall	WR
4993	3116164	Mike Gesicki	mike gesicki	TE
4037	3116165	Chris Godwin	chris godwin	WR
5974	3116172	Trace McSorley	trace mcsorley	QB
6540	3116182	DeAndre ThomKins	deandre thomKins	WR
6450	3116188	David Blough	david blough	QB
5012	3116365	Mark Andrews	mark andrews	TE
4018	3116385	Joe Mixon	joe mixon	RB
4147	3116389	Samaje Perine	samaje perine	RB
3321	3116406	Tyreek Hill	tyreek hill	WR
4972	3116407	Mason Rudolph	mason rudolph	QB
5395	3116563	Shaun Wilson	shaun wilson	RB
4029	3116593	Dalvin Cook	dalvin cook	RB
5162	3116642	Reggie Bonnafon	reggie bonnafon	RB
5126	3116680	Austin Proehl	austin proehl	WR
4265	3116690	Elijah Hood	elijah hood	RB
5107	3116721	Jaylen Samuels	jaylen samuels	RB
5266	3117131	Detrez Newsome	detrez newsome	RB
4034	3117251	Christian McCaffrey	christian mccaffrey	RB
5001	3117256	Dalton Schultz	dalton schultz	TE
5374	3118892	Justin Watson	justin watson	WR
6231	3118906	John Lovett	john lovett	TE
5754	3118954	Jaeden Graham	jaeden graham	TE
5000	3119195	Chase Edmonds	chase edmonds	RB
6387	3119317	Nsimba Webster	nsimba webster	WR
6107	3119471	Emmanuel Butler	emmanuel butler	WR
5548	3119490	Elijah Marks	elijah marks	WR
6372	3119996	Xavier Turner	xavier turner	RB
5285	3120303	Ross Dwelley	ross dwelley	TE
4040	3120348	JuJu Smith-Schuster	juju smith-schuster	WR
6519	3120588	Darrius Shepherd	darrius shepherd	WR
6185	3120590	Easton Stick	easton stick	QB
5102	3120659	Daurice Fountain	daurice fountain	WR
6032	3120980	Keelan Doss	keelan doss	WR
5022	3121023	Dallas Goedert	dallas goedert	TE
6163	3121110	Alex Wesley	alex wesley	WR
6261	3121225	Reggie White Jr.	reggie white	WR
6233	3121378	Matt Sokol	matt sokol	TE
4234	3121409	Noah Brown	noah brown	WR
5880	3121410	Parris Campbell	parris campbell	WR
6019	3121413	Johnnie Dixon	johnnie dixon	WR
5927	3121422	Terry McLaurin	terry mclaurin	WR
4082	3121427	Curtis Samuel	curtis samuel	WR
5274	3121583	Roc Thomas	roc thomas	RB
5273	3121597	Kamryn Pettway	kamryn pettway	RB
6081	3122103	Kendall Blanton	kendall blanton	TE
6293	3122143	Cullen Gillaspia	cullen gillaspia	RB
6379	3122154	Khari Blasingame	khari blasingame	RB
5154	3122168	Trent Sherfield	trent sherfield	WR
5661	3122430	Chris Lacy	chris lacy	WR
5024	3122449	James Washington	james washington	WR
5046	3122672	Royce Freeman	royce freeman	RB
5271	3122716	Buddy Howell	buddy howell	RB
6446	3122799	Jon Hilliman	jon hilliman	RB
6137	3122818	Tommy Sweeney	tommy sweeney	TE
4670	3122839	Artavis Scott	artavis scott	WR
4017	3122840	Deshaun Watson	deshaun watson	QB
3209	3122866	Devontae Booker	devontae booker	RB
5137	3122899	Richie James	richie james	WR
5094	3122920	Ryan Izzo	ryan izzo	TE
4644	3122935	Travis Rudolph	travis rudolph	WR
5284	3122976	Jeffery Wilson	jeff wilson	RB
4222	3123048	Brad Kaaya	brad kaaya	QB
5009	3123050	Chris Herndon	chris herndon	TE
5230	3123052	Mike Badgley	michael badgley	K
6049	3123074	Tyre Brady	tyre brady	WR
5121	3123075	Braxton Berrios	braxton berrios	WR
4033	3123076	David Njoku	david njoku	TE
5961	3123675	Jalin Moore	jalin moore	RB
6553	3123857	Austin Walter	austin walter	RB
6002	3123944	Qadree Ollison	qadree ollison	RB
5210	3123968	Korey Robertson	korey robertson	WR
5004	3123969	Ito Smith	ito smith	RB
3652	3123986	Mike Thomas	mike thomas	WR
5262	3123992	Steve Ishmael	steve ishmael	WR
6097	3124013	Jamal Custis	jamal custis	WR
6318	3124022	Jordan Ellis	jordan ellis	RB
4252	3124069	Isaiah Ford	isaiah ford	WR
5625	3124079	Cam Phillips	cam phillips	WR
6528	3124084	Joey Slye	joey slye	K
5806	3124092	John Wolford	john wolford	QB
6373	3124369	A.J. Richardson	aj richardson	WR
2865	3124451	Julian Howsare	julian howsare	RB
5962	3124537	KeeSean Johnson	keesean johnson	WR
5119	3124679	Jason Sanders	jason sanders	K
7084	3124900	Jake Luton	jake luton	QB
6288	3124964	Marcus Green	marcus green	WR
6323	3125107	Andrew Beck	andrew beck	RB
4111	3125116	D'Onta Foreman	donta foreman	RB
5116	3125232	Nick Bawden	nick bawden	RB
3547	3125253	Braedon Bowman	braedon bowman	TE
3517	3125354	Hunter Sharp	hunter sharp	WR
5125	3125383	Damoun Patterson	damoun patterson	WR
6396	3125402	Austin Fort	austin fort	TE
4187	3125403	Brian Hill	brian hill	RB
4421	3125404	Jacob Hollister	jacob hollister	TE
3519	3125745	Roger Lewis	roger lewis	WR
5241	3126002	Christian Blake	christian blake	WR
6593	3126075	Spencer Schnell	spencer schnell	WR
6420	3126095	Jon'Vea Johnson	jonvea johnson	WR
5201	3126113	Terry Swanson	terry swanson	RB
6171	3126115	Cody Thompson	cody thompson	WR
5536	3126246	Dontrell Hilliard	dontrell hilliard	RB
6591	3126263	Charles Jones	charles jones	TE
4373	3126338	Stanley Williams	stanley williams	RB
5112	3126367	Bo Scarbrough	bo scarbrough	RB
5872	3126486	Deebo Samuel	deebo samuel	WR
6588	3126997	Tom Kennedy	tom kennedy	WR
6595	3127051	Devlin Hodges	devlin hodges	QB
6311	3127211	Patrick Laird	patrick laird	RB
5010	3127292	Will Dissly	will dissly	TE
4992	3127306	Dante Pettis	dante pettis	WR
6001	3127310	Drew Sample	drew sample	TE
5823	3127313	Tristan Vizcaino	tristan vizcaino	K
5163	3127335	Ryan Nall	ryan nall	RB
5700	3127374	Robert Martin	robert martin	RB
4219	3127586	Jeremy McNichols	jeremy mcnichols	RB
5164	3128251	Simmie Cobbs	simmie cobbs	WR
4519	3128267	Devine Redding	devine redding	RB
6223	3128317	Juwann Winfree	juwann winfree	WR
4456	3128348	KD Cannon	kd cannon	WR
4289	3128362	Ishmael Zamora	ishmael zamora	WR
5185	3128390	Allen Lazard	allen lazard	WR
5045	3128429	Courtland Sutton	courtland sutton	WR
5253	3128439	Jordan Franks	jordan franks	TE
6268	3128444	Matthew Wright	matthew wright	K
5026	3128451	Tre'Quan Smith	trequan smith	WR
5032	3128452	Jordan Akins	jordan akins	TE
6496	3128692	Cole Hedlund	cole hedlund	K
4988	3128720	Nick Chubb	nick chubb	RB
4962	3128721	Sony Michel	sony michel	RB
4197	3128724	Isaiah McKenzie	isaiah mckenzie	WR
4707	3128756	Akeem Judd	akeem judd	RB
4994	3128774	Kalen Ballage	kalen ballage	RB
5143	3128800	Demario Richard	demario richard	RB
5124	3128843	Alex McGough	alex mcgough	QB
4026	3129302	DeShone Kizer	deshone kizer	QB
5278	3129453	Jarvion Franklin	jarvion franklin	RB
5070	3134302	Jordan Lasley	jordan lasley	WR
5751	3134314	Austin Roberts	austin roberts	TE
4351	3134353	Tim Patrick	tim patrick	WR
5955	3135321	Hunter Renfrow	hunter renfrow	WR
3805	3135726	Jon Brown	jon brown	K
6529	3138744	Chris Myarick	chris myarick	TE
6628	3138760	Ventell Bryant	ventell bryant	WR
5209	3139033	Mike Boone	mike boone	RB
5289	3139456	Cameron Batson	cam batson	WR
4046	3139477	Patrick Mahomes	patrick mahomes	QB
6059	3139522	Travis Fulgham	travis fulgham	WR
5165	3139591	Quinton Flowers	quinton flowers	RB
6694	3139602	D'Ernest Johnson	dernest johnson	RB
4152	3139605	Marlon Mack	marlon mack	RB
4985	3139925	Rashaad Penny	rashaad penny	RB
5138	3140525	Martez Carter	martez carter	RB
2686	3144062	Khari Lee	khari lee	TE
6662	3144991	Parker Hesse	parker hesse	TE
3485	3144999	Henry Krieger-Coble	henry krieger-coble	TE
7622	3148929	Sammis Reyes	sammis reyes	TE
11370	3149687	Chris Brooks	chris brooks	RB
6650	3150744	Chase McLaughlin	chase mclaughlin	K
3078	3153437	Jamel Johnson	jamel johnson	WR
5260	3155188	Vyncint Smith	vyncint smith	WR
2834	3165701	Tom Obarski	tom obarski	K
2786	3423412	Jarryd Hayne	jarryd hayne	RB
7439	3675550	Tommy Hudson	tommy hudson	TE
7335	3675812	Bryce Perkins	bryce perkins	QB
8917	3676833	KaVontae Turpin	kavontae turpin	WR
7387	3692942	George Campbell	george campbell	WR
6108	3693033	Jacques Patrick	jacques patrick	RB
6069	3699902	Stanley Morgan	stanley morgan	WR
6068	3699935	Devine Ozigbo	devine ozigbo	RB
7210	3700815	Kendall Hinton	kendall hinton	WR
5918	3705353	Rodney Anderson	rodney anderson	RB
6037	3722362	Brett Rypien	brett rypien	QB
5101	3728254	Deon Cain	deon cain	WR
5096	3728262	Ray-Ray McCloud	ray-ray mccloud	WR
7149	3791110	Tommy Stevens	tommy stevens	QB
6219	3821683	Austin Seibert	austin seibert	K
6298	3843217	Chandler Cox	chandler cox	RB
6021	3843406	Nick Brossette	nick brossette	RB
5997	3843603	Jazz Ferguson	jazz ferguson	WR
4949	3843750	Derrius Guice	derrius guice	RB
5985	3843945	Foster Moreau	foster moreau	TE
6154	3871102	David Sills	david sills	WR
6169	3884368	James Williams	james williams	RB
4863	3886377	Josh Rosen	josh rosen	QB
7049	3886598	Jauan Jennings	jauan jennings	WR
6031	3886636	Alex Barnes	alex barnes	RB
7233	3886809	Andre Baccellia	andre baccellia	WR
6111	3886812	Jake Browning	jake browning	QB
5980	3886818	Myles Gaskin	myles gaskin	RB
6585	3886841	Tony Brooks-James	tony brooks-james	RB
2753	3892271	Rasheed Bailey	rasheed bailey	WR
6136	3892775	Jarrett Stidham	jarrett stidham	QB
4146	3892889	Dede Westbrook	dede westbrook	WR
2683	3893609	Andrew Franks	andrew franks	K
7941	3893625	Nick Ralston	nick ralston	TE
4451	3894883	Isaac Whitney	isaac whitney	WR
6063	3894912	Tyron Johnson	tyron johnson	WR
2824	3894952	Donteea Dye	donteea dye	WR
2908	3895385	Austin Willis	austin willis	WR
7143	3895785	Ben DiNucci	ben dinucci	QB
6448	3895788	Darrin Hall	darrin hall	RB
5279	3895789	Quadree Henderson	quadree henderson	WR
7098	3895827	Ty'Son Williams	tyson williams	RB
5984	3895828	Anthony Ratliff-Williams	anthony ratliff-williams	WR
4950	3895856	Christian Kirk	christian kirk	WR
5080	3895857	Damion Ratley	damion ratley	WR
7438	3910176	Kristian Wilkerson	kristian wilkerson	WR
7339	3910287	J.J. Koski	jj koski	WR
7045	3910544	Joshua Kelley	joshua kelley	RB
6932	3910630	Charlie Taumoepeau	charlie taumoepeau	TE
6869	3911853	Adam Trautman	adam trautman	TE
6074	3912092	Donald Parham	donald parham	TE
4943	3912547	Sam Darnold	sam darnold	QB
5052	3912550	Ronald Jones	ronald jones	RB
4042	3912576	Joe Williams	joe williams	RB
7121	3913295	Justin Rohrwasser	justin rohrwasser	K
7050	3914151	Josiah Deguara	josiah deguara	TE
6358	3914158	Kahlil Lewis	kahlil lewis	WR
7131	3914240	Tyler Davis	tyler davis	TE
8921	3914307	Maurice Alexander	maurice alexander	WR
5915	3914328	Andy Isabella	andy isabella	WR
7081	3914395	James Morgan	james morgan	QB
6290	3914397	Scotty Miller	scott miller	WR
6246	3914534	Jeremy Cox	jeremy cox	RB
5310	3915097	Antonio Callaway	antonio callaway	WR
6167	3915115	Jordan Scarlett	jordan scarlett	RB
7015	3915136	Jacob Breeland	jacob breeland	TE
7351	3915145	Kirk Merritt	kirk merritt	WR
7062	3915165	Rodrigo Blankenship	rodrigo blankenship	K
5977	3915174	Terry Godwin	terry godwin	WR
6501	3915230	C.J. Conrad	cj conrad	TE
6363	3915296	Michael Walker	michael walker	WR
5076	3915381	John Kelly	john kelly	RB
6148	3915399	Preston Williams	preston williams	WR
7065	3915400	Eli Wolf	eli wolf	TE
4355	3915403	Tim White	tim white	WR
6039	3915411	Ty Johnson	ty johnson	RB
4983	3915416	D.J. Moore	dj moore	WR
7013	3915436	Steven Montez	steven montez	QB
5133	3915486	Tyler Conklin	tyler conklin	TE
7459	3915508	Rashod Berry	rashod berry	TE
6770	3915511	Joe Burrow	joe burrow	QB
6866	3915522	K.J. Hill	kj hill	WR
6159	3915536	Mike Weber	mike weber	RB
6438	3915575	Kelvin McKnight	kelvin mcknight	WR
6834	3915772	Jared Pinkney	jared pinkney	TE
6269	3915776	Kyle Shurmur	kyle shurmur	QB
11520	3915802	Lucky Jackson	lucky jackson	WR
7078	3915821	Tony Brown	tony brown	WR
5007	3915823	Keke Coutee	keke coutee	WR
6045	3916071	Gary Jennings	gary jennings	WR
7458	3916129	Isaiah Zuber	isaiah zuber	WR
5967	3916148	Tony Pollard	tony pollard	RB
6957	3916204	James Proche	james proche	WR
7088	3916209	Xavier Jones	xavier jones	RB
4881	3916387	Lamar Jackson	lamar jackson	QB
6155	3916418	Jaylen Smith	jaylen smith	WR
5347	3916430	Nyheim Hines	nyheim hines	RB
5947	3916433	Jakobi Meyers	jakobi meyers	WR
6040	3916564	Tyree Jackson	tyree jackson	TE
7066	3916566	K.J. Osborn	kj osborn	WR
7427	3916587	Tyler Mabry	tyler mabry	TE
6959	3916721	LeVante Bellamy	levante bellamy	RB
7216	3916749	Giovanni Ricci	giovanni ricci	TE
5068	3916925	Kerryon Johnson	kerryon johnson	RB
7367	3916927	Will Hastings	will hastings	WR
6149	3916945	Darius Slayton	darius slayton	WR
6088	3917067	Olabisi Johnson	olabisi johnson	WR
7080	3917166	Omar Bayless	omar bayless	WR
7042	3917232	Tyler Bass	tyler bass	K
5849	3917315	Kyler Murray	kyler murray	QB
5902	3917546	Penny Hart	penny hart	WR
7296	3917558	Brandon Wright	brandon wright	K
7244	3917569	Ja'Marcus Bradley	jamarcus bradley	WR
6885	3917612	Ke'Shawn Vaughn	keshawn vaughn	RB
6109	3917668	Alec Ingold	alec ingold	RB
5870	3917792	Daniel Jones	daniel jones	QB
7466	3917812	Nathan Cottrell	nathan cottrell	RB
4997	3917846	Mark Walton	mark walton	RB
7106	3917849	Lawrence Cager	lawrence cager	TE
6271	3917914	Olamide Zaccheaus	olamide zaccheaus	WR
5886	3917940	Hakeem Butler	hakeem butler	WR
6402	3917960	Steven Sims	steven sims	WR
6139	3917962	Jace Sternberger	jace sternberger	TE
6926	3918003	Brycen HoKins	brycen hoKins	TE
4244	3918026	Devante Mays	devante mays	RB
4984	3918298	Josh Allen	josh allen	QB
4089	3918639	Gerald Everett	gerald everett	TE
6175	3919104	Kerrith Whyte	kerrith whyte	RB
6386	3919510	Alex Bachman	alex bachman	WR
4273	3919596	Chris Carson	chris carson	RB
7617	3919602	Matt Ammendola	matt ammendola	K
7173	3919609	Jalen McCleskey	jalen mccleskey	WR
5130	3921564	Auden Tate	auden tate	WR
6317	3921586	Jacob Dolegala	jacob dolegala	QB
5973	3921690	Josh Oliver	josh oliver	TE
6894	3923392	Mitchell Wilcox	mitchell wilcox	TE
6007	3923397	Ryquell Armstead	ryquell armstead	RB
5924	3924318	Emanuel Hall	emanuel hall	WR
5854	3924327	Drew Lock	drew lock	QB
4973	3924365	Hayden Hurst	hayden hurst	TE
6753	3925346	Derrick Gore	derrick gore	RB
5890	3925347	Damien Harris	damien harris	RB
6439	3925348	Hale Hentges	hale hentges	TE
4981	3925357	Calvin Ridley	calvin ridley	WR
8414	3926231	Britain Covey	britain covey	WR
7159	3926936	Reid Sinnett	reid sinnett	QB
3873	3927739	Ben Roberts	ben roberts	WR
5464	3928461	De'Lance Turner	delance turner	RB
6996	3928925	JaMycal Hasty	jamycal hasty	RB
6557	3929118	Jeff Smith	jeff smith	WR
4866	3929630	Saquon Barkley	saquon barkley	RB
7308	3929633	Nick Bowers	nick bowers	TE
8861	3929636	Irvin Charles	irvin charles	WR
7357	3929637	Dan Chisena	dan chisena	WR
7002	3929645	Juwan Johnson	juwan johnson	TE
7496	3929785	Nick Westbrook-Ikhine	nick westbrook-ikhine	WR
5941	3929817	Felton Davis	felton davis	WR
7008	3929824	Brian Lewerke	brian lewerke	QB
6161	3929828	LJ Scott	lj scott	RB
7056	3929831	Darrell Stewart	darrell stewart	WR
5587	3929855	Chris Warren	chris warren	RB
8025	3929914	Adam Prentice	adam prentice	RB
6018	3929924	Zach Gentry	zach gentry	TE
5976	3929927	Karan Higdon	karan higdon	RB
6017	3930064	DaMarkus Lodge	damarkus lodge	WR
6853	3930066	Van Jefferson	van jefferson	WR
5906	3930086	Dawson Knox	dawson knox	TE
7404	3930298	Noah Togiai	noah togiai	TE
7288	3930900	Ben Ellefson	ben ellefson	TE
6072	3930901	Bruce Anderson	bruce anderson	RB
6598	3931391	Trenton Irwin	trenton irwin	WR
5863	3931397	JJ Arcega-Whiteside	jj arcega-whiteside	TE
5889	3931398	Bryce Love	bryce love	RB
7435	3931401	Cameron Scarlett	cameron scarlett	RB
4518	3931761	Emanuel Byrd	emanuel byrd	TE
4376	3931763	Michael Clark	michael clark	WR
5263	3931782	Chase Litton	chase litton	QB
7703	3932144	Jacob Harris	jacob harris	WR
5136	3932420	Josh Adams	josh adams	RB
5965	3932423	Miles Boykin	miles boykin	WR
6421	3932430	Jalen Guyton	jalen guyton	WR
5975	3932433	Alize Mack	alize mack	TE
5323	3932442	Equanimeous St. Brown	equanimeous st brown	WR
6153	3932449	Dexter Williams	dexter williams	RB
5937	3932905	Diontae Johnson	diontae johnson	WR
5290	3932935	Deontay Burnett	deontay burnett	WR
6142	3932936	Caleb Wilson	caleb wilson	TE
7314	3932960	Dominik Eberle	dominik eberle	K
6016	3932963	Dax Raymond	dax raymond	TE
6168	3933064	John Ursua	john ursua	WR
6164	3933327	Kahale Warring	kahale warring	TE
3552	3933497	Wendall Williams	wendall williams	WR
6380	3933568	Davion Davis	davion davis	WR
3041	3936647	Ross Travis	ross travis	TE
6075	3940587	Jesper Horsted	jesper horsted	TE
6451	3948283	Stephen Carlson	stephen carlson	TE
5269	3951441	Codey McElroy	codey mcelroy	WR
11533	3953687	Brandon Aubrey	brandon aubrey	K
6357	3957156	Shawn Bane	shawn bane	WR
4650	3957543	Billy Brown	billy brown	TE
3148	3966261	Anthony Dable	anthony dable	WR
5272	3975763	Greg Joseph	greg joseph	K
3336	4002672	Moritz Boehringer	moritz boehringer	WR
3832	4012556	C.J. Ham	cj ham	RB
8235	4027873	Samori Toure	samori toure	WR
6906	4029893	Antonio Gandy-Golden	antonio gandy-golden	WR
7956	4031033	Cade Johnson	cade johnson	WR
8732	4032247	Raleigh Webb	raleigh webb	WR
8676	4032473	Rashid Shaheed	rashid shaheed	WR
7091	4032749	Aaron Parker	aaron parker	WR
8577	4033806	James McCourt	james mccourt	K
7334	4034320	Earnest Edwards	earnest edwards	WR
8076	4034704	Michael Bandy	michael bandy	WR
8484	4034779	Ko Kieft	ko kieft	TE
7946	4034862	Jack Stoll	jack stoll	TE
7605	4034946	Kyle Trask	kyle trask	QB
7531	4034948	Feleipe Franks	feleipe franks	TE
5189	4034949	Eddy Pineiro	eddy pineiro	K
7135	4034950	Freddie Swain	freddie swain	WR
6908	4034952	Lamical Perine	lamical perine	RB
7032	4034964	Tyrie Cleveland	tyrie cleveland	WR
6823	4035003	Jacob Eason	jacob eason	QB
5917	4035004	Mecole Hardman	mecole hardman	WR
5919	4035006	Elijah Holyfield	elijah holyfield	RB
5957	4035014	Isaac Nauta	isaac nauta	TE
5873	4035015	Riley Ridley	riley ridley	WR
5111	4035019	Javon Wims	javon wims	WR
7075	4035020	Charlie Woerner	charlie woerner	TE
6156	4035072	Benny Snell	benny snell	RB
7446	4035098	Tucker McCann	tucker mccann	K
6334	4035102	Damarea Crockett	damarea crockett	RB
6843	4035115	Albert Okwuegbunam	albert okwuegbunam	TE
6989	4035170	Marquez Callaway	marquez callaway	WR
8756	4035198	Brandon Johnson	brandon johnson	WR
6879	4035221	Quartney Davis	quartney davis	WR
6144	4035222	Trayveon Williams	trayveon williams	RB
6832	4035277	Kalija Lipscomb	kalija lipscomb	WR
8241	4035312	Anthony Brown	anthony brown	QB
5117	4035379	Jordan Thomas	jordan thomas	TE
6849	4035403	Denzel Mims	denzel mims	WR
6970	4035426	Stephen Sullivan	stephen sullivan	TE
7541	4035465	Cornell Powell	cornell powell	WR
7103	4035470	Tavien Feaster	tavien feaster	RB
7720	4035537	Kene Nwangwu	kene nwangwu	RB
5892	4035538	David Montgomery	david montgomery	RB
7915	4035554	Landen Akers	landen akers	WR
7318	4035611	Gabe Nabers	gabe nabers	RB
7757	4035656	Ben Skowronek	ben skowronek	WR
7083	4035671	Tyler Huntley	tyler huntley	QB
6845	4035676	Zack Moss	zack moss	RB
6819	4035687	Michael Pittman	michael pittman	WR
8223	4035693	Velus Jones	velus jones	WR
8783	4035776	Kendric Pryor	kendric pryor	WR
6895	4035793	Quintez Cephus	quintez cephus	WR
7609	4035826	Demetric Felton	demetric felton	RB
5293	4035853	Jordan Veasy	jordan veasy	WR
7608	4035886	Khalil Herbert	khalil herbert	RB
8435	4035912	Kwamie Lassiter	kwamie lassiter	WR
7729	4036026	Dez Fitzpatrick	dez fitzpatrick	WR
8423	4036032	Brittain Brown	brittain brown	RB
7234	4036055	Maurice Ffrench	maurice ffrench	WR
7502	4036129	Dominique Dafney	dominique dafney	TE
5857	4036131	Noah Fant	noah fant	TE
5844	4036133	T.J. Hockenson	tj hockenson	TE
8536	4036146	Caleb Shudak	caleb shudak	K
6892	4036149	Nate Stanley	nate stanley	QB
5884	4036163	Kelvin Harmon	kelvin harmon	WR
6919	4036189	Thaddeus Moss	thaddeus moss	TE
7989	4036211	DJ Turner	dj turner	WR
7771	4036224	Jake Funk	jake funk	RB
6964	4036275	Sean McKeon	sean mckeon	TE
5113	4036335	Cedrick Wilson	cedrick wilson	WR
5038	4036348	Michael Gallup	michael gallup	WR
6804	4036378	Jordan Love	jordan love	QB
5199	4036416	Byron Pringle	byron pringle	WR
8206	4036419	Skylar Thompson	skylar thompson	QB
7064	4036431	Darrynton Evans	darrynton evans	RB
8416	4036448	Jalen Virgil	jalen virgil	WR
5970	4037235	Greg Dortch	greg dortch	WR
7789	4037311	Jalen Camp	jalen camp	WR
6012	4037457	Travis Homer	travis homer	RB
7539	4037478	Gerrid Doaks	gerrid doaks	RB
5244	4037481	Devin Gray	devin gray	WR
6913	4037591	Joe Reed	joe reed	WR
6954	4038220	Cole McDonald	cole mcdonald	QB
5995	4038441	Justice Hill	justice hill	RB
7996	4038460	Dillon Stoner	dillon stoner	WR
6011	4038524	Gardner Minshew	gardner minshew	QB
7038	4038533	Darius Anderson	darius anderson	RB
7055	4038539	Sewo Olonilua	sewo olonilua	RB
7021	4038815	Rico Dowdle	rico dowdle	RB
6870	4038818	Bryan Edwards	bryan edwards	WR
6047	4038938	Dillon Mitchell	dillon mitchell	WR
6797	4038941	Justin Herbert	justin herbert	QB
7152	4038994	Sam Sloman	sam sloman	K
6967	4039000	Aaron Fuller	aaron fuller	WR
8002	4039034	Shane Buechele	shane buechele	QB
6857	4039043	Collin Johnson	collin johnson	WR
6847	4039050	Devin Duvernay	devin duvernay	WR
5938	4039057	Lil'Jordan Humphrey	liljordan humphrey	WR
7602	4039160	Kylen Granson	kylen granson	TE
6712	4039244	Marcus Simms	marcus simms	WR
6181	4039253	Trevon Wesco	trevon wesco	TE
7972	4039271	Tony Poljan	tony poljan	TE
7087	4039274	Jonathan Ward	jonathan ward	RB
7556	4039307	Marquez Stevenson	marquez stevenson	WR
7619	4039339	Mathew Sexton	mathew sexton	WR
6963	4039358	Patrick Taylor	patrick taylor	RB
5916	4039359	Darrell Henderson	darrell henderson	RB
7109	4039436	Malcolm Perry	malcolm perry	WR
7204	4039505	Reggie Gilliam	reggie gilliam	RB
6973	4039607	J.J. Taylor	jj taylor	RB
7842	4040612	Luke Farrell	luke farrell	TE
5845	4040616	Dwayne Haskins	dwayne haskins	QB
6873	4040623	Austin Mack	austin mack	WR
8068	4040627	C.J. Saunders	cj saunders	WR
6939	4040628	Binjimen Victor	binjimen victor	WR
7203	4040629	Antonio Williams	antonio williams	RB
7316	4040640	Darius Bradwell	darius bradwell	RB
7090	4040655	Darnell Mooney	darnell mooney	WR
7854	4040714	Miller Forristall	miller forristall	TE
6904	4040715	Jalen Hurts	jalen hurts	QB
7993	4040728	Trey Ragas	trey ragas	RB
6988	4040732	Raymond Calais	raymond calais	RB
6130	4040761	Devin Singletary	devin singletary	RB
6850	4040774	Harrison Bryant	harrison bryant	TE
7107	4040790	Jason Huntley	jason huntley	RB
5005	4040792	Jaleel Scott	jaleel scott	WR
6371	4040826	Drew Anderson	drew anderson	QB
6126	4040980	Irv Smith	irv smith	TE
7352	4041703	Matt Cole	matt cole	WR
7093	4042112	Adrian Killins Jr.	adrian killins	RB
7227	4042808	Artavis Pierce	artavis pierce	RB
7612	4043016	Dee Eskridge	dwayne eskridge	WR
7862	4043158	T.J. Vasher	tj vasher	WR
6165	4043161	Antoine Wesley	antoine wesley	WR
8413	4044111	Chris Oladokun	chris oladokun	QB
7407	4044121	Isaiah Wright	isaiah wright	WR
7597	4044144	Kenny Yeboah	kenny yeboah	TE
6362	4044148	Dredrick Snelson	dredrick snelson	WR
6146	4044452	Kaden Smith	kaden smith	TE
6151	4045163	Miles Sanders	miles sanders	RB
4995	4045305	Ian Thomas	ian thomas	TE
7048	4045702	Benny LeMay	benny lemay	RB
7933	4046164	Alex Kessman	alex kessman	K
8055	4046184	Brian Johnson	brian johnson	K
6956	4046522	Devin Asiasi	devin asiasi	TE
7794	4046530	Chris Evans	chris evans	RB
8040	4046532	Quinn Nordin	quinn nordin	K
6984	4046676	Tony Jones	tony jones	RB
7589	4046678	Ian Book	ian book	QB
6886	4046692	Chase Claypool	chase claypool	WR
7009	4046715	Trishton Jackson	trishton jackson	WR
5850	4047365	Josh Jacobs	josh jacobs	RB
8849	4047422	Tanner Conner	tanner conner	TE
5859	4047646	A.J. Brown	aj brown	WR
7546	4047648	Tre Nixon	tre nixon	WR
5846	4047650	DK Metcalf	dk metcalf	WR
7530	4047836	Frank Darby	frank darby	WR
5878	4047839	N'Keal Harry	nkeal harry	TE
8824	4048099	Samson Nacua	samson nacua	WR
7716	4048228	John Bates	john bates	TE
5987	4048244	Alexander Mattison	alexander mattison	RB
7809	4048259	Avery Williams	avery williams	RB
5197	4048717	Rico Gafford	rico gafford	WR
5929	4049301	Anthony Johnson	anthony johnson	WR
6927	4050373	Quez Watkins	quez watkins	WR
8670	4051167	John Parker Romo	john parker romo	K
6955	4052042	James Robinson	james robinson	RB
7175	4052137	Chris Rowland	chris rowland	WR
6985	4054085	Dezmon Patmon	dezmon patmon	WR
6898	4055171	Anthony Gordon	anthony gordon	QB
5703	4055563	Deontez Alexander	deontez alexander	WR
8665	4056052	Armani Rogers	armani rogers	TE
7436	4057082	Mason Kinsey	mason kinsey	WR
5463	4057659	Mark Thompson	mark thompson	RB
6427	4061956	Ashton Dulin	ashton dulin	WR
7752	4068152	Kawaan Baker	kawaan baker	WR
6247	4069806	Jason Moore	jason moore	WR
7863	4069817	JaQuan Hardy	jaquan hardy	RB
4468	4081127	Antony Auclair	antony auclair	TE
4085	4198676	Adam Shaheen	adam shaheen	TE
4526	4198679	Krishawn Hogan	krishawn hogan	WR
4226	4212884	Alexander Armah	alex armah	RB
4274	4212909	David Moore	david moore	WR
4741	4212989	Dan Arnold	dan arnold	TE
4050	4217370	Cyril Grayson	cyril grayson	WR
6992	4239083	Michael Warren	michael warren	RB
8159	4239086	Desmond Ridder	desmond ridder	QB
7867	4239768	Spencer Brown	spencer brown	RB
6828	4239934	AJ Dillon	aj dillon	RB
8193	4239936	EJ Perry	ej perry	QB
7535	4239944	Hunter Long	hunter long	TE
7540	4239992	Amari Rodgers	amari rodgers	WR
6801	4239993	Tee Higgins	tee higgins	WR
7543	4239996	Travis Etienne	travis etienne	RB
6938	4240021	Cam Akers	cam akers	RB
7554	4240023	Tre' McKitty	tre mckitty	TE
10860	4240069	Malik Cunningham	malik cunningham	WR
11038	4240261	Derek Parish	derek parish	RB
10861	4240350	Xazavian Valladay	xazavian valladay	RB
6805	4240380	KJ Hamler	kj hamler	WR
11292	4240391	Tommy DeVito	tommy devito	QB
7576	4240432	Sage Surratt	sage surratt	WR
7551	4240455	Deon Jackson	deon jackson	RB
7828	4240472	Noah Gray	noah gray	TE
7559	4240573	Ihmir Smith-Marsette	ihmir smith-marsette	WR
7865	4240577	Brandon Smith	brandon smith	WR
6227	4240591	Nick Easley	nick easley	WR
7606	4240600	Kadarius Toney	kadarius toney	WR
8800	4240603	Malik Davis	malik davis	RB
7076	4240626	Jeff Thomas	jeff thomas	WR
6931	4240631	DeeJay Dallas	deejay dallas	RB
7607	4240657	Michael Carter	michael carter	RB
7586	4240661	Dazz Newsome	dazz newsome	WR
6822	4240689	Jake Fromm	jake fromm	QB
8160	4240703	Kenny Pickett	kenny pickett	QB
10651	4240750	Mohamed Ibrahim	mohamed ibrahim	RB
9998	4240858	Hendon Hooker	hendon hooker	QB
7082	4240861	Dalton Keene	dalton keene	TE
7581	4240904	Kellen Mond	kellen mond	QB
11900	4240911	Jacob Kibodi	jacob kibodi	RB
7574	4241205	Larry Rountree	larry rountree	RB
8190	4241224	Abram Smith	abram smith	RB
8127	4241263	Charlie Kolar	charlie kolar	TE
5848	4241372	Marquise Brown	marquise brown	WR
8177	4241374	Grant Calcaterra	grant calcaterra	TE
6786	4241389	CeeDee Lamb	ceedee lamb	WR
7593	4241401	Trey Sermon	trey sermon	RB
8219	4241410	Jelani Woods	jelani woods	TE
7594	4241416	Chuba Hubbard	chuba hubbard	RB
7595	4241424	Tylan Wallace	tylan wallace	WR
7528	4241457	Najee Harris	najee harris	RB
6783	4241463	Jerry Jeudy	jerry jeudy	WR
7527	4241464	Mac Jones	mac jones	QB
8154	4241474	Brian Robinson	brian robinson	RB
6789	4241475	Henry Ruggs	henry ruggs	WR
11377	4241476	Tyrell Shavers	tyrell shavers	WR
7525	4241478	DeVonta Smith	devonta smith	WR
6768	4241479	Tua Tagovailoa	tua tagovailoa	QB
7561	4241555	Elijah Mitchell	elijah mitchell	RB
11139	4241588	Elijah Cooks	elijah cooks	WR
6549	4241723	Damion Willis	damion willis	WR
6798	4241802	Jalen Reagor	jalen reagor	WR
7583	4241820	Sam Ehlinger	sam ehlinger	QB
8042	4241822	Chris Naggar	chris naggar	K
6966	4241940	Javon Leake	javon leake	RB
6878	4241941	Anthony McFarland	anthony mcfarland	RB
8181	4241961	Connor Heyward	connor heyward	TE
7039	4241983	Cody White	cody white	WR
6806	4241985	J.K. Dobbins	jk dobbins	RB
8628	4242209	Jontre Kirklin	jontre kirklin	WR
7852	4242212	Tory Carter	tory carter	RB
6820	4242214	Clyde Edwards-Helaire	clyde edwards-helaire	RB
7793	4242231	Racey McMath	racey mcmath	WR
8595	4242270	Kyric McGowan	kyric mcgowan	WR
6813	4242335	Jonathan Taylor	jonathan taylor	RB
8110	4242355	Jake Ferguson	jake ferguson	TE
7992	4242369	Matt Bushman	matt bushman	TE
7891	4242392	Brock Wright	brock wright	TE
6730	4242418	Jordan Ta'amu	jordan taamu	QB
8230	4242431	Ty Chandler	ty chandler	RB
7670	4242433	Joshua Palmer	josh palmer	WR
11508	4242442	Princeton Fant	princeton fant	TE
8185	4242504	Johnny Johnson	johnny johnson	WR
8161	4242512	Malik Willis	malik willis	QB
11008	4242519	Anders Carlson	anders carlson	K
11467	4242526	John Samuel Shenker	john samuel shenker	TE
6920	4242540	Isaiah Hodgins	isaiah hodgins	WR
7585	4242546	Davis Mills	davis mills	QB
6865	4242557	Colby Parkinson	colby parkinson	TE
8885	4242558	Tucker Fisk	tucker fisk	TE
6951	4242873	Eno Benjamin	eno benjamin	RB
8192	4242896	Curtis Hodges	curtis hodges	TE
8195	4243003	Ronnie Rivers	ronnie rivers	RB
11378	4243004	Jordan Mims	jordan mims	RB
6814	4243160	Laviska Shenault	laviska shenault	WR
11280	4243176	Brady Russell	brady russell	RB
11495	4243261	Bryan Thompson	bryan thompson	WR
6918	4243315	Salvon Ahmed	salvon ahmed	RB
6846	4243318	Hunter Bryant	hunter bryant	TE
10215	4243322	Jake Haener	jake haener	QB
8111	4243331	Cade Otton	cade otton	TE
7922	4243371	Riley Patterson	riley patterson	K
8125	4243389	Calvin Austin III	calvin austin	WR
6943	4243537	Gabriel Davis	gabriel davis	WR
7713	4243830	Jaelon Darden	jaelon darden	WR
7536	4244049	Quintin Morris	quintin morris	TE
8184	4244651	D'vonte Price	dvonte price	RB
8938	4244688	Nathan Rourke	nathan rourke	QB
7741	4244732	Caleb Huntley	caleb huntley	RB
7746	4244856	Austin Trammell	austin trammell	WR
8013	4245131	Tim Jones	tim jones	WR
8250	4245144	Tay Martin	tay martin	WR
7337	4245174	Easop Winston	easop winston	WR
8419	4245639	Stanley Berryhill	stanley berryhill	WR
7529	4245645	Gary Brightwell	gary brightwell	RB
8932	4245661	Lucas Havrisik	lucas havrisik	K
8775	4247574	Andrew Mevis	andrew mevis	K
8745	4247812	Lance McCutcheon	lance mccutcheon	WR
11232	4247942	Isaiah Winstead	isaiah winstead	WR
8809	4248068	Aaron ShamKlin	aaron shamKlin	RB
11186	4248425	Carlos Washington	carlos washington	RB
7085	4248504	Isaiah Coulter	isaiah coulter	WR
8167	4248528	Christian Watson	christian watson	WR
11304	4248557	E.J. Jenkins	ej jenkins	TE
8475	4248822	Montrell Washington	montrell washington	WR
11114	4248909	Elijah Dotson	elijah dotson	RB
6453	4249030	D.J. Montgomery	dj montgomery	WR
6083	4249087	Matt Gay	matt gay	K
8117	4249417	Jalen Tolbert	jalen tolbert	WR
6381	4249496	Alexander Hollins	alexander hollins	WR
11384	4249616	Owen Wright	owen wright	RB
8523	4249624	Nick Muse	nick muse	TE
8116	4249836	Pierre Strong Jr.	pierre strong	RB
12402	4250013	Ramon Jefferson	ramon jefferson	RB
8157	4250360	Bailey Zappe	bailey zappe	QB
8583	4250764	Stone Smartt	stone smartt	TE
11046	4250945	Colton Dowell	colton dowell	WR
8757	4250969	Rodney Williams	rodney williams	TE
11169	4250970	Dresser Winn	dresser winn	QB
10228	4257188	Charlie Jones	charlie jones	WR
11299	4257364	Zavier Scott	zavier scott	RB
8005	4258170	Tarik Black	tarik black	WR
7569	4258173	Nico Collins	nico collins	WR
7808	4258190	Ben Mason	ben mason	RB
6824	4258195	Donovan Peoples-Jones	donovan peoples-jones	WR
8197	4258248	Peyton Hendershot	peyton hendershot	TE
6826	4258595	Cole Kmet	cole kmet	TE
11261	4258620	Andre Szmyt	andre szmyt	K
8698	4259147	Jake Tonges	jake tonges	TE
8189	4259169	Trestan Ebner	trestan ebner	RB
8255	4259308	Raheem Blackshear	raheem blackshear	RB
11381	4259324	Travis Vokolek	travis vokolek	TE
7603	4259499	Shi Smith	shi smith	WR
6790	4259545	D'Andre Swift	dandre swift	RB
10869	4259550	Matt Landers	matt landers	WR
10857	4259553	Stetson Bennett	stetson bennett	QB
10983	4259592	Sean Clifford	sean clifford	QB
11058	4259619	Blake Grupe	blake grupe	K
7572	4259805	Kylin Hill	kylin hill	RB
8178	4259908	Braylon Sanders	braylon sanders	WR
8931	4259976	Josh Ali	josh ali	WR
6909	4259979	Lynn Bowden	lynn bowden	WR
10866	4260394	Aidan O'Connell	aidan oconnell	QB
8428	4260406	Zander Horvath	zander horvath	RB
5123	4261020	Trenton Cannon	trenton cannon	RB
8928	4262900	Daylen Baldwin	daylen baldwin	WR
6794	4262921	Justin Jefferson	justin jefferson	WR
7105	4266790	Ramiz Ahmed	ramiz ahmed	K
8820	4274040	Troy Hairston	troy hairston	RB
5709	4290778	Luis Perez	luis perez	QB
4878	4294520	Brandon Zylstra	brandon zylstra	WR
5267	4329471	J.J. Jones	jj jones	WR
5465	4329472	Nick Keizer	nick keizer	TE
5383	4329491	Jalen Tolliver	jalen tolliver	WR
5760	4350798	Josh Crockett	josh crockett	WR
8142	4360078	Alec Pierce	alec pierce	WR
10212	4360086	Josh Whyle	josh whyle	TE
8202	4360174	Michael Woods	michael woods	WR
10217	4360175	Clayton Tune	clayton tune	QB
8249	4360231	Lucas Krull	lucas krull	TE
9503	4360233	Jacob Copeland	jacob copeland	WR
7839	4360234	Evan McPherson	evan mcpherson	K
8129	4360238	Dameon Pierce	dameon pierce	RB
7553	4360248	Kyle Pitts	kyle pitts	TE
11924	4360271	Tanner Mordecai	tanner mordecai	QB
12133	4360282	Drake Stoops	drake stoops	WR
10224	4360290	Brayden Willis	brayden willis	TE
6945	4360294	Antonio Gibson	antonio gibson	RB
8140	4360306	Justyn Ross	justyn ross	WR
7523	4360310	Trevor Lawrence	trevor lawrence	QB
10867	4360405	Jake Bobo	jake bobo	WR
8233	4360406	Mataeo Durant	mataeo durant	RB
11559	4360423	Michael Penix Jr.	michael penix	QB
6803	4360438	Brandon Aiyuk	brandon aiyuk	WR
11655	4360516	Tyrone Tracy	tyrone tracy	RB
8408	4360569	Jordan Mason	jordan mason	RB
8210	4360635	Chigoziem Okonkwo	chigoziem okonkwo	TE
11184	4360644	Daniel Arias	daniel arias	WR
12545	4360689	Tyler Shough	tyler shough	QB
11557	4360698	Joe Milton	joe milton	QB
7812	4360739	Simi Fehoko	simi fehoko	WR
10232	4360761	Michael Wilson	michael wilson	WR
11157	4360763	Brycen Tremayne	brycen tremayne	WR
11209	4360794	Henry Pearson	henry pearson	RB
7562	4360797	Tutu Atwell	tutu atwell	WR
11567	4360799	Jordan Travis	jordan travis	QB
7563	4360802	Javian Hawkins	javian hawkins	RB
11270	4360805	Hassan Hall	hassan hall	RB
12029	4360818	Tyler Harrell	tyler harrell	WR
12190	4360900	Jason Bean	jason bean	QB
7571	4360939	Rashod Bateman	rashod bateman	WR
11593	4360967	Brevyn Spann-Ford	brevyn spann-ford	TE
12357	4360978	David Martin-Robinson	david martin-robinson	TE
8840	4361008	Cole Fotheringham	cole fotheringham	TE
8131	4361050	Isaiah Likely	isaiah likely	TE
11942	4361088	Colson Yankoff	colson yankoff	TE
12045	4361100	Jack Westover	jack westover	TE
11820	4361112	Devin Culp	devin culp	TE
11065	4361182	Adrian Martinez	adrian martinez	QB
7538	4361259	Zach Wilson	zach wilson	QB
8130	4361307	Trey McBride	trey mcbride	TE
11257	4361332	Shedrick Jackson	shedrick jackson	WR
8144	4361370	Chris Olave	chris olave	WR
8145	4361372	Jeremy Ruckert	jeremy ruckert	TE
8119	4361409	Jahan Dotson	jahan dotson	WR
7600	4361411	Pat Freiermuth	pat freiermuth	TE
9483	4361417	Zack Kuntz	zack kuntz	TE
9999	4361418	Will Levis	will levis	QB
9489	4361426	Justin Shorter	justin shorter	WR
8121	4361432	Romeo Doubs	romeo doubs	WR
8158	4361435	Carson Strong	carson strong	QB
8214	4361438	Cole Turner	cole turner	TE
13240	4361444	Toa Taua	toa taua	RB
8225	4361516	Daniel Bellinger	daniel bellinger	TE
8205	4361529	Isiah Pacheco	isiah pacheco	RB
7587	4361577	Dyami Brown	dyami brown	WR
7588	4361579	Javonte Williams	javonte williams	RB
11568	4361604	Blake Watson	blake watson	RB
6178	4361606	Darwin Thompson	darwin thompson	RB
12270	4361607	Andrew Peasley	andrew peasley	QB
11556	4361653	Devin Leary	devin leary	QB
8239	4361655	Ricky Person	ricky person	RB
11146	4361665	Christopher Dunn	christopher dunn	K
8183	4361741	Brock Purdy	brock purdy	QB
11949	4361765	Brayden Narveson	brayden narveson	K
8139	4361777	Zamir White	zamir white	RB
11099	4361778	Kearis Jackson	kearis jackson	WR
12438	4361831	Alex Hale	alex hale	K
8170	4361988	James Mitchell	james mitchell	TE
11376	4361994	Sam Hartman	sam hartman	QB
11201	4362018	Blake Whiteheart	blake whiteheart	TE
10863	4362019	A.T. Perry	at perry	WR
8893	4362020	Nick Sciba	nick sciba	K
8259	4362081	Cameron Dicker	cameron dicker	K
8221	4362087	Keaontay Ingram	keaontay ingram	RB
11104	4362162	SaRodorick Thompson	sarodorick thompson	RB
8114	4362186	Erik Ezukanma	erik ezukanma	WR
9499	4362227	Bryce Ford-Wheaton	bryce ford-wheaton	WR
9224	4362238	Chase Brown	chase brown	RB
10222	4362249	Jayden Reed	jayden reed	WR
11851	4362260	Carter Bradley	carter bradley	QB
7537	4362452	Jaret Patterson	jaret patterson	RB
10234	4362477	Derius Davis	derius davis	WR
11199	4362478	Emari Demercado	emari demercado	RB
11511	4362489	John Stephens Jr.	john stephens	TE
7568	4362504	Brevin Jordan	brevin jordan	TE
10220	4362523	Will Mallory	will mallory	TE
12374	4362603	Brenden Bates	brenden bates	TE
11959	4362617	Bryce Oliver	bryce oliver	WR
10219	4362619	Chris Rodriguez	chris rodriguez	RB
7564	4362628	Ja'Marr Chase	jamarr chase	WR
7565	4362630	Terrace Marshall	terrace marshall	WR
11133	4362650	Jaray Jenkins	jaray jenkins	WR
8208	4362748	Tyler Badie	tyler badie	RB
8164	4362874	Matt Corral	matt corral	QB
7005	4362878	Scottie Phillips	scottie phillips	RB
7591	4362887	Justin Fields	justin fields	QB
8188	4362921	Tyquan Thornton	tyquan thornton	WR
7579	4363409	Austin Watkins	austin watkins	WR
10955	4363538	Chad Ryland	chad ryland	K
11474	4363551	Dylan Drummond	dylan drummond	WR
11371	4365395	Julian Hill	julian hill	TE
9502	4366031	Tank Dell	tank dell	WR
11574	4366963	Dylan Laube	dylan laube	RB
8171	4367175	Kyle Philips	kyle philips	WR
10862	4367178	Dorian Thompson-Robinson	dorian thompson-robinson	QB
11070	4367180	Kazmeir Allen	kazmeir allen	WR
11347	4367186	Chase Cota	chase cota	WR
8172	4367209	Greg Dulcich	greg dulcich	TE
11654	4367510	Dante Miller	dante miller	RB
8254	4367567	Julius Chestnut	julius chestnut	RB
10226	4368003	Andrei Iosivas	andrei iosivas	WR
11864	4368315	Zach Heins	zach heins	TE
11931	4368343	Austin Reed	austin reed	QB
11421	4369466	Ryan Miller	ryan miller	WR
10444	4369863	Cedric Tillman	cedric tillman	WR
7521	4369886	Chris Blair	chris blair	WR
11505	4370374	David Durden	david durden	WR
7567	4371733	Kenneth Gainwell	kenneth gainwell	RB
7534	4371974	Seth Williams	seth williams	WR
7533	4371986	Anthony Schwartz	anthony schwartz	WR
7526	4372016	Jaylen Waddle	jaylen waddle	WR
8143	4372019	Jerome Ford	jerome ford	RB
10210	4372026	Cameron Latu	cameron latu	TE
10221	4372063	Ronnie Bell	ronnie bell	WR
10937	4372066	Jake Moody	jake moody	K
8123	4372071	Hassan Haskins	hassan haskins	RB
10871	4372096	Luke Schoonmaker	luke schoonmaker	TE
7596	4372414	Elijah Moore	elijah moore	WR
7601	4372485	Rondale Moore	rondale moore	WR
10227	4372505	Payne Durham	payne durham	TE
8194	4372519	Jashaun Corbin	jashaun corbin	RB
10870	4372526	Deneric Prince	deneric prince	RB
11651	4372561	Isaac Guerendo	isaac guerendo	RB
11320	4372716	Nikko Remigio	nikko remigio	WR
12070	4372741	McCallan Castles	mccallan castles	TE
8200	4372758	Kevin Austin	kevin austin	WR
7694	4372780	Tommy Tremble	tommy tremble	TE
11082	4373030	Ben Sims	ben sims	TE
11053	4373266	Antoine Green	antoine green	WR
12171	4373273	British Brooks	british brooks	RB
8132	4373626	Tyler Allgeier	tyler allgeier	RB
9231	4373632	Jaren Hall	jaren hall	QB
11606	4373634	Dallin Holker	dallin holker	TE
7751	4373642	Dax Milne	dax milne	WR
7086	4373673	John Hightower	john hightower	WR
8134	4373678	Khalil Shakir	khalil shakir	WR
10994	4373684	Scott Matlock	scott matlock	RB
13065	4373895	Ben Wooldridge	ben wooldridge	QB
7599	4374033	Jermar Jefferson	jermar jefferson	RB
8227	4374045	Teagan Quitoriano	teagan quitoriano	TE
8253	4374187	Deven ThomKins	deven thomKins	WR
7547	4374302	Amon-Ra St. Brown	amon-ra st brown	WR
7279	4374496	De'Michael Harris	demichael harris	WR
8138	4379399	James Cook	james cook	RB
8500	4379401	John FitzPatrick	john fitzpatrick	TE
11077	4379410	Jack Podlesny	jack podlesny	K
8085	4379504	Mekhi Sargent	mekhi sargent	RB
8180	4382466	Jalen Nailor	jalen nailor	WR
7610	4383351	Trey Lance	trey lance	QB
11510	4383396	Hunter LueKe	hunter lueKe	RB
11237	4383429	Jacob Saylors	jacob saylors	RB
11433	4383440	Nate Adkins	nate adkins	TE
11598	4384171	Tanner McLachlan	tanner mclachlan	TE
11969	4385430	Xavier Johnson	xavier johnson	WR
10236	4385690	Dalton Kincaid	dalton kincaid	TE
11168	4386544	Xavier Smith	xavier smith	WR
8051	4390717	Josh Johnson	josh johnson	RB
11644	4391845	Cody Schrader	cody schrader	RB
8527	4401805	Dareke Young	dareke young	WR
6665	4408854	Jody Fortson	jody fortson	TE
6239	4408988	Malik Taylor	malik taylor	WR
6279	4411192	Brandon Dillon	brandon dillon	TE
6234	4411193	Deonte Harty	deonte harty	WR
6195	4420843	Damon Sheehy-Guiseppi	damon sheehy-guiseppi	WR
6196	4420894	Christian Wade	christian wade	RB
6659	4421446	Craig Reynolds	craig reynolds	RB
6395	4422214	Trinity Benson	trinity benson	WR
6539	4422215	Devontae Jackson	devontae jackson	RB
6461	4422336	Matt Orzech	matt orzech	TE
6699	4424106	Gunner Olszewski	gunner olszewski	WR
6710	4426310	Josh Caldwell	josh caldwell	RB
12705	4426335	Graham Mertz	graham mertz	QB
11563	4426338	Bo Nix	bo nix	QB
11562	4426339	Spencer Rattler	spencer rattler	QB
11566	4426348	Jayden Daniels	jayden daniels	QB
8137	4426354	George Pickens	george pickens	WR
12256	4426364	Baylor Cupp	baylor cupp	TE
12212	4426367	Austin Stogner	austin stogner	TE
9753	4426385	Zach Charbonnet	zach charbonnet	RB
10235	4426386	Roschon Johnson	roschon johnson	RB
8148	4426388	Jameson Williams	jameson williams	WR
11885	4426399	Ramel Keyton	ramel keyton	WR
9492	4426407	Trey Palmer	trey palmer	WR
11276	4426426	Joseph Ngata	joseph ngata	WR
8211	4426475	Tyrion Davis-Price	tyrion davis-price	RB
11815	4426479	Cornelius Johnson	cornelius johnson	WR
10225	4426485	Jonathan Mingo	jonathan mingo	WR
11599	4426496	Cade Stover	cade stover	TE
8112	4426502	Drake London	drake london	WR
9493	4426515	Puka Nacua	puka nacua	WR
12860	4426535	Theo Wease	theo wease	WR
10214	4426553	Davis Allen	davis allen	TE
12826	4426689	Ulysses Bentley	ulysses bentley	RB
10231	4426844	Elijah Higgins	elijah higgins	TE
8162	4426875	Sam Howell	sam howell	QB
8153	4426891	Isaiah Spiller	isaiah spiller	RB
12114	4426893	Joshua Cephus	joshua cephus	WR
11650	4426948	Luke McCaffrey	luke mccaffrey	WR
11506	4426990	Jalen Cropper	jalen cropper	WR
9501	4427095	Demario Douglas	demario douglas	WR
10233	4427105	Max Duggan	max duggan	QB
NA	4427225	Zakhari Franklin	zakhari franklin	WR
12486	4427238	Dillon Gabriel	dillon gabriel	QB
11306	4427278	Xavier Gipson	xavier gipson	WR
8155	4427366	Breece Hall	breece hall	RB
10216	4427391	Kenny McIntosh	kenny mcintosh	RB
13153	4427569	Giles Jackson	giles jackson	WR
11808	4427575	Jha'Quan Jackson	jhaquan jackson	WR
12412	4427600	Terrell Jennings	terrell jennings	RB
8122	4427728	Bam Knight	bam knight	RB
11592	4427834	Erick All	erick all	TE
11748	4427985	Bub Means	bub means	WR
9481	4428085	Luke Musgrave	luke musgrave	TE
13074	4428116	Isaiah Neyor	isaiah neyor	WR
9510	4428119	Lew Nichols	lew nichols	RB
13022	4428143	Sone Ntoh	sone ntoh	RB
11638	4428209	Ricky Pearsall	ricky pearsall	WR
12007	4428211	Nathaniel Peat	nathaniel peat	RB
10229	4428331	Rashee Rice	rashee rice	WR
NA	4428396	Hayden Rucci	hayden rucci	TE
11648	4428512	Kedon Slovis	kedon slovis	QB
11615	4428532	Ainias Smith	ainias smith	WR
9508	4428557	Tyjae Spears	tyjae spears	RB
11633	4428678	Jamari Thrash	jamari thrash	WR
10213	4428718	Tre Tucker	tre tucker	WR
11964	4428763	Dayton Wade	dayton wade	WR
11806	4428796	Casey Washington	casey washington	WR
11921	4428811	Xavier Weaver	xavier weaver	WR
9486	4428850	Dontayvion Wicks	dontayvion wicks	WR
NA	4428943	Jacardia Wright	jacardia wright	RB
8115	4428952	Jalen Wydermyer	jalen wydermyer	TE
8258	4428963	Cade York	cade york	K
11590	4429001	Jase McClellan	jase mcclellan	RB
9495	4429006	Rakim Jarrett	rakim jarrett	WR
11649	4429012	Kendall Milton	kendall milton	RB
9225	4429013	Tank Bigsby	tank bigsby	RB
11946	4429019	Marcus Rosemy-Jacksaint	marcus rosemy-jacksaint	WR
12773	4429020	DJ Uiagalelei	dj uiagalelei	QB
9504	4429022	Kayshon Boutte	kayshon boutte	WR
11581	4429023	MarShawn Lloyd	marshawn lloyd	RB
9754	4429025	Quentin Johnston	quentin johnston	WR
11640	4429033	Jermaine Burton	jermaine burton	WR
12488	4429056	Kobe Hudson	kobe hudson	WR
12474	4429059	Woody Marks	woody marks	RB
9229	4429084	Anthony Richardson	anthony richardson	QB
9482	4429086	Michael Mayer	michael mayer	TE
11586	4429096	Blake Corum	blake corum	RB
12539	4429105	Arian Smith	arian smith	WR
12981	4429115	Gee Scott	gee scott	TE
12516	4429121	Kalel Mullings	kalel mullings	RB
11597	4429148	Theo Johnson	theo johnson	TE
11886	4429153	Lideatrick Griffin	lideatrick griffin	WR
9226	4429160	De'Von Achane	devon achane	RB
12849	4429172	Traeshon Holden	traeshon holden	WR
12810	4429184	Elijhah Badger	elijhah badger	WR
9227	4429202	Israel Abanikanda	israel abanikanda	RB
9756	4429205	Jordan Addison	jordan addison	WR
11605	4429262	Jaheim Bell	jaheim bell	TE
11589	4429275	Trey Benson	trey benson	RB
12543	4429299	Tahj Brooks	tahj brooks	RB
12538	4429435	Brady Cook	brady cook	QB
11575	4429501	Ray Davis	ray davis	RB
11857	4429610	Daijun Edwards	daijun edwards	RB
9997	4429615	Zay Flowers	zay flowers	WR
8207	4429676	Tyler Goodson	tyler goodson	RB
11762	4429684	Anthony Gould	anthony gould	WR
9221	4429795	Jahmyr Gibbs	jahmyr gibbs	RB
11573	4429805	Frank Gore Jr.	frank gore	RB
12048	4429835	George Holani	george holani	RB
11588	4429939	Jawhar Jordan	jawhar jordan	RB
12511	4429955	Will Howard	will howard	QB
10859	4430027	Sam LaPorta	sam laporta	TE
11626	4430034	Xavier Legette	xavier legette	WR
8220	4430104	Sincere McCormick	sincere mccormick	RB
8168	4430191	Skyy Moore	skyy moore	WR
12909	4430288	Eli Pancol	eli pancol	WR
9512	4430388	DeWayne McBride	dewayne mcbride	RB
12080	4430404	Aidan Robbins	aidan robbins	RB
12477	4430431	Kurtis Rourke	kurtis rourke	QB
12883	4430482	Joshua Simon	joshua simon	TE
9480	4430539	Brenton Strange	brenton strange	TE
11619	4430637	Ja'Lynn Polk	jalynn polk	WR
13075	4430656	Myles Price	myles price	WR
11056	4430681	Jared Wayne	jared wayne	WR
11595	4430723	Jared Wiley	jared wiley	TE
8150	4430737	Kyren Williams	kyren williams	RB
13108	4430800	Julian Fleming	julian fleming	WR
9479	4430802	Darnell Washington	darnell washington	TE
13043	4430804	Chris Tyree	chris tyree	WR
9509	4430807	Bijan Robinson	bijan robinson	RB
11618	4430834	Jalen McMillan	jalen mcmillan	WR
12670	4430870	KeAndre Lambert-Smith	keandre lambert-smith	WR
9506	4430871	Sean Tucker	sean tucker	RB
9488	4430878	Jaxon Smith-Njigba	jaxon smith-njigba	WR
11647	4430968	Kimani Vidal	kimani vidal	RB
12866	4431044	Jalin Conyers	jalin conyers	TE
12817	4431196	Jake Briningstool	jake briningstool	TE
12889	4431210	Beaux Collins	beaux collins	WR
12540	4431268	Chimere Dike	chimere dike	WR
11627	4431280	Troy Franklin	troy franklin	WR
11620	4431299	Rome Odunze	rome odunze	WR
13011	4431342	Brennan Presley	brennan presley	WR
12520	4431353	Xavier Restrepo	xavier restrepo	WR
12491	4431431	Corey Kiner	corey kiner	RB
11564	4431452	Drake Maye	drake maye	QB
9505	4431453	Deuce Vaughn	deuce vaughn	RB
12518	4431459	Tyler Warren	tyler warren	TE
12634	4431466	Jordan Watkins	jordan watkins	WR
12475	4431479	Ricky White	ricky white	WR
12482	4431487	Savion Williams	savion williams	WR
11630	4431492	Roman Wilson	roman wilson	WR
12532	4431506	Ja'Corey Brooks	jacorey brooks	WR
12721	4431509	Kaden Prather	kaden prather	WR
12515	4431536	Donovan Edwards	donovan edwards	RB
11577	4431545	Will Shipley	will shipley	RB
12738	4431562	Phil Mafah	phil mafah	RB
11600	4431588	Ja'Tavion Sanders	jatavion sanders	TE
12972	4431597	Roc Taylor	roc taylor	WR
11560	4431611	Caleb Williams	caleb williams	QB
13001	4431618	Mario Williams	mario williams	WR
12735	4432208	Caleb Lohner	caleb lohner	TE
12725	4432338	Luke Lachey	luke lachey	TE
12797	4432374	Ahmani Marshall	ahmani marshall	RB
12356	4432545	Jabari Small	jabari small	RB
9758	4432577	C.J. Stroud	cj stroud	QB
9487	4432620	Parker Washington	parker washington	WR
11604	4432665	Brock Bowers	brock bowers	TE
11628	4432708	Marvin Harrison Jr.	marvin harrison	WR
12529	4432710	TreVeyon Henderson	treveyon henderson	RB
12480	4432731	Moliki Matavao	moliki matavao	TE
12510	4432734	Jalen Milroe	jalen milroe	QB
12524	4432762	Shedeur Sanders	shedeur sanders	QB
11631	4432773	Brian Thomas Jr.	brian thomas	WR
12541	4432775	Dont'e Thornton	donte thornton	WR
12803	4433830	Luke Grimm	luke grimm	WR
13121	4433959	Ben Yurosek	ben yurosek	TE
11565	4433970	J.J. McCarthy	jj mccarthy	QB
12494	4433971	Kyle McCord	kyle mccord	QB
11256	4434153	Tyson Bagent	tyson bagent	QB
12772	4565172	Courtney Jackson	courtney jackson	WR
12496	4565185	Tai Felton	tai felton	WR
13217	4565358	Hunter Dekkers	hunter dekkers	QB
11998	4565761	Emani Bailey	emani bailey	RB
9490	4565908	Tyler Scott	tyler scott	WR
13189	4566157	Luke Floriea	luke floriea	WR
11789	4566192	Joshua Karty	joshua karty	K
13139	4567044	Taylor Morin	taylor morin	WR
8151	4567048	Kenneth Walker III	kenneth walker	RB
11773	4567095	Keilan Robinson	keilan robinson	RB
8147	4567096	John Metchie	john metchie	WR
11792	4567104	Will Reichard	will reichard	K
8135	4567156	Treylon Burks	treylon burks	WR
11989	4567216	D.J. Williams	dj williams	RB
8179	4567246	Snoop Conner	snoop conner	RB
11821	4567506	Tahj Washington	tahj washington	WR
12514	4567750	Emeka Egbuka	emeka egbuka	WR
12967	4567784	Jacolby George	jacolby george	WR
12787	4568024	Josh Williams	josh williams	RB
12961	4568263	Ryan Fitzgerald	ryan fitzgerald	K
12489	4568490	RJ Harvey	rj harvey	RB
12750	4568671	Jonathan Kim	jonathan kim	K
11943	4569156	Michael Wiley	michael wiley	RB
7611	4569173	Rhamondre Stevenson	rhamondre stevenson	RB
11947	4569330	Austin Jones	austin jones	RB
11608	4569371	Isaiah Williams	isaiah williams	WR
13202	4569372	Dalevon Campbell	dalevon campbell	WR
11623	4569382	Jordan Whittington	jordan whittington	WR
8812	4569390	Jonathan Garibay	jonathan garibay	K
NA	4569547	Nick Kallerup	nick kallerup	TE
11834	4569559	Devaughn Vele	devaughn vele	WR
8126	4569587	Wan'Dale Robinson	wandale robinson	WR
11610	4569603	Malik Washington	malik washington	WR
9220	4569609	Evan Hull	evan hull	RB
8146	4569618	Garrett Wilson	garrett wilson	WR
11579	4569682	Audric Estime	audric estime	RB
12713	4569923	Andres Borregales	andres borregales	K
8228	4569987	Jaylen Warren	jaylen warren	RB
12487	4570037	Terrance Ferguson	terrance ferguson	TE
12478	4570242	Nick Nash	nick nash	WR
8118	4570409	David Bell	david bell	WR
10223	4570561	Eric Gray	eric gray	RB
8174	4570674	Kevin Harris	kevin harris	RB
13149	4570688	Caden Davis	caden davis	K
NA	4570738	Ke'Shawn Williams	keshawn williams	WR
12185	4571557	Spencer Shrader	spencer shrader	K
11925	4571579	Terique Owens	terique owens	WR
12884	4572380	Quincy Skinner	quincy skinner	WR
9484	4572680	Tucker Kraft	tucker kraft	TE
8801	4572786	Dennis Houston	dennis houston	WR
12775	4573398	Max Brosmer	max brosmer	QB
11895	4573697	Mason Tipton	mason tipton	WR
12658	4573699	Jackson Hawes	jackson hawes	TE
12015	4574716	Harrison Mevis	harrison mevis	K
11906	4575116	Ty James	ty james	WR
12533	4575131	Jacory Croskey-Merritt	jacory croskey-merritt	RB
11616	4575665	Jacob Cowing	jacob cowing	WR
11603	4576297	AJ Barner	aj barner	TE
11941	4576845	Isaiah Wooden	isaiah wooden	WR
12829	4578436	Coleman Owen	coleman owen	WR
12036	4579554	Ian Wheeler	ian wheeler	RB
11105	4579752	Shaquan Davis	shaquan davis	WR
12536	4586312	Jaylin Noel	jaylin noel	WR
13225	4587977	Sam Brown	sam brown	WR
7944	4589245	Mike Strachan	mike strachan	WR
8749	4589248	Tyreik McAllister	tyreik mcallister	WR
12715	4590292	Thomas Fidone	thomas fidone	TE
12761	4594444	Jordan Moore	jordan moore	WR
12493	4595342	Oronde Gadsden	oronde gadsden	TE
11632	4595348	Malik Nabers	malik nabers	WR
9511	4596334	Keaton Mitchell	keaton mitchell	RB
12732	4596439	Dominic Lovett	dominic lovett	WR
11584	4596448	Bucky Irving	bucky irving	RB
12984	4596545	CJ Dippre	cj dippre	TE
12455	4596602	Brashard Smith	brashard smith	RB
11625	4597500	Adonai Mitchell	adonai mitchell	WR
12497	4597703	Tory Horton	tory horton	WR
9757	4599739	Kendre Miller	kendre miller	RB
12492	4600981	Pat Bryant	pat bryant	WR
12472	4601080	Raheim Sanders	raheim sanders	RB
12641	4602667	Jaylin Lane	jaylin lane	WR
12938	4602788	Jackson Meeks	jackson meeks	WR
12483	4603186	Jack Bech	jack bech	WR
12897	4605841	Nathan Carter	nathan carter	RB
12898	4606194	Seth Henigan	seth henigan	QB
8041	4608362	Shane Zylstra	shane zylstra	TE
12534	4608686	Kyle Monangai	kyle monangai	RB
12485	4608810	Tez Johnson	tez johnson	WR
7518	4611153	Taylor Russolino	taylor russolino	K
11635	4612826	Ladd McConkey	ladd mcconkey	WR
12859	4613032	Nate Noel	nate noel	RB
11617	4613104	Malachi Corley	malachi corley	WR
12547	4613202	Kyle Williams	kyle williams	WR
11637	4635008	Keon Coleman	keon coleman	WR
12521	4678006	Elijah Arroyo	elijah arroyo	TE
11583	4678008	Jonathon Brooks	jonathon brooks	RB
12476	4682652	Devin Neal	devin neal	RB
11643	4682745	Jaylen Wright	jaylen wright	RB
7094	4682912	Lirim Hajrullahu	lirim hajrullahu	K
11624	4683062	Xavier Worthy	xavier worthy	WR
12473	4683243	Mitchell Evans	mitchell evans	TE
12470	4683423	Riley Leonard	riley leonard	QB
7412	4683485	Sandro Platzgummer	sandro platzgummer	RB
12868	4684625	Montrell Johnson	montrell johnson	RB
11483	4685016	Ellis Merriweather	ellis merriweather	RB
9222	4685035	Zach Evans	zach evans	RB
11561	4685039	Michael Pratt	michael pratt	QB
12746	4685183	JP Richardson	jp richardson	WR
9230	4685201	Tanner McKee	tanner mckee	QB
11576	4685247	Braelon Allen	braelon allen	RB
12519	4685278	Luther Burden	luther burden	WR
12457	4685279	Jaydon Blue	jaydon blue	RB
12531	4685350	Trevor Etienne	trevor etienne	RB
12507	4685382	Omarion Hampton	omarion hampton	RB
12467	4685397	Jordan James	jordan james	RB
12530	4685415	Travis Hunter	travis hunter	WR
12526	4685472	Tetairoa McMillan	tetairoa mcmillan	WR
12512	4685702	Quinshon Judkins	quinshon judkins	RB
9228	4685720	Bryce Young	bryce young	QB
11636	4686104	Johnny Wilson	johnny wilson	WR
11786	4686361	Cam Little	cam little	K
10218	4686422	Xavier Hutchinson	xavier hutchinson	WR
12815	4686438	Stevo Klotz	stevo klotz	TE
9494	4686472	Marvin Mims	marvin mims	WR
12509	4686612	Tre Harris	tre harris	WR
12502	4686728	Gunnar Helm	gunnar helm	TE
11621	4686781	Brenden Rice	brenden rice	WR
12522	4688380	Cam Ward	cam ward	QB
9500	4688813	Josh Downs	josh downs	WR
12508	4689114	Jaxson Dart	jaxson dart	QB
11210	4689334	Malik Heath	malik heath	WR
11580	4689338	Dillon Johnson	dillon johnson	RB
8176	4689546	Danny Gray	danny gray	WR
11539	4689936	Jake Bates	jake bates	K
11311	4689988	Jason Brownlee	jason brownlee	WR
11570	4690013	Rasheen Ali	rasheen ali	RB
11068	4690070	Mitchell Tinsley	mitchell tinsley	WR
12699	4690143	LaJohntay Wester	lajohntay wester	WR
11596	4690923	Ben Sinnott	ben sinnott	TE
12479	4690972	Ja'Quinden Jackson	jaquinden jackson	RB
12656	4691688	Robbie Ouzts	robbie ouzts	RB
11645	4692022	Javon Baker	javon baker	WR
9497	4692590	Jalin Hyatt	jalin hyatt	WR
11034	4692835	Jalen Brooks	jalen brooks	WR
12688	4693331	Cam Miller	cam miller	QB
12546	4694302	Marcus Yarns	marcus yarns	RB
13088	4694583	Quali Conley	quali conley	RB
12542	4695193	Efton Chism	efton chism	WR
11571	4695404	Isaiah Davis	isaiah davis	RB
11646	4695883	Jalen Coker	jalen coker	WR
12460	4696062	Antwane Wells	antwane wells	WR
11716	4696700	Tip Reiman	tip reiman	TE
11145	4696736	Tanner Brown	tanner brown	K
11629	4696882	Devontez Walker	devontez walker	WR
12777	4696907	Joaquin Davis	joaquin davis	WR
12481	4696981	Cam Skattebo	cam skattebo	RB
12711	4697745	Tyler Loop	tyler loop	K
8136	4697815	Rachaad White	rachaad white	RB
11963	4698191	Chris Collier	chris collier	RB
12969	4698253	Lan Larison	lan larison	RB
11897	4698301	Jermaine Jackson	jermaine jackson	WR
12062	4700712	Cam Grandy	cam grandy	TE
12501	4701936	Matthew Golden	matthew golden	WR
12700	4708049	Gavin Bartholomew	gavin bartholomew	TE
12523	4708486	Jimmy Horn	jimmy horn	WR
11569	4710341	Jarquez Hunter	jarquez hunter	RB
12718	4710855	Konata Mumpfield	konata mumpfield	WR
13064	4711055	Dorian Singer	dorian singer	WR
12495	4711533	Ollie Gordon	ollie gordon	RB
11582	4714365	Carson Steele	carson steele	RB
13150	4715355	Darius Cooper	darius cooper	WR
11439	4722893	Jaleel McLaughlin	jaleel mclaughlin	RB
8489	4722908	Andrew Ogletree	andrew ogletree	TE
12517	4723086	Colston Loveland	colston loveland	TE
7943	4746079	Zach Davidson	zach davidson	TE
12690	4775196	Tommy Mellott	tommy mellott	WR
12013	4775270	Jaden Shirden	jaden shirden	RB
12498	4808766	Mason Taylor	mason taylor	TE
12462	4808830	Damien Martinez	damien martinez	RB
12503	4808839	Isaiah Bond	isaiah bond	WR
12504	4819231	Kaleb Johnson	kaleb johnson	RB
8058	4820592	Nate McCrary	nate mccrary	RB
12471	4874509	DJ Giddens	dj giddens	RB
11802	4875912	Tejhaun Palmer	tejhaun palmer	WR
NA	4876006	Zaire Mitchell-Paden	zaire mitchell-paden	TE
13145	4876907	ShunDerrick Powell	shunderrick powell	RB
13101	4877203	Gage Larvadain	gage larvadain	WR
12484	4877706	Jayden Higgins	jayden higgins	WR
12928	4878878	Amar Johnson	amar johnson	RB
12824	4879326	Maddux Trujillo	maddux trujillo	K
11024	4879650	Grant Dubose	grant dubose	WR
12490	4882093	Bhayshul Tuten	bhayshul tuten	RB
12499	4883647	Elic Ayomanor	elic ayomanor	WR
11435	4887558	Emanuel Wilson	emanuel wilson	RB
12743	4887918	Junior Bergen	junior bergen	WR
12500	4889929	Quinn Ewers	quinn ewers	QB
12527	4890973	Ashton Jeanty	ashton jeanty	RB
12925	4892576	Jamaal Pritchett	jamaal pritchett	WR
8663	4911488	Jared Bernhardt	jared bernhardt	WR
12068	4911517	Mason Pline	mason pline	TE
12544	4911851	LeQuint Allen	lequint allen	RB
11729	4912274	Sione Vaki	sione vaki	RB
8107	4916349	Nikola Kalinic	nikola kalinic	TE
8755	5065495	Kaden Davis	kaden davis	WR
12469	5081397	Dylan Sampson	dylan sampson	RB
12755	5082289	Kelly Akharaiyi	kelly akharaiyi	WR
12505	5082630	Jalen Royals	jalen royals	WR
12506	5083076	Harold Fannin	harold fannin	TE
11783	5083754	Ryan Flournoy	ryan flournoy	WR
12224	5089537	David White	david white	WR
12385	5092436	Jude McAtamney	jude mcatamney	K
12940	5093062	Tre Stewart	tre stewart	RB
12863	5093923	Andrew Armstrong	andrew armstrong	WR
11994	5097554	Kameron Johnson	kameron johnson	WR
12535	5123663	Isaac TeSlaa	isaac teslaa	WR
NA	5155825	Carter Runyon	carter runyon	TE
13079	5160110	Jahdae Walker	jahdae walker	WR
12210	5192448	Cole Burgess	cole burgess	WR
11652	5208436	Louis Rees-Zammit	louis rees-zammit	RB
11901	5209803	Kyle Sheets	kyle sheets	WR
12421	5215032	David Wallis	david wallis	WR
12370	5215426	Praise Olatoke	praise olatoke	WR
12548	5277116	Lenny Krieg	lenny krieg	K
